DATE_TIME,DC_POWER,AC_POWER,DAILY_YIELD,TOTAL_YIELD,AMBIENT_TEMPERATURE,MODULE_TEMPERATURE,IRRADIATION,hour,minute,day_of_week,day_of_year,month,hour_sin,hour_cos,day_sin,day_cos
2020-05-15 00:00:00,-0.7800000755197538,0.0,0.0,143581676.0,-0.20515148146973242,-0.6980272202866428,-0.7659021283190262,0,0,4,136,5,0.016045582881512335,1.437227842039285,1.5993037832819361,1.8197159671916987
2020-05-15 00:15:00,-0.7800000755197538,0.0,0.0,143581676.0,-0.23328037043704575,-0.7054804198490197,-0.7659021283190262,0,15,4,136,5,0.016045582881512335,1.437227842039285,1.5993037832819361,1.8197159671916987
2020-05-15 00:30:00,-0.7800000755197538,0.0,0.0,143581676.0,-0.2752607127994142,-0.7186513027277248,-0.7659021283190262,0,30,4,136,5,0.016045582881512335,1.437227842039285,1.5993037832819361,1.8197159671916987
2020-05-15 00:45:00,-0.7800000755197538,0.0,0.0,143581676.0,-0.30053933459808824,-0.736650851761324,-0.7659021283190262,0,45,4,136,5,0.016045582881512335,1.437227842039285,1.5993037832819361,1.8197159671916987
2020-05-15 01:00:00,-0.7800000755197538,0.0,0.0,150761642.0,-0.36389089182900186,-0.7518489119170074,-0.7659021283190262,1,0,4,136,5,0.38159495304803503,1.3889602024023857,1.5993037832819361,1.8197159671916987
2020-05-15 01:15:00,-0.7800000755197538,0.0,0.0,143581676.0,-0.38798796229235705,-0.767157579657,-0.7659021283190262,1,15,4,136,5,0.38159495304803503,1.3889602024023857,1.5993037832819361,1.8197159671916987
2020-05-15 01:30:00,-0.7800000755197538,0.0,0.0,143581676.0,-0.3590540245498763,-0.7372672731464919,-0.7659021283190262,1,30,4,136,5,0.38159495304803503,1.3889602024023857,1.5993037832819361,1.8197159671916987
2020-05-15 01:45:00,-0.7800000755197538,0.0,0.0,150761642.0,-0.29295426067479235,-0.6744316473917421,-0.7659021283190262,1,45,4,136,5,0.38159495304803503,1.3889602024023857,1.5993037832819361,1.8197159671916987
2020-05-15 02:00:00,-0.7800000755197538,0.0,0.0,143581676.0,-0.27492848656533686,-0.6849151866568088,-0.7659021283190262,2,0,4,136,5,0.7222327377366062,1.2474466433668963,1.5993037832819361,1.8197159671916987
2020-05-15 02:15:00,-0.7800000755197538,0.0,0.0,143581676.0,-0.2536847174044191,-0.6602538518428955,-0.7659021283190262,2,15,4,136,5,0.7222327377366062,1.2474466433668963,1.5993037832819361,1.8197159671916987
2020-05-15 02:30:00,-0.7800000755197538,0.0,0.0,143581676.0,-0.2556868373980456,-0.6372167894786224,-0.7659021283190262,2,30,4,136,5,0.7222327377366062,1.2474466433668963,1.5993037832819361,1.8197159671916987
2020-05-15 02:45:00,-0.7800000755197538,0.0,0.0,143581676.0,-0.25910813956083156,-0.6061077316662327,-0.7659021283190262,2,45,4,136,5,0.7222327377366062,1.2474466433668963,1.5993037832819361,1.8197159671916987
2020-05-15 03:00:00,-0.7800000755197538,0.0,0.0,143581676.0,-0.2525390478240234,-0.5793051854074723,-0.7659021283190262,3,0,4,136,5,1.0147450348512552,1.0223310801188719,1.5993037832819361,1.8197159671916987
2020-05-15 03:15:00,-0.7800000755197538,0.0,0.0,143581676.0,-0.26130939221343985,-0.5818425703482666,-0.7659021283190262,3,15,4,136,5,1.0147450348512552,1.0223310801188719,1.5993037832819361,1.8197159671916987
2020-05-15 03:30:00,-0.7800000755197538,0.0,0.0,143581676.0,-0.27470242680836954,-0.6044893332540316,-0.7659021283190262,3,30,4,136,5,1.0147450348512552,1.0223310801188719,1.5993037832819361,1.8197159671916987
2020-05-15 03:45:00,-0.7800000755197538,0.0,0.0,143581676.0,-0.29124014028503514,-0.6317470237230168,-0.7659021283190262,3,45,4,136,5,1.0147450348512552,1.0223310801188719,1.5993037832819361,1.8197159671916987
2020-05-15 04:00:00,-0.7800000755197538,0.0,0.0,143581676.0,-0.3477073177749442,-0.7188351450645211,-0.7659021283190262,4,0,4,136,5,1.2391976147430457,0.7289547662726072,1.5993037832819361,1.8197159671916987
2020-05-15 04:15:00,-0.7800000755197538,0.0,0.0,150761642.0,-0.43993208306281373,-0.7815389912220717,-0.7659021283190262,4,15,4,136,5,1.2391976147430457,0.7289547662726072,1.5993037832819361,1.8197159671916987
2020-05-15 04:30:00,-0.7800000755197538,0.0,0.0,150761642.0,-0.5215337697264255,-0.776182180147566,-0.7659021283190262,4,30,4,136,5,1.2391976147430457,0.7289547662726072,1.5993037832819361,1.8197159671916987
2020-05-15 04:45:00,-0.7800000755197538,0.0,0.0,150761642.0,-0.535466850588207,-0.7408920675118174,-0.7659021283190262,4,45,4,136,5,1.2391976147430457,0.7289547662726072,1.5993037832819361,1.8197159671916987
2020-05-15 05:00:00,-0.7800000755197538,0.0,0.0,150761642.0,-0.48924280134414383,-0.7217928810423241,-0.7659021283190262,5,0,4,136,5,1.3802944050177781,0.38731081278944296,1.5993037832819361,1.8197159671916987
2020-05-15 05:15:00,-0.7800000755197538,0.0,0.0,143581676.0,-0.4532008618871529,-0.6885407790646682,-0.7659021283190262,5,15,4,136,5,1.3802944050177781,0.38731081278944296,1.5993037832819361,1.8197159671916987
2020-05-15 05:30:00,-0.7800000755197538,0.0,0.0,143581676.0,-0.44647681576884335,-0.6517654374299888,-0.7659021283190262,5,30,4,136,5,1.3802944050177781,0.38731081278944296,1.5993037832819361,1.8197159671916987
2020-05-15 05:45:00,-0.7800000755197538,0.0,0.0,143581676.0,-0.4576226411277314,-0.6794264404501322,-0.763119390860042,5,45,4,136,5,1.3802944050177781,0.38731081278944296,1.5993037832819361,1.8197159671916987
2020-05-15 06:00:00,-0.7695104831377166,90.929166668,0.0,143581676.0,-0.514249952113759,-0.7486344739854606,-0.7469135425535294,6,0,4,136,5,1.4284198925917004,0.020681690505929266,1.5993037832819361,1.8197159671916987
2020-05-15 06:15:00,-0.7116158275073697,593.33869048,61.261904762,143581737.786,-0.5359150212958738,-0.7372258230764781,-0.6940320261663885,6,15,4,136,5,1.4284198925917004,0.020681690505929266,1.5993037832819361,1.8197159671916987
2020-05-15 06:30:00,-0.6099757788970172,1480.19464286,324.529761903,150761965.28,-0.5457599594391127,-0.6952451195836183,-0.6065293403842514,6,30,4,136,5,1.4284198925917004,0.020681690505929266,1.5993037832819361,1.8197159671916987
2020-05-15 06:45:00,-0.46128051670778836,2790.4482143,819.5059523699999,150762459.039,-0.4774290448068124,-0.5747706906920196,-0.4582039905036247,6,45,4,136,5,1.4284198925917004,0.020681690505929266,1.5993037832819361,1.8197159671916987
2020-05-15 07:00:00,-0.31966750051004755,4052.6621428999997,1717.74999999,150763357.178,-0.3876195386674798,-0.36143822849902174,-0.30806827691407235,7,0,4,136,5,1.3802944050177781,-0.3459474317775844,1.5993037832819361,1.8197159671916987
2020-05-15 07:15:00,-0.2838360136630292,4368.7226191,2751.9761904,150764404.842,-0.3090492659591297,-0.22901380996935516,-0.26687099582429846,7,15,4,136,5,1.3802944050177781,-0.3459474317775844,1.5993037832819361,1.8197159671916987
2020-05-15 07:30:00,-0.2943564224775337,4275.935119,3850.3750001,150765492.446,-0.2603011491499842,-0.1732416175812345,-0.2859452685506608,7,30,4,136,5,1.3802944050177781,-0.3459474317775844,1.5993037832819361,1.8197159671916987
2020-05-15 07:45:00,-0.28570998589066543,4352.0946427,4888.4285715,150766532.856,-0.19616394199048276,-0.17779357146760527,-0.29886590459341594,7,45,4,136,5,1.3802944050177781,-0.3459474317775844,1.5993037832819361,1.8197159671916987
2020-05-15 08:00:00,-0.05814949866768215,6365.6089285,6160.8214287,150767798.534,-0.1388124011309201,-0.032723474627233864,-0.11550972127103902,8,0,4,136,5,1.239197614743046,-0.6875913852607484,1.5993037832819361,1.8197159671916987
2020-05-15 08:15:00,0.35493658861153393,10002.0646429,8229.2071429,150769870.75,0.013377149789826223,0.2873804121482645,0.3491899671316783,8,15,4,136,5,1.239197614743046,-0.6875913852607484,1.5993037832819361,1.8197159671916987
2020-05-15 08:30:00,0.46841569902595376,10995.602976099999,10969.9880953,150772612.921,0.14642369648464726,0.6598359499155245,0.5415638329479737,8,30,4,136,5,1.239197614743046,-0.6875913852607484,1.5993037832819361,1.8197159671916987
2020-05-15 08:45:00,0.24992704814217276,9080.0678571,13269.5178572,150774907.59,0.2595422538749854,0.5637071820588521,0.24184139868724575,8,45,4,136,5,1.239197614743046,-0.6875913852607484,1.5993037832819361,1.8197159671916987
2020-05-15 09:00:00,1.0637265921004142,16211.35,16593.1785714,150778223.179,0.4821251809422146,1.0246567580701935,1.2440984779370632,9,0,4,136,5,1.0147450348512554,-0.9809676991070133,1.5993037832819361,1.8197159671916987
2020-05-15 09:15:00,0.32029812957694426,9692.832143,19980.9821428,150781620.096,0.585750959836263,1.1497437294964705,0.34653335977046273,9,15,4,136,5,1.0147450348512554,-0.9809676991070133,1.5993037832819361,1.8197159671916987
2020-05-15 09:30:00,0.07197490181559647,7511.4000001,21888.8928567,150783541.786,0.45272295238393534,0.5679355765431618,0.03805728063206504,9,30,4,136,5,1.0147450348512554,-0.9809676991070133,1.5993037832819361,1.8197159671916987
2020-05-15 09:45:00,1.016643809398534,15793.1124999,24533.3809524,150786170.786,0.43393221928486037,0.7074699607998395,0.9797766309336083,9,45,4,136,5,1.0147450348512554,-0.9809676991070133,1.5993037832819361,1.8197159671916987
2020-05-15 10:00:00,1.2577569790306766,17896.7982142,29346.7321444,150790998.963,0.7673480406548618,1.610907184239933,1.3973846798256728,10,0,4,136,5,0.7222327377366062,-1.206083262355038,1.5993037832819361,1.8197159671916987
2020-05-15 10:15:00,0.9871007629052108,15531.95,32973.535714,150794597.286,0.8059111988952715,1.2287579449019537,1.0800181891370089,10,15,4,136,5,0.7222327377366062,-1.206083262355038,1.5993037832819361,1.8197159671916987
2020-05-15 10:30:00,0.6573997279836175,12648.5917859,36823.174999,150798462.376,0.9702181695554213,1.354429056429978,0.7021948594638896,10,30,4,136,5,0.7222327377366062,-1.206083262355038,1.5993037832819361,1.8197159671916987
2020-05-15 10:45:00,0.4794778811916034,11091.6289285,39799.292857,150801431.322,0.8301103674907745,0.9499294364442049,0.40161781328460816,10,45,4,136,5,0.7222327377366062,-1.206083262355038,1.5993037832819361,1.8197159671916987
2020-05-15 11:00:00,1.3773530842729083,18936.5592845,43389.953574,150805036.384,0.9869658278987092,1.2327797215450795,1.2873472001345656,11,0,4,136,5,0.3815949530480355,-1.3475968213905272,1.5993037832819361,1.8197159671916987
2020-05-15 11:15:00,1.0047440159286665,15683.7136904,47752.761904,150809377.262,1.2140907149164855,1.4133196753818078,1.1235749635860466,11,15,4,136,5,0.3815949530480355,-1.3475968213905272,1.5993037832819361,1.8197159671916987
2020-05-15 11:30:00,0.9502772775213061,15207.2839286,51726.053571,150813370.997,1.2341197694850856,1.4004394377425382,1.0309446003637477,11,30,4,136,5,0.3815949530480355,-1.3475968213905272,1.5993037832819361,1.8197159671916987
2020-05-15 11:45:00,1.086765575681291,16401.5892857,55271.107142,150816922.929,1.381911328022066,1.2445171526466812,0.743605843913085,11,45,4,136,5,0.3815949530480355,-1.3475968213905272,1.5993037832819361,1.8197159671916987
2020-05-15 12:00:00,0.9548703221010167,15250.8083332,59620.946429,150821261.613,1.521339653350889,1.3492855356469502,0.8951276588670035,12,0,4,136,5,0.016045582881512508,-1.3958644610274267,1.5993037832819361,1.8197159671916987
2020-05-15 12:15:00,1.553280556078687,20477.0178565,63932.303572,150825592.232,1.5782934742038268,1.400682777390588,1.775387230968723,12,15,4,136,5,0.016045582881512508,-1.3958644610274267,1.5993037832819361,1.8197159671916987
2020-05-15 12:30:00,1.423184519983385,19341.707142,69163.071429,150830784.904,1.7589194884925496,1.5957829272800264,1.3282687483715514,12,30,4,136,5,0.016045582881512508,-1.3958644610274267,1.5993037832819361,1.8197159671916987
2020-05-15 12:45:00,1.5516087131685248,20470.8976196,73879.196429,150835514.625,1.827666983382367,1.4618661344007544,1.6895147296567563,12,45,4,136,5,0.016045582881512508,-1.3958644610274267,1.5993037832819361,1.8197159671916987
2020-05-15 13:00:00,0.6656244230479376,12721.8767857,77961.321428,150839593.251,1.8929282477951654,1.3825065754391088,0.5760336042570768,13,0,4,136,5,-0.34950378728501047,-1.3475968213905272,1.5993037832819361,1.8197159671916987
2020-05-15 13:15:00,0.8871647652822171,14665.9857143,81491.803572,150843141.827,1.8574646942903787,1.1803417227214128,0.8121712862307143,13,15,4,136,5,-0.34950378728501047,-1.3475968213905272,1.5993037832819361,1.8197159671916987
2020-05-15 13:30:00,1.1747803740580955,17185.6589285,85448.928572,150847083.285,1.8652373365114467,1.153799804193152,1.0873651426173387,13,30,4,136,5,-0.34950378728501047,-1.3475968213905272,1.5993037832819361,1.8197159671916987
2020-05-15 13:45:00,1.1235333926173032,16736.7428575,89618.464288,150851247.415,1.9086317463986635,1.2196705134672359,1.0435765712477474,13,45,4,136,5,-0.34950378728501047,-1.3475968213905272,1.5993037832819361,1.8197159671916987
2020-05-15 14:00:00,1.696563519664806,21747.0660709,94351.839285,150855965.59,2.214583714188532,1.3975263247481755,1.6051352252254207,14,0,4,136,5,-0.6901415719735813,-1.2060832623550382,1.5993037832819361,1.8197159671916987
2020-05-15 14:15:00,2.112680396050444,25352.546429,100265.464287,150861893.234,2.3182637220122095,1.8039943175709423,2.1166341863562024,14,15,4,136,5,-0.6901415719735813,-1.2060832623550382,1.5993037832819361,1.8197159671916987
2020-05-15 14:30:00,0.8110256771136208,13989.1960714,105649.507142,150867280.275,2.304334119860708,1.7642180941869312,0.7397415068979498,14,30,4,136,5,-0.6901415719735813,-1.2060832623550382,1.5993037832819361,1.8197159671916987
2020-05-15 14:45:00,1.0093567432905677,15723.0553573,108951.89881,150870607.232,2.1955552105699496,1.2275491770936615,0.9827845015012286,14,45,4,136,5,-0.6901415719735813,-1.2060832623550382,1.5993037832819361,1.8197159671916987
2020-05-15 15:00:00,0.6518411141640799,12603.7660715,112657.625,150874299.625,2.2505152186968704,1.1039678197463128,0.5207267829824239,15,0,4,136,5,-0.98265386908823,-0.980967699107014,1.5993037832819361,1.8197159671916987
2020-05-15 15:15:00,0.8149582155590883,14031.0267857,115985.999999,150877628.001,2.2937173969341584,0.9684199264321347,0.6768543004906147,15,15,4,136,5,-0.98265386908823,-0.980967699107014,1.5993037832819361,1.8197159671916987
2020-05-15 15:30:00,1.0787284435502305,16342.9196427,119794.52381,150881451.857,2.39500662820816,1.1595871257009038,1.0571585675225221,15,30,4,136,5,-0.98265386908823,-0.980967699107014,1.5993037832819361,1.8197159671916987
2020-05-15 15:45:00,0.41739662691631974,10543.7660713,122858.380952,150884493.548,2.4029297199480673,0.9399977663664647,0.35087705089734245,15,45,4,136,5,-0.98265386908823,-0.980967699107014,1.5993037832819361,1.8197159671916987
2020-05-15 16:00:00,0.43491568628234545,10704.0232143,125887.767858,150887529.767,2.38888541437638,0.8942889569954376,0.38942760090652145,16,0,4,136,5,-1.2071064489800205,-0.6875913852607494,1.5993037832819361,1.8197159671916987
2020-05-15 16:15:00,0.32772430052578727,9763.4464286,128208.535714,150889850.536,2.316990796105706,0.713446780932866,0.2949637777631557,16,15,4,136,5,-1.2071064489800205,-0.6875913852607494,1.5993037832819361,1.8197159671916987
2020-05-15 16:30:00,0.37878996186007213,10210.6642856,130816.017856,150892450.019,2.3819636082793605,0.7346896488906883,0.34675966421949705,16,30,4,136,5,-1.2071064489800205,-0.6875913852607494,1.5993037832819361,1.8197159671916987
2020-05-15 16:45:00,0.08594708580483242,7643.7595239,133059.166667,150894706.5,2.242341321347383,0.5899243280122703,0.07385542151484549,16,45,4,136,5,-1.2071064489800205,-0.6875913852607494,1.5993037832819361,1.8197159671916987
2020-05-15 17:00:00,-0.22427567850783586,4894.9928571,134620.839284,150896264.27,2.124361436912287,0.3883220523240753,-0.22784181176563825,17,0,4,136,5,-1.3482032392547534,-0.3459474317775844,1.5993037832819361,1.8197159671916987
2020-05-15 17:15:00,-0.2264479408502737,4875.0053572,135859.303572,150897501.303,2.0840106057212764,0.3125379294450627,-0.20498600734129152,17,15,4,136,5,-1.3482032392547534,-0.3459474317775844,1.5993037832819361,1.8197159671916987
2020-05-15 17:30:00,-0.4877537133929957,2558.0166667,136646.75,150898289.25,2.0083817894006186,0.19481296483488236,-0.4847584115791794,17,30,4,136,5,-1.3482032392547534,-0.3459474317775844,1.5993037832819361,1.8197159671916987
2020-05-15 17:45:00,-0.6531734341089467,1102.00535715,137121.857143,150898763.143,1.8052295088902364,-0.02214751648185867,-0.6420318037954389,17,45,4,136,5,-1.3482032392547534,-0.3459474317775844,1.5993037832819361,1.8197159671916987
2020-05-15 18:00:00,-0.7075754248117717,628.37678572,137350.446429,150898992.446,1.4725545708797951,-0.1250501019591099,-0.6931826494138289,18,0,4,136,5,-1.3963287268286755,0.02068169050592892,1.5993037832819361,1.8197159671916987
2020-05-15 18:15:00,-0.7555146665832514,212.151785715,137449.607144,150899091.773,0.9396624006668347,-0.2450316146022344,-0.7363886620520351,18,15,4,136,5,-1.3963287268286755,0.02068169050592892,1.5993037832819361,1.8197159671916987
2020-05-15 18:30:00,-0.7800000755197538,0.0,137473.0,150899115.0,0.7287981391212153,-0.3536350856188481,-0.7599638394302762,18,30,4,136,5,-1.3963287268286755,0.02068169050592892,1.5993037832819361,1.8197159671916987
2020-05-15 18:45:00,-0.7800000755197538,0.0,137473.0,150899115.0,0.5563328406905804,-0.4566027935888382,-0.7659021283190262,18,45,4,136,5,-1.3963287268286755,0.02068169050592892,1.5993037832819361,1.8197159671916987
2020-05-15 19:00:00,-0.7800000755197538,0.0,87463.0,96860949.0,0.43558725801130155,-0.5014461286086775,-0.7659021283190262,19,0,4,136,5,-1.3482032392547536,0.38731081278944235,1.5993037832819361,1.8197159671916987
2020-05-15 19:15:00,-0.7800000755197538,0.0,87463.0,96860949.0,0.3344902019757105,-0.5157916375177333,-0.7659021283190262,19,15,4,136,5,-1.3482032392547536,0.38731081278944235,1.5993037832819361,1.8197159671916987
2020-05-15 19:30:00,-0.7800000755197538,0.0,87463.0,96860949.0,0.31225073191220093,-0.473453359124455,-0.7654977018528091,19,30,4,136,5,-1.3482032392547536,0.38731081278944235,1.5993037832819361,1.8197159671916987
2020-05-15 19:45:00,-0.7800000755197538,0.0,87463.0,96860949.0,-0.5992081241058279,-0.724942687156937,-0.7655788655226151,19,45,4,136,5,-1.3482032392547536,0.38731081278944235,1.5993037832819361,1.8197159671916987
2020-05-15 20:00:00,-0.7800000755197538,0.0,87463.0,96860949.0,-0.9162571656147417,-0.8976393789784519,-0.7659021283190262,20,0,4,136,5,-1.207106448980021,0.7289547662726072,1.5993037832819361,1.8197159671916987
2020-05-15 20:15:00,-0.7800000755197538,0.0,87463.0,96860949.0,-0.7050193214766,-0.8629651159516892,-0.7659021283190262,20,15,4,136,5,-1.207106448980021,0.7289547662726072,1.5993037832819361,1.8197159671916987
2020-05-15 20:30:00,-0.7800000755197538,0.0,87463.0,96860949.0,-1.0184158797057934,-0.8910531557907047,-0.7659021283190262,20,30,4,136,5,-1.207106448980021,0.7289547662726072,1.5993037832819361,1.8197159671916987
2020-05-15 20:45:00,-0.7800000755197538,0.0,87463.0,96860949.0,-1.0927400480429283,-0.8959223180677854,-0.7659021283190262,20,45,4,136,5,-1.207106448980021,0.7289547662726072,1.5993037832819361,1.8197159671916987
2020-05-15 21:00:00,-0.7800000755197538,0.0,87463.0,96860949.0,-1.0557802179706797,-0.869600958498689,-0.7659021283190262,21,0,4,136,5,-0.9826538690882308,1.0223310801188716,1.5993037832819361,1.8197159671916987
2020-05-15 21:15:00,-0.7800000755197538,0.0,87463.0,150899115.0,-1.0696455109915146,-0.8710926322002773,-0.7659021283190262,21,15,4,136,5,-0.9826538690882308,1.0223310801188716,1.5993037832819361,1.8197159671916987
2020-05-15 21:30:00,-0.7800000755197538,0.0,87463.0,150899115.0,-1.0409066818863901,-0.8612462212096389,-0.7659021283190262,21,30,4,136,5,-0.9826538690882308,1.0223310801188716,1.5993037832819361,1.8197159671916987
2020-05-15 21:45:00,-0.7800000755197538,0.0,87463.0,150899115.0,-1.0365127511319276,-0.8491365015992769,-0.7659021283190262,21,45,4,136,5,-0.9826538690882308,1.0223310801188716,1.5993037832819361,1.8197159671916987
2020-05-15 22:00:00,-0.7800000755197538,0.0,87463.0,150899115.0,-1.040735164008661,-0.8505917441962672,-0.7659021283190262,22,0,4,136,5,-0.6901415719735823,1.2474466433668958,1.5993037832819361,1.8197159671916987
2020-05-15 22:15:00,-0.7800000755197538,0.0,87463.0,150899115.0,-1.0611972844293827,-0.8633081327787371,-0.7659021283190262,22,15,4,136,5,-0.6901415719735823,1.2474466433668958,1.5993037832819361,1.8197159671916987
2020-05-15 22:30:00,-0.7800000755197538,0.0,87463.0,150899115.0,-1.0737766768945498,-0.8557128779420164,-0.7659021283190262,22,30,4,136,5,-0.6901415719735823,1.2474466433668958,1.5993037832819361,1.8197159671916987
2020-05-15 22:45:00,-0.7800000755197538,0.0,87463.0,150899115.0,-1.0872121893626263,-0.8368602040340009,-0.7659021283190262,22,45,4,136,5,-0.6901415719735823,1.2474466433668958,1.5993037832819361,1.8197159671916987
2020-05-15 23:00:00,-0.7800000755197538,0.0,87463.0,150899115.0,-1.0367412626202595,-0.8237143204109727,-0.7659021283190262,23,0,4,136,5,-0.3495037872850116,1.3889602024023853,1.5993037832819361,1.8197159671916987
2020-05-16 02:00:00,-0.7800000755197538,0.0,0.0,138431375.0,-1.1929612024365863,-0.914637929374056,-0.7659021283190262,2,0,5,137,5,0.7222327377366062,1.2474466433668963,1.4772153654217044,1.639732574870516
2020-05-16 02:15:00,-0.7800000755197538,0.0,0.0,150899115.0,-1.191197947614542,-0.9265317042294201,-0.7659021283190262,2,15,5,137,5,0.7222327377366062,1.2474466433668963,1.4772153654217044,1.639732574870516
2020-05-16 02:30:00,-0.7800000755197538,0.0,0.0,150899115.0,-1.2414050073112037,-0.9519237112343667,-0.7659021283190262,2,30,5,137,5,0.7222327377366062,1.2474466433668963,1.4772153654217044,1.639732574870516
2020-05-16 02:45:00,-0.7800000755197538,0.0,0.0,150899115.0,-1.245388092979161,-0.9494213194403238,-0.7659021283190262,2,45,5,137,5,0.7222327377366062,1.2474466433668963,1.4772153654217044,1.639732574870516
2020-05-16 03:00:00,-0.7800000755197538,0.0,0.0,150899115.0,-1.203185056747072,-0.9151774853761073,-0.7659021283190262,3,0,5,137,5,1.0147450348512552,1.0223310801188719,1.4772153654217044,1.639732574870516
2020-05-16 03:15:00,-0.7800000755197538,0.0,0.0,150899115.0,-1.1951741698811245,-0.9115259752871068,-0.7659021283190262,3,15,5,137,5,1.0147450348512552,1.0223310801188719,1.4772153654217044,1.639732574870516
2020-05-16 03:30:00,-0.7800000755197538,0.0,0.0,150899115.0,-1.1790667822685603,-0.892883252853171,-0.7659021283190262,3,30,5,137,5,1.0147450348512552,1.0223310801188719,1.4772153654217044,1.639732574870516
2020-05-16 03:45:00,-0.7800000755197538,0.0,0.0,150899115.0,-1.1653179414249748,-0.8809062771568337,-0.7659021283190262,3,45,5,137,5,1.0147450348512552,1.0223310801188719,1.4772153654217044,1.639732574870516
2020-05-16 04:00:00,-0.7800000755197538,0.0,0.0,150899115.0,-1.1432075530031205,-0.8569526190586785,-0.7659021283190262,4,0,5,137,5,1.2391976147430457,0.7289547662726072,1.4772153654217044,1.639732574870516
2020-05-16 04:15:00,-0.7800000755197538,0.0,0.0,150899115.0,-1.1315429552353697,-0.8648281397677083,-0.7659021283190262,4,15,5,137,5,1.2391976147430457,0.7289547662726072,1.4772153654217044,1.639732574870516
2020-05-16 04:30:00,-0.7800000755197538,0.0,0.0,150899115.0,-1.1238885327524573,-0.8637862576513826,-0.7659021283190262,4,30,5,137,5,1.2391976147430457,0.7289547662726072,1.4772153654217044,1.639732574870516
2020-05-16 04:45:00,-0.7800000755197538,0.0,0.0,150899115.0,-1.0952213650791895,-0.8583141381332031,-0.7659021283190262,4,45,5,137,5,1.2391976147430457,0.7289547662726072,1.4772153654217044,1.639732574870516
2020-05-16 05:00:00,-0.7800000755197538,0.0,0.0,150899115.0,-1.1222719290736984,-0.8671908041274872,-0.7659021283190262,5,0,5,137,5,1.3802944050177781,0.38731081278944296,1.4772153654217044,1.639732574870516
2020-05-16 05:15:00,-0.7800000755197538,0.0,0.0,150899115.0,-1.141036750482116,-0.8835134113854591,-0.7659021283190262,5,15,5,137,5,1.3802944050177781,0.38731081278944296,1.4772153654217044,1.639732574870516
2020-05-16 05:30:00,-0.7800000755197538,0.0,0.0,150899115.0,-1.138122136575133,-0.8611300987996119,-0.7659021283190262,5,30,5,137,5,1.3802944050177781,0.38731081278944296,1.4772153654217044,1.639732574870516
2020-05-16 05:45:00,-0.7800000755197538,0.0,0.0,150899115.0,-1.1145973488749774,-0.8779868287046159,-0.7654274280784072,5,45,5,137,5,1.3802944050177781,0.38731081278944296,1.4772153654217044,1.639732574870516
2020-05-16 06:00:00,-0.7674072761588262,109.162500001,1.5714285719999999,150899116.572,-1.1249634636322552,-0.900276602188036,-0.7458845898555064,6,0,5,137,5,1.4284198925917004,0.020681690505929266,1.4772153654217044,1.639732574870516
2020-05-16 06:15:00,-0.6967719684201018,722.4499999999999,90.732142856,150899205.731,-1.1426871446602291,-0.8867782563497951,-0.6896706856191698,6,15,5,137,5,1.4284198925917004,0.020681690505929266,1.4772153654217044,1.639732574870516
2020-05-16 06:30:00,-0.6070779710944102,1505.28571429,364.42857145,150899479.431,-1.1073077396797824,-0.827266625509198,-0.6061898713307897,6,30,5,137,5,1.4284198925917004,0.020681690505929266,1.4772153654217044,1.639732574870516
2020-05-16 06:45:00,-0.5034686511621322,2414.7017856,844.14285715,150899959.142,-1.0639168273066892,-0.7499834495348222,-0.5102151280846214,6,45,5,137,5,1.4284198925917004,0.020681690505929266,1.4772153654217044,1.639732574870516
2020-05-16 07:00:00,-0.39975157298580904,3337.7285714,1554.51785715,150900669.519,-0.9756206165525864,-0.6782954938243922,-0.4141963577925375,7,0,5,137,5,1.3802944050177781,-0.3459474317775844,1.4772153654217044,1.639732574870516
2020-05-16 07:15:00,-0.297376303217987,4249.375,2492.4642857,150901607.75,-0.9192830351236494,-0.5903819432024696,-0.32040592096545323,7,15,5,137,5,1.3802944050177781,-0.3459474317775844,1.4772153654217044,1.639732574870516
2020-05-16 07:30:00,-0.17383767892353758,5338.8321429,3675.8035714,150902790.805,-0.8282667925924199,-0.4794243622495315,-0.20427997861198563,7,30,5,137,5,1.3802944050177781,-0.3459474317775844,1.4772153654217044,1.639732574870516
2020-05-16 07:45:00,0.058896395251595506,7404.7499999,5239.1964287,150904354.194,-0.7116598019895963,-0.302970827982504,0.019976240718619306,7,45,5,137,5,1.3802944050177781,-0.3459474317775844,1.4772153654217044,1.639732574870516
2020-05-16 08:00:00,0.24806971015891643,9070.4714286,7313.9285714,150906428.929,-0.5700755426041885,-0.08103641640192738,0.19547818602013314,8,0,5,137,5,1.239197614743046,-0.6875913852607484,1.4772153654217044,1.639732574870516
2020-05-16 08:15:00,0.39165712715864426,10321.0410714,9738.4285713,150908853.429,-0.41851727417894224,0.09144520017914717,0.3264265868767008,8,15,5,137,5,1.239197614743046,-0.6875913852607484,1.4772153654217044,1.639732574870516
2020-05-16 08:30:00,0.6736098630726703,12793.2142858,12581.1607143,150911696.161,-0.2100642665640741,0.3711731673794453,0.6131719330733495,8,30,5,137,5,1.239197614743046,-0.6875913852607484,1.4772153654217044,1.639732574870516
2020-05-16 08:45:00,0.8064061502738895,13958.0767856,15980.7857143,150915095.784,-0.04357210173014231,0.5489357924742156,0.7503621008894169,8,45,5,137,5,1.239197614743046,-0.6875913852607484,1.4772153654217044,1.639732574870516
2020-05-16 09:00:00,0.789363652580228,13808.6267858,19501.7499999,150918616.75,0.024755390603391145,0.5344624390027499,0.7216686564639773,9,0,5,137,5,1.0147450348512554,-0.9809676991070133,1.4772153654217044,1.639732574870516
2020-05-16 09:15:00,0.6407159736670831,12505.0464286,22719.8571434,150921834.857,0.10869151751390642,0.5840690999357836,0.5874997633097327,9,15,5,137,5,1.0147450348512554,-0.9809676991070133,1.4772153654217044,1.639732574870516
2020-05-16 09:30:00,0.6649235970362444,12717.1303571,25885.821429,150925000.821,0.19236709842603888,0.6257655269759879,0.5904155629808525,9,30,5,137,5,1.0147450348512554,-0.9809676991070133,1.4772153654217044,1.639732574870516
2020-05-16 09:45:00,1.0141743172693551,15778.1428572,29357.875001,150928472.874,0.31571110845320777,0.7770787353747901,0.9778016402249216,9,45,5,137,5,1.0147450348512554,-0.9809676991070133,1.4772153654217044,1.639732574870516
2020-05-16 10:00:00,1.0194286235043502,15823.0624999,33606.303571,150932721.304,0.47941312199298125,1.1073562061388358,0.819296737929855,10,0,5,137,5,0.7222327377366062,-1.206083262355038,1.4772153654217044,1.639732574870516
2020-05-16 10:15:00,0.9678559816656551,15370.617857199999,37151.339286,150936266.339,0.5696317110304454,0.9826108646861075,0.7492246011137175,10,15,5,137,5,0.7222327377366062,-1.206083262355038,1.4772153654217044,1.639732574870516
2020-05-16 10:30:00,1.52326068278645,20231.7249999,41729.910714,150940844.911,0.6688522701507479,1.3321052567088831,1.3450067348477528,10,30,5,137,5,0.7222327377366062,-1.206083262355038,1.4772153654217044,1.639732574870516
2020-05-16 10:45:00,1.2585275894276635,17914.6571428,46531.178572,150945646.178,0.809694606592901,1.4247615611517164,1.1549728397640369,10,45,5,137,5,0.7222327377366062,-1.206083262355038,1.4772153654217044,1.639732574870516
2020-05-16 11:00:00,1.1944971442301013,17355.6821429,50857.839286,150949972.839,0.9149503385485336,1.34714578919341,1.0896316378156203,11,0,5,137,5,0.3815949530480355,-1.3475968213905272,1.4772153654217044,1.639732574870516
2020-05-16 11:15:00,1.0832045844116343,16382.2249999,55151.375,150954266.375,0.9738660767865135,1.2668730858929738,0.9835469500579479,11,15,5,137,5,0.3815949530480355,-1.3475968213905272,1.4772153654217044,1.639732574870516
2020-05-16 11:30:00,0.9750576894831418,15434.8267857,59174.821428999996,150958289.821,1.0654991980722845,1.142009662289571,0.8256753342294856,11,30,5,137,5,0.3815949530480355,-1.3475968213905272,1.4772153654217044,1.639732574870516
2020-05-16 11:45:00,1.3907244467202982,19073.228571300002,63265.732143,150962380.732,1.1101044059807055,1.182886964400217,1.2429200653233,11,45,5,137,5,0.3815949530480355,-1.3475968213905272,1.4772153654217044,1.639732574870516
2020-05-16 12:00:00,1.429122553922378,19409.3839285,68117.660715,150967232.66,1.1784949851953415,1.4199167504667378,1.3694158410601136,12,0,5,137,5,0.016045582881512508,-1.3958644610274267,1.4772153654217044,1.639732574870516
2020-05-16 12:15:00,1.0563723924941077,16146.9214285,72740.00000100001,150971854.999,1.2594558504443625,1.3097561921832068,0.9772579760130503,12,15,5,137,5,0.016045582881512508,-1.3958644610274267,1.4772153654217044,1.639732574870516
2020-05-16 12:30:00,1.7660248194826564,22351.071427900002,77410.214288,150976525.212,1.4031839046649062,1.44773815670341,1.7084682887368494,12,30,5,137,5,0.016045582881512508,-1.3958644610274267,1.4772153654217044,1.639732574870516
2020-05-16 12:45:00,1.9522540687870507,23955.614285,83231.750002,150982346.748,1.4975536615179752,1.7419461705634662,1.8540083944061023,12,45,5,137,5,0.016045582881512508,-1.3958644610274267,1.4772153654217044,1.639732574870516
2020-05-16 13:00:00,1.350826870115832,18721.417857200002,88657.196429,150987772.196,1.5237659315493004,1.6345536948381334,1.286068935712581,13,0,5,137,5,-0.34950378728501047,-1.3475968213905272,1.4772153654217044,1.639732574870516
2020-05-16 13:15:00,1.8228692634592298,22843.682144,93901.625,150993016.625,1.62220950259531,1.5724704176650022,1.5992006775614707,13,15,5,137,5,-0.34950378728501047,-1.3475968213905272,1.4772153654217044,1.639732574870516
2020-05-16 13:30:00,1.2863775198033447,18158.7285714,99005.142857,150998120.143,1.6093082260077187,1.3931688310526835,1.1173739537173544,13,30,5,137,5,-0.34950378728501047,-1.3475968213905272,1.4772153654217044,1.639732574870516
2020-05-16 13:45:00,0.9497283468666818,15212.2035714,103092.767857,151002207.768,1.5384696125525148,1.2027829668997976,0.8545823542217261,13,45,5,137,5,-0.34950378728501047,-1.3475968213905272,1.4772153654217044,1.639732574870516
2020-05-16 14:00:00,0.7598339267671272,13548.9964284,106775.339286,151005890.339,1.5546939976536744,1.1464144593545202,0.6394148633850253,14,0,5,137,5,-0.6901415719735813,-1.2060832623550382,1.4772153654217044,1.639732574870516
2020-05-16 14:15:00,1.311402077700995,18380.15,110655.267857,151009770.268,1.714377969188091,1.2439344356899256,1.15644291814414,14,15,5,137,5,-0.6901415719735813,-1.2060832623550382,1.4772153654217044,1.639732574870516
2020-05-16 14:30:00,1.044790969549822,16046.5160714,115194.250002,151014309.248,1.7858784066033397,1.2848864890190344,0.9581494488742052,14,30,5,137,5,-0.6901415719735813,-1.2060832623550382,1.4772153654217044,1.639732574870516
2020-05-16 14:45:00,1.0068316490034845,15714.4446429,119100.142857,151018215.143,1.8160397797354748,1.117539495509631,0.8951335293404921,14,45,5,137,5,-0.6901415719735813,-1.2060832623550382,1.4772153654217044,1.639732574870516
2020-05-16 15:00:00,0.9764625225129776,15448.5982142,122927.607143,151022042.607,1.8404891334138656,1.083835984753327,0.8585623374142312,15,0,5,137,5,-0.98265386908823,-0.980967699107014,1.4772153654217044,1.639732574870516
2020-05-16 15:15:00,0.6738840301896741,12795.3446429,126558.160714,151025673.161,1.8651042241325093,1.0893052527970206,0.587970414006779,15,15,5,137,5,-0.98265386908823,-0.980967699107014,1.4772153654217044,1.639732574870516
2020-05-16 15:30:00,0.45992433889167345,10918.8928573,129491.642857,151028606.643,1.8097859424245775,0.8816314691365078,0.3629136654546155,15,30,5,137,5,-0.98265386908823,-0.980967699107014,1.4772153654217044,1.639732574870516
2020-05-16 15:45:00,0.16497699665840596,8340.4500001,131875.910714,151030990.911,1.7464262364155583,0.6206707093771625,0.07728021059064155,15,45,5,137,5,-0.98265386908823,-0.980967699107014,1.4772153654217044,1.639732574870516
2020-05-16 16:00:00,0.047108601432652136,7303.142857,133816.767858,151032931.767,1.725472253223252,0.4571702575535,-0.03150830543736538,16,0,5,137,5,-1.2071064489800205,-0.6875913852607494,1.4772153654217044,1.639732574870516
2020-05-16 16:15:00,-0.08200163927204596,6150.5053572,135491.982143,151034606.982,1.7059137781663303,0.3474516474487914,-0.14701931784325226,16,15,5,137,5,-1.2071064489800205,-0.6875913852607494,1.4772153654217044,1.639732574870516
2020-05-16 16:30:00,-0.14323792600286694,5608.7553573,136983.553572,151036098.553,1.6910620276730868,0.30635453331716755,-0.19950793230541033,16,30,5,137,5,-1.2071064489800205,-0.6875913852607494,1.4772153654217044,1.639732574870516
2020-05-16 16:45:00,-0.23770310694263821,4775.5607142,138270.839283,151037385.842,1.685519810918292,0.22925118132249192,-0.2816584853821402,16,45,5,137,5,-1.2071064489800205,-0.6875913852607494,1.4772153654217044,1.639732574870516
2020-05-16 17:00:00,-0.2983948370112563,4240.2982144,139414.285714,151038529.286,1.6459265783569157,0.1482113950940973,-0.3345087462932492,17,0,5,137,5,-1.3482032392547534,-0.3459474317775844,1.4772153654217044,1.639732574870516
2020-05-16 17:15:00,-0.387535728516444,3448.0714285,140379.071428,151039494.072,1.587743569327866,0.07096793238254948,-0.41414592762980634,17,15,5,137,5,-1.3482032392547534,-0.3459474317775844,1.4772153654217044,1.639732574870516
2020-05-16 17:30:00,-0.4918403076323265,2516.7553571,141132.160715,151040247.16,1.519870641007388,-0.01816360223539365,-0.5091904799443074,17,30,5,137,5,-1.3482032392547534,-0.3459474317775844,1.4772153654217044,1.639732574870516
2020-05-16 17:45:00,-0.5959166461073969,1603.10178571,141650.196429,151040765.196,1.4489137890101922,-0.13291778148362784,-0.6031714301938448,17,45,5,137,5,-1.3482032392547534,-0.3459474317775844,1.4772153654217044,1.639732574870516
2020-05-16 18:00:00,-0.6839570917152767,833.82857144,141954.464285,151041069.465,1.2410615828671983,-0.2699353351163707,-0.681351623231,18,0,5,137,5,-1.3963287268286755,0.02068169050592892,1.4772153654217044,1.639732574870516
2020-05-16 18:15:00,-0.7491567731518011,267.32500001,142092.642855,151041207.645,1.025722346019409,-0.380515743762429,-0.7374778078588657,18,15,5,137,5,-1.3963287268286755,0.02068169050592892,1.4772153654217044,1.639732574870516
2020-05-16 18:30:00,-0.7800000755197538,0.0,142114.0,151041229.0,0.8634934252562837,-0.46080207711090465,-0.7647427108589915,18,30,5,137,5,-1.3963287268286755,0.02068169050592892,1.4772153654217044,1.639732574870516
2020-05-16 18:45:00,-0.7800000755197538,0.0,142114.0,151041229.0,0.7825205765890565,-0.4922769168857305,-0.7659021283190262,18,45,5,137,5,-1.3963287268286755,0.02068169050592892,1.4772153654217044,1.639732574870516
2020-05-16 19:00:00,-0.7800000755197538,0.0,142114.0,151041229.0,0.6765266018701637,-0.5019314695633772,-0.7659021283190262,19,0,5,137,5,-1.3482032392547536,0.38731081278944235,1.4772153654217044,1.639732574870516
2020-05-16 19:15:00,-0.7800000755197538,0.0,142114.0,151041229.0,0.5771560243761943,-0.5158867315995587,-0.7659021283190262,19,15,5,137,5,-1.3482032392547536,0.38731081278944235,1.4772153654217044,1.639732574870516
2020-05-16 19:30:00,-0.7800000755197538,0.0,142114.0,151041229.0,0.4679906921568841,-0.5185655259742411,-0.7659021283190262,19,30,5,137,5,-1.3482032392547536,0.38731081278944235,1.4772153654217044,1.639732574870516
2020-05-16 19:45:00,-0.7800000755197538,0.0,142114.0,151041229.0,0.3793042453242309,-0.5352238813915736,-0.7659021283190262,19,45,5,137,5,-1.3482032392547536,0.38731081278944235,1.4772153654217044,1.639732574870516
2020-05-16 20:00:00,-0.7800000755197538,0.0,142114.0,151041229.0,0.29039055409272985,-0.5705089339562361,-0.7659021283190262,20,0,5,137,5,-1.207106448980021,0.7289547662726072,1.4772153654217044,1.639732574870516
2020-05-16 20:15:00,-0.7800000755197538,0.0,142114.0,151041229.0,0.2229210057345236,-0.6029792805032629,-0.7659021283190262,20,15,5,137,5,-1.207106448980021,0.7289547662726072,1.4772153654217044,1.639732574870516
2020-05-16 20:30:00,-0.7800000755197538,0.0,142114.0,151041229.0,0.16137583261752478,-0.6226084886810288,-0.7659021283190262,20,30,5,137,5,-1.207106448980021,0.7289547662726072,1.4772153654217044,1.639732574870516
2020-05-16 20:45:00,-0.7800000755197538,0.0,142114.0,151041229.0,0.1129273240967998,-0.6385589103795788,-0.7659021283190262,20,45,5,137,5,-1.207106448980021,0.7289547662726072,1.4772153654217044,1.639732574870516
2020-05-16 21:00:00,-0.7800000755197538,0.0,142114.0,151041229.0,0.027244699271387497,-0.6619417329115473,-0.7659021283190262,21,0,5,137,5,-0.9826538690882308,1.0223310801188716,1.4772153654217044,1.639732574870516
2020-05-16 21:15:00,-0.7800000755197538,0.0,142114.0,151041229.0,-0.08323530337783382,-0.6906330410616064,-0.7659021283190262,21,15,5,137,5,-0.9826538690882308,1.0223310801188716,1.4772153654217044,1.639732574870516
2020-05-16 21:30:00,-0.7800000755197538,0.0,142114.0,151041229.0,-0.17634612438089955,-0.7142425550744894,-0.7659021283190262,21,30,5,137,5,-0.9826538690882308,1.0223310801188716,1.4772153654217044,1.639732574870516
2020-05-16 21:45:00,-0.7800000755197538,0.0,142114.0,151041229.0,-0.22218965913136793,-0.7310632112350087,-0.7659021283190262,21,45,5,137,5,-0.9826538690882308,1.0223310801188716,1.4772153654217044,1.639732574870516
2020-05-16 22:00:00,-0.7800000755197538,0.0,142114.0,151041229.0,-0.24205683681931048,-0.7424687099685598,-0.7659021283190262,22,0,5,137,5,-0.6901415719735823,1.2474466433668958,1.4772153654217044,1.639732574870516
2020-05-16 22:15:00,-0.7800000755197538,0.0,142114.0,151041229.0,-0.30226547064120624,-0.7582653860880202,-0.7659021283190262,22,15,5,137,5,-0.6901415719735823,1.2474466433668958,1.4772153654217044,1.639732574870516
2020-05-16 22:30:00,-0.7800000755197538,0.0,142114.0,151041229.0,-0.3665588248828796,-0.7664897384101191,-0.7659021283190262,22,30,5,137,5,-0.6901415719735823,1.2474466433668958,1.4772153654217044,1.639732574870516
2020-05-16 22:45:00,-0.7800000755197538,0.0,142114.0,151041229.0,-0.40014784378732804,-0.76061527954532,-0.7659021283190262,22,45,5,137,5,-0.6901415719735823,1.2474466433668958,1.4772153654217044,1.639732574870516
2020-05-16 23:00:00,-0.7800000755197538,0.0,142114.0,151041229.0,-0.408991982501242,-0.750221252137872,-0.7659021283190262,23,0,5,137,5,-0.3495037872850116,1.3889602024023853,1.4772153654217044,1.639732574870516
2020-05-16 23:15:00,-0.7800000755197538,0.0,142114.0,151041229.0,-0.42847003353715485,-0.7489325567591238,-0.7659021283190262,23,15,5,137,5,-0.3495037872850116,1.3889602024023853,1.4772153654217044,1.639732574870516
2020-05-16 23:30:00,-0.7800000755197538,0.0,142114.0,151041229.0,-0.4325730877003251,-0.7559550799842849,-0.7659021283190262,23,30,5,137,5,-0.3495037872850116,1.3889602024023853,1.4772153654217044,1.639732574870516
2020-05-16 23:45:00,-0.7800000755197538,0.0,130779.0,151041229.0,-0.468866678939673,-0.7791617532354249,-0.7659021283190262,23,45,5,137,5,-0.3495037872850116,1.3889602024023853,1.4772153654217044,1.639732574870516
2020-05-17 00:00:00,-0.7800000755197538,0.0,4908.0,151041229.0,-0.49120024341541496,-0.7933715112209987,-0.7659021283190262,0,0,6,138,5,0.016045582881512335,1.437227842039285,1.3530161757857546,1.4628342245306962
2020-05-17 00:15:00,-0.7800000755197538,0.0,0.0,151041229.0,-0.5359442988737813,-0.7920658884528073,-0.7659021283190262,0,15,6,138,5,0.016045582881512335,1.437227842039285,1.3530161757857546,1.4628342245306962
2020-05-17 00:30:00,-0.7800000755197538,0.0,0.0,151041229.0,-0.5688274377656645,-0.8045127664062754,-0.7659021283190262,0,30,6,138,5,0.016045582881512335,1.437227842039285,1.3530161757857546,1.4628342245306962
2020-05-17 00:45:00,-0.7800000755197538,0.0,0.0,151041229.0,-0.5570203377874726,-0.8023805134054888,-0.7659021283190262,0,45,6,138,5,0.016045582881512335,1.437227842039285,1.3530161757857546,1.4628342245306962
2020-05-17 01:00:00,-0.7800000755197538,0.0,0.0,151041229.0,-0.5732369380991301,-0.8005209043227459,-0.7659021283190262,1,0,6,138,5,0.38159495304803503,1.3889602024023857,1.3530161757857546,1.4628342245306962
2020-05-17 01:15:00,-0.7800000755197538,0.0,0.0,151041229.0,-0.6074686319394783,-0.8117420837455871,-0.7659021283190262,1,15,6,138,5,0.38159495304803503,1.3889602024023857,1.3530161757857546,1.4628342245306962
2020-05-17 01:30:00,-0.7800000755197538,0.0,0.0,151041229.0,-0.6147510568927916,-0.7747089136858715,-0.7659021283190262,1,30,6,138,5,0.38159495304803503,1.3889602024023857,1.3530161757857546,1.4628342245306962
2020-05-17 01:45:00,-0.7800000755197538,0.0,0.0,151041229.0,-0.616329414737501,-0.7922206250118605,-0.7659021283190262,1,45,6,138,5,0.38159495304803503,1.3889602024023857,1.3530161757857546,1.4628342245306962
2020-05-17 02:00:00,-0.7800000755197538,0.0,0.0,151041229.0,-0.6732086595634775,-0.8162557397373753,-0.7659021283190262,2,0,6,138,5,0.7222327377366062,1.2474466433668963,1.3530161757857546,1.4628342245306962
2020-05-17 02:15:00,-0.7800000755197538,0.0,0.0,151041229.0,-0.6920285762212635,-0.8146643784877912,-0.7659021283190262,2,15,6,138,5,0.7222327377366062,1.2474466433668963,1.3530161757857546,1.4628342245306962
2020-05-17 02:30:00,-0.7800000755197538,0.0,0.0,151041229.0,-0.7116070209556015,-0.8127231827948909,-0.7659021283190262,2,30,6,138,5,0.7222327377366062,1.2474466433668963,1.3530161757857546,1.4628342245306962
2020-05-17 02:45:00,-0.7800000755197538,0.0,0.0,151041229.0,-0.7464287994225124,-0.8226367660070043,-0.7659021283190262,2,45,6,138,5,0.7222327377366062,1.2474466433668963,1.3530161757857546,1.4628342245306962
2020-05-17 03:00:00,-0.7800000755197538,0.0,0.0,151041229.0,-0.7317588511640042,-0.8035356231297575,-0.7659021283190262,3,0,6,138,5,1.0147450348512552,1.0223310801188719,1.3530161757857546,1.4628342245306962
2020-05-17 03:15:00,-0.7800000755197538,0.0,0.0,151041229.0,-0.7609246778536589,-0.8064044242106228,-0.7659021283190262,3,15,6,138,5,1.0147450348512552,1.0223310801188719,1.3530161757857546,1.4628342245306962
2020-05-17 03:30:00,-0.7800000755197538,0.0,0.0,151041229.0,-0.8348287872229931,-0.8520393441009945,-0.7659021283190262,3,30,6,138,5,1.0147450348512552,1.0223310801188719,1.3530161757857546,1.4628342245306962
2020-05-17 03:45:00,-0.7800000755197538,0.0,0.0,151041229.0,-0.8376332294350775,-0.8573262007296344,-0.7659021283190262,3,45,6,138,5,1.0147450348512552,1.0223310801188719,1.3530161757857546,1.4628342245306962
2020-05-17 04:00:00,-0.7800000755197538,0.0,0.0,151041229.0,-0.8596390994020296,-0.8615183659344866,-0.7659021283190262,4,0,6,138,5,1.2391976147430457,0.7289547662726072,1.3530161757857546,1.4628342245306962
2020-05-17 04:15:00,-0.7800000755197538,0.0,0.0,151041229.0,-0.8714161508448991,-0.8513829087520532,-0.7659021283190262,4,15,6,138,5,1.2391976147430457,0.7289547662726072,1.3530161757857546,1.4628342245306962
2020-05-17 04:30:00,-0.7800000755197538,0.0,0.0,151041229.0,-0.8587169215113943,-0.8304396892866104,-0.7659021283190262,4,30,6,138,5,1.2391976147430457,0.7289547662726072,1.3530161757857546,1.4628342245306962
2020-05-17 04:45:00,-0.7800000755197538,0.0,0.0,151041229.0,-0.8926261483102986,-0.836641215978052,-0.7659021283190262,4,45,6,138,5,1.2391976147430457,0.7289547662726072,1.3530161757857546,1.4628342245306962
2020-05-17 05:00:00,-0.7800000755197538,0.0,0.0,151041229.0,-0.9431035131979796,-0.8543295499018598,-0.7659021283190262,5,0,6,138,5,1.3802944050177781,0.38731081278944296,1.3530161757857546,1.4628342245306962
2020-05-17 05:15:00,-0.7800000755197538,0.0,0.0,151041229.0,-0.9418300782446867,-0.8492369346041729,-0.7659021283190262,5,15,6,138,5,1.3802944050177781,0.38731081278944296,1.3530161757857546,1.4628342245306962
2020-05-17 05:30:00,-0.7800000755197538,0.0,0.0,151041229.0,-0.9484208252887958,-0.8370193733397531,-0.7659021283190262,5,30,6,138,5,1.3802944050177781,0.38731081278944296,1.3530161757857546,1.4628342245306962
2020-05-17 05:45:00,-0.7800000755197538,0.0,0.0,151041229.0,-0.937479247233202,-0.8248750005376498,-0.7648265579649353,5,45,6,138,5,1.3802944050177781,0.38731081278944296,1.3530161757857546,1.4628342245306962
2020-05-17 06:00:00,-0.7796229217852829,3.2625,0.125,151041229.125,-0.9078141974119776,-0.8101032584070759,-0.7504691501851998,6,0,6,138,5,1.4284198925917004,0.020681690505929266,1.3530161757857546,1.4628342245306962
2020-05-17 06:15:00,-0.750091406625715,259.15714286,24.142857144,151041253.144,-0.8791280566647807,-0.78885658502694,-0.7260677158645531,6,15,6,138,5,1.4284198925917004,0.020681690505929266,1.3530161757857546,1.4628342245306962
2020-05-17 06:30:00,-0.6690822836219121,963.41428573,165.892857141,151041394.891,-0.9099127246900806,-0.7732415322786763,-0.6556505030015864,6,30,6,138,5,1.4284198925917004,0.020681690505929266,1.3530161757857546,1.4628342245306962
2020-05-17 06:45:00,-0.5640263792871377,1883.04464287,504.10714285,151041733.107,-0.8357618525366276,-0.7182370819905375,-0.5468734477290935,6,45,6,138,5,1.4284198925917004,0.020681690505929266,1.3530161757857546,1.4628342245306962
2020-05-17 07:00:00,-0.4338644025636772,3034.2642858,1116.85714286,151042345.858,-0.7387528828080633,-0.6222078876228815,-0.42078261746856316,7,0,6,138,5,1.3802944050177781,-0.3459474317775844,1.3530161757857546,1.4628342245306962
2020-05-17 07:15:00,-0.17869435337355785,5296.4375,2154.24999996,151043383.25,-0.6489194017735277,-0.46654919282841767,-0.13229935501180126,7,15,6,138,5,1.3802944050177781,-0.3459474317775844,1.3530161757857546,1.4628342245306962
2020-05-17 07:30:00,-0.08209647443662418,6154.7196431,3483.3392857,151044712.339,-0.5650169122453915,-0.3370568281197992,-0.0500833883948198,7,30,6,138,5,1.3802944050177781,-0.3459474317775844,1.3530161757857546,1.4628342245306962
2020-05-17 07:45:00,0.2709391037991503,9265.5714285,5414.4821427,151046643.483,-0.44558850359292385,-0.06648932380027962,0.27421918667987405,7,45,6,138,5,1.3802944050177781,-0.3459474317775844,1.3530161757857546,1.4628342245306962
2020-05-17 08:00:00,0.461075284029581,10929.7982145,8076.8214285,151049305.822,-0.23971897427364117,0.21770104543406393,0.45561571219618885,8,0,6,138,5,1.239197614743046,-0.6875913852607484,1.3530161757857546,1.4628342245306962
2020-05-17 08:15:00,0.48465544446305037,11135.2946429,10794.6607142,151052023.662,-0.07470334331896251,0.46541086846466256,0.4712526451369257,8,15,6,138,5,1.239197614743046,-0.6875913852607484,1.3530161757857546,1.4628342245306962
2020-05-17 08:30:00,0.5895984213899083,12057.8107142,13581.0535714,151054810.054,0.06616247911856943,0.660467696679924,0.5790663980719541,8,30,6,138,5,1.239197614743046,-0.6875913852607484,1.3530161757857546,1.4628342245306962
2020-05-17 08:45:00,1.0548448900534801,16134.9196428,17065.3035716,151058294.303,0.31570070993003474,0.9816482535604657,1.0462408888661108,8,45,6,138,5,1.239197614743046,-0.6875913852607484,1.3530161757857546,1.4628342245306962
2020-05-17 09:00:00,1.1074762264736044,16595.9624999,21327.767857,151062556.768,0.49967514270012253,1.2709618929244932,1.0922783913213632,9,0,6,138,5,1.0147450348512554,-0.9809676991070133,1.3530161757857546,1.4628342245306962
2020-05-17 09:15:00,0.810430581416785,13991.1553571,24857.035713999998,151066086.036,0.5850678767926769,1.0330694202859956,0.6588373677757925,9,15,6,138,5,1.0147450348512554,-0.9809676991070133,1.3530161757857546,1.4628342245306962
2020-05-17 09:30:00,1.2640431397168956,17965.3107143,29155.642857,151070384.643,0.7580149994309329,1.1720841533138135,1.2563942599215427,9,30,6,138,5,1.0147450348512554,-0.9809676991070133,1.3530161757857546,1.4628342245306962
2020-05-17 09:45:00,1.7506829929500427,22218.2303581,34038.017856,151075267.019,0.9375495260592879,1.408157954044496,1.7253657736123453,9,45,6,138,5,1.0147450348512554,-0.9809676991070133,1.3530161757857546,1.4628342245306962
2020-05-17 10:00:00,1.6288199887478811,21149.9892858,39706.446428,151080935.447,1.1789041379363043,1.5752689687835548,1.6646591857625443,10,0,6,138,5,0.7222327377366062,-1.206083262355038,1.3530161757857546,1.4628342245306962
2020-05-17 10:15:00,1.5951316312410642,20861.5571429,44739.875,151085970.018,1.1605352689736101,1.3297594886315518,1.5485648439743338,10,15,6,138,5,0.7222327377366062,-1.206083262355038,1.3530161757857546,1.4628342245306962
2020-05-17 10:30:00,1.7268664404941276,21990.9107148,50157.589286,151091386.589,1.1979679591946248,1.4686443692145377,1.446432905142964,10,30,6,138,5,0.7222327377366062,-1.206083262355038,1.3530161757857546,1.4628342245306962
2020-05-17 10:45:00,2.031338057574158,24634.428573,56142.678572,151097372.678,1.454224181288119,1.8363194774061908,1.992282023690378,10,45,6,138,5,0.7222327377366062,-1.206083262355038,1.3530161757857546,1.4628342245306962
2020-05-17 11:00:00,1.9266531436171523,23719.482142,61854.625,151103083.625,1.4817057668887856,1.8241165560561619,1.8544871003389316,11,0,6,138,5,0.3815949530480355,-1.3475968213905272,1.3530161757857546,1.4628342245306962
2020-05-17 11:15:00,2.306747961543311,27034.6321414,68351.964285,151109580.965,1.585015545919003,2.2066709795494606,2.4528708603489244,11,15,6,138,5,0.3815949530480355,-1.3475968213905272,1.3530161757857546,1.4628342245306962
2020-05-17 11:30:00,2.213167908925028,26224.062501,75207.964286,151116405.464,1.806904067345078,2.43507502196995,2.38692126446178,11,30,6,138,5,0.3815949530480355,-1.3475968213905272,1.3530161757857546,1.4628342245306962
2020-05-17 11:45:00,1.8522341707188907,23074.4815471,81300.02976,151122529.031,1.8661520492778467,2.3305874077384003,2.0400195550579614,11,45,6,138,5,0.3815949530480355,-1.3475968213905272,1.3530161757857546,1.4628342245306962
2020-05-17 12:00:00,1.2196254839355958,17569.6803573,86055.964287,151127284.963,1.8571553335249815,1.887241554626149,1.2837671166066071,12,0,6,138,5,0.016045582881512508,-1.3958644610274267,1.3530161757857546,1.4628342245306962
2020-05-17 12:15:00,1.8088732215208103,22708.0482142,91072.142857,151132301.143,1.9952454836246765,1.808941511743429,1.7615927794629302,12,15,6,138,5,0.016045582881512508,-1.3958644610274267,1.3530161757857546,1.4628342245306962
2020-05-17 12:30:00,1.2647268675544978,17951.9339283,96224.946429,151137453.946,2.0298787898664004,1.9117217430427784,1.3941434709926144,12,30,6,138,5,0.016045582881512508,-1.3958644610274267,1.3530161757857546,1.4628342245306962
2020-05-17 12:45:00,1.7859797711170977,22497.8178564,101040.589286,151142269.589,2.1824298257952957,1.9226725197324577,1.9342716733521508,12,45,6,138,5,0.016045582881512508,-1.3958644610274267,1.3530161757857546,1.4628342245306962
2020-05-17 13:00:00,0.6587052326035047,12658.4035713,106043.5,151147272.5,2.249485764902601,1.7088804154059754,0.5968827324683947,13,0,6,138,5,-0.34950378728501047,-1.3475968213905272,1.3530161757857546,1.4628342245306962
2020-05-17 13:15:00,0.8007200159614066,13890.5089286,108532.285716,151149761.284,2.014394730725277,0.8988068642764584,0.6913017464811532,13,15,6,138,5,-0.34950378728501047,-1.3475968213905272,1.3530161757857546,1.4628342245306962
2020-05-17 13:30:00,1.7279312982296258,21993.3232134,113827.071428,151155056.072,2.2044938372335925,1.7463715189827027,1.6303146515283935,13,30,6,138,5,-0.34950378728501047,-1.3475968213905272,1.3530161757857546,1.4628342245306962
2020-05-17 13:45:00,1.3008481352266457,18266.875,118395.124999,151159624.126,2.296130298887115,1.5704822096752347,1.2503313261390123,13,45,6,138,5,-0.34950378728501047,-1.3475968213905272,1.3530161757857546,1.4628342245306962
2020-05-17 14:00:00,1.3958041925236755,19093.9589284,123746.142857,151164975.143,2.418131627479362,1.8272695091617066,1.4847876544329086,14,0,6,138,5,-0.6901415719735813,-1.2060832623550382,1.3530161757857546,1.4628342245306962
2020-05-17 14:15:00,0.6349646277426215,12450.1464286,127161.410715,151168390.41,2.3671709851159033,1.2458797426905837,0.6248789409726215,14,15,6,138,5,-0.6901415719735813,-1.2060832623550382,1.3530161757857546,1.4628342245306962
2020-05-17 14:30:00,0.19382955558356899,8580.1267855,129928.267858,151171157.267,2.2881809825069435,1.0166262282455887,0.25043134429042774,14,30,6,138,5,-0.6901415719735813,-1.2060832623550382,1.3530161757857546,1.4628342245306962
2020-05-17 14:45:00,1.5556338733231463,20508.2392859,133314.035715,151174543.035,2.322864871076583,1.228920453025102,1.3623932581194897,14,45,6,138,5,-0.6901415719735813,-1.2060832623550382,1.3530161757857546,1.4628342245306962
2020-05-17 15:00:00,1.4890420830351159,19932.6107144,138772.0,151180001.0,2.594398610939499,1.7281093232265397,1.4391902869643447,15,0,6,138,5,-0.98265386908823,-0.980967699107014,1.3530161757857546,1.4628342245306962
2020-05-17 15:15:00,0.9727494370274222,15414.2660713,143098.803571,151184327.804,2.634652290751253,1.4118952157480082,0.8799001860762093,15,15,6,138,5,-0.98265386908823,-0.980967699107014,1.3530161757857546,1.4628342245306962
2020-05-17 15:30:00,1.1602672120639632,17053.4535714,147282.589284,151188511.591,2.5582616288195195,1.367562580919396,1.1400680012535997,15,30,6,138,5,-0.98265386908823,-0.980967699107014,1.3530161757857546,1.4628342245306962
2020-05-17 15:45:00,0.25007357544647996,9080.1107143,150319.964283,151191548.967,2.4542203508887193,0.8987110184422682,0.16728666492761765,15,45,6,138,5,-0.98265386908823,-0.980967699107014,1.3530161757857546,1.4628342245306962
2020-05-17 16:00:00,0.7801769669556547,13724.5607143,153352.696429,151194581.696,2.489398799237763,0.949696201384829,0.6964453413830182,16,0,6,138,5,-1.2071064489800205,-0.6875913852607494,1.3530161757857546,1.4628342245306962
2020-05-17 16:15:00,0.3657517486530727,10094.6898811,156142.577382,151197371.575,1.444214894902479,0.5983125175408854,0.3257256922773479,16,15,6,138,5,-1.2071064489800205,-0.6875913852607494,1.3530161757857546,1.4628342245306962
2020-05-17 16:30:00,0.25677108619308464,9136.1446428,158513.749999,151199742.751,1.0306293583350616,0.34554369476388747,0.17373774974787212,16,30,6,138,5,-1.2071064489800205,-0.6875913852607494,1.3530161757857546,1.4628342245306962
2020-05-17 16:45:00,0.1318743505843561,8045.3589286,160702.178571,151201931.179,0.9736950746712366,0.293274534336726,0.06586414593789502,16,45,6,138,5,-1.2071064489800205,-0.6875913852607494,1.3530161757857546,1.4628342245306962
2020-05-17 17:00:00,-0.2808121565364766,4395.6089285,162235.892856,151203464.894,0.8007878860152848,0.08631986661883419,-0.3110967092528381,17,0,6,138,5,-1.3482032392547534,-0.3459474317775844,1.3530161757857546,1.4628342245306962
2020-05-17 17:15:00,-0.37116721669313724,3597.6303569,163210.642856,151204439.644,0.6727051204271915,-0.09329435565601912,-0.3884043282278143,17,15,6,138,5,-1.3482032392547534,-0.3459474317775844,1.3530161757857546,1.4628342245306962
2020-05-17 17:30:00,-0.44437738895928613,2934.0232143,164033.767858,151205262.767,0.4767010079753584,-0.18313958100863326,-0.4610476603950388,17,30,6,138,5,-1.3482032392547534,-0.3459474317775844,1.3530161757857546,1.4628342245306962
2020-05-17 17:45:00,-0.5658065767239047,1867.34285714,164656.30357,151205885.305,0.23051012248328795,-0.3045229947894886,-0.5668126440404011,17,45,6,138,5,-1.3482032392547534,-0.3459474317775844,1.3530161757857546,1.4628342245306962
2020-05-17 18:00:00,-0.7022505389554577,674.78035714,164965.053571,151206194.054,0.12481949533058855,-0.4214667538962623,-0.6896970998468873,18,0,6,138,5,-1.3963287268286755,0.02068169050592892,1.3530161757857546,1.4628342245306962
2020-05-17 18:15:00,-0.747938429402364,277.84821429,165077.624999,151206306.626,0.06331275726127204,-0.5023440216325088,-0.7324604663703473,18,15,6,138,5,-1.3963287268286755,0.02068169050592892,1.3530161757857546,1.4628342245306962
2020-05-17 18:30:00,-0.7800000755197538,0.0,165106.0,151206335.0,0.0647129287488196,-0.5277029515334295,-0.763201967236994,18,30,6,138,5,-1.3963287268286755,0.02068169050592892,1.3530161757857546,1.4628342245306962
2020-05-17 18:45:00,-0.7800000755197538,0.0,165106.0,151206335.0,0.023963410496592487,-0.5611884489196102,-0.7659021283190262,18,45,6,138,5,-1.3963287268286755,0.02068169050592892,1.3530161757857546,1.4628342245306962
2020-05-17 19:00:00,-0.7800000755197538,0.0,165106.0,151206335.0,-0.014502644717284293,-0.605974204892849,-0.7659021283190262,19,0,6,138,5,-1.3482032392547536,0.38731081278944235,1.3530161757857546,1.4628342245306962
2020-05-17 19:15:00,-0.7800000755197538,0.0,165106.0,151206335.0,0.020369977988164936,-0.6072549835415271,-0.7659021283190262,19,15,6,138,5,-1.3482032392547536,0.38731081278944235,1.3530161757857546,1.4628342245306962
2020-05-17 19:30:00,-0.7800000755197538,0.0,165106.0,151206335.0,-0.0009966366553907332,-0.6031384549935135,-0.7659021283190262,19,30,6,138,5,-1.3482032392547536,0.38731081278944235,1.3530161757857546,1.4628342245306962
2020-05-17 19:45:00,-0.7800000755197538,0.0,165106.0,151206335.0,-0.026871216594165817,-0.5967133204871372,-0.7659021283190262,19,45,6,138,5,-1.3482032392547536,0.38731081278944235,1.3530161757857546,1.4628342245306962
2020-05-17 20:00:00,-0.7800000755197538,0.0,165106.0,151206335.0,-0.06782860323190103,-0.5840905535887583,-0.7659021283190262,20,0,6,138,5,-1.207106448980021,0.7289547662726072,1.3530161757857546,1.4628342245306962
2020-05-17 20:15:00,-0.7800000755197538,0.0,165106.0,151206335.0,-0.11570646895284711,-0.6221812859581864,-0.7659021283190262,20,15,6,138,5,-1.207106448980021,0.7289547662726072,1.3530161757857546,1.4628342245306962
2020-05-17 20:30:00,-0.7800000755197538,0.0,165106.0,151206335.0,-0.17527471922098162,-0.6255613253072171,-0.7659021283190262,20,30,6,138,5,-1.207106448980021,0.7289547662726072,1.3530161757857546,1.4628342245306962
2020-05-17 20:45:00,-0.7800000755197538,0.0,165106.0,151206335.0,-0.17644821042486628,-0.5990625884716567,-0.7659021283190262,20,45,6,138,5,-1.207106448980021,0.7289547662726072,1.3530161757857546,1.4628342245306962
2020-05-17 21:00:00,-0.7800000755197538,0.0,165106.0,151206335.0,-0.14936549186502482,-0.5650902666234022,-0.7659021283190262,21,0,6,138,5,-0.9826538690882308,1.0223310801188716,1.3530161757857546,1.4628342245306962
2020-05-17 21:15:00,-0.7800000755197538,0.0,165106.0,151206335.0,-0.9611521527761142,-0.8352259514236631,-0.7659021283190262,21,15,6,138,5,-0.9826538690882308,1.0223310801188716,1.3530161757857546,1.4628342245306962
2020-05-17 21:30:00,-0.7800000755197538,0.0,165106.0,151206335.0,-1.2421447315483842,-0.8869671691266755,-0.7659021283190262,21,30,6,138,5,-0.9826538690882308,1.0223310801188716,1.3530161757857546,1.4628342245306962
2020-05-17 21:45:00,-0.7800000755197538,0.0,165106.0,151206335.0,-1.3022172376613852,-0.89092064036496,-0.7659021283190262,21,45,6,138,5,-0.9826538690882308,1.0223310801188716,1.3530161757857546,1.4628342245306962
2020-05-17 22:00:00,-0.7800000755197538,0.0,165106.0,151206335.0,-1.3183677491932955,-0.8852712157929818,-0.7659021283190262,22,0,6,138,5,-0.6901415719735823,1.2474466433668958,1.3530161757857546,1.4628342245306962
2020-05-17 22:15:00,-0.7800000755197538,0.0,165106.0,151206335.0,-1.3118051904475394,-0.8804658073008872,-0.7659021283190262,22,15,6,138,5,-0.6901415719735823,1.2474466433668958,1.3530161757857546,1.4628342245306962
2020-05-17 22:30:00,-0.7800000755197538,0.0,165106.0,151206335.0,-1.2966813940650055,-0.8709703402363652,-0.7659021283190262,22,30,6,138,5,-0.6901415719735823,1.2474466433668958,1.3530161757857546,1.4628342245306962
2020-05-17 22:45:00,-0.7800000755197538,0.0,165106.0,151206335.0,-1.2962700036671584,-0.8665201321441173,-0.7659021283190262,22,45,6,138,5,-0.6901415719735823,1.2474466433668958,1.3530161757857546,1.4628342245306962
2020-05-17 23:00:00,-0.7800000755197538,0.0,165106.0,151206335.0,-1.323166827470934,-0.8743198117789167,-0.7659021283190262,23,0,6,138,5,-0.3495037872850116,1.3889602024023853,1.3530161757857546,1.4628342245306962
2020-05-17 23:15:00,-0.7800000755197538,0.0,165106.0,151206335.0,-1.3242829669647231,-0.8708355328917124,-0.7659021283190262,23,15,6,138,5,-0.3495037872850116,1.3889602024023853,1.3530161757857546,1.4628342245306962
2020-05-17 23:30:00,-0.7800000755197538,0.0,165106.0,151206335.0,-1.3083362957672953,-0.871060975648995,-0.7659021283190262,23,30,6,138,5,-0.3495037872850116,1.3889602024023853,1.3530161757857546,1.4628342245306962
2020-05-17 23:45:00,-0.7800000755197538,0.0,155005.285714,151206335.0,-1.3263015913567957,-0.8764563712468174,-0.7659021283190262,23,45,6,138,5,-0.3495037872850116,1.3889602024023853,1.3530161757857546,1.4628342245306962
2020-05-18 00:00:00,-0.7800000755197538,0.0,5682.25,151206335.0,-1.3414558929393208,-0.8736345765376767,-0.7659021283190262,0,0,0,139,5,0.016045582881512335,1.437227842039285,1.2267430172744107,1.2890733349712171
2020-05-18 00:15:00,-0.7800000755197538,0.0,0.0,151206335.0,-1.3736820444872766,-0.883233997992924,-0.7659021283190262,0,15,0,139,5,0.016045582881512335,1.437227842039285,1.2267430172744107,1.2890733349712171
2020-05-18 00:30:00,-0.7800000755197538,0.0,0.0,151206335.0,-1.3452983823002704,-0.8789301327557456,-0.7659021283190262,0,30,0,139,5,0.016045582881512335,1.437227842039285,1.2267430172744107,1.2890733349712171
2020-05-18 00:45:00,-0.7800000755197538,0.0,0.0,151206335.0,-1.3466550228996672,-0.8787736593895064,-0.7659021283190262,0,45,0,139,5,0.016045582881512335,1.437227842039285,1.2267430172744107,1.2890733349712171
2020-05-18 01:00:00,-0.7800000755197538,0.0,0.0,151206335.0,-1.3654019994645163,-0.8828696106607362,-0.7659021283190262,1,0,0,139,5,0.38159495304803503,1.3889602024023857,1.2267430172744107,1.2890733349712171
2020-05-18 01:15:00,-0.7800000755197538,0.0,0.0,151206335.0,-1.3882847676768868,-0.89025937269257,-0.7659021283190262,1,15,0,139,5,0.38159495304803503,1.3889602024023857,1.2267430172744107,1.2890733349712171
2020-05-18 01:30:00,-0.7800000755197538,0.0,0.0,151206335.0,-1.389927095007909,-0.8909431873810664,-0.7659021283190262,1,30,0,139,5,0.38159495304803503,1.3889602024023857,1.2267430172744107,1.2890733349712171
2020-05-18 01:45:00,-0.7800000755197538,0.0,0.0,151206335.0,-1.3777523987737736,-0.8896720622696442,-0.7659021283190262,1,45,0,139,5,0.38159495304803503,1.3889602024023857,1.2267430172744107,1.2890733349712171
2020-05-18 02:00:00,-0.7800000755197538,0.0,0.0,151206335.0,-1.3940166077204645,-0.89428306760035,-0.7659021283190262,2,0,0,139,5,0.7222327377366062,1.2474466433668963,1.2267430172744107,1.2890733349712171
2020-05-18 02:15:00,-0.7800000755197538,0.0,0.0,151206335.0,-1.383330125236095,-0.9027690556676948,-0.7659021283190262,2,15,0,139,5,0.7222327377366062,1.2474466433668963,1.2267430172744107,1.2890733349712171
2020-05-18 02:30:00,-0.7800000755197538,0.0,0.0,151206335.0,-1.348516546586285,-0.9027793209758408,-0.7659021283190262,2,30,0,139,5,0.7222327377366062,1.2474466433668963,1.2267430172744107,1.2890733349712171
2020-05-18 02:45:00,-0.7800000755197538,0.0,0.0,151206335.0,-1.3257990453181834,-0.9001818610224684,-0.7659021283190262,2,45,0,139,5,0.7222327377366062,1.2474466433668963,1.2267430172744107,1.2890733349712171
2020-05-18 03:00:00,-0.7800000755197538,0.0,0.0,151206335.0,-1.3125018538925484,-0.8932762689891881,-0.7659021283190262,3,0,0,139,5,1.0147450348512552,1.0223310801188719,1.2267430172744107,1.2890733349712171
2020-05-18 03:15:00,-0.7800000755197538,0.0,0.0,151206335.0,-1.2863407303043235,-0.8544828659081695,-0.7659021283190262,3,15,0,139,5,1.0147450348512552,1.0223310801188719,1.2267430172744107,1.2890733349712171
2020-05-18 03:30:00,-0.7800000755197538,0.0,0.0,151206335.0,-1.2809023402917685,-0.8419060955151617,-0.7659021283190262,3,30,0,139,5,1.0147450348512552,1.0223310801188719,1.2267430172744107,1.2890733349712171
2020-05-18 03:45:00,-0.7800000755197538,0.0,0.0,151206335.0,-1.2755983225153882,-0.8532440194879178,-0.7659021283190262,3,45,0,139,5,1.0147450348512552,1.0223310801188719,1.2267430172744107,1.2890733349712171
2020-05-18 04:00:00,-0.7800000755197538,0.0,0.0,151206335.0,-1.2559078257022138,-0.8515931712960777,-0.7659021283190262,4,0,0,139,5,1.2391976147430457,0.7289547662726072,1.2267430172744107,1.2890733349712171
2020-05-18 04:15:00,-0.7800000755197538,0.0,0.0,151206335.0,-1.3324183916588512,-0.8918453420631282,-0.7659021283190262,4,15,0,139,5,1.2391976147430457,0.7289547662726072,1.2267430172744107,1.2890733349712171
2020-05-18 04:30:00,-0.7800000755197538,0.0,0.0,151206335.0,-1.3749432287392171,-0.9392479891219088,-0.7659021283190262,4,30,0,139,5,1.2391976147430457,0.7289547662726072,1.2267430172744107,1.2890733349712171
2020-05-18 04:45:00,-0.7800000755197538,0.0,0.0,151206335.0,-1.3962216426310519,-0.9608794823153632,-0.7659021283190262,4,45,0,139,5,1.2391976147430457,0.7289547662726072,1.2267430172744107,1.2890733349712171
2020-05-18 05:00:00,-0.7800000755197538,0.0,0.0,151206335.0,-1.385299564156889,-0.9374725111273996,-0.7659021283190262,5,0,0,139,5,1.3802944050177781,0.38731081278944296,1.2267430172744107,1.2890733349712171
2020-05-18 05:15:00,-0.7800000755197538,0.0,0.0,151206335.0,-1.349361779166197,-0.9151262314183639,-0.7659021283190262,5,15,0,139,5,1.3802944050177781,0.38731081278944296,1.2267430172744107,1.2890733349712171
2020-05-18 05:30:00,-0.7800000755197538,0.0,0.0,151206335.0,-1.330539568440007,-0.919437842297143,-0.7659021283190262,5,30,0,139,5,1.3802944050177781,0.38731081278944296,1.2267430172744107,1.2890733349712171
2020-05-18 05:45:00,-0.7800000755197538,0.0,0.0,151206335.0,-1.3105151530472106,-0.9220966763504311,-0.7642249609335252,5,45,0,139,5,1.3802944050177781,0.38731081278944296,1.2267430172744107,1.2890733349712171
2020-05-18 06:00:00,-0.7622818026348779,153.528571429,7.339285716,151206342.341,-1.298393840913059,-0.8978261646294308,-0.7381814010512915,6,0,0,139,5,1.4284198925917004,0.020681690505929266,1.2267430172744107,1.2890733349712171
2020-05-18 06:15:00,-0.68614088539815,814.88035716,121.321428572,151206456.322,-1.2636622470029228,-0.8534027221887543,-0.6744039320495241,6,15,0,139,5,1.4284198925917004,0.020681690505929266,1.2267430172744107,1.2890733349712171
2020-05-18 06:30:00,-0.597047908497628,1593.39999999,414.73214286,151206749.73,-1.2132232929865598,-0.7988963800545801,-0.591864730373274,6,30,0,139,5,1.4284198925917004,0.020681690505929266,1.2267430172744107,1.2890733349712171
2020-05-18 06:45:00,-0.49940306509280075,2450.3089287,928.03571428,151207263.035,-1.195649267686777,-0.7554712366091723,-0.5060845595058481,6,45,0,139,5,1.4284198925917004,0.020681690505929266,1.2267430172744107,1.2890733349712171
2020-05-18 07:00:00,-0.36707956210347836,3629.3196429,1662.14285715,151207997.144,-1.1499904618543286,-0.6760043340756987,-0.3867547832371287,7,0,0,139,5,1.3802944050177781,-0.3459474317775844,1.2267430172744107,1.2890733349712171
2020-05-18 07:15:00,-0.12690261642286707,5754.5964286,2825.1785713,151209160.178,-1.0472585624157889,-0.5066015374480588,-0.16263019061248363,7,15,0,139,5,1.3802944050177781,-0.3459474317775844,1.2267430172744107,1.2890733349712171
2020-05-18 07:30:00,0.06522649421984326,7457.6535716,4567.0892857,151210902.087,-0.9069648843989212,-0.2700378741388508,0.023137986195859692,7,30,0,139,5,1.3802944050177781,-0.3459474317775844,1.2267430172744107,1.2890733349712171
2020-05-18 07:45:00,-0.3456738509808233,3818.7375,5961.6785714,151212296.681,-0.7903297833993641,-0.21565538228087924,-0.3812252380339113,7,45,0,139,5,1.3802944050177781,-0.3459474317775844,1.2267430172744107,1.2890733349712171
2020-05-18 08:00:00,-0.46889456867940177,2718.2392857,6745.5357143,151213080.535,-0.7557354199089876,-0.37875207568646563,-0.4983252889118113,8,0,0,139,5,1.239197614743046,-0.6875913852607484,1.2267430172744107,1.2890733349712171
2020-05-18 08:15:00,-0.44177469021715654,2958.9553572,7431.8928572,151213766.893,-0.7261392297475546,-0.43759632670059834,-0.47641624834024293,8,15,0,139,5,1.239197614743046,-0.6875913852607484,1.2267430172744107,1.2890733349712171
2020-05-18 08:30:00,-0.3337097074684113,3928.7928572,8296.5178572,151214631.517,-0.6777862098094375,-0.3891664796565188,-0.3849913123543444,8,30,0,139,5,1.239197614743046,-0.6875913852607484,1.2267430172744107,1.2890733349712171
2020-05-18 08:45:00,-0.30865373670064217,4149.9160714,9309.9285712,151215644.931,-0.6672691754373357,-0.32927910743078415,-0.3638583497449892,8,45,0,139,5,1.239197614743046,-0.6875913852607484,1.2267430172744107,1.2890733349712171
2020-05-18 09:00:00,-0.34586352133224707,3821.5053571,10340.0714286,151216675.072,-0.6121764739884695,-0.3089369580487826,-0.39356256447762383,9,0,0,139,5,1.0147450348512554,-0.9809676991070133,1.2267430172744107,1.2890733349712171
2020-05-18 09:15:00,-0.3590674807294344,3705.2410715,11258.0178569,151217593.02,-0.6059536630125438,-0.3364340531310287,-0.4097763120803611,9,15,0,139,5,1.0147450348512554,-0.9809676991070133,1.2267430172744107,1.2890733349712171
2020-05-18 09:30:00,-0.4143170235625546,3203.3714285,12132.7857143,151218467.786,-0.6063226695564419,-0.36054558218824284,-0.4550228493014593,9,30,0,139,5,1.0147450348512554,-0.9809676991070133,1.2267430172744107,1.2890733349712171
2020-05-18 09:45:00,-0.4057082957357218,3284.105357,12910.2321429,151219245.232,-0.6062882585303851,-0.4046071828857712,-0.44562212013269087,9,45,0,139,5,1.0147450348512554,-0.9809676991070133,1.2267430172744107,1.2890733349712171
2020-05-18 10:00:00,-0.3511780687773158,3775.05,13802.6428572,151220137.644,-0.5745596377684544,-0.39038666188014126,-0.40201958084242034,10,0,0,139,5,0.7222327377366062,-1.206083262355038,1.2267430172744107,1.2890733349712171
2020-05-18 10:15:00,-0.23787130519435157,4774.0821429,14833.357143,151221168.357,-0.5847815740873247,-0.3572052768400353,-0.30708032224356197,10,15,0,139,5,0.7222327377366062,-1.206083262355038,1.2267430172744107,1.2890733349712171
2020-05-18 10:30:00,0.005091448652416152,6927.0553572,16273.9285715,151222608.928,-0.5372371944576971,-0.23322331139843366,-0.0921241783440925,10,30,0,139,5,0.7222327377366062,-1.206083262355038,1.2267430172744107,1.2890733349712171
2020-05-18 10:45:00,0.6021345582266819,12167.5482142,18590.8392858,151224925.839,-0.44765748332371064,0.0879818662978385,0.44170886047629726,10,45,0,139,5,0.7222327377366062,-1.206083262355038,1.2267430172744107,1.2890733349712171
2020-05-18 11:00:00,0.7923118933390138,13834.6339287,21978.9999989,151228314.001,-0.29386090659410335,0.44358182030470866,0.6368981053861729,11,0,0,139,5,0.3815949530480355,-1.3475968213905272,1.2267430172744107,1.2890733349712171
2020-05-18 11:15:00,0.9619835568558938,15321.2107143,25559.053573,151231894.052,-0.2205891515391152,0.6002944045153303,0.7976778011055998,11,15,0,139,5,0.3815949530480355,-1.3475968213905272,1.2267430172744107,1.2890733349712171
2020-05-18 11:30:00,0.4972027150005361,11245.5267856,28933.196428,151235268.197,-0.1754365638664847,0.5517443133844676,0.36776066597283785,11,30,0,139,5,0.3815949530480355,-1.3475968213905272,1.2267430172744107,1.2890733349712171
2020-05-18 11:45:00,0.7348421735621301,13330.3035716,31911.571428,151238246.572,-0.19644968513362676,0.449331621592737,0.5723180845128633,11,45,0,139,5,0.3815949530480355,-1.3475968213905272,1.2267430172744107,1.2890733349712171
2020-05-18 12:00:00,1.2232759424395394,17608.1660714,35695.571429999996,151242030.57,-0.05782874025605343,0.741566311419194,1.0478580387347793,12,0,0,139,5,0.016045582881512508,-1.3958644610274267,1.2267430172744107,1.2890733349712171
2020-05-18 12:15:00,1.3233292414650977,18485.182142999998,40393.285713,151246728.287,0.112497809484056,1.1132785112642083,1.1797894407004186,12,15,0,139,5,0.016045582881512508,-1.3958644610274267,1.2267430172744107,1.2890733349712171
2020-05-18 12:30:00,1.296767240356411,18252.9999999,44868.625001,151251203.624,0.26201501516433034,1.0994079594988697,1.1476261959350558,12,30,0,139,5,0.016045582881512508,-1.3958644610274267,1.2267430172744107,1.2890733349712171
2020-05-18 12:45:00,1.1667468205843412,17113.6928571,49152.267858,151255487.267,0.2878960555650655,0.9509186233120471,1.0117864133506216,12,45,0,139,5,0.016045582881512508,-1.3958644610274267,1.2267430172744107,1.2890733349712171
2020-05-18 13:00:00,1.1947253848553263,17358.6875,53766.767857,151260101.768,0.3123362517736783,1.0241332014322533,1.0641690332037663,13,0,0,139,5,-0.34950378728501047,-1.3475968213905272,1.2267430172744107,1.2890733349712171
2020-05-18 13:15:00,1.6270815428374197,21126.5089285,58131.357143,151264466.357,0.34170433658904786,0.935620377896458,1.565601008418209,13,15,0,139,5,-0.34950378728501047,-1.3475968213905272,1.2267430172744107,1.2890733349712171
2020-05-18 13:30:00,1.9941660479257743,24320.0875,64046.482142,151270381.483,0.41186553770136886,1.3807050205252738,1.8366107838957906,13,30,0,139,5,-0.34950378728501047,-1.3475968213905272,1.2267430172744107,1.2890733349712171
2020-05-18 13:45:00,2.3714853960291062,27601.919643,70692.428572,151277027.428,0.5499062525073448,1.6340255654720193,2.367642177950136,13,45,0,139,5,-0.34950378728501047,-1.3475968213905272,1.2267430172744107,1.2890733349712171
2020-05-18 14:00:00,1.5695006848231743,20617.3910709,77105.910715,151283440.91,0.6925768862519425,1.7189265021935505,1.5679440252844947,14,0,0,139,5,-0.6901415719735813,-1.2060832623550382,1.2267430172744107,1.2890733349712171
2020-05-18 14:15:00,0.43460195483120023,10698.3214286,80611.017857,151286946.018,0.5094896374274105,0.830713819478751,0.34412342165676313,14,15,0,139,5,-0.6901415719735813,-1.2060832623550382,1.2267430172744107,1.2890733349712171
2020-05-18 14:30:00,0.833651879186777,14196.6125,83774.678573,151290109.677,0.41705024511691463,0.5927098919606705,0.6967549970325839,14,30,0,139,5,-0.6901415719735813,-1.2060832623550382,1.2267430172744107,1.2890733349712171
2020-05-18 14:45:00,0.7722762224773955,13657.8089286,87074.74999899999,151293409.751,0.36839423891494666,0.543325977845405,0.6490799507267704,14,45,0,139,5,-0.6901415719735813,-1.2060832623550382,1.2267430172744107,1.2890733349712171
2020-05-18 15:00:00,1.1326606323001156,16816.5267857,91101.035714,151297436.036,0.3896071321716101,0.7864911156573189,1.0012690171222287,15,0,0,139,5,-0.98265386908823,-0.980967699107014,1.2267430172744107,1.2890733349712171
2020-05-18 15:15:00,1.1639930217423216,17090.8357142,95209.75,151301544.75,0.37048197278924816,0.854759023239444,1.0268083701111106,15,15,0,139,5,-0.98265386908823,-0.980967699107014,1.2267430172744107,1.2890733349712171
2020-05-18 15:30:00,1.064074917528331,16215.6071431,99486.37499899999,151305821.376,0.4672515750150938,0.932446459047021,0.9277637928506208,15,30,0,139,5,-0.98265386908823,-0.980967699107014,1.2267430172744107,1.2890733349712171
2020-05-18 15:45:00,0.9416868407431994,15143.7982143,103413.803571,151309748.804,0.536622298984632,0.8726203016830167,0.8345097925797178,15,45,0,139,5,-0.98265386908823,-0.980967699107014,1.2267430172744107,1.2890733349712171
2020-05-18 16:00:00,0.6698007495479019,12760.117857,106848.30357,151313183.305,0.53925506214322,0.6930489655844178,0.5655904573841614,16,0,0,139,5,-1.2071064489800205,-0.6875913852607494,1.2267430172744107,1.2890733349712171
2020-05-18 16:15:00,0.26045772914362353,9176.6285715,109641.285712,151315976.288,0.4422019786074822,0.45109784044223966,0.19970719340781382,16,15,0,139,5,-1.2071064489800205,-0.6875913852607494,1.2267430172744107,1.2890733349712171
2020-05-18 16:30:00,0.12748151356936205,8010.3750001,111757.785715,151318092.785,0.3720835522003458,0.21762277505169983,0.0624364259260681,16,30,0,139,5,-1.2071064489800205,-0.6875913852607494,1.2267430172744107,1.2890733349712171
2020-05-18 16:45:00,-0.07042359617077196,6254.0428572,113552.196428,151319887.197,0.32075978889471124,0.07379244228791314,-0.12985374801177418,16,45,0,139,5,-1.2071064489800205,-0.6875913852607494,1.2267430172744107,1.2890733349712171
2020-05-18 17:00:00,-0.23585093817558156,4791.9446428,114919.035713,151321254.037,0.20094033291233757,-0.07612956800115393,-0.2843940400135926,17,0,0,139,5,-1.3482032392547534,-0.3459474317775844,1.2267430172744107,1.2890733349712171
2020-05-18 17:15:00,-0.3731217756681778,3576.0178571,115976.446429,151322311.446,0.14734185035365607,-0.20365752860681338,-0.40796770843830304,17,15,0,139,5,-1.3482032392547534,-0.3459474317775844,1.2267430172744107,1.2890733349712171
2020-05-18 17:30:00,-0.4992257213389918,2452.0303572,116734.160715,151323069.16,0.0587165603223076,-0.3125300629042244,-0.5156636766202546,17,30,0,139,5,-1.3482032392547534,-0.3459474317775844,1.2267430172744107,1.2890733349712171
2020-05-18 17:45:00,-0.5999408784449046,1567.8125,117235.767857,151323570.768,-0.06745450084753359,-0.4153555774700027,-0.6015083439776451,17,45,0,139,5,-1.3482032392547534,-0.3459474317775844,1.2267430172744107,1.2890733349712171
2020-05-18 18:00:00,-0.6757895363301974,905.02142858,117546.928571,151323881.929,-0.18651522191112485,-0.5044339294965506,-0.6665874052007995,18,0,0,139,5,-1.3963287268286755,0.02068169050592892,1.2267430172744107,1.2890733349712171
2020-05-18 18:15:00,-0.7394173793742815,351.88392856,117703.964285,151324038.965,-0.2646348135992503,-0.5771420753792232,-0.7210434401211413,18,15,0,139,5,-1.3963287268286755,0.02068169050592892,1.2267430172744107,1.2890733349712171
2020-05-18 18:30:00,-0.7798010608185385,1.725,117738.0,151324073.0,-0.32869919348885457,-0.6312731605086015,-0.7597152303160685,18,30,0,139,5,-1.3963287268286755,0.02068169050592892,1.2267430172744107,1.2890733349712171
2020-05-18 18:45:00,-0.7800000755197538,0.0,117738.0,151324073.0,-0.3617699946977006,-0.6617099443274105,-0.7659021283190262,18,45,0,139,5,-1.3963287268286755,0.02068169050592892,1.2267430172744107,1.2890733349712171
2020-05-18 19:00:00,-0.7800000755197538,0.0,117738.0,151324073.0,-0.386521808132439,-0.6725170533635368,-0.7659021283190262,19,0,0,139,5,-1.3482032392547536,0.38731081278944235,1.2267430172744107,1.2890733349712171
2020-05-18 19:15:00,-0.7800000755197538,0.0,117738.0,151324073.0,-0.39861852484468807,-0.6793595137517199,-0.7659021283190262,19,15,0,139,5,-1.3482032392547536,0.38731081278944235,1.2267430172744107,1.2890733349712171
2020-05-18 19:30:00,-0.7800000755197538,0.0,117738.0,151324073.0,-0.4077225917165449,-0.6847560225355553,-0.7659021283190262,19,30,0,139,5,-1.3482032392547536,0.38731081278944235,1.2267430172744107,1.2890733349712171
2020-05-18 19:45:00,-0.7800000755197538,0.0,117738.0,151324073.0,-0.42281536176410905,-0.6872313616134842,-0.7659021283190262,19,45,0,139,5,-1.3482032392547536,0.38731081278944235,1.2267430172744107,1.2890733349712171
2020-05-18 20:00:00,-0.7800000755197538,0.0,117738.0,151324073.0,-0.44392976991204536,-0.7171011215838818,-0.7659021283190262,20,0,0,139,5,-1.207106448980021,0.7289547662726072,1.2267430172744107,1.2890733349712171
2020-05-18 20:15:00,-0.7800000755197538,0.0,117738.0,151324073.0,-0.4913115433406763,-0.7703994572904844,-0.7659021283190262,20,15,0,139,5,-1.207106448980021,0.7289547662726072,1.2267430172744107,1.2890733349712171
2020-05-18 20:30:00,-0.7800000755197538,0.0,117738.0,151324073.0,-0.5247135365724367,-0.769117895782447,-0.7659021283190262,20,30,0,139,5,-1.207106448980021,0.7289547662726072,1.2267430172744107,1.2890733349712171
2020-05-18 20:45:00,-0.7800000755197538,0.0,117738.0,151324073.0,-0.5678943912558709,-0.7858123145752667,-0.7659021283190262,20,45,0,139,5,-1.207106448980021,0.7289547662726072,1.2267430172744107,1.2890733349712171
2020-05-18 21:00:00,-0.7800000755197538,0.0,117738.0,151324073.0,-0.6163253907158764,-0.7986838496625365,-0.7659021283190262,21,0,0,139,5,-0.9826538690882308,1.0223310801188716,1.2267430172744107,1.2890733349712171
2020-05-18 21:15:00,-0.7800000755197538,0.0,117738.0,151324073.0,-0.642761426435766,-0.8015437904345029,-0.7659021283190262,21,15,0,139,5,-0.9826538690882308,1.0223310801188716,1.2267430172744107,1.2890733349712171
2020-05-18 21:30:00,-0.7800000755197538,0.0,117738.0,151324073.0,-0.639451480609761,-0.8038305329899934,-0.7659021283190262,21,30,0,139,5,-0.9826538690882308,1.0223310801188716,1.2267430172744107,1.2890733349712171
2020-05-18 21:45:00,-0.7800000755197538,0.0,117738.0,151324073.0,-0.7355227216725267,-0.8299292805382956,-0.7659021283190262,21,45,0,139,5,-0.9826538690882308,1.0223310801188716,1.2267430172744107,1.2890733349712171
2020-05-18 22:00:00,-0.7800000755197538,0.0,117738.0,151324073.0,-0.7961956222885924,-0.8492121434406155,-0.7659021283190262,22,0,0,139,5,-0.6901415719735823,1.2474466433668958,1.2267430172744107,1.2890733349712171
2020-05-18 22:15:00,-0.7800000755197538,0.0,117738.0,151324073.0,-0.8457028568089707,-0.8611543407765913,-0.7659021283190262,22,15,0,139,5,-0.6901415719735823,1.2474466433668958,1.2267430172744107,1.2890733349712171
2020-05-18 22:30:00,-0.7800000755197538,0.0,117738.0,151324073.0,-0.8635028182976316,-0.86331841364038,-0.7659021283190262,22,30,0,139,5,-0.6901415719735823,1.2474466433668958,1.2267430172744107,1.2890733349712171
2020-05-18 22:45:00,-0.7800000755197538,0.0,117738.0,151324073.0,-0.8732151329617561,-0.8636395933573716,-0.7659021283190262,22,45,0,139,5,-0.6901415719735823,1.2474466433668958,1.2267430172744107,1.2890733349712171
2020-05-18 23:00:00,-0.7800000755197538,0.0,117738.0,151324073.0,-0.8812002773715977,-0.8526440537027774,-0.7659021283190262,23,0,0,139,5,-0.3495037872850116,1.3889602024023853,1.2267430172744107,1.2890733349712171
2020-05-18 23:15:00,-0.7800000755197538,0.0,117738.0,151324073.0,-0.8616814032003998,-0.8357963396416451,-0.7659021283190262,23,15,0,139,5,-0.3495037872850116,1.3889602024023853,1.2267430172744107,1.2890733349712171
2020-05-18 23:30:00,-0.7800000755197538,0.0,117738.0,151324073.0,-0.8916063972971472,-0.856760110461376,-0.7659021283190262,23,30,0,139,5,-0.3495037872850116,1.3889602024023853,1.2267430172744107,1.2890733349712171
2020-05-18 23:45:00,-0.7800000755197538,0.0,108873.428571,151324073.0,-0.9281530506068066,-0.8706038946580484,-0.7659021283190262,23,45,0,139,5,-0.3495037872850116,1.3889602024023853,1.2267430172744107,1.2890733349712171
2020-05-19 00:00:00,-0.7800000755197538,0.0,6570.7678572,151324073.0,-0.9309798505839071,-0.8728175357767425,-0.7659021283190262,0,0,1,140,5,0.016045582881512335,1.437227842039285,1.0984333073497452,1.118501395293734
2020-05-19 00:15:00,-0.7800000755197538,0.0,0.0,151324073.0,-0.9484629243988953,-0.8790412180546112,-0.7659021283190262,0,15,1,140,5,0.016045582881512335,1.437227842039285,1.0984333073497452,1.118501395293734
2020-05-19 00:30:00,-0.7800000755197538,0.0,0.0,151324073.0,-0.9473201425509754,-0.8823003578480488,-0.7659021283190262,0,30,1,140,5,0.016045582881512335,1.437227842039285,1.0984333073497452,1.118501395293734
2020-05-19 00:45:00,-0.7800000755197538,0.0,0.0,151324073.0,-0.943606177432156,-0.8825394150998728,-0.7659021283190262,0,45,1,140,5,0.016045582881512335,1.437227842039285,1.0984333073497452,1.118501395293734
2020-05-19 01:00:00,-0.7800000755197538,0.0,0.0,151324073.0,-0.9269640274315987,-0.8746213681669524,-0.7659021283190262,1,0,1,140,5,0.38159495304803503,1.3889602024023857,1.0984333073497452,1.118501395293734
2020-05-19 01:15:00,-0.7800000755197538,0.0,0.0,151324073.0,-0.9353571399405225,-0.8714821591684249,-0.7659021283190262,1,15,1,140,5,0.38159495304803503,1.3889602024023857,1.0984333073497452,1.118501395293734
2020-05-19 01:30:00,-0.7800000755197538,0.0,0.0,151324073.0,-0.9358965656806767,-0.8660419709799784,-0.7659021283190262,1,30,1,140,5,0.38159495304803503,1.3889602024023857,1.0984333073497452,1.118501395293734
2020-05-19 01:45:00,-0.7800000755197538,0.0,0.0,151324073.0,-0.9053891038554455,-0.8638321508370941,-0.7659021283190262,1,45,1,140,5,0.38159495304803503,1.3889602024023857,1.0984333073497452,1.118501395293734
2020-05-19 02:00:00,-0.7800000755197538,0.0,0.0,151324073.0,-0.8891561253996928,-0.8618860661615767,-0.7659021283190262,2,0,1,140,5,0.7222327377366062,1.2474466433668963,1.0984333073497452,1.118501395293734
2020-05-19 02:15:00,-0.7800000755197538,0.0,0.0,151324073.0,-0.8736963272407602,-0.8602619866493662,-0.7659021283190262,2,15,1,140,5,0.7222327377366062,1.2474466433668963,1.0984333073497452,1.118501395293734
2020-05-19 02:30:00,-0.7800000755197538,0.0,0.0,151324073.0,-0.8557730864380226,-0.8571423583928379,-0.7659021283190262,2,30,1,140,5,0.7222327377366062,1.2474466433668963,1.0984333073497452,1.118501395293734
2020-05-19 02:45:00,-0.7800000755197538,0.0,0.0,151324073.0,-0.8409895831366601,-0.8542064647095904,-0.7659021283190262,2,45,1,140,5,0.7222327377366062,1.2474466433668963,1.0984333073497452,1.118501395293734
2020-05-19 03:00:00,-0.7800000755197538,0.0,0.0,151324073.0,-0.8343880628357186,-0.854774789496945,-0.7659021283190262,3,0,1,140,5,1.0147450348512552,1.0223310801188719,1.0984333073497452,1.118501395293734
2020-05-19 03:15:00,-0.7800000755197538,0.0,0.0,151324073.0,-0.8206031186205359,-0.85865887621394,-0.7659021283190262,3,15,1,140,5,1.0147450348512552,1.0223310801188719,1.0984333073497452,1.118501395293734
2020-05-19 03:30:00,-0.7800000755197538,0.0,0.0,151324073.0,-0.8080444291825182,-0.8570778061949971,-0.7659021283190262,3,30,1,140,5,1.0147450348512552,1.0223310801188719,1.0984333073497452,1.118501395293734
2020-05-19 03:45:00,-0.7800000755197538,0.0,0.0,151324073.0,-0.8014474970183851,-0.8573969224813615,-0.7659021283190262,3,45,1,140,5,1.0147450348512552,1.0223310801188719,1.0984333073497452,1.118501395293734
2020-05-19 04:00:00,-0.7800000755197538,0.0,0.0,151324073.0,-0.7979160607683804,-0.8602964365346797,-0.7659021283190262,4,0,1,140,5,1.2391976147430457,0.7289547662726072,1.0984333073497452,1.118501395293734
2020-05-19 04:15:00,-0.7800000755197538,0.0,0.0,151324073.0,-0.7670393519787331,-0.8538938071980954,-0.7659021283190262,4,15,1,140,5,1.2391976147430457,0.7289547662726072,1.0984333073497452,1.118501395293734
2020-05-19 04:30:00,-0.7800000755197538,0.0,0.0,151324073.0,-0.7597098370069921,-0.8516273371449069,-0.7659021283190262,4,30,1,140,5,1.2391976147430457,0.7289547662726072,1.0984333073497452,1.118501395293734
2020-05-19 04:45:00,-0.7800000755197538,0.0,0.0,151324073.0,-0.7452787176555205,-0.8437744852877112,-0.7659021283190262,4,45,1,140,5,1.2391976147430457,0.7289547662726072,1.0984333073497452,1.118501395293734
2020-05-19 05:00:00,-0.7800000755197538,0.0,0.0,151324073.0,-0.7220614103368265,-0.8228933139070623,-0.7659021283190262,5,0,1,140,5,1.3802944050177781,0.38731081278944296,1.0984333073497452,1.118501395293734
2020-05-19 05:15:00,-0.7800000755197538,0.0,0.0,151324073.0,-0.7246247873281212,-0.8253836569252812,-0.7659021283190262,5,15,1,140,5,1.3802944050177781,0.38731081278944296,1.0984333073497452,1.118501395293734
2020-05-19 05:30:00,-0.7800000755197538,0.0,0.0,151324073.0,-0.7668422084973326,-0.8475921430182042,-0.7659021283190262,5,30,1,140,5,1.3802944050177781,0.38731081278944296,1.0984333073497452,1.118501395293734
2020-05-19 05:45:00,-0.7800000755197538,0.0,0.0,151324073.0,-0.77973541823783,-0.8265655568078185,-0.7648753830965627,5,45,1,140,5,1.3802944050177781,0.38731081278944296,1.0984333073497452,1.118501395293734
2020-05-19 06:00:00,-0.7800000755197538,0.0,0.0,151324073.0,-0.7418872571858238,-0.7709530684694964,-0.7519879702465366,6,0,1,140,5,1.4284198925917004,0.020681690505929266,1.0984333073497452,1.118501395293734
2020-05-19 06:15:00,-0.7564559007484233,204.053571435,22.428571427999998,151324095.428,-0.7240911679449387,-0.7380813617055305,-0.73462372271224,6,15,1,140,5,1.4284198925917004,0.020681690505929266,1.0984333073497452,1.118501395293734
2020-05-19 06:30:00,-0.7372636068892978,370.38928573,96.232142857,151324169.232,-0.7007412223726894,-0.7216897302489541,-0.7250988754987289,6,30,1,140,5,1.4284198925917004,0.020681690505929266,1.0984333073497452,1.118501395293734
2020-05-19 06:45:00,-0.6025002353356432,1549.08214286,261.80357144,151324334.805,-0.655470452569584,-0.6896228258655611,-0.615101139773283,6,45,1,140,5,1.4284198925917004,0.020681690505929266,1.0984333073497452,1.118501395293734
2020-05-19 07:00:00,-0.17714895749052625,5310.1964286,1112.69642859,151325185.698,-0.5294506185916565,-0.5332459638918058,-0.2110699263001791,7,0,1,140,5,1.3802944050177781,-0.3459474317775844,1.0984333073497452,1.118501395293734
2020-05-19 07:15:00,-0.1321549344815128,5708.1910715,2544.3214286,151326617.32,-0.3966582057859929,-0.373257470995847,-0.16109298670109048,7,15,1,140,5,1.3802944050177781,-0.3459474317775844,1.0984333073497452,1.118501395293734
2020-05-19 07:30:00,-0.12787502492119676,5746.0714287,3947.9642858,151328020.965,-0.31145849847714924,-0.17510860753903748,-0.15738890931148253,7,30,1,140,5,1.3802944050177781,-0.3459474317775844,1.0984333073497452,1.118501395293734
2020-05-19 07:45:00,0.02120706669980339,7064.1178571,5522.8928571,151329595.894,-0.24395160569394547,-0.05655131308018486,-0.007528434054141472,7,45,1,140,5,1.3802944050177781,-0.3459474317775844,1.0984333073497452,1.118501395293734
2020-05-19 08:00:00,-0.32608452178495195,3992.2071428,7020.6607142,151331093.66099998,-0.20654593659011297,-0.08173777025075557,-0.3426746878096967,8,0,1,140,5,1.239197614743046,-0.6875913852607484,1.0984333073497452,1.118501395293734
2020-05-19 08:15:00,-0.11855115635324183,5829.2017858,8069.5535715,151332142.552,-0.20388763916078334,-0.13421619446522798,-0.1398530815594586,8,15,1,140,5,1.239197614743046,-0.6875913852607484,1.0984333073497452,1.118501395293734
2020-05-19 08:30:00,0.2558420195561663,9133.0910714,10129.6964287,151334202.696,-0.08365361358857137,0.16635716773928766,0.19462603410951787,8,30,1,140,5,1.239197614743046,-0.6875913852607484,1.0984333073497452,1.118501395293734
2020-05-19 08:45:00,0.1949570404676844,8597.3196429,12223.4107144,151336296.411,-0.03384538332505609,0.2319340507134385,0.11633019812052722,8,45,1,140,5,1.239197614743046,-0.6875913852607484,1.0984333073497452,1.118501395293734
2020-05-19 09:00:00,0.5850240655097808,12015.6892857,14697.6249999,151338770.627,0.05919770624857991,0.3907625067594109,0.48203155268120684,9,0,1,140,5,1.0147450348512554,-0.9809676991070133,1.0984333073497452,1.118501395293734
2020-05-19 09:15:00,0.7303531096379595,13291.0714284,17759.3750002,151341832.374,0.16468404849030732,0.6068699565227184,0.6021056067169921,9,15,1,140,5,1.0147450348512554,-0.9809676991070133,1.0984333073497452,1.118501395293734
2020-05-19 09:30:00,1.2654640768493486,17974.8910714,21888.0357132,151345961.038,0.3980128244490776,1.0815422586775967,1.3195593504598364,9,30,1,140,5,1.0147450348512554,-0.9809676991070133,1.0984333073497452,1.118501395293734
2020-05-19 09:45:00,0.9334632192782981,15068.7267858,26064.928571,151350137.929,0.45354526308364945,1.1118244718413222,0.9310860142178224,9,45,1,140,5,1.0147450348512554,-0.9809676991070133,1.0984333073497452,1.118501395293734
2020-05-19 10:00:00,0.8048034954174734,13941.1571428,29516.178572,151353589.178,0.47769217580952933,0.8799804654096967,0.8215963550706811,10,0,1,140,5,0.7222327377366062,-1.206083262355038,1.0984333073497452,1.118501395293734
2020-05-19 10:15:00,1.1387269025948925,16859.5285713,33424.642858,151357497.642,0.5080607148694574,0.8723844410451866,1.1452065847494337,10,15,1,140,5,0.7222327377366062,-1.206083262355038,1.0984333073497452,1.118501395293734
2020-05-19 10:30:00,0.9299012338814989,15028.3714286,37729.25,151361802.25,0.5582873493629098,0.9769309971059489,0.8824630305174823,10,30,1,140,5,0.7222327377366062,-1.206083262355038,1.0984333073497452,1.118501395293734
2020-05-19 10:45:00,1.2635645899015835,17947.2732144,41701.499999,151365774.501,0.5370429032637737,0.9355352036129493,1.1744479785866366,10,45,1,140,5,0.7222327377366062,-1.206083262355038,1.0984333073497452,1.118501395293734
2020-05-19 11:00:00,1.756923028319055,22248.7232138,46679.428572,151370752.428,0.6453032819093164,1.258345414453157,1.856460499783742,11,0,1,140,5,0.3815949530480355,-1.3475968213905272,1.0984333073497452,1.118501395293734
2020-05-19 11:15:00,0.9893935077011975,15549.0285715,51717.732143,151375790.732,0.724017977505987,1.2327656145231276,0.845166340533357,11,15,1,140,5,0.3815949530480355,-1.3475968213905272,1.0984333073497452,1.118501395293734
2020-05-19 11:30:00,0.21219258838918237,8755.2333332,53828.666665,151377901.665,0.6120871505269,0.6914924124134845,0.1481822830618892,11,30,1,140,5,0.3815949530480355,-1.3475968213905272,1.0984333073497452,1.118501395293734
2020-05-19 12:30:00,1.6349231726568512,21206.9666666,77034.5,151401107.5,1.0529233971404366,1.3410621269036818,1.6156010107453143,12,30,1,140,5,0.016045582881512508,-1.3958644610274267,1.0984333073497452,1.118501395293734
2020-05-19 12:45:00,2.026168446907904,24603.55,81256.0,151405329.0,1.1394512572320246,1.5222969043423467,1.9301036350248453,12,45,1,140,5,0.016045582881512508,-1.3958644610274267,1.0984333073497452,1.118501395293734
2020-05-19 13:00:00,1.6229221158642568,21094.757143,86065.857144,151410138.856,1.1830032056855277,1.556470421045763,1.4982404766370112,13,0,1,140,5,-0.34950378728501047,-1.3475968213905272,1.0984333073497452,1.118501395293734
2020-05-19 13:15:00,1.1083126449031873,16601.5,91036.875,151415109.875,1.12725785117771,1.3708329981092608,0.9996100234646902,13,15,1,140,5,-0.34950378728501047,-1.3475968213905272,1.0984333073497452,1.118501395293734
2020-05-19 13:30:00,1.0858074819457915,16405.4285715,94919.428572,151418992.428,1.0412157130610207,0.9860282324283965,0.9458687502588277,13,30,1,140,5,-0.34950378728501047,-1.3475968213905272,1.0984333073497452,1.118501395293734
2020-05-19 13:45:00,1.6862402035426847,21658.1375,99854.625,151423927.625,1.1490520275209757,1.2678847320107607,1.5605423043721933,13,45,1,140,5,-0.34950378728501047,-1.3475968213905272,1.0984333073497452,1.118501395293734
2020-05-19 14:00:00,1.4329113882443385,19443.3142856,105016.00000100001,151429088.999,1.1282328114454707,1.3496994193916996,1.3139303942714984,14,0,1,140,5,-0.6901415719735813,-1.2060832623550382,1.0984333073497452,1.118501395293734
2020-05-19 14:15:00,1.5551089993985996,20507.975,110076.125,151434149.125,1.1845914598901623,1.3704923765207808,1.43527098821716,14,15,1,140,5,-0.6901415719735813,-1.2060832623550382,1.0984333073497452,1.118501395293734
2020-05-19 14:30:00,1.7071898308987417,21840.585713599998,115342.42857,151439415.43,1.237574316835886,1.4407310055179736,1.590605173286506,14,30,1,140,5,-0.6901415719735813,-1.2060832623550382,1.0984333073497452,1.118501395293734
2020-05-19 14:45:00,1.589733978719345,20814.4464286,120675.178572,151444748.178,1.2571241609305348,1.4205445414583526,1.5009926728781071,14,45,1,140,5,-0.6901415719735813,-1.2060832623550382,1.0984333073497452,1.118501395293734
2020-05-19 15:00:00,1.02580604066444,15879.0696429,125415.64285799999,151449488.642,1.2153819315861714,1.1529291297894055,0.9354720212904408,15,0,1,140,5,-0.98265386908823,-0.980967699107014,1.0984333073497452,1.118501395293734
2020-05-19 15:15:00,0.7013045182705382,13037.4642857,129092.392858,151453165.392,1.1631480248471031,0.8930616357166051,0.6290483791820666,15,15,1,140,5,-0.98265386908823,-0.980967699107014,1.0984333073497452,1.118501395293734
2020-05-19 15:30:00,0.8168034258258269,14049.475,132249.017859,151456322.016,1.0925463397680268,0.7050566231462133,0.6858066306372869,15,30,1,140,5,-0.98265386908823,-0.980967699107014,1.0984333073497452,1.118501395293734
2020-05-19 15:45:00,0.5520357385236702,11728.3875,135511.250001,151459584.249,1.0859304721376415,0.6996140915641893,0.45936859837966004,15,45,1,140,5,-0.98265386908823,-0.980967699107014,1.0984333073497452,1.118501395293734
2020-05-19 16:00:00,0.8126954919776918,14013.2428571,138657.839285,151462730.84,1.088085862226015,0.6896798396059161,0.7229261183363179,16,0,1,140,5,-1.2071064489800205,-0.6875913852607494,1.0984333073497452,1.118501395293734
2020-05-19 16:15:00,0.5161679611148611,11412.9875,141950.55357,151466023.555,1.1281290908106096,0.7279577712752839,0.49339519317627606,16,15,1,140,5,-1.2071064489800205,-0.6875913852607494,1.0984333073497452,1.118501395293734
2020-05-19 16:30:00,0.14299253251423247,8135.7125,118021.25,124866102.25,1.0566091941078732,0.5715420229663009,0.29422745911093395,16,30,1,140,5,-1.2071064489800205,-0.6875913852607494,1.0984333073497452,1.118501395293734
2020-05-19 16:45:00,-0.0343943802742088,6581.6857144,119893.285715,124867974.285,0.9765011904250246,0.39877532633521606,0.0854350358387005,16,45,1,140,5,-1.2071064489800205,-0.6875913852607494,1.0984333073497452,1.118501395293734
2020-05-19 17:00:00,-0.2452406147983997,4713.3875,121317.5,124869398.5,0.8983184554442768,0.2037936629873774,-0.15543451256785168,17,0,1,140,5,-1.3482032392547534,-0.3459474317775844,1.0984333073497452,1.118501395293734
2020-05-19 17:15:00,-0.41483573418829406,3214.2571428,122296.999999,124870378.001,0.7580298920717187,-0.00094690219140425,-0.35365700080928975,17,15,1,140,5,-1.3482032392547534,-0.3459474317775844,1.0984333073497452,1.118501395293734
2020-05-19 17:30:00,-0.529407165621023,2189.35,122967.75,124871048.75,0.6202434051740937,-0.14403450880383364,-0.4845449134252154,17,30,1,140,5,-1.3482032392547534,-0.3459474317775844,1.0984333073497452,1.118501395293734
2020-05-19 17:45:00,-0.672730157487695,933.45714289,123395.00000100001,124871475.999,0.49000863418871493,-0.2555659671426235,-0.6441355273216258,17,45,1,140,5,-1.3482032392547534,-0.3459474317775844,1.0984333073497452,1.118501395293734
2020-05-19 18:00:00,-0.7797996691073412,1.7374999999999998,123475.0,124871556.0,-0.24405837389391719,-0.49826658939193463,-0.7608209630771448,18,0,1,140,5,-1.3963287268286755,0.02068169050592892,1.0984333073497452,1.118501395293734
2020-05-19 18:15:00,-0.7800000755197538,0.0,123475.0,124871556.0,-0.764704023921986,-0.759097617431211,-0.7648421090147844,18,15,1,140,5,-1.3963287268286755,0.02068169050592892,1.0984333073497452,1.118501395293734
2020-05-19 18:30:00,-0.7800000755197538,0.0,123475.0,124871556.0,-0.9501063933915955,-0.8629926141644017,-0.7659021283190262,18,30,1,140,5,-1.3963287268286755,0.02068169050592892,1.0984333073497452,1.118501395293734
2020-05-19 18:45:00,-0.7800000755197538,0.0,123475.0,124871556.0,-0.9693312399852715,-0.8628890126899342,-0.7658506168761485,18,45,1,140,5,-1.3963287268286755,0.02068169050592892,1.0984333073497452,1.118501395293734
2020-05-19 19:00:00,-0.7800000755197538,0.0,123475.0,124871556.0,-0.9763057532440577,-0.862274333296452,-0.7659021283190262,19,0,1,140,5,-1.3482032392547536,0.38731081278944235,1.0984333073497452,1.118501395293734
2020-05-19 19:15:00,-0.7800000755197538,0.0,123475.0,124871556.0,-0.9593939185791835,-0.8669213605266516,-0.7659021283190262,19,15,1,140,5,-1.3482032392547536,0.38731081278944235,1.0984333073497452,1.118501395293734
2020-05-19 19:30:00,-0.7800000755197538,0.0,123475.0,124871556.0,-0.9488333815246874,-0.8833765457946783,-0.7659021283190262,19,30,1,140,5,-1.3482032392547536,0.38731081278944235,1.0984333073497452,1.118501395293734
2020-05-19 19:45:00,-0.7800000755197538,0.0,123475.0,124871556.0,-0.9650967281810304,-0.894314039797756,-0.7659021283190262,19,45,1,140,5,-1.3482032392547536,0.38731081278944235,1.0984333073497452,1.118501395293734
2020-05-19 20:00:00,-0.7800000755197538,0.0,123475.0,151473943.0,-0.9936525771251971,-0.9154156094180994,-0.7659021283190262,20,0,1,140,5,-1.207106448980021,0.7289547662726072,1.0984333073497452,1.118501395293734
2020-05-19 20:15:00,-0.7800000755197538,0.0,123475.0,151473943.0,-0.8609750369742741,-0.9024674837261618,-0.7659021283190262,20,15,1,140,5,-1.207106448980021,0.7289547662726072,1.0984333073497452,1.118501395293734
2020-05-19 20:30:00,-0.7800000755197538,0.0,123475.0,151473943.0,-0.7070547618736004,-0.8719728097908089,-0.7659021283190262,20,30,1,140,5,-1.207106448980021,0.7289547662726072,1.0984333073497452,1.118501395293734
2020-05-19 20:45:00,-0.7800000755197538,0.0,123475.0,151473943.0,-0.5766363713967222,-0.8346126977674231,-0.7659021283190262,20,45,1,140,5,-1.207106448980021,0.7289547662726072,1.0984333073497452,1.118501395293734
2020-05-19 21:00:00,-0.7800000755197538,0.0,123475.0,151473943.0,-0.5328296080864541,-0.8074910259642646,-0.7659021283190262,21,0,1,140,5,-0.9826538690882308,1.0223310801188716,1.0984333073497452,1.118501395293734
2020-05-19 21:15:00,-0.7800000755197538,0.0,123475.0,151473943.0,-0.5381289101285435,-0.8064732484356925,-0.7659021283190262,21,15,1,140,5,-0.9826538690882308,1.0223310801188716,1.0984333073497452,1.118501395293734
2020-05-19 21:30:00,-0.7800000755197538,0.0,123475.0,151473943.0,-0.5553036036640434,-0.8122300228749609,-0.7659021283190262,21,30,1,140,5,-0.9826538690882308,1.0223310801188716,1.0984333073497452,1.118501395293734
2020-05-19 21:45:00,-0.7800000755197538,0.0,123475.0,151473943.0,-0.5890682289381524,-0.8231684604568679,-0.7659021283190262,21,45,1,140,5,-0.9826538690882308,1.0223310801188716,1.0984333073497452,1.118501395293734
2020-05-19 22:00:00,-0.7800000755197538,0.0,123475.0,151473943.0,-0.6319007613010021,-0.828318622583197,-0.7659021283190262,22,0,1,140,5,-0.6901415719735823,1.2474466433668958,1.0984333073497452,1.118501395293734
2020-05-19 22:15:00,-0.7800000755197538,0.0,123475.0,151473943.0,-0.6235180097075734,-0.7990670463573274,-0.7659021283190262,22,15,1,140,5,-0.6901415719735823,1.2474466433668958,1.0984333073497452,1.118501395293734
2020-05-19 22:30:00,-0.7800000755197538,0.0,123475.0,151473943.0,-0.6630962932166483,-0.8177534274578782,-0.7659021283190262,22,30,1,140,5,-0.6901415719735823,1.2474466433668958,1.0984333073497452,1.118501395293734
2020-05-19 22:45:00,-0.7800000755197538,0.0,123475.0,151473943.0,-0.7103647265034442,-0.8342161976480351,-0.7659021283190262,22,45,1,140,5,-0.6901415719735823,1.2474466433668958,1.0984333073497452,1.118501395293734
2020-05-19 23:00:00,-0.7800000755197538,0.0,123475.0,151473943.0,-0.7561508155246234,-0.8641432104119137,-0.7659021283190262,23,0,1,140,5,-0.3495037872850116,1.3889602024023853,1.0984333073497452,1.118501395293734
2020-05-19 23:15:00,-0.7800000755197538,0.0,123475.0,151473943.0,-0.8447638669428006,-0.8916246527508439,-0.7659021283190262,23,15,1,140,5,-0.3495037872850116,1.3889602024023853,1.0984333073497452,1.118501395293734
2020-05-19 23:30:00,-0.7800000755197538,0.0,123475.0,151473943.0,-0.881073990786354,-0.8948359788719888,-0.7659021283190262,23,30,1,140,5,-0.3495037872850116,1.3889602024023853,1.0984333073497452,1.118501395293734
2020-05-19 23:45:00,-0.7800000755197538,0.0,111820.428571,151473943.0,-0.9232202582273709,-0.8971943867580365,-0.7659021283190262,23,45,1,140,5,-0.3495037872850116,1.3889602024023853,1.0984333073497452,1.118501395293734
2020-05-20 00:00:00,-0.7800000755197538,0.0,5123.625,151473943.0,-0.9720748141692988,-0.9116066564615349,-0.7659021283190262,0,0,2,141,5,0.016045582881512335,1.437227842039285,0.9681250669479545,0.9511689496452119
2020-05-20 00:15:00,-0.7800000755197538,0.0,0.0,151473943.0,-1.0313291155352278,-0.9116804007762158,-0.7659021283190262,0,15,2,141,5,0.016045582881512335,1.437227842039285,0.9681250669479545,0.9511689496452119
2020-05-20 00:30:00,-0.7800000755197538,0.0,0.0,151473943.0,-1.0420664086798506,-0.9038245263560659,-0.7659021283190262,0,30,2,141,5,0.016045582881512335,1.437227842039285,0.9681250669479545,0.9511689496452119
2020-05-20 00:45:00,-0.7800000755197538,0.0,0.0,151473943.0,-1.0405342154360473,-0.9192648977773792,-0.7659021283190262,0,45,2,141,5,0.016045582881512335,1.437227842039285,0.9681250669479545,0.9511689496452119
2020-05-20 01:00:00,-0.7800000755197538,0.0,0.0,151473943.0,-1.0493852766491145,-0.9174431788653996,-0.7659021283190262,1,0,2,141,5,0.38159495304803503,1.3889602024023857,0.9681250669479545,0.9511689496452119
2020-05-20 01:15:00,-0.7800000755197538,0.0,0.0,151473943.0,-1.0520481514701987,-0.9203994280029353,-0.7659021283190262,1,15,2,141,5,0.38159495304803503,1.3889602024023857,0.9681250669479545,0.9511689496452119
2020-05-20 01:30:00,-0.7800000755197538,0.0,0.0,151473943.0,-1.0706285004986893,-0.9419757203535742,-0.7659021283190262,1,30,2,141,5,0.38159495304803503,1.3889602024023857,0.9681250669479545,0.9511689496452119
2020-05-20 01:45:00,-0.7800000755197538,0.0,0.0,151473943.0,-1.0593340872010601,-0.9361774906597934,-0.7659021283190262,1,45,2,141,5,0.38159495304803503,1.3889602024023857,0.9681250669479545,0.9511689496452119
2020-05-20 02:00:00,-0.7800000755197538,0.0,0.0,151473943.0,-1.0539123573901912,-0.9413605743551761,-0.7659021283190262,2,0,2,141,5,0.7222327377366062,1.2474466433668963,0.9681250669479545,0.9511689496452119
2020-05-20 02:15:00,-0.7800000755197538,0.0,0.0,151473943.0,-1.1124671559313661,-0.9638013156371509,-0.7659021283190262,2,15,2,141,5,0.7222327377366062,1.2474466433668963,0.9681250669479545,0.9511689496452119
2020-05-20 02:30:00,-0.7800000755197538,0.0,0.0,151473943.0,-1.11431954095205,-0.9682808109646092,-0.7659021283190262,2,30,2,141,5,0.7222327377366062,1.2474466433668963,0.9681250669479545,0.9511689496452119
2020-05-20 02:45:00,-0.7800000755197538,0.0,0.0,151473943.0,-1.1197114666775065,-0.9743440411435276,-0.7659021283190262,2,45,2,141,5,0.7222327377366062,1.2474466433668963,0.9681250669479545,0.9511689496452119
2020-05-20 03:00:00,-0.7800000755197538,0.0,0.0,151473943.0,-1.1255330789365259,-0.972328333830085,-0.7659021283190262,3,0,2,141,5,1.0147450348512552,1.0223310801188719,0.9681250669479545,0.9511689496452119
2020-05-20 03:15:00,-0.7800000755197538,0.0,0.0,151473943.0,-1.100655921794775,-0.9624077574693776,-0.7659021283190262,3,15,2,141,5,1.0147450348512552,1.0223310801188719,0.9681250669479545,0.9511689496452119
2020-05-20 03:30:00,-0.7800000755197538,0.0,0.0,151473943.0,-1.1005506364118507,-0.957277339026447,-0.7659021283190262,3,30,2,141,5,1.0147450348512552,1.0223310801188719,0.9681250669479545,0.9511689496452119
2020-05-20 03:45:00,-0.7800000755197538,0.0,0.0,151473943.0,-1.072609484976858,-0.9593107617731903,-0.7659021283190262,3,45,2,141,5,1.0147450348512552,1.0223310801188719,0.9681250669479545,0.9511689496452119
2020-05-20 04:00:00,-0.7800000755197538,0.0,0.0,151473943.0,-1.0656285408050057,-0.9574969440377843,-0.7659021283190262,4,0,2,141,5,1.2391976147430457,0.7289547662726072,0.9681250669479545,0.9511689496452119
2020-05-20 04:15:00,-0.7800000755197538,0.0,0.0,151473943.0,-1.0590419695563658,-0.9551839471790348,-0.7659021283190262,4,15,2,141,5,1.2391976147430457,0.7289547662726072,0.9681250669479545,0.9511689496452119
2020-05-20 04:30:00,-0.7800000755197538,0.0,0.0,151473943.0,-1.0695749213785009,-0.961873734438792,-0.7659021283190262,4,30,2,141,5,1.2391976147430457,0.7289547662726072,0.9681250669479545,0.9511689496452119
2020-05-20 04:45:00,-0.7800000755197538,0.0,0.0,151473943.0,-1.0810696707808332,-0.9710204920962946,-0.7659021283190262,4,45,2,141,5,1.2391976147430457,0.7289547662726072,0.9681250669479545,0.9511689496452119
2020-05-20 05:00:00,-0.7800000755197538,0.0,0.0,151473943.0,-1.1072864913412879,-0.9848758480948775,-0.7659021283190262,5,0,2,141,5,1.3802944050177781,0.38731081278944296,0.9681250669479545,0.9511689496452119
2020-05-20 05:15:00,-0.7800000755197538,0.0,0.0,151473943.0,-1.100524837544227,-0.9866746255985,-0.7659021283190262,5,15,2,141,5,1.3802944050177781,0.38731081278944296,0.9681250669479545,0.9511689496452119
2020-05-20 05:30:00,-0.7800000755197538,0.0,0.0,151473943.0,-1.136138746548655,-1.0116606948441553,-0.7659021283190262,5,30,2,141,5,1.3802944050177781,0.38731081278944296,0.9681250669479545,0.9511689496452119
2020-05-20 05:45:00,-0.7800000755197538,0.0,0.0,151473943.0,-1.2424172743962858,-1.0374953095702697,-0.7658545941404301,5,45,2,141,5,1.3802944050177781,0.38731081278944296,0.9681250669479545,0.9511689496452119
2020-05-20 06:00:00,-0.7552180730456752,214.928571426,10.42857143,151473953.43,-1.287209505291131,-1.0126594645178753,-0.7368344914410146,6,0,2,141,5,1.4284198925917004,0.020681690505929266,0.9681250669479545,0.9511689496452119
2020-05-20 06:15:00,-0.6743351981290091,917.8625,148.303571428,151474091.303,-1.1851231416583385,-0.9562313507868632,-0.6623445415603647,6,15,2,141,5,1.4284198925917004,0.020681690505929266,0.9681250669479545,0.9511689496452119
2020-05-20 06:30:00,-0.6064391756559586,1510.38571428,449.732142851,151474392.732,-1.104293277385718,-0.9129086241578858,-0.6012769475456463,6,30,2,141,5,1.4284198925917004,0.020681690505929266,0.9681250669479545,0.9511689496452119
2020-05-20 06:45:00,-0.5432715913829141,2065.5535715,889.55357143,151474832.554,-1.0593122183358663,-0.8717913160320884,-0.5356259177041013,6,45,2,141,5,1.4284198925917004,0.020681690505929266,0.9681250669479545,0.9511689496452119
2020-05-20 07:00:00,-0.3822879832088461,3492.794643,1551.89285714,151475494.89000002,-0.9625426026787082,-0.7846949617060712,-0.34000619118833775,7,0,2,141,5,1.3802944050177781,-0.3459474317775844,0.9681250669479545,0.9511689496452119
2020-05-20 07:15:00,-0.1650017045318201,5417.4321428,2670.7142857,151476613.714,-0.8392124322773191,-0.6172325519894775,-0.12430165201900541,7,15,2,141,5,1.3802944050177781,-0.3459474317775844,0.9681250669479545,0.9511689496452119
2020-05-20 07:30:00,0.060332641207218825,7418.5857141999995,4263.714286,151478206.714,-0.698686744431452,-0.4278883518336353,0.08567913525649543,7,30,2,141,5,1.3802944050177781,-0.3459474317775844,0.9681250669479545,0.9511689496452119
2020-05-20 07:45:00,0.272452291510349,9282.3232144,6317.3928573,151480260.393,-0.5614397665481291,-0.23828153680286648,0.2830257721079965,7,45,2,141,5,1.3802944050177781,-0.3459474317775844,0.9681250669479545,0.9511689496452119
2020-05-20 08:00:00,0.49863836451327503,11258.394643,8863.9107143,151482806.911,-0.40630577883114827,0.008262033163369136,0.49394278639682976,8,0,2,141,5,1.239197614743046,-0.6875913852607484,0.9681250669479545,0.9511689496452119
2020-05-20 08:15:00,0.6669634480451777,12735.1410714,11877.6964286,151485820.697,-0.2219801843607299,0.32342256748018705,0.6466250090287897,8,15,2,141,5,1.239197614743046,-0.6875913852607484,0.9681250669479545,0.9511689496452119
2020-05-20 08:30:00,0.8814527848664687,14616.1517858,15299.2857144,151489242.285,-0.09849217453162135,0.4991914623530452,0.8416006020342057,8,30,2,141,5,1.239197614743046,-0.6875913852607484,0.9681250669479545,0.9511689496452119
2020-05-20 08:45:00,0.9312048696559221,15052.2303573,18960.6785715,151492903.677,0.08487162235859695,0.6659399872865738,0.8806359585378583,8,45,2,141,5,1.239197614743046,-0.6875913852607484,0.9681250669479545,0.9511689496452119
2020-05-20 09:00:00,1.1470777662216334,16942.8535714,22907.857143,151496850.857,0.1583711859276137,0.7640125690081722,1.089018489438474,9,0,2,141,5,1.0147450348512554,-0.9809676991070133,0.9681250669479545,0.9511689496452119
2020-05-20 09:15:00,1.2797641082159976,18104.4196428,27360.321428,151501303.322,0.2844483904194758,0.9246246482670054,1.2024681184093453,9,15,2,141,5,1.0147450348512554,-0.9809676991070133,0.9681250669479545,0.9511689496452119
2020-05-20 09:30:00,1.3565352718186054,18776.1357143,31927.946429,151505870.946,0.3637024929524606,0.9545084378621904,1.290093414083631,9,30,2,141,5,1.0147450348512554,-0.9809676991070133,0.9681250669479545,0.9511689496452119
2020-05-20 09:45:00,1.5605953237749557,20560.1803573,36824.285713,151510767.287,0.5448907071170828,1.1438569807766412,1.4924328345711293,9,45,2,141,5,1.0147450348512554,-0.9809676991070133,0.9681250669479545,0.9511689496452119
2020-05-20 10:00:00,1.7183439987058593,21938.5339287,42210.035714,151516153.036,0.6109177538590413,1.283709233336695,1.6586725951684205,10,0,2,141,5,0.7222327377366062,-1.206083262355038,0.9681250669479545,0.9511689496452119
2020-05-20 10:15:00,1.9089605180134532,23596.942858,47849.571429,151521792.571,0.6688735372930811,1.3498994321810742,1.8457153420861285,10,15,2,141,5,0.7222327377366062,-1.206083262355038,0.9681250669479545,0.9511689496452119
2020-05-20 10:30:00,1.8979011855601866,23503.983928,53822.732143,151527765.732,0.8012831227329078,1.5332832207731057,1.84404080780152,10,30,2,141,5,0.7222327377366062,-1.206083262355038,0.9681250669479545,0.9511689496452119
2020-05-20 10:45:00,1.9217056101993804,23708.1160714,59680.892858,151533623.892,0.8671378913847722,1.527599822549086,1.862327625167193,10,45,2,141,5,0.7222327377366062,-1.206083262355038,0.9681250669479545,0.9511689496452119
2020-05-20 11:00:00,2.038198398497447,24704.103571,65758.589286,151539701.589,0.9602039028386081,1.5781156476069158,1.972096127504332,11,0,2,141,5,0.3815949530480355,-1.3475968213905272,0.9681250669479545,0.9511689496452119
2020-05-20 11:15:00,2.180207615055094,25928.653571,72070.714285,151546013.715,1.0784773259514016,1.6965086919509345,2.137303960082675,11,15,2,141,5,0.3815949530480355,-1.3475968213905272,0.9681250669479545,0.9511689496452119
2020-05-20 11:30:00,2.292027832209369,26904.775,78597.017857,151552540.018,1.1201432493155794,1.750721738826009,2.261565592736092,11,30,2,141,5,0.3815949530480355,-1.3475968213905272,0.9681250669479545,0.9511689496452119
2020-05-20 11:45:00,2.215999643404824,26246.678573,85381.25,151559324.25,1.208014286457571,1.9302654052531052,2.178783566711346,11,45,2,141,5,0.3815949530480355,-1.3475968213905272,0.9681250669479545,0.9511689496452119
2020-05-20 12:00:00,2.3199714050197304,27154.991071,91830.75,151565773.75,1.3001988867445349,1.941636556680361,2.35056276645612,12,0,2,141,5,0.016045582881512508,-1.3958644610274267,0.9681250669479545,0.9511689496452119
2020-05-20 12:15:00,2.361935871265887,27515.057144,98756.124998,151572699.127,1.415212987996316,2.0890143810768262,2.3795146737597888,12,15,2,141,5,0.016045582881512508,-1.3958644610274267,0.9681250669479545,0.9511689496452119
2020-05-20 12:30:00,2.3468280510509834,27383.037499,105581.803572,151579524.803,1.5195865902097883,2.1412351564258323,2.3560611185866533,12,30,2,141,5,0.016045582881512508,-1.3958644610274267,0.9681250669479545,0.9511689496452119
2020-05-20 12:45:00,2.331579469157456,27250.508928,112424.660714,151586367.661,1.5318083900615587,2.088450656791749,2.3529391878832433,12,45,2,141,5,0.016045582881512508,-1.3958644610274267,0.9681250669479545,0.9511689496452119
2020-05-20 13:00:00,2.0517596298767478,24816.001786,118893.464285,151592836.465,1.5462515438702302,1.9441811710347778,2.1299921864361444,13,0,2,141,5,-0.34950378728501047,-1.3475968213905272,0.9681250669479545,0.9511689496452119
2020-05-20 13:15:00,2.2001987775118415,26105.956666,124459.433332,151598402.432,1.5833372519715732,1.9008849202285643,2.1450195048175593,13,15,2,141,5,-0.34950378728501047,-1.3475968213905272,0.9681250669479545,0.9511689496452119
2020-05-20 17:30:00,-0.32713725191526966,3987.0,192204.0,151666147.0,0.9583906204019065,0.00048038521631334663,-0.3266998964325837,17,30,2,141,5,-1.3482032392547534,-0.3459474317775844,0.9681250669479545,0.9511689496452119
2020-05-20 17:45:00,-0.400275254024587,3334.0160714,192708.214285,151666651.215,0.8685908828571277,-0.057516926030785114,-0.40485997288384673,17,45,2,141,5,-1.3482032392547534,-0.3459474317775844,0.9681250669479545,0.9511689496452119
2020-05-20 18:00:00,-0.5771450466637926,1767.9125,193345.035714,151667288.036,0.7369157753832937,-0.16630200486509852,-0.5719440670638282,18,0,2,141,5,-1.3963287268286755,0.02068169050592892,0.9681250669479545,0.9511689496452119
2020-05-20 18:15:00,-0.6918769225072349,764.97678572,193660.357141,151667603.359,0.579864623418983,-0.33815753097025114,-0.6808999092191858,18,15,2,141,5,-1.3963287268286755,0.02068169050592892,0.9681250669479545,0.9511689496452119
2020-05-20 18:30:00,-0.7675460496468502,107.948214286,193764.071429,151667707.071,0.45094629042441653,-0.4665990262334175,-0.7506326660494775,18,30,2,141,5,-1.3963287268286755,0.02068169050592892,0.9681250669479545,0.9511689496452119
2020-05-20 18:45:00,-0.7800000755197538,0.0,193770.0,151667713.0,0.33859453077056273,-0.5556126153492693,-0.7655821521703261,18,45,2,141,5,-1.3963287268286755,0.02068169050592892,0.9681250669479545,0.9511689496452119
2020-05-20 19:00:00,-0.7800000755197538,0.0,193770.0,151667713.0,0.226652138758694,-0.605518383735175,-0.7659021283190262,19,0,2,141,5,-1.3482032392547536,0.38731081278944235,0.9681250669479545,0.9511689496452119
2020-05-20 19:15:00,-0.7800000755197538,0.0,193770.0,151667713.0,0.11543190416863118,-0.6273433257718698,-0.7659021283190262,19,15,2,141,5,-1.3482032392547536,0.38731081278944235,0.9681250669479545,0.9511689496452119
2020-05-20 19:30:00,-0.7800000755197538,0.0,193770.0,151667713.0,0.04141643846251986,-0.6575614533426698,-0.7659021283190262,19,30,2,141,5,-1.3482032392547536,0.38731081278944235,0.9681250669479545,0.9511689496452119
2020-05-20 19:45:00,-0.7800000755197538,0.0,193770.0,151667713.0,-0.01992213687126585,-0.6864255504775215,-0.7659021283190262,19,45,2,141,5,-1.3482032392547536,0.38731081278944235,0.9681250669479545,0.9511689496452119
2020-05-20 20:00:00,-0.7800000755197538,0.0,193770.0,151667713.0,-0.0649152115744783,-0.7109900492179246,-0.7659021283190262,20,0,2,141,5,-1.207106448980021,0.7289547662726072,0.9681250669479545,0.9511689496452119
2020-05-20 20:15:00,-0.7800000755197538,0.0,193770.0,151667713.0,-0.11153459273756534,-0.7313492763398421,-0.7659021283190262,20,15,2,141,5,-1.207106448980021,0.7289547662726072,0.9681250669479545,0.9511689496452119
2020-05-20 20:30:00,-0.7800000755197538,0.0,193770.0,151667713.0,-0.17745248587821214,-0.730764024163045,-0.7659021283190262,20,30,2,141,5,-1.207106448980021,0.7289547662726072,0.9681250669479545,0.9511689496452119
2020-05-20 20:45:00,-0.7800000755197538,0.0,193770.0,151667713.0,-0.22912914083739866,-0.7401930415030684,-0.7659021283190262,20,45,2,141,5,-1.207106448980021,0.7289547662726072,0.9681250669479545,0.9511689496452119
2020-05-20 21:00:00,-0.7800000755197538,0.0,193770.0,151667713.0,-0.28080432103832365,-0.7615932279004783,-0.7659021283190262,21,0,2,141,5,-0.9826538690882308,1.0223310801188716,0.9681250669479545,0.9511689496452119
2020-05-20 21:15:00,-0.7800000755197538,0.0,193770.0,151667713.0,-0.3076659897212587,-0.7639902084595598,-0.7659021283190262,21,15,2,141,5,-0.9826538690882308,1.0223310801188716,0.9681250669479545,0.9511689496452119
2020-05-20 21:30:00,-0.7800000755197538,0.0,193770.0,151667713.0,-0.3416193867388542,-0.7742319893487898,-0.7659021283190262,21,30,2,141,5,-0.9826538690882308,1.0223310801188716,0.9681250669479545,0.9511689496452119
2020-05-20 21:45:00,-0.7800000755197538,0.0,193770.0,151667713.0,-0.3983949163024941,-0.7981277762167905,-0.7659021283190262,21,45,2,141,5,-0.9826538690882308,1.0223310801188716,0.9681250669479545,0.9511689496452119
2020-05-20 22:00:00,-0.7800000755197538,0.0,193770.0,151667713.0,-0.43306369867346084,-0.8019893410995312,-0.7659021283190262,22,0,2,141,5,-0.6901415719735823,1.2474466433668958,0.9681250669479545,0.9511689496452119
2020-05-20 22:15:00,-0.7800000755197538,0.0,193770.0,151667713.0,-0.47260008722840563,-0.8020695712225411,-0.7659021283190262,22,15,2,141,5,-0.6901415719735823,1.2474466433668958,0.9681250669479545,0.9511689496452119
2020-05-20 22:30:00,-0.7800000755197538,0.0,193770.0,151667713.0,-0.4981601769830293,-0.8065005292697652,-0.7659021283190262,22,30,2,141,5,-0.6901415719735823,1.2474466433668958,0.9681250669479545,0.9511689496452119
2020-05-20 22:45:00,-0.7800000755197538,0.0,193770.0,151667713.0,-0.5383142783771032,-0.8214842033530622,-0.7659021283190262,22,45,2,141,5,-0.6901415719735823,1.2474466433668958,0.9681250669479545,0.9511689496452119
2020-05-21 07:45:00,0.06947650188532044,7494.9,6938.85,151674651.85,-0.6716077468339584,-0.1112143612770754,0.2739975744485512,7,45,3,142,5,1.3802944050177781,-0.3459474317775844,0.8358569092129516,0.7871255822406269
2020-05-21 08:00:00,0.2703726110741251,9250.4966667,6704.9333332999995,151675919.867,-0.5481506043619082,0.0999964092447126,0.4103800669612865,8,0,3,142,5,1.239197614743046,-0.6875913852607484,0.8358569092129516,0.7871255822406269
2020-05-21 08:15:00,0.6163506892929028,12291.1392858,10685.4107143,151678399.124,-0.4129182241627667,0.32483908149885005,0.5115237341595847,8,15,3,142,5,1.239197614743046,-0.6875913852607484,0.8358569092129516,0.7871255822406269
2020-05-21 08:30:00,0.8073674250492398,13966.5142858,13955.1071427,151681665.536,-0.24062103205614585,0.595142645563289,0.6984947688353977,8,30,3,142,5,1.239197614743046,-0.6875913852607484,0.8358569092129516,0.7871255822406269
2020-05-21 08:45:00,1.0591452776531662,16172.8958334,17682.5654762,151685395.563,-0.12080795057531668,0.8056382535586523,1.0349491836356342,8,45,3,142,5,1.239197614743046,-0.6875913852607484,0.8358569092129516,0.7871255822406269
2020-05-21 09:00:00,1.2245553226695902,17620.9125,21924.1964285,151689637.196,0.07744260149827539,1.0997343755599165,1.2670971480596804,9,0,3,142,5,1.0147450348512554,-0.9809676991070133,0.8358569092129516,0.7871255822406269
2020-05-21 09:15:00,1.3632033577823708,18832.8660714,26449.999998,151694163.002,0.25741515281982036,1.3152361058550865,1.416005209340866,9,15,3,142,5,1.0147450348512554,-0.9809676991070133,0.8358569092129516,0.7871255822406269
2020-05-21 09:30:00,1.626951517242052,21140.0642862,31456.857144,151699169.856,0.4451130950003427,1.3920858410432826,1.5971154789272288,9,30,3,142,5,1.0147450348512554,-0.9809676991070133,0.8358569092129516,0.7871255822406269
2020-05-21 09:45:00,1.6700623560309387,21510.5482137,36693.250001,151704406.249,0.5018224471375641,1.4928226538816942,1.724978399774931,9,45,3,142,5,1.0147450348512554,-0.9809676991070133,0.8358569092129516,0.7871255822406269
2020-05-21 10:00:00,0.7116616462611394,13093.902857000001,30325.000001,151708533.896,0.6476451872804512,1.6863001385162018,1.4937991043332892,10,0,3,142,5,0.7222327377366062,-1.206083262355038,0.8358569092129516,0.7871255822406269
2020-05-21 10:15:00,0.9592277698486588,15280.857143,43808.80357,151711521.805,0.6256662820191633,1.1689759268816908,0.8608071312138142,10,15,3,142,5,0.7222327377366062,-1.206083262355038,0.8358569092129516,0.7871255822406269
2020-05-21 10:30:00,1.577847770978314,20682.8089286,48818.767856,151716531.769,0.7743708233693255,1.5434588578232826,1.864286012972653,10,30,3,142,5,0.7222327377366062,-1.206083262355038,0.8358569092129516,0.7871255822406269
2020-05-21 10:45:00,1.8058659324488533,22675.6160699,54010.160713,151721723.162,0.8299571161998665,1.5525467662319146,1.6684629536836302,10,45,3,142,5,0.7222327377366062,-1.206083262355038,0.8358569092129516,0.7871255822406269
2020-05-21 11:00:00,1.7529524761283928,22215.9053556,59507.500002,151727215.498,0.9297131200189038,1.668810671607477,1.5678830906298247,11,0,3,142,5,0.3815949530480355,-1.3475968213905272,0.8358569092129516,0.7871255822406269
2020-05-21 11:15:00,2.3591987730361708,27497.275,65851.678572,151733564.678,1.0396855210829818,1.9139019000742707,2.585400756625941,11,15,3,142,5,0.3815949530480355,-1.3475968213905272,0.8358569092129516,0.7871255822406269
2020-05-21 11:30:00,2.279502431322247,26801.030357,72592.392858,151740305.392,1.189354484492065,2.3036660771996647,2.5676542953021255,11,30,3,142,5,0.3815949530480355,-1.3475968213905272,0.8358569092129516,0.7871255822406269
2020-05-21 11:45:00,2.1273156308900134,25476.7625,79114.767857,151746827.768,1.2925672733187867,2.1943982955800316,2.0976048358077652,11,45,3,142,5,0.3815949530480355,-1.3475968213905272,0.8358569092129516,0.7871255822406269
2020-05-21 12:00:00,1.8457833904605325,23022.4178581,85333.625,151753046.625,1.343857829044083,1.9895339919620991,2.1137819834812097,12,0,3,142,5,0.016045582881512508,-1.3958644610274267,0.8358569092129516,0.7871255822406269
2020-05-21 12:15:00,1.959892773965027,24017.639286,91316.285714,151759029.286,1.3800991456099678,2.0852926747221114,2.09823588375316,12,15,3,142,5,0.016045582881512508,-1.3958644610274267,0.8358569092129516,0.7871255822406269
2020-05-21 12:30:00,1.1574891577889084,17022.3553572,96189.214283,151763905.336,1.308395743581901,1.4815070388084082,1.1053414979497251,12,30,3,142,5,0.016045582881512508,-1.3958644610274267,0.8358569092129516,0.7871255822406269
2020-05-21 12:45:00,1.6677694125319942,21468.730357200002,101180.232143,151768892.964,1.3968956751317938,1.5594200899430233,1.6424238212673439,12,45,3,142,5,0.016045582881512508,-1.3958644610274267,0.8358569092129516,0.7871255822406269
2020-05-21 13:00:00,1.6963797740060886,21718.4189286,106772.014286,151774511.214,1.5464133697118922,1.7620643910619118,1.8160405114694167,13,0,3,142,5,-0.34950378728501047,-1.3475968213905272,0.8358569092129516,0.7871255822406269
2020-05-21 13:15:00,2.3682988413281123,27574.482143,112809.196429,151780522.196,1.5338742174629874,1.8724560476505603,2.336481696070901,13,15,3,142,5,-0.34950378728501047,-1.3475968213905272,0.8358569092129516,0.7871255822406269
2020-05-21 13:30:00,1.8256592467144437,22841.2053559,119351.946428,151787064.947,1.6393252716138642,1.990453769126799,1.7386191166050742,13,30,3,142,5,-0.34950378728501047,-1.3475968213905272,0.8358569092129516,0.7871255822406269
2020-05-21 13:45:00,1.867358293895241,23206.0321439,124927.535714,151792640.536,1.629372204678563,1.8557795153795116,2.0121970996668592,13,45,3,142,5,-0.34950378728501047,-1.3475968213905272,0.8358569092129516,0.7871255822406269
2020-05-21 14:00:00,1.6795094906418426,21565.2928583,130686.249998,151798399.252,1.732696349842064,1.9128248385395479,1.6250399450845685,14,0,3,142,5,-0.6901415719735813,-1.2060832623550382,0.8358569092129516,0.7871255822406269
2020-05-21 14:15:00,1.2312269873240629,17651.8428571,135431.107142,151803144.108,1.6801066180505002,1.4789507023016093,1.2755431961006223,14,15,3,142,5,-0.6901415719735813,-1.2060832623550382,0.8358569092129516,0.7871255822406269
2020-05-21 14:30:00,0.9522900895412051,15224.6696429,139579.089288,151807292.087,1.6664732139768401,1.2456075720432405,0.7132013801027862,14,30,3,142,5,-0.6901415719735813,-1.2060832623550382,0.8358569092129516,0.7871255822406269
2020-05-21 14:45:00,1.2498456973613916,17829.6678571,143537.30357,151811250.305,1.6395838741011346,1.1158709266999915,1.2126403501498138,14,45,3,142,5,-0.6901415719735813,-1.2060832623550382,0.8358569092129516,0.7871255822406269
2020-05-21 15:00:00,1.6663071216699445,21476.974405200002,148431.303571,151816144.304,1.8112927692890652,1.645420928509901,1.62396287017543,15,0,3,142,5,-0.98265386908823,-0.980967699107014,0.8358569092129516,0.7871255822406269
2020-05-21 15:15:00,0.4851874095235591,11143.3660716,152315.636904,151820028.637,1.6986080916884687,1.136119532165389,0.38210746667357276,15,15,3,142,5,-0.98265386908823,-0.980967699107014,0.8358569092129516,0.7871255822406269
2020-05-21 15:30:00,1.0431594863757183,16031.6928571,155804.732143,151823517.732,1.737618695345596,1.1215242751971195,1.051829854258571,15,30,3,142,5,-0.98265386908823,-0.980967699107014,0.8358569092129516,0.7871255822406269
2020-05-21 15:45:00,0.5256892538474056,11498.2624998,159531.357142,151827244.358,1.7583566143646965,1.0355665409257773,0.4413928731017545,15,45,3,142,5,-0.98265386908823,-0.980967699107014,0.8358569092129516,0.7871255822406269
2020-05-21 16:00:00,0.1843176071785487,8509.6142857,161954.392858,151829667.392,1.6045452887093592,0.6619293002869437,0.11646685973284406,16,0,3,142,5,-1.2071064489800205,-0.6875913852607494,0.8358569092129516,0.7871255822406269
2020-05-21 16:15:00,0.05043618286088418,7331.4571427,163926.035713,151831639.037,1.4448096254204992,0.45068105856251484,0.007203308430705441,16,15,3,142,5,-1.2071064489800205,-0.6875913852607494,0.8358569092129516,0.7871255822406269
2020-05-21 16:30:00,0.2824068040761137,9367.7517859,165896.517856,151833609.519,1.3534037673374169,0.4037320133254874,0.206823977019543,16,30,3,142,5,-1.2071064489800205,-0.6875913852607494,0.8358569092129516,0.7871255822406269
2020-05-21 16:45:00,-0.17549997856941046,5326.2446429,167996.875,151835709.875,1.2763825079071889,0.35506241430671076,-0.23273048994232454,16,45,3,142,5,-1.2071064489800205,-0.6875913852607494,0.8358569092129516,0.7871255822406269
2020-05-21 17:00:00,-0.5190516414161384,2278.0892857,168851.839287,151836564.838,1.1261002304142596,0.005924514735013037,-0.5383681060781133,17,0,3,142,5,-1.3482032392547534,-0.3459474317775844,0.8358569092129516,0.7871255822406269
2020-05-21 17:15:00,-0.5940644773236398,1619.35000001,169326.732143,151837039.732,1.021611356636024,-0.16419090276888512,-0.6045707003419628,17,15,3,142,5,-1.3482032392547534,-0.3459474317775844,0.8358569092129516,0.7871255822406269
2020-05-21 17:30:00,-0.635701494107108,1254.35357143,169688.196429,151837401.196,0.8818587967048552,-0.25349423613229916,-0.6398191404089767,17,30,3,142,5,-1.3482032392547534,-0.3459474317775844,0.8358569092129516,0.7871255822406269
2020-05-21 17:45:00,-0.6732049298202724,927.33392859,169961.749998,151837674.752,0.7748477451473949,-0.31160989393952326,-0.6711618968344286,17,45,3,142,5,-1.3482032392547534,-0.3459474317775844,0.8358569092129516,0.7871255822406269
2020-05-21 18:00:00,-0.704236510832905,657.39107142,170161.285714,151837874.286,0.5122457913799794,-0.38423830222659744,-0.6972399440388747,18,0,3,142,5,-1.3963287268286755,0.02068169050592892,0.8358569092129516,0.7871255822406269
2020-05-21 18:15:00,-0.7600009867990093,173.31785714,123625.892857,112363091.893,0.5027693144692986,-0.4325216405116381,-0.7334826451701753,18,15,3,142,5,-1.3963287268286755,0.02068169050592892,0.8358569092129516,0.7871255822406269
2020-05-21 18:30:00,-0.7800000755197538,0.0,108152.0,97455114.0,0.4700117852244407,-0.46494579317200746,-0.7608449863814303,18,30,3,142,5,-1.3963287268286755,0.02068169050592892,0.8358569092129516,0.7871255822406269
2020-05-21 18:45:00,-0.7800000755197538,0.0,108152.0,97455114.0,0.3632795758010748,-0.5161808637849354,-0.7659021283190262,18,45,3,142,5,-1.3963287268286755,0.02068169050592892,0.8358569092129516,0.7871255822406269
2020-05-21 19:00:00,-0.7800000755197538,0.0,108152.0,97455114.0,0.26425283322573595,-0.5602993173288747,-0.7659021283190262,19,0,3,142,5,-1.3482032392547536,0.38731081278944235,0.8358569092129516,0.7871255822406269
2020-05-21 19:15:00,-0.7800000755197538,0.0,108152.0,97455114.0,0.15358589086423613,-0.5963692567615999,-0.7659021283190262,19,15,3,142,5,-1.3482032392547536,0.38731081278944235,0.8358569092129516,0.7871255822406269
2020-05-21 19:30:00,-0.7800000755197538,0.0,108152.0,97455114.0,0.031412006153701814,-0.6222148452206248,-0.7659021283190262,19,30,3,142,5,-1.3482032392547536,0.38731081278944235,0.8358569092129516,0.7871255822406269
2020-05-21 19:45:00,-0.7800000755197538,0.0,108152.0,97455114.0,-0.04093642397644941,-0.6494488166063943,-0.7659021283190262,19,45,3,142,5,-1.3482032392547536,0.38731081278944235,0.8358569092129516,0.7871255822406269
2020-05-21 20:00:00,-0.7800000755197538,0.0,108152.0,97455114.0,-0.09174027992719981,-0.6646736891396283,-0.7659021283190262,20,0,3,142,5,-1.207106448980021,0.7289547662726072,0.8358569092129516,0.7871255822406269
2020-05-21 20:15:00,-0.7800000755197538,0.0,108152.0,151837996.0,-0.15617248171881865,-0.6797550651077786,-0.7659021283190262,20,15,3,142,5,-1.207106448980021,0.7289547662726072,0.8358569092129516,0.7871255822406269
2020-05-21 20:30:00,-0.7800000755197538,0.0,108152.0,151837996.0,-0.2293668025632594,-0.6962858611101496,-0.7659021283190262,20,30,3,142,5,-1.207106448980021,0.7289547662726072,0.8358569092129516,0.7871255822406269
2020-05-21 20:45:00,-0.7800000755197538,0.0,108152.0,151837996.0,-0.2932658026855592,-0.7164563361746582,-0.7659021283190262,20,45,3,142,5,-1.207106448980021,0.7289547662726072,0.8358569092129516,0.7871255822406269
2020-05-21 21:00:00,-0.7800000755197538,0.0,108152.0,151837996.0,-0.34730621307723447,-0.7385866555751985,-0.7659021283190262,21,0,3,142,5,-0.9826538690882308,1.0223310801188716,0.8358569092129516,0.7871255822406269
2020-05-21 21:15:00,-0.7800000755197538,0.0,108152.0,151837996.0,-0.4041534846606151,-0.7518124667401972,-0.7659021283190262,21,15,3,142,5,-0.9826538690882308,1.0223310801188716,0.8358569092129516,0.7871255822406269
2020-05-21 21:30:00,-0.7800000755197538,0.0,108152.0,151837996.0,-0.4245707565812956,-0.7572345832461936,-0.7659021283190262,21,30,3,142,5,-0.9826538690882308,1.0223310801188716,0.8358569092129516,0.7871255822406269
2020-05-21 21:45:00,-0.7800000755197538,0.0,108152.0,151837996.0,-0.4349201077157702,-0.7616531607096542,-0.7659021283190262,21,45,3,142,5,-0.9826538690882308,1.0223310801188716,0.8358569092129516,0.7871255822406269
2020-05-21 22:00:00,-0.7800000755197538,0.0,108152.0,151837996.0,-0.4648239098855421,-0.7787258664766505,-0.7659021283190262,22,0,3,142,5,-0.6901415719735823,1.2474466433668958,0.8358569092129516,0.7871255822406269
2020-05-21 22:15:00,-0.7800000755197538,0.0,108152.0,151837996.0,-0.4830532731639113,-0.7899941729959798,-0.7659021283190262,22,15,3,142,5,-0.6901415719735823,1.2474466433668958,0.8358569092129516,0.7871255822406269
2020-05-21 22:30:00,-0.7800000755197538,0.0,108152.0,151837996.0,-0.514168493881584,-0.8046703596243125,-0.7659021283190262,22,30,3,142,5,-0.6901415719735823,1.2474466433668958,0.8358569092129516,0.7871255822406269
2020-05-21 22:45:00,-0.7800000755197538,0.0,108152.0,151837996.0,-0.5384708579475795,-0.8136476515609226,-0.7659021283190262,22,45,3,142,5,-0.6901415719735823,1.2474466433668958,0.8358569092129516,0.7871255822406269
2020-05-21 23:00:00,-0.7800000755197538,0.0,108152.0,151837996.0,-0.5453100775820625,-0.8189130132564449,-0.7659021283190262,23,0,3,142,5,-0.3495037872850116,1.3889602024023853,0.8358569092129516,0.7871255822406269
2020-05-21 23:15:00,-0.7800000755197538,0.0,108152.0,151837996.0,-0.561089965439889,-0.827170054956104,-0.7659021283190262,23,15,3,142,5,-0.3495037872850116,1.3889602024023853,0.8358569092129516,0.7871255822406269
2020-05-21 23:30:00,-0.7800000755197538,0.0,108152.0,151837996.0,-0.5695923779514441,-0.8326104442290503,-0.7659021283190262,23,30,3,142,5,-0.3495037872850116,1.3889602024023853,0.8358569092129516,0.7871255822406269
2020-05-21 23:45:00,-0.7800000755197538,0.0,95004.142857,151837996.0,-0.5795859416411039,-0.8304175462911099,-0.7659021283190262,23,45,3,142,5,-0.3495037872850116,1.3889602024023853,0.8358569092129516,0.7871255822406269
2020-05-22 00:00:00,-0.7800000755197538,0.0,3830.5,151837996.0,-0.6067232665504895,-0.8241895942079408,-0.7659021283190262,0,0,4,143,5,0.016045582881512335,1.437227842039285,0.7016680280544528,0.6264199026700805
2020-05-22 00:15:00,-0.7800000755197538,0.0,0.0,151837996.0,-0.6308093112483122,-0.827475322334505,-0.7659021283190262,0,15,4,143,5,0.016045582881512335,1.437227842039285,0.7016680280544528,0.6264199026700805
2020-05-22 00:30:00,-0.7800000755197538,0.0,0.0,151837996.0,-0.6536857425668131,-0.8271204381891009,-0.7659021283190262,0,30,4,143,5,0.016045582881512335,1.437227842039285,0.7016680280544528,0.6264199026700805
2020-05-22 00:45:00,-0.7800000755197538,0.0,0.0,151837996.0,-0.6849386261925519,-0.8239342213375643,-0.7659021283190262,0,45,4,143,5,0.016045582881512335,1.437227842039285,0.7016680280544528,0.6264199026700805
2020-05-22 01:00:00,-0.7800000755197538,0.0,0.0,151837996.0,-0.6884515594646128,-0.7775021447214524,-0.7659021283190262,1,0,4,143,5,0.38159495304803503,1.3889602024023857,0.7016680280544528,0.6264199026700805
2020-05-22 01:15:00,-0.7800000755197538,0.0,0.0,151837996.0,-0.6728196269306445,-0.7462281302210705,-0.7659021283190262,1,15,4,143,5,0.38159495304803503,1.3889602024023857,0.7016680280544528,0.6264199026700805
2020-05-22 01:30:00,-0.7800000755197538,0.0,0.0,151837996.0,-0.6685151460400893,-0.7581742477789808,-0.7659021283190262,1,30,4,143,5,0.38159495304803503,1.3889602024023857,0.7016680280544528,0.6264199026700805
2020-05-22 01:45:00,-0.7800000755197538,0.0,0.0,151837996.0,-0.6829336104076625,-0.7459610611208057,-0.7659021283190262,1,45,4,143,5,0.38159495304803503,1.3889602024023857,0.7016680280544528,0.6264199026700805
2020-05-22 02:00:00,-0.7800000755197538,0.0,0.0,151837996.0,-0.6966239148992729,-0.7341913513280348,-0.7659021283190262,2,0,4,143,5,0.7222327377366062,1.2474466433668963,0.7016680280544528,0.6264199026700805
2020-05-22 02:15:00,-0.7800000755197538,0.0,0.0,151837996.0,-0.6938596752957721,-0.7293139508819425,-0.7659021283190262,2,15,4,143,5,0.7222327377366062,1.2474466433668963,0.7016680280544528,0.6264199026700805
2020-05-22 02:30:00,-0.7800000755197538,0.0,0.0,151837996.0,-0.7053653309249434,-0.7423617589373763,-0.7659021283190262,2,30,4,143,5,0.7222327377366062,1.2474466433668963,0.7016680280544528,0.6264199026700805
2020-05-22 02:45:00,-0.7800000755197538,0.0,0.0,151837996.0,-0.7047612777319869,-0.7551862313640756,-0.7659021283190262,2,45,4,143,5,0.7222327377366062,1.2474466433668963,0.7016680280544528,0.6264199026700805
2020-05-22 03:00:00,-0.7800000755197538,0.0,0.0,151837996.0,-0.7374244667715689,-0.7771376729559941,-0.7659021283190262,3,0,4,143,5,1.0147450348512552,1.0223310801188719,0.7016680280544528,0.6264199026700805
2020-05-22 03:15:00,-0.7800000755197538,0.0,0.0,151837996.0,-0.7982327738349754,-0.8151043817388223,-0.7659021283190262,3,15,4,143,5,1.0147450348512552,1.0223310801188719,0.7016680280544528,0.6264199026700805
2020-05-22 03:30:00,-0.7800000755197538,0.0,0.0,151837996.0,-0.798639106000032,-0.8195718334749555,-0.7659021283190262,3,30,4,143,5,1.0147450348512552,1.0223310801188719,0.7016680280544528,0.6264199026700805
2020-05-22 03:45:00,-0.7800000755197538,0.0,0.0,151837996.0,-0.8186446047304189,-0.8165957547394651,-0.7659021283190262,3,45,4,143,5,1.0147450348512552,1.0223310801188719,0.7016680280544528,0.6264199026700805
2020-05-22 04:00:00,-0.7800000755197538,0.0,0.0,151837996.0,-0.8374490082207204,-0.8216769215522548,-0.7659021283190262,4,0,4,143,5,1.2391976147430457,0.7289547662726072,0.7016680280544528,0.6264199026700805
2020-05-22 04:15:00,-0.7800000755197538,0.0,0.0,151837996.0,-0.8145111447589806,-0.8119082210180818,-0.7659021283190262,4,15,4,143,5,1.2391976147430457,0.7289547662726072,0.7016680280544528,0.6264199026700805
2020-05-22 04:30:00,-0.7800000755197538,0.0,0.0,151837996.0,-0.8268006572363398,-0.8072323887110843,-0.7659021283190262,4,30,4,143,5,1.2391976147430457,0.7289547662726072,0.7016680280544528,0.6264199026700805
2020-05-22 04:45:00,-0.7800000755197538,0.0,0.0,151837996.0,-0.8377757088122857,-0.8095900204035572,-0.7659021283190262,4,45,4,143,5,1.2391976147430457,0.7289547662726072,0.7016680280544528,0.6264199026700805
2020-05-22 05:00:00,-0.7800000755197538,0.0,0.0,151837996.0,-0.8463619528691687,-0.8111335739059904,-0.7659021283190262,5,0,4,143,5,1.3802944050177781,0.38731081278944296,0.7016680280544528,0.6264199026700805
2020-05-22 05:15:00,-0.7800000755197538,0.0,0.0,151837996.0,-0.8613015468411834,-0.8077133702427137,-0.7659021283190262,5,15,4,143,5,1.3802944050177781,0.38731081278944296,0.7016680280544528,0.6264199026700805
2020-05-22 05:30:00,-0.7800000755197538,0.0,0.0,151837996.0,-0.8720858871919235,-0.8107052617003478,-0.7659021283190262,5,30,4,143,5,1.3802944050177781,0.38731081278944296,0.7016680280544528,0.6264199026700805
2020-05-22 05:45:00,-0.7800000755197538,0.0,0.0,151837996.0,-0.8768614418665045,-0.8161949774083497,-0.7624594921995913,5,45,4,143,5,1.3802944050177781,0.38731081278944296,0.7016680280544528,0.6264199026700805
2020-05-22 06:00:00,-0.7259301073446344,469.10892858,27.196428573,151838023.198,-0.8732874901356731,-0.7949609697594263,-0.7115362028873574,6,0,4,143,5,1.4284198925917004,0.020681690505929266,0.7016680280544528,0.6264199026700805
2020-05-22 06:15:00,-0.6404289382267331,1213.09821432,247.10714285,151838243.108,-0.8264345464837086,-0.7489110514570078,-0.6357172156551507,6,15,4,143,5,1.4284198925917004,0.020681690505929266,0.7016680280544528,0.6264199026700805
2020-05-22 06:30:00,-0.5606025709241217,1913.49821429,623.08928572,151838619.089,-0.7596736396161943,-0.7006712163036101,-0.5573355522685777,6,30,4,143,5,1.4284198925917004,0.020681690505929266,0.7016680280544528,0.6264199026700805
2020-05-22 06:45:00,-0.48896264652714766,2541.9982144,1185.37499999,151839181.375,-0.7177571618079992,-0.6163499773087727,-0.4888331816453562,6,45,4,143,5,1.4284198925917004,0.020681690505929266,0.7016680280544528,0.6264199026700805
2020-05-22 07:00:00,-0.3868979271706204,3448.6339286,1891.44642857,151839887.446,-0.6988774234215054,-0.5512498005061304,-0.408216929391106,7,0,4,143,5,1.3802944050177781,-0.3459474317775844,0.7016680280544528,0.6264199026700805
2020-05-22 07:15:00,0.08635565244282324,7642.842857,3209.3750001,151841205.376,-0.5885454257920063,-0.29602824491872665,0.13403428175265206,7,15,4,143,5,1.3802944050177781,-0.3459474317775844,0.7016680280544528,0.6264199026700805
2020-05-22 07:30:00,0.32619958149642053,9752.8982143,5494.75,151843490.749,-0.4319223244272308,0.025639317881355577,0.3823721583668574,7,30,4,143,5,1.3802944050177781,-0.3459474317775844,0.7016680280544528,0.6264199026700805
2020-05-22 07:45:00,0.2921678688077197,9451.6857143,7907.5178572,151845903.517,-0.30519095316734746,0.15598637059085788,0.34833161789337247,7,45,4,143,5,1.3802944050177781,-0.3459474317775844,0.7016680280544528,0.6264199026700805
2020-05-22 08:00:00,0.4518039028474004,10847.4267856,10484.0,151848479.999,-0.23204665053564455,0.2900324648767772,0.5014682345265642,8,0,4,143,5,1.239197614743046,-0.6875913852607484,0.7016680280544528,0.6264199026700805
2020-05-22 08:15:00,0.37381268569242027,10159.721428500001,13281.4392858,151851277.439,-0.1835478632346925,0.41644990578300806,0.39047236025683646,8,15,4,143,5,1.239197614743046,-0.6875913852607484,0.7016680280544528,0.6264199026700805
2020-05-22 08:30:00,-0.14001094538716338,5637.3714286,15032.9285714,151853028.929,-0.2150444473049985,0.07802021796522769,-0.15801199510081523,8,30,4,143,5,1.239197614743046,-0.6875913852607484,0.7016680280544528,0.6264199026700805
2020-05-22 08:45:00,0.16511086603763028,8338.4535713,16730.875,151854726.876,-0.16892737041687353,0.0425422883335083,0.09561913539718529,8,45,4,143,5,1.239197614743046,-0.6875913852607484,0.7016680280544528,0.6264199026700805
2020-05-22 09:00:00,0.4706269160884941,11014.1603572,19146.3392857,151857142.34,0.013952772920777281,0.2971247870128316,0.43722622175444914,9,0,4,143,5,1.0147450348512554,-0.9809676991070133,0.7016680280544528,0.6264199026700805
2020-05-22 09:15:00,0.6056032989732614,12195.8017857,22088.5773811,151860074.577,0.1394061036298517,0.4428813685587181,0.47941643307124876,9,15,4,143,5,1.0147450348512554,-0.9809676991070133,0.7016680280544528,0.6264199026700805
2020-05-22 09:30:00,0.7933234685651629,13842.8035715,25367.303573,151863363.30200002,0.2870198154540246,0.6253006692364457,0.6487737313470349,9,30,4,143,5,1.0147450348512554,-0.9809676991070133,0.7016680280544528,0.6264199026700805
2020-05-22 09:45:00,0.5384697354342887,11609.8067857,28433.660714999998,151866429.231,0.35394882864554894,0.5835052286331248,0.44664723717224497,9,45,4,143,5,1.0147450348512554,-0.9809676991070133,0.7016680280544528,0.6264199026700805
2020-05-22 10:00:00,0.9061671899591465,14820.0071427,31855.589286,151869910.589,0.4721665547861146,0.795847866264895,0.9845550544298424,10,0,4,143,5,0.7222327377366062,-1.206083262355038,0.7016680280544528,0.6264199026700805
2020-05-22 10:15:00,1.5308063418946942,20271.2517856,35857.196429,151873865.446,0.5544546003907559,0.8658794108159904,1.293746560277423,10,15,4,143,5,0.7222327377366062,-1.206083262355038,0.7016680280544528,0.6264199026700805
2020-05-22 10:30:00,0.6156144740695262,12281.7964285,40370.696428,151878366.697,0.6325080092799414,0.9997416975753202,0.5747967498663182,10,30,4,143,5,0.7222327377366062,-1.206083262355038,0.7016680280544528,0.6264199026700805
2020-05-22 10:45:00,1.2858023454725336,18134.6500001,43523.214285,151881519.215,0.6086332754133559,0.848837055106512,1.5214748043382444,10,45,4,143,5,0.7222327377366062,-1.206083262355038,0.7016680280544528,0.6264199026700805
2020-05-22 11:00:00,1.1989530058441626,17375.2928571,48512.392858,151886508.392,0.8372719977551836,1.4320818457115991,1.1967988064788964,11,0,4,143,5,0.3815949530480355,-1.3475968213905272,0.7016680280544528,0.6264199026700805
2020-05-22 11:15:00,1.102840516014445,16535.2860714,52244.064286,151890243.864,0.8316970730649264,0.9765382764863788,1.0180101818254692,11,15,4,143,5,0.3815949530480355,-1.3475968213905272,0.7016680280544528,0.6264199026700805
2020-05-22 11:30:00,2.337087795719617,27308.16607,57864.720238,151895783.054,1.0896714019621243,1.6142821220418846,2.4574059365913796,11,30,4,143,5,0.3815949530480355,-1.3475968213905272,0.7016680280544528,0.6264199026700805
2020-05-22 11:45:00,2.287961053243135,26879.828571,64758.017857,151902754.018,1.3178888618904316,2.2393717044968793,2.6137326287282927,11,45,4,143,5,0.3815949530480355,-1.3475968213905272,0.7016680280544528,0.6264199026700805
2020-05-22 12:00:00,2.3800374613365722,27677.362499000003,71682.357142,151909678.358,1.385799881416958,2.3624797626292464,2.5624004972362084,12,0,4,143,5,0.016045582881512508,-1.3958644610274267,0.7016680280544528,0.6264199026700805
2020-05-22 12:15:00,1.6855481255269682,21636.85,77724.357143,151915720.357,1.365304773689447,2.029128451993439,1.8524434143386457,12,15,4,143,5,0.016045582881512508,-1.3958644610274267,0.7016680280544528,0.6264199026700805
2020-05-22 12:30:00,1.5334044679414442,20300.3875002,82999.232142,151920995.233,1.4119959291074282,1.7549836666502614,1.693396404997071,12,30,4,143,5,0.016045582881512508,-1.3958644610274267,0.7016680280544528,0.6264199026700805
2020-05-22 12:45:00,1.9906038637369479,24282.6250013,88505.214285,151926501.215,1.5517765443669462,1.8710901136047629,2.1927298140391316,12,45,4,143,5,0.016045582881512508,-1.3958644610274267,0.7016680280544528,0.6264199026700805
2020-05-22 13:00:00,1.8365686056970034,23066.4690486,94132.871033,151932128.87,1.5251700894507987,1.7905247453321824,1.8624053218514758,13,0,4,143,5,-0.34950378728501047,-1.3475968213905272,0.7016680280544528,0.6264199026700805
2020-05-22 13:15:00,1.9618831198248754,24029.846429,100675.821429,151938671.821,1.6898528736446963,2.0695457801626596,1.8973081875726,13,15,4,143,5,-0.34950378728501047,-1.3475968213905272,0.7016680280544528,0.6264199026700805
2020-05-22 13:30:00,1.9008864063010888,23499.6464286,106670.625,151944666.625,1.67610348748977,2.023968309706413,1.8625903707877638,13,30,4,143,5,-0.34950378728501047,-1.3475968213905272,0.7016680280544528,0.6264199026700805
2020-05-22 13:45:00,1.4251382835787758,19344.0410716,111801.535714,151949797.536,1.6138118019495777,1.6872855147772334,1.4695774619076658,13,45,4,143,5,-0.34950378728501047,-1.3475968213905272,0.7016680280544528,0.6264199026700805
2020-05-22 14:00:00,1.64856320156624,21292.655357,116824.696428,151954820.697,1.6840510833186435,1.7749897116237536,1.6872696910237157,14,0,4,143,5,-0.6901415719735813,-1.2060832623550382,0.7016680280544528,0.6264199026700805
2020-05-22 14:15:00,1.2776626243080604,18061.0517857,122009.482144,151960005.481,1.804415885564316,1.8084799928212842,1.190638585341974,14,15,4,143,5,-0.6901415719735813,-1.2060832623550382,0.7016680280544528,0.6264199026700805
2020-05-22 14:30:00,1.8750373588426772,23295.4232143,126864.660714,151964860.661,1.7607672477687462,1.643597939395651,1.8463472351216639,14,30,4,143,5,-0.6901415719735813,-1.2060832623550382,0.7016680280544528,0.6264199026700805
2020-05-22 14:45:00,1.784960442077783,22519.9910695,132593.517856,151970589.519,1.9432250004625151,1.880943186676697,1.7496035136073962,14,45,4,143,5,-0.6901415719735813,-1.2060832623550382,0.7016680280544528,0.6264199026700805
2020-05-22 15:00:00,1.5690766106033864,20633.3196428,138006.357142,151976002.358,2.000628101449642,1.8508456453696185,1.582085469081312,15,0,4,143,5,-0.98265386908823,-0.980967699107014,0.7016680280544528,0.6264199026700805
2020-05-22 15:15:00,0.80424164172235,13937.4660715,142354.517855,151980350.52,1.8791887511166188,1.513581683648903,0.7449331278638791,15,15,4,143,5,-0.98265386908823,-0.980967699107014,0.7016680280544528,0.6264199026700805
2020-05-22 15:30:00,0.26689021829758763,9225.4125001,145005.499999,151983001.501,1.8056146679321574,0.9142029497067696,0.3519058675039047,15,30,4,143,5,-0.98265386908823,-0.980967699107014,0.7016680280544528,0.6264199026700805
2020-05-22 15:45:00,0.3349156699108746,9826.4553573,147709.42857,151985705.68,1.719241817290459,0.8785166794988923,0.26010016910552236,15,45,4,143,5,-0.98265386908823,-0.980967699107014,0.7016680280544528,0.6264199026700805
2020-05-22 16:00:00,0.0006033788776554606,6892.1410714,149639.035714,151987635.036,1.5189599522626103,0.5634568951820569,-0.0453037396561199,16,0,4,143,5,-1.2071064489800205,-0.6875913852607494,0.7016680280544528,0.6264199026700805
2020-05-22 16:15:00,-0.09992608419167731,5992.0285715,151285.214288,151989281.462,1.3780642881319891,0.4038147320080476,-0.13648979145334036,16,15,4,143,5,-1.2071064489800205,-0.6875913852607494,0.7016680280544528,0.6264199026700805
2020-05-22 16:30:00,-0.23402759767054404,4807.9375001,152624.410715,151990620.41,1.2117454382855783,0.24335424750183496,-0.2617980951240802,16,30,4,143,5,-1.2071064489800205,-0.6875913852607494,0.7016680280544528,0.6264199026700805
2020-05-22 16:45:00,-0.30737455528488633,4161.1910715,153765.80357,151991761.805,1.1099001210697326,0.13915512768325114,-0.3276293547377613,16,45,4,143,5,-1.2071064489800205,-0.6875913852607494,0.7016680280544528,0.6264199026700805
2020-05-22 17:00:00,-0.3856000570775488,3467.8732142999997,154708.910715,151992704.91,1.0321689978992574,0.05011413515695603,-0.40071603747347906,17,0,4,143,5,-1.3482032392547534,-0.3459474317775844,0.7016680280544528,0.6264199026700805
2020-05-22 17:15:00,-0.4871711165653535,2558.0553573,155486.232142,151993482.233,0.9562254241112992,-0.0367026761640494,-0.49568844317405397,17,15,4,143,5,-1.3482032392547534,-0.3459474317775844,0.7016680280544528,0.6264199026700805
2020-05-22 17:30:00,-0.5837425530028987,1710.03214286,156003.732145,151993999.73,0.899405919083018,-0.1309656827891961,-0.585034583857562,17,30,4,143,5,-1.3482032392547534,-0.3459474317775844,0.7016680280544528,0.6264199026700805
2020-05-22 17:45:00,-0.6545307501571397,1090.23928572,156358.517857,151994354.518,0.8221052480309923,-0.21287011310828402,-0.6468683160415556,17,45,4,143,5,-1.3482032392547534,-0.3459474317775844,0.7016680280544528,0.6264199026700805
2020-05-22 18:00:00,-0.7109964497512798,598.64464287,156564.124998,151994560.127,0.7330549334751137,-0.2885255282057935,-0.6968639670913833,18,0,4,143,5,-1.3963287268286755,0.02068169050592892,0.7016680280544528,0.6264199026700805
2020-05-22 18:15:00,-0.7526215375814215,237.373214283,156671.767856,151994667.769,0.6410986870135214,-0.3562208337888359,-0.733670118138936,18,15,4,143,5,-1.3963287268286755,0.02068169050592892,0.7016680280544528,0.6264199026700805
2020-05-22 18:30:00,-0.7800000755197538,0.0,156698.0,151994694.0,0.5997586905972322,-0.4049519261510073,-0.7594427321641198,18,30,4,143,5,-1.3963287268286755,0.02068169050592892,0.7016680280544528,0.6264199026700805
2020-05-22 18:45:00,-0.7800000755197538,0.0,71595.0,67122214.0,0.5488481228580279,-0.43531561890201703,-0.7658130768733163,18,45,4,143,5,-1.3963287268286755,0.02068169050592892,0.7016680280544528,0.6264199026700805
2020-05-22 19:00:00,-0.7800000755197538,0.0,71595.0,67122214.0,0.47345373400285934,-0.4602887961501086,-0.7659021283190262,19,0,4,143,5,-1.3482032392547536,0.38731081278944235,0.7016680280544528,0.6264199026700805
2020-05-22 19:15:00,-0.7800000755197538,0.0,71595.0,67122214.0,0.407318957378859,-0.4769039283987475,-0.7659021283190262,19,15,4,143,5,-1.3482032392547536,0.38731081278944235,0.7016680280544528,0.6264199026700805
2020-05-22 19:30:00,-0.7800000755197538,0.0,71595.0,67122214.0,0.3457519342005051,-0.4857054710015997,-0.7659021283190262,19,30,4,143,5,-1.3482032392547536,0.38731081278944235,0.7016680280544528,0.6264199026700805
2020-05-22 19:45:00,-0.7800000755197538,0.0,71595.0,67122214.0,0.29034527444751385,-0.5028856151426921,-0.7659021283190262,19,45,4,143,5,-1.3482032392547536,0.38731081278944235,0.7016680280544528,0.6264199026700805
2020-05-22 20:00:00,-0.7800000755197538,0.0,71595.0,67122214.0,0.2668474004140294,-0.5193947251261223,-0.7659021283190262,20,0,4,143,5,-1.207106448980021,0.7289547662726072,0.7016680280544528,0.6264199026700805
2020-05-22 20:15:00,-0.7800000755197538,0.0,71595.0,67122214.0,0.24175352096469102,-0.5308965874031266,-0.7659021283190262,20,15,4,143,5,-1.207106448980021,0.7289547662726072,0.7016680280544528,0.6264199026700805
2020-05-22 20:30:00,-0.7800000755197538,0.0,71595.0,151994694.0,0.20687854777932083,-0.5369532021612409,-0.7659021283190262,20,30,4,143,5,-1.207106448980021,0.7289547662726072,0.7016680280544528,0.6264199026700805
2020-05-22 20:45:00,-0.7800000755197538,0.0,71595.0,151994694.0,0.1737199326405912,-0.5385003914788031,-0.7659021283190262,20,45,4,143,5,-1.207106448980021,0.7289547662726072,0.7016680280544528,0.6264199026700805
2020-05-22 21:00:00,-0.7800000755197538,0.0,71595.0,151994694.0,0.158957677677724,-0.5347468297102338,-0.7659021283190262,21,0,4,143,5,-0.9826538690882308,1.0223310801188716,0.7016680280544528,0.6264199026700805
2020-05-22 21:15:00,-0.7800000755197538,0.0,71595.0,151994694.0,0.14356769414499698,-0.5152220632661042,-0.7659021283190262,21,15,4,143,5,-0.9826538690882308,1.0223310801188716,0.7016680280544528,0.6264199026700805
2020-05-22 21:30:00,-0.7800000755197538,0.0,71595.0,151994694.0,0.12357938212379892,-0.5138509343522438,-0.7659021283190262,21,30,4,143,5,-0.9826538690882308,1.0223310801188716,0.7016680280544528,0.6264199026700805
2020-05-22 21:45:00,-0.7800000755197538,0.0,71595.0,151994694.0,-0.285245156626977,-0.5485638878142336,-0.7659021283190262,21,45,4,143,5,-0.9826538690882308,1.0223310801188716,0.7016680280544528,0.6264199026700805
2020-05-22 22:00:00,-0.7800000755197538,0.0,71595.0,151994694.0,-0.5451189741624929,-0.6555147323558287,-0.7659021283190262,22,0,4,143,5,-0.6901415719735823,1.2474466433668958,0.7016680280544528,0.6264199026700805
2020-05-22 22:15:00,-0.7800000755197538,0.0,71595.0,151994694.0,-0.6636287387029992,-0.7093289668249328,-0.7659021283190262,22,15,4,143,5,-0.6901415719735823,1.2474466433668958,0.7016680280544528,0.6264199026700805
2020-05-22 22:30:00,-0.7800000755197538,0.0,71595.0,151994694.0,-0.6669112161490707,-0.7142555266911466,-0.7659021283190262,22,30,4,143,5,-0.6901415719735823,1.2474466433668958,0.7016680280544528,0.6264199026700805
2020-05-22 22:45:00,-0.7800000755197538,0.0,71595.0,151994694.0,-0.7607456276951299,-0.7865589342854193,-0.7659021283190262,22,45,4,143,5,-0.6901415719735823,1.2474466433668958,0.7016680280544528,0.6264199026700805
2020-05-22 23:00:00,-0.7800000755197538,0.0,71595.0,151994694.0,-1.0014736204288113,-0.8531288302877221,-0.7659021283190262,23,0,4,143,5,-0.3495037872850116,1.3889602024023853,0.7016680280544528,0.6264199026700805
2020-05-22 23:15:00,-0.7800000755197538,0.0,71595.0,151994694.0,-1.204534683514381,-0.8947666880420035,-0.7659021283190262,23,15,4,143,5,-0.3495037872850116,1.3889602024023853,0.7016680280544528,0.6264199026700805
2020-05-22 23:30:00,-0.7800000755197538,0.0,71595.0,151994694.0,-1.226034485752231,-0.9042020460243824,-0.7659021283190262,23,30,4,143,5,-0.3495037872850116,1.3889602024023853,0.7016680280544528,0.6264199026700805
2020-05-22 23:45:00,-0.7800000755197538,0.0,68697.857143,151994694.0,-1.2145782090052597,-0.8930267597872524,-0.7659021283190262,23,45,4,143,5,-0.3495037872850116,1.3889602024023853,0.7016680280544528,0.6264199026700805
2020-05-23 00:00:00,-0.7800000755197538,0.0,4711.089285,151994694.0,-1.18251677909023,-0.8835857144094005,-0.7659021283190262,0,0,5,144,5,0.016045582881512335,1.437227842039285,0.565598186533983,0.46909953149475414
2020-05-23 00:15:00,-0.7800000755197538,0.0,0.0,151994694.0,-1.1854203927511793,-0.8734299384344932,-0.7659021283190262,0,15,5,144,5,0.016045582881512335,1.437227842039285,0.565598186533983,0.46909953149475414
2020-05-23 00:30:00,-0.7800000755197538,0.0,0.0,151994694.0,-1.2102485121661015,-0.8773373561379174,-0.7659021283190262,0,30,5,144,5,0.016045582881512335,1.437227842039285,0.565598186533983,0.46909953149475414
2020-05-23 00:45:00,-0.7800000755197538,0.0,0.0,151994694.0,-1.2231790099200817,-0.8804770317413604,-0.7659021283190262,0,45,5,144,5,0.016045582881512335,1.437227842039285,0.565598186533983,0.46909953149475414
2020-05-23 01:00:00,-0.7800000755197538,0.0,0.0,151994694.0,-1.2560151768212062,-0.888689998903515,-0.7659021283190262,1,0,5,144,5,0.38159495304803503,1.3889602024023857,0.565598186533983,0.46909953149475414
2020-05-23 01:15:00,-0.7800000755197538,0.0,0.0,151994694.0,-1.2525095394388253,-0.8951051217718791,-0.7659021283190262,1,15,5,144,5,0.38159495304803503,1.3889602024023857,0.565598186533983,0.46909953149475414
2020-05-23 01:30:00,-0.7800000755197538,0.0,0.0,151994694.0,-1.2347334803162693,-0.8953236224849157,-0.7659021283190262,1,30,5,144,5,0.38159495304803503,1.3889602024023857,0.565598186533983,0.46909953149475414
2020-05-23 01:45:00,-0.7800000755197538,0.0,0.0,151994694.0,-1.1966574919463926,-0.8857105917196265,-0.7659021283190262,1,45,5,144,5,0.38159495304803503,1.3889602024023857,0.565598186533983,0.46909953149475414
2020-05-23 02:00:00,-0.7800000755197538,0.0,0.0,151994694.0,-1.1764093108650302,-0.8817138354689806,-0.7659021283190262,2,0,5,144,5,0.7222327377366062,1.2474466433668963,0.565598186533983,0.46909953149475414
2020-05-23 02:15:00,-0.7800000755197538,0.0,0.0,151994694.0,-1.1682240264476689,-0.8770286843952377,-0.7659021283190262,2,15,5,144,5,0.7222327377366062,1.2474466433668963,0.565598186533983,0.46909953149475414
2020-05-23 02:30:00,-0.7800000755197538,0.0,0.0,151994694.0,-1.145137472969202,-0.8745973172757963,-0.7659021283190262,2,30,5,144,5,0.7222327377366062,1.2474466433668963,0.565598186533983,0.46909953149475414
2020-05-23 02:45:00,-0.7800000755197538,0.0,0.0,151994694.0,-1.1338837887876587,-0.87914925560867,-0.7659021283190262,2,45,5,144,5,0.7222327377366062,1.2474466433668963,0.565598186533983,0.46909953149475414
2020-05-23 03:00:00,-0.7800000755197538,0.0,0.0,151994694.0,-1.135936415893848,-0.8899435589321095,-0.7659021283190262,3,0,5,144,5,1.0147450348512552,1.0223310801188719,0.565598186533983,0.46909953149475414
2020-05-23 03:15:00,-0.7800000755197538,0.0,0.0,151994694.0,-1.132542698963425,-0.8708905870872689,-0.7659021283190262,3,15,5,144,5,1.0147450348512552,1.0223310801188719,0.565598186533983,0.46909953149475414
2020-05-23 03:30:00,-0.7800000755197538,0.0,0.0,151994694.0,-1.1134754177986617,-0.849800096741425,-0.7659021283190262,3,30,5,144,5,1.0147450348512552,1.0223310801188719,0.565598186533983,0.46909953149475414
2020-05-23 03:45:00,-0.7800000755197538,0.0,0.0,151994694.0,-1.0945861149735805,-0.8400348490836276,-0.7659021283190262,3,45,5,144,5,1.0147450348512552,1.0223310801188719,0.565598186533983,0.46909953149475414
2020-05-23 04:00:00,-0.7800000755197538,0.0,0.0,151994694.0,-1.0671596058184452,-0.835509642027926,-0.7659021283190262,4,0,5,144,5,1.2391976147430457,0.7289547662726072,0.565598186533983,0.46909953149475414
2020-05-23 04:15:00,-0.7800000755197538,0.0,0.0,151994694.0,-1.0637969340268318,-0.8294897490766794,-0.7659021283190262,4,15,5,144,5,1.2391976147430457,0.7289547662726072,0.565598186533983,0.46909953149475414
2020-05-23 04:30:00,-0.7800000755197538,0.0,0.0,151994694.0,-1.0892562419180607,-0.8313180337864015,-0.7659021283190262,4,30,5,144,5,1.2391976147430457,0.7289547662726072,0.565598186533983,0.46909953149475414
2020-05-23 04:45:00,-0.7800000755197538,0.0,0.0,151994694.0,-1.110374946743294,-0.8368347222211031,-0.7659021283190262,4,45,5,144,5,1.2391976147430457,0.7289547662726072,0.565598186533983,0.46909953149475414
2020-05-23 05:00:00,-0.7800000755197538,0.0,0.0,151994694.0,-1.1258521612868828,-0.8414847564607597,-0.7659021283190262,5,0,5,144,5,1.3802944050177781,0.38731081278944296,0.565598186533983,0.46909953149475414
2020-05-23 06:45:00,-0.6168280611633795,1419.49333332,562.16666667,151995256.167,-1.0061065338788526,-0.757973896701041,-0.6193200044665211,6,45,5,144,5,1.4284198925917004,0.020681690505929266,0.565598186533983,0.46909953149475414
2020-05-23 07:00:00,-0.5309668762345968,2173.4089286,951.82142856,151995645.819,-0.9889550959917011,-0.6878376524874817,-0.5407973044596324,7,0,5,144,5,1.3802944050177781,-0.3459474317775844,0.565598186533983,0.46909953149475414
2020-05-23 07:15:00,-0.27207201141421233,4469.7196429,1723.26785714,151996417.268,-0.8951883782673917,-0.5394753365277178,-0.2935933773209586,7,15,5,144,5,1.3802944050177781,-0.3459474317775844,0.565598186533983,0.46909953149475414
2020-05-23 07:30:00,0.003363539799376003,6914.1857144,3186.8035714,151997880.803,-0.7635144984156415,-0.3053249386594709,-0.026876104960424665,7,30,5,144,5,1.3802944050177781,-0.3459474317775844,0.565598186533983,0.46909953149475414
2020-05-23 07:45:00,0.1332342512495558,8061.1875002,5058.75,151999752.75,-0.6751852426001008,-0.06598046373589868,0.1021959382042833,7,45,5,144,5,1.3802944050177781,-0.3459474317775844,0.565598186533983,0.46909953149475414
2020-05-23 08:00:00,0.3040310138456126,9556.55,7150.7678572,152001844.767,-0.5679270159171875,0.11335241503148254,0.28091588092903996,8,0,5,144,5,1.239197614743046,-0.6875913852607484,0.565598186533983,0.46909953149475414
2020-05-23 08:15:00,0.8475413557502197,14317.1571428,10030.2499999,152004724.25,-0.3401256473465742,0.4825024198857543,0.8293235410541919,8,15,5,144,5,1.239197614743046,-0.6875913852607484,0.565598186533983,0.46909953149475414
2020-05-23 08:30:00,1.1427640579639924,16905.3732143,14190.8214286,152008884.822,-0.028669814575447213,0.914343439262396,1.1355733311330383,8,30,5,144,5,1.239197614743046,-0.6875913852607484,0.565598186533983,0.46909953149475414
2020-05-23 08:45:00,1.09544209975047,16490.969643,18317.5892854,152013011.592,0.1280462341673582,0.9311137798595027,1.069854887827456,8,45,5,144,5,1.239197614743046,-0.6875913852607484,0.565598186533983,0.46909953149475414
2020-05-23 09:00:00,1.231558811031907,17682.5428571,22589.303571,152017283.304,0.26593497634350516,0.9913929187569789,1.2139164190577212,9,0,5,144,5,1.0147450348512554,-0.9809676991070133,0.565598186533983,0.46909953149475414
2020-05-23 09:15:00,1.3950711584069515,19113.0571429,27185.571429,152021879.571,0.38373266232010883,1.1556496749350473,1.3712369995591185,9,15,5,144,5,1.0147450348512554,-0.9809676991070133,0.565598186533983,0.46909953149475414
2020-05-23 09:30:00,1.207814627480316,17471.0089285,31941.553572,152026635.553,0.48834964665600694,1.240647115922149,1.2257461650103951,9,30,5,144,5,1.0147450348512554,-0.9809676991070133,0.565598186533983,0.46909953149475414
2020-05-23 09:45:00,1.4557286920717192,19630.2553569,36123.285715,152030817.285,0.5055152861428461,1.0422011173440409,1.5273766483040072,9,45,5,144,5,1.0147450348512554,-0.9809676991070133,0.565598186533983,0.46909953149475414
2020-05-23 10:00:00,1.432873016784832,19438.1625,41372.267856,152036066.269,0.6099525527839164,1.3317445088950381,1.407349563432022,10,0,5,144,5,0.7222327377366062,-1.206083262355038,0.565598186533983,0.46909953149475414
2020-05-23 10:15:00,1.374711417684056,18929.5178572,46034.303572,152040728.303,0.5956028916646177,1.2112356082691647,1.2860156326734467,10,15,5,144,5,0.7222327377366062,-1.206083262355038,0.565598186533983,0.46909953149475414
2020-05-23 10:30:00,1.361473261960954,18808.3839285,50841.285716,152045535.284,0.6239114325133197,1.3111189747942178,1.213529389277361,10,30,5,144,5,0.7222327377366062,-1.206083262355038,0.565598186533983,0.46909953149475414
2020-05-23 10:45:00,1.6256848611714028,21100.9803576,55557.732141,152050251.734,0.7589865185960887,1.3415983285348383,1.8688359309762874,10,45,5,144,5,0.7222327377366062,-1.206083262355038,0.565598186533983,0.46909953149475414
2020-05-23 11:00:00,1.7828712846561232,22472.7160705,61040.25,152055734.25,0.8333790012816732,1.6384383051895335,1.8183149522352957,11,0,5,144,5,0.3815949530480355,-1.3475968213905272,0.565598186533983,0.46909953149475414
2020-05-23 11:15:00,2.2876007986680533,26868.626787,67309.053573,152062003.052,1.0110364346444043,1.915060446380775,2.359023890647108,11,15,5,144,5,0.3815949530480355,-1.3475968213905272,0.565598186533983,0.46909953149475414
2020-05-23 11:30:00,2.3282576532658372,27225.082142,74055.357142,152068749.358,1.1617242921488182,2.1809316836902384,2.408643072194908,11,30,5,144,5,0.3815949530480355,-1.3475968213905272,0.565598186533983,0.46909953149475414
2020-05-23 11:45:00,2.3696493313758,27585.078571000002,80949.928571,152075643.929,1.280743925480242,2.20537757590492,2.471581438503843,11,45,5,144,5,0.3815949530480355,-1.3475968213905272,0.565598186533983,0.46909953149475414
2020-05-23 12:00:00,2.298780017465996,26966.792856,87632.000001,152082325.999,1.3254401453143694,2.0777212685810844,2.3384277795359583,12,0,5,144,5,0.016045582881512508,-1.3958644610274267,0.565598186533983,0.46909953149475414
2020-05-23 12:15:00,2.476195957108078,28516.901786,94647.714285,152089341.715,1.510095145442963,2.4503367222219623,2.8218494142608965,12,15,5,144,5,0.016045582881512508,-1.3958644610274267,0.565598186533983,0.46909953149475414
2020-05-23 12:30:00,2.1471530824077982,25656.232141,101514.071429,152096208.071,1.47177645591827,2.6217272609750935,2.314287973231052,12,30,5,144,5,0.016045582881512508,-1.3958644610274267,0.565598186533983,0.46909953149475414
2020-05-23 12:45:00,1.4218818782025004,19347.4267858,107114.714286,152101808.714,1.4661785717401359,2.0761591738287137,1.3883930691151853,12,45,5,144,5,0.016045582881512508,-1.3958644610274267,0.565598186533983,0.46909953149475414
2020-05-23 13:00:00,1.8583730090774313,23148.253572,112296.92857,152106990.93,1.5210384722556183,1.8433766330850985,1.7876095610728278,13,0,5,144,5,-0.34950378728501047,-1.3475968213905272,0.565598186533983,0.46909953149475414
2020-05-23 13:15:00,2.071865482919255,24999.864285,118450.089286,152113144.089,1.7924878016835808,2.0416507903307775,2.113854448347911,13,15,5,144,5,-0.34950378728501047,-1.3475968213905272,0.565598186533983,0.46909953149475414
2020-05-23 13:30:00,2.1679482300770285,25824.0875,124645.51785599999,152119339.519,1.7663646054393762,2.1207957302879006,2.2533923152781403,13,30,5,144,5,-0.34950378728501047,-1.3475968213905272,0.565598186533983,0.46909953149475414
2020-05-23 13:45:00,2.2867715377534905,26860.405357,131243.410715,152125937.41,1.9483793396774696,2.390817371662259,2.4276514051580427,13,45,5,144,5,-0.34950378728501047,-1.3475968213905272,0.565598186533983,0.46909953149475414
2020-05-23 14:00:00,1.7512114453982917,22209.5857152,137723.053569,152132417.056,2.0385105204107297,2.2207983184424567,1.755147172061699,14,0,5,144,5,-0.6901415719735813,-1.2060832623550382,0.565598186533983,0.46909953149475414
2020-05-23 14:15:00,1.1951691419129733,17363.9892856,142397.696429,152137091.696,1.8900648730073462,1.6588274002105567,1.1518106866406257,14,15,5,144,5,-0.6901415719735813,-1.2060832623550382,0.565598186533983,0.46909953149475414
2020-05-23 14:30:00,1.0626026858736048,16203.2464287,146630.339285,152141324.34,1.9276381783392096,1.516007687033742,0.9935872703238056,14,30,5,144,5,-0.6901415719735813,-1.2060832623550382,0.565598186533983,0.46909953149475414
2020-05-23 14:45:00,0.9707590912232426,15398.6374999,150582.642856,152145276.644,1.8860445369335872,1.279095594280464,0.8669682425983656,14,45,5,144,5,-0.6901415719735813,-1.2060832623550382,0.565598186533983,0.46909953149475414
2020-05-23 15:00:00,0.6714523130882512,12773.3785715,154053.410714,152148747.411,1.833084275487141,1.1301450502414403,0.5374786887168276,15,0,5,144,5,-0.98265386908823,-0.980967699107014,0.565598186533983,0.46909953149475414
2020-05-23 15:15:00,1.078470579327871,16339.4160715,157866.517857,152152560.518,1.9035175721846147,1.128982752949863,0.8004119279002768,15,15,5,144,5,-0.98265386908823,-0.980967699107014,0.565598186533983,0.46909953149475414
2020-05-23 15:30:00,1.4082373427986503,19228.0660713,162235.035713,152156929.037,2.080561041387908,1.3942515099921402,1.2661581970053395,15,30,5,144,5,-0.98265386908823,-0.980967699107014,0.565598186533983,0.46909953149475414
2020-05-23 15:45:00,1.0479869348905952,16075.0357142,166652.285713,152161346.287,2.0940063130486237,1.3748818015460058,0.9636866092580901,15,45,5,144,5,-0.98265386908823,-0.980967699107014,0.565598186533983,0.46909953149475414
2020-05-23 16:00:00,0.8119491371473444,14006.4482144,170353.232142,152165036.429,2.1189195587875265,1.3279844909438483,0.8177082523145212,16,0,5,144,5,-1.2071064489800205,-0.6875913852607494,0.565598186533983,0.46909953149475414
2020-05-23 16:15:00,0.6574121340869095,12652.0267859,173787.125001,152168481.124,1.9051358682089201,1.1890932711997946,0.6699748087285095,16,15,5,144,5,-1.2071064489800205,-0.6875913852607494,0.565598186533983,0.46909953149475414
2020-05-23 16:30:00,0.5708393473470799,11892.2625,176744.035715,152171438.035,1.762499175394392,0.9184843505095048,0.4891428335304238,16,30,5,144,5,-1.2071064489800205,-0.6875913852607494,0.565598186533983,0.46909953149475414
2020-05-23 16:45:00,0.20977677655381424,8733.4964286,179376.249999,152174070.251,1.6850750060978732,0.7272326905664901,0.19493241261564132,16,45,5,144,5,-1.2071064489800205,-0.6875913852607494,0.565598186533983,0.46909953149475414
2020-05-23 17:00:00,0.03170176201328513,7164.7071429,181374.517858,152176068.517,1.5102265466725162,0.4633212924085607,0.028275904156329083,17,0,5,144,5,-1.3482032392547534,-0.3459474317775844,0.565598186533983,0.46909953149475414
2020-05-23 17:15:00,-0.0935731214347894,6049.0999998,183016.714287,152177710.713,1.3811073886734224,0.305846104677174,-0.09461011958266426,17,15,5,144,5,-1.3482032392547534,-0.3459474317775844,0.565598186533983,0.46909953149475414
2020-05-23 17:30:00,-0.28235496782254205,4381.8910714,184335.767858,152179029.767,1.201563591752257,0.15877784486818997,-0.29778889935583147,17,30,5,144,5,-1.3482032392547534,-0.3459474317775844,0.565598186533983,0.46909953149475414
2020-05-23 17:45:00,-0.3958130303085571,3374.9017857,185283.75,152179977.75,1.049266200812691,0.03104343232531727,-0.4038649611730816,17,45,5,144,5,-1.3482032392547534,-0.3459474317775844,0.565598186533983,0.46909953149475414
2020-05-23 18:00:00,-0.46081846860141523,2791.6803572,186069.107144,152180763.106,1.0102657780914557,-0.024663512401443922,-0.46657797321411953,18,0,5,144,5,-1.3963287268286755,0.02068169050592892,0.565598186533983,0.46909953149475414
2020-05-23 18:15:00,-0.6393030438725633,1223.80535716,186584.892858,152181278.892,0.877922551400783,-0.14970673332140805,-0.6328577656791003,18,15,5,144,5,-1.3963287268286755,0.02068169050592892,0.565598186533983,0.46909953149475414
2020-05-23 18:30:00,-0.7720136414061783,69.191071429,186726.428572,152181420.428,0.721458041617298,-0.29903581430152915,-0.7495875531622616,18,30,5,144,5,-1.3963287268286755,0.02068169050592892,0.565598186533983,0.46909953149475414
2020-05-23 18:45:00,-0.7800000755197538,0.0,186728.0,152181422.0,0.6274227298513558,-0.3887326511438728,-0.7655974811791765,18,45,5,144,5,-1.3963287268286755,0.02068169050592892,0.565598186533983,0.46909953149475414
2020-05-23 19:00:00,-0.7800000755197538,0.0,186728.0,152181422.0,0.5400785198771357,-0.4367085641879373,-0.7659021283190262,19,0,5,144,5,-1.3482032392547536,0.38731081278944235,0.565598186533983,0.46909953149475414
2020-05-23 19:15:00,-0.7800000755197538,0.0,186728.0,152181422.0,0.473038225564187,-0.4696263900336449,-0.7659021283190262,19,15,5,144,5,-1.3482032392547536,0.38731081278944235,0.565598186533983,0.46909953149475414
2020-05-23 19:30:00,-0.7800000755197538,0.0,186728.0,152181422.0,0.4069895329168458,-0.48214792995812733,-0.7659021283190262,19,30,5,144,5,-1.3482032392547536,0.38731081278944235,0.565598186533983,0.46909953149475414
2020-05-23 19:45:00,-0.7800000755197538,0.0,186728.0,152181422.0,0.3551636882960596,-0.4853208433850671,-0.7659021283190262,19,45,5,144,5,-1.3482032392547536,0.38731081278944235,0.565598186533983,0.46909953149475414
2020-05-23 20:00:00,-0.7800000755197538,0.0,186728.0,152181422.0,0.2859599370476454,-0.5003090279825496,-0.7659021283190262,20,0,5,144,5,-1.207106448980021,0.7289547662726072,0.565598186533983,0.46909953149475414
2020-05-23 20:15:00,-0.7800000755197538,0.0,186728.0,152181422.0,0.2337076589575088,-0.520262879122682,-0.7659021283190262,20,15,5,144,5,-1.207106448980021,0.7289547662726072,0.565598186533983,0.46909953149475414
2020-05-23 20:30:00,-0.7800000755197538,0.0,186728.0,152181422.0,0.17796899861650936,-0.553519203504503,-0.7659021283190262,20,30,5,144,5,-1.207106448980021,0.7289547662726072,0.565598186533983,0.46909953149475414
2020-05-23 20:45:00,-0.7800000755197538,0.0,186728.0,152181422.0,0.1322513555706562,-0.5746167525458222,-0.7659021283190262,20,45,5,144,5,-1.207106448980021,0.7289547662726072,0.565598186533983,0.46909953149475414
2020-05-23 21:00:00,-0.7800000755197538,0.0,186728.0,152181422.0,0.09545513770481075,-0.6020192253356587,-0.7659021283190262,21,0,5,144,5,-0.9826538690882308,1.0223310801188716,0.565598186533983,0.46909953149475414
2020-05-23 21:15:00,-0.7800000755197538,0.0,186728.0,152181422.0,0.051415173208005795,-0.6253787272501958,-0.7659021283190262,21,15,5,144,5,-0.9826538690882308,1.0223310801188716,0.565598186533983,0.46909953149475414
2020-05-23 21:30:00,-0.7800000755197538,0.0,186728.0,152181422.0,0.03495668030662672,-0.6074127271100374,-0.7659021283190262,21,30,5,144,5,-0.9826538690882308,1.0223310801188716,0.565598186533983,0.46909953149475414
2020-05-23 22:00:00,-0.7800000755197538,0.0,186728.0,152181422.0,-0.03893949384249099,-0.6299541047033362,-0.7659021283190262,22,0,5,144,5,-0.6901415719735823,1.2474466433668958,0.565598186533983,0.46909953149475414
2020-05-23 22:15:00,-0.7800000755197538,0.0,186728.0,152181422.0,-0.07241942898846089,-0.6520069002893787,-0.7659021283190262,22,15,5,144,5,-0.6901415719735823,1.2474466433668958,0.565598186533983,0.46909953149475414
2020-05-23 22:30:00,-0.7800000755197538,0.0,186728.0,152181422.0,-0.11930738538934389,-0.6788630305678898,-0.7659021283190262,22,30,5,144,5,-0.6901415719735823,1.2474466433668958,0.565598186533983,0.46909953149475414
2020-05-23 22:45:00,-0.7800000755197538,0.0,186728.0,152181422.0,-0.16156265868721487,-0.6885584793147932,-0.7659021283190262,22,45,5,144,5,-0.6901415719735823,1.2474466433668958,0.565598186533983,0.46909953149475414
2020-05-23 23:00:00,-0.7800000755197538,0.0,186728.0,152181422.0,-0.21941048927940343,-0.7117284670505588,-0.7659021283190262,23,0,5,144,5,-0.3495037872850116,1.3889602024023853,0.565598186533983,0.46909953149475414
2020-05-23 23:15:00,-0.7800000755197538,0.0,186728.0,152181422.0,-0.2656861550625523,-0.7262869240741545,-0.7659021283190262,23,15,5,144,5,-0.3495037872850116,1.3889602024023853,0.565598186533983,0.46909953149475414
2020-05-23 23:30:00,-0.7800000755197538,0.0,186728.0,152181422.0,-0.3028062233951691,-0.7250732776522439,-0.7659021283190262,23,30,5,144,5,-0.3495037872850116,1.3889602024023853,0.565598186533983,0.46909953149475414
2020-05-23 23:45:00,-0.7800000755197538,0.0,170940.571429,152181422.0,-0.3082397700759498,-0.7283815757548389,-0.7659021283190262,23,45,5,144,5,-0.3495037872850116,1.3889602024023853,0.565598186533983,0.46909953149475414
2020-05-24 00:00:00,-0.7800000755197538,0.0,6807.928571,152181422.0,-0.3443851588552647,-0.7510589553495034,-0.7659021283190262,0,0,6,145,5,0.016045582881512335,1.437227842039285,0.4276877050822104,0.31521108613587095
2020-05-24 00:15:00,-0.7800000755197538,0.0,0.0,152181422.0,-0.3872953792804934,-0.7736317280472035,-0.7659021283190262,0,15,6,145,5,0.016045582881512335,1.437227842039285,0.4276877050822104,0.31521108613587095
2020-05-24 00:30:00,-0.7800000755197538,0.0,0.0,152181422.0,-0.4468503728418689,-0.7931776939080041,-0.7659021283190262,0,30,6,145,5,0.016045582881512335,1.437227842039285,0.4276877050822104,0.31521108613587095
2020-05-24 00:45:00,-0.7800000755197538,0.0,0.0,152181422.0,-0.46756515239348434,-0.7910520285539205,-0.7659021283190262,0,45,6,145,5,0.016045582881512335,1.437227842039285,0.4276877050822104,0.31521108613587095
2020-05-24 01:00:00,-0.7800000755197538,0.0,0.0,152181422.0,-0.4776522651840347,-0.7821522500628112,-0.7659021283190262,1,0,6,145,5,0.38159495304803503,1.3889602024023857,0.4276877050822104,0.31521108613587095
2020-05-24 01:15:00,-0.7800000755197538,0.0,0.0,152181422.0,-0.4795878383901129,-0.7829768757458749,-0.7659021283190262,1,15,6,145,5,0.38159495304803503,1.3889602024023857,0.4276877050822104,0.31521108613587095
2020-05-24 01:30:00,-0.7800000755197538,0.0,0.0,152181422.0,-0.4528965217468664,-0.7476690650819299,-0.7659021283190262,1,30,6,145,5,0.38159495304803503,1.3889602024023857,0.4276877050822104,0.31521108613587095
2020-05-24 01:45:00,-0.7800000755197538,0.0,0.0,152181422.0,-0.40539561659387474,-0.692947940631512,-0.7659021283190262,1,45,6,145,5,0.38159495304803503,1.3889602024023857,0.4276877050822104,0.31521108613587095
2020-05-24 02:00:00,-0.7800000755197538,0.0,0.0,152181422.0,-0.3794026557411797,-0.6754735191390694,-0.7659021283190262,2,0,6,145,5,0.7222327377366062,1.2474466433668963,0.4276877050822104,0.31521108613587095
2020-05-24 02:15:00,-0.7800000755197538,0.0,0.0,152181422.0,-0.36638144826605423,-0.706421976723965,-0.7659021283190262,2,15,6,145,5,0.7222327377366062,1.2474466433668963,0.4276877050822104,0.31521108613587095
2020-05-24 02:30:00,-0.7800000755197538,0.0,0.0,152181422.0,-0.4260065425406223,-0.7520722531005625,-0.7659021283190262,2,30,6,145,5,0.7222327377366062,1.2474466433668963,0.4276877050822104,0.31521108613587095
2020-05-24 02:45:00,-0.7800000755197538,0.0,0.0,152181422.0,-0.5120819634530039,-0.8174368412070567,-0.7659021283190262,2,45,6,145,5,0.7222327377366062,1.2474466433668963,0.4276877050822104,0.31521108613587095
2020-05-24 03:00:00,-0.7800000755197538,0.0,0.0,152181422.0,-0.5373352564800383,-0.8274425563004228,-0.7659021283190262,3,0,6,145,5,1.0147450348512552,1.0223310801188719,0.4276877050822104,0.31521108613587095
2020-05-24 03:15:00,-0.7800000755197538,0.0,0.0,152181422.0,-0.5435098544118082,-0.822774013399109,-0.7659021283190262,3,15,6,145,5,1.0147450348512552,1.0223310801188719,0.4276877050822104,0.31521108613587095
2020-05-24 03:30:00,-0.7800000755197538,0.0,0.0,152181422.0,-0.5476956750171172,-0.8141317804538056,-0.7659021283190262,3,30,6,145,5,1.0147450348512552,1.0223310801188719,0.4276877050822104,0.31521108613587095
2020-05-24 03:45:00,-0.7800000755197538,0.0,0.0,152181422.0,-0.550652549209964,-0.7960477651911401,-0.7659021283190262,3,45,6,145,5,1.0147450348512552,1.0223310801188719,0.4276877050822104,0.31521108613587095
2020-05-24 04:00:00,-0.7800000755197538,0.0,0.0,152181422.0,-0.5623785482289326,-0.8061213712997453,-0.7659021283190262,4,0,6,145,5,1.2391976147430457,0.7289547662726072,0.4276877050822104,0.31521108613587095
2020-05-24 04:15:00,-0.7800000755197538,0.0,0.0,152181422.0,-0.5671547046263713,-0.8040797207529872,-0.7659021283190262,4,15,6,145,5,1.2391976147430457,0.7289547662726072,0.4276877050822104,0.31521108613587095
2020-05-24 04:30:00,-0.7800000755197538,0.0,0.0,152181422.0,-0.6025834696851805,-0.8239858226567441,-0.7659021283190262,4,30,6,145,5,1.2391976147430457,0.7289547662726072,0.4276877050822104,0.31521108613587095
2020-05-24 04:45:00,-0.7800000755197538,0.0,0.0,152181422.0,-0.6346896903456001,-0.861015381388831,-0.7659021283190262,4,45,6,145,5,1.2391976147430457,0.7289547662726072,0.4276877050822104,0.31521108613587095
2020-05-24 05:00:00,-0.7800000755197538,0.0,0.0,152181422.0,-0.6453110014089587,-0.870847078771127,-0.7659021283190262,5,0,6,145,5,1.3802944050177781,0.38731081278944296,0.4276877050822104,0.31521108613587095
2020-05-24 05:15:00,-0.7800000755197538,0.0,0.0,152181422.0,-0.6828154094733497,-0.8887032867746154,-0.7659021283190262,5,15,6,145,5,1.3802944050177781,0.38731081278944296,0.4276877050822104,0.31521108613587095
2020-05-24 05:30:00,-0.7800000755197538,0.0,0.0,152181422.0,-0.7311359592102579,-0.9054355861098423,-0.7659021283190262,5,30,6,145,5,1.3802944050177781,0.38731081278944296,0.4276877050822104,0.31521108613587095
2020-05-24 05:45:00,-0.7800000755197538,0.0,0.0,152181422.0,-0.7520983060816939,-0.9129537448532369,-0.7639025540801035,5,45,6,145,5,1.3802944050177781,0.38731081278944296,0.4276877050822104,0.31521108613587095
2020-05-24 06:00:00,-0.753524758149366,229.539285712,14.928571429,152181436.929,-0.7786307678898998,-0.9113895866702397,-0.734879533303789,6,0,6,145,5,1.4284198925917004,0.020681690505929266,0.4276877050822104,0.31521108613587095
2020-05-24 06:15:00,-0.6819585944337136,851.26071429,146.821428571,152181568.821,-0.7207369619104399,-0.8550817222105099,-0.6719953470937873,6,15,6,145,5,1.4284198925917004,0.020681690505929266,0.4276877050822104,0.31521108613587095
2020-05-24 06:30:00,-0.5978010230685539,1586.57500001,441.71428569,152181863.711,-0.6334432778526217,-0.757433299910803,-0.5970230822508296,6,30,6,145,5,1.4284198925917004,0.020681690505929266,0.4276877050822104,0.31521108613587095
2020-05-24 06:45:00,-0.48803974317790305,2550.6321429,950.71428572,152182372.714,-0.5340040999232168,-0.6336597254090638,-0.48774104755862807,6,45,6,145,5,1.4284198925917004,0.020681690505929266,0.4276877050822104,0.31521108613587095
2020-05-24 07:00:00,-0.3476327838926169,3803.4232142,1737.75000001,152183159.751,-0.42166770703552714,-0.47279469444091704,-0.2701845288292983,7,0,6,145,5,1.3802944050177781,-0.3459474317775844,0.4276877050822104,0.31521108613587095
2020-05-24 07:15:00,-0.18342835842392002,5254.5017856,2869.3214285,152184291.322,-0.2972122020628954,-0.29787782014417485,-0.10389623453018984,7,15,6,145,5,1.3802944050177781,-0.3459474317775844,0.4276877050822104,0.31521108613587095
2020-05-24 07:30:00,0.0059831378901682945,6935.7446427,4380.875,152185802.875,-0.14718943635717874,-0.09242985599065673,0.0922418476984457,7,30,6,145,5,1.3802944050177781,-0.3459474317775844,0.4276877050822104,0.31521108613587095
2020-05-24 07:45:00,0.20032288240162513,8648.3732143,6304.1249999,152187726.127,0.0025905650665449696,0.1345140026349135,0.27715884348217373,7,45,6,145,5,1.3802944050177781,-0.3459474317775844,0.4276877050822104,0.31521108613587095
2020-05-24 08:00:00,0.39693171259644694,10366.8571427,8714.4285716,152190136.425,0.09028302886164657,0.27718009688254475,0.43637224634144606,8,0,6,145,5,1.239197614743046,-0.6875913852607484,0.4276877050822104,0.31521108613587095
2020-05-24 08:15:00,0.5005984903108375,11275.0142856,11304.0178571,152192726.018,0.11177651300946673,0.26998621040983395,0.3991792766570469,8,15,6,145,5,1.239197614743046,-0.6875913852607484,0.4276877050822104,0.31521108613587095
2020-05-24 08:30:00,0.9276898047889742,15020.8178572,14697.3928572,152196119.392,0.21736561823337824,0.5295708019222284,0.9621474829279054,8,30,6,145,5,1.239197614743046,-0.6875913852607484,0.4276877050822104,0.31521108613587095
2020-05-24 08:45:00,0.4911272991702624,11194.048214299999,17934.5178572,152199356.518,0.2402368596922121,0.5628914270536869,0.4072408452405431,8,45,6,145,5,1.239197614743046,-0.6875913852607484,0.4276877050822104,0.31521108613587095
2020-05-24 09:00:00,1.0671364833369832,16240.244643,21254.1428568,152202676.141,0.35000019161133034,0.6660198856016427,1.0586621312554336,9,0,6,145,5,1.0147450348512554,-0.9809676991070133,0.4276877050822104,0.31521108613587095
2020-05-24 09:15:00,0.9017337945274031,14791.325,25102.125,152206524.125,0.42093980048781726,0.737515149035375,0.5852005805409375,9,15,6,145,5,1.0147450348512554,-0.9809676991070133,0.4276877050822104,0.31521108613587095
2020-05-24 09:30:00,1.2234558708014482,17605.9589287,29390.303573,152210812.302,0.5507102106598295,0.9223602094264863,1.0528844843600182,9,30,6,145,5,1.0147450348512554,-0.9809676991070133,0.4276877050822104,0.31521108613587095
2020-05-24 09:45:00,0.7631555437553814,13575.3571429,33331.125,152214753.125,0.5512179841657878,0.8644651557576328,0.9023260635637909,9,45,6,145,5,1.0147450348512554,-0.9809676991070133,0.4276877050822104,0.31521108613587095
2020-05-24 10:00:00,0.9976224971743257,15625.2982143,36931.196429,152218353.196,0.657456823824156,0.8729791571547043,1.1064067437472658,10,0,6,145,5,0.7222327377366062,-1.206083262355038,0.4276877050822104,0.31521108613587095
2020-05-24 10:15:00,1.2933947265524093,18202.8107142,40833.75,152222255.75,0.7269124525009995,0.9297089776242242,1.1225666756658574,10,15,6,145,5,0.7222327377366062,-1.206083262355038,0.4276877050822104,0.31521108613587095
2020-05-24 10:30:00,1.5095153477223757,20087.175,45745.30357,152227167.305,0.8661187420944825,1.2205453095477383,1.5458460556732083,10,30,6,145,5,0.7222327377366062,-1.206083262355038,0.4276877050822104,0.31521108613587095
2020-05-24 10:45:00,2.0860030815374033,25115.519643300002,51363.089286,152232785.089,1.0201319645731879,1.5817476795329344,2.083494066847692,10,45,6,145,5,0.7222327377366062,-1.206083262355038,0.4276877050822104,0.31521108613587095
2020-05-24 11:00:00,1.8483882762267068,23046.9214279,57678.839285,152239100.84,1.123145677152444,1.9220867802127488,1.7364765650422556,11,0,6,145,5,0.3815949530480355,-1.3475968213905272,0.4276877050822104,0.31521108613587095
2020-05-24 11:15:00,1.9567858780295453,23987.6464296,63187.571428,152244609.572,1.2001870378869626,1.7766970486361056,2.033580727270265,11,15,6,145,5,0.3815949530480355,-1.3475968213905272,0.4276877050822104,0.31521108613587095
2020-05-24 11:30:00,2.06112445463478,24898.628571,69591.178571,152251013.179,1.3359650867009294,2.0498688020105216,2.326485344146224,11,30,6,145,5,0.3815949530480355,-1.3475968213905272,0.4276877050822104,0.31521108613587095
2020-05-24 11:45:00,2.061460851271811,24897.8267864,76075.660715,152257497.66,1.4595021946977746,2.002388822963708,1.9980221199838535,11,45,6,145,5,0.3815949530480355,-1.3475968213905272,0.4276877050822104,0.31521108613587095
2020-05-24 12:00:00,2.136955815728754,25558.042857,82029.928572,152263451.928,1.425612710587081,2.0599819710314806,2.352892897156947,12,0,6,145,5,0.016045582881512508,-1.3958644610274267,0.4276877050822104,0.31521108613587095
2020-05-24 12:15:00,2.297889123452022,26957.596427,88699.303571,152270121.304,1.6777108584833964,2.2161770748370646,2.3816611352852735,12,15,6,145,5,0.016045582881512508,-1.3958644610274267,0.4276877050822104,0.31521108613587095
2020-05-24 12:30:00,2.0727289402933375,24999.141072,95180.464286,152276602.464,1.6774285188351774,2.22395573132816,2.2948308651484535,12,30,6,145,5,0.016045582881512508,-1.3958644610274267,0.4276877050822104,0.31521108613587095
2020-05-24 12:45:00,2.172499722012644,25867.558929,101515.589286,152282937.589,1.793067317209283,2.295072313765787,2.2730090572324992,12,45,6,145,5,0.016045582881512508,-1.3958644610274267,0.4276877050822104,0.31521108613587095
2020-05-24 13:00:00,2.200169326342158,26105.680358,108065.767858,152289487.767,1.8656544996879807,2.3260560777893042,2.2640149198530186,13,0,6,145,5,-0.34950378728501047,-1.3475968213905272,0.4276877050822104,0.31521108613587095
2020-05-24 13:15:00,2.128631792098613,25481.630355,114542.32143,152295964.32,1.9566152332853777,2.2650589272475066,2.199589726804491,13,15,6,145,5,-0.34950378728501047,-1.3475968213905272,0.4276877050822104,0.31521108613587095
2020-05-24 13:30:00,1.5533105108808187,20462.8678573,120442.339285,152301864.34,2.022664383940522,2.3129839407313715,1.7924574317174842,13,30,6,145,5,-0.34950378728501047,-1.3475968213905272,0.4276877050822104,0.31521108613587095
2020-05-24 13:45:00,2.0868076895016787,25119.146429,126030.0,152307452.0,2.090112225952428,1.9981690914070127,1.968053317343359,13,45,6,145,5,-0.34950378728501047,-1.3475968213905272,0.4276877050822104,0.31521108613587095
2020-05-24 14:00:00,1.4131628075179559,19252.7482145,131590.285715,152313012.285,2.191354955331659,2.1262037953201487,1.9222347684967378,14,0,6,145,5,-0.6901415719735813,-1.2060832623550382,0.4276877050822104,0.31521108613587095
2020-05-24 14:15:00,1.8811278844034847,23340.076786,136840.75,152318262.75,2.1550144109053897,2.055934448166004,1.9187930539642282,14,15,6,145,5,-0.6901415719735813,-1.2060832623550382,0.4276877050822104,0.31521108613587095
2020-05-24 14:30:00,1.2119376713150596,17492.4910711,142179.589287,152323601.588,2.2211640801701757,1.8889995041996446,1.3841315934933631,14,30,6,145,5,-0.6901415719735813,-1.2060832623550382,0.4276877050822104,0.31521108613587095
2020-05-24 14:45:00,1.4934361129024776,19968.4500003,146575.571428,152327997.572,2.1166721977776417,1.60536304684526,1.4217926979575999,14,45,6,145,5,-0.6901415719735813,-1.2060832623550382,0.4276877050822104,0.31521108613587095
2020-05-24 15:00:00,1.3635007863500053,18834.0464288,151334.571427,152332756.573,2.214347914042764,1.6449287017998024,1.4426239785164203,15,0,6,145,5,-0.98265386908823,-0.980967699107014,0.4276877050822104,0.31521108613587095
2020-05-24 15:15:00,0.6793775119251777,12838.7535714,155515.410713,152336937.412,2.2140529758221685,1.7243799523306014,0.7713889004707591,15,15,6,145,5,-0.98265386908823,-0.980967699107014,0.4276877050822104,0.31521108613587095
2020-05-24 15:30:00,0.1695895251948791,8368.8749999,158149.214284,152339571.216,2.078219212575261,1.053081399659308,0.003945491318530093,15,30,6,145,5,-0.98265386908823,-0.980967699107014,0.4276877050822104,0.31521108613587095
2020-05-24 15:45:00,-0.030317262875575415,6605.6249999,160057.428572,152341479.428,1.94769354485162,0.6425227144989699,-0.07412927403576741,15,45,6,145,5,-0.98265386908823,-0.980967699107014,0.4276877050822104,0.31521108613587095
2020-05-24 16:00:00,0.24864786675981798,9055.8803571,161748.964285,152343170.965,1.9226026981929474,0.5270801063580736,0.16079656403740755,16,0,6,145,5,-1.2071064489800205,-0.6875913852607494,0.4276877050822104,0.31521108613587095
2020-05-24 16:15:00,0.20084099658448004,8637.1285714,164309.517858,152345731.517,2.0701744398476327,0.8281194961473125,0.1681644791937692,16,15,6,145,5,-1.2071064489800205,-0.6875913852607494,0.4276877050822104,0.31521108613587095
2020-05-24 16:30:00,0.07598978982780673,7539.7107141999995,166298.5,152347720.5,1.9511726688204847,0.6447994872627618,0.016434567781639046,16,30,6,145,5,-1.2071064489800205,-0.6875913852607494,0.4276877050822104,0.31521108613587095
2020-05-24 16:45:00,0.20891749430218995,8716.7785715,168173.160714,152349595.161,1.921966263445457,0.566786141993762,0.21319918865790247,16,45,6,145,5,-1.2071064489800205,-0.6875913852607494,0.4276877050822104,0.31521108613587095
2020-05-24 17:00:00,0.19995944693143142,8647.9589286,170384.446429,152351806.446,1.9584475170017708,0.663855611283033,0.1847644794379948,17,0,6,145,5,-1.3482032392547534,-0.3459474317775844,0.4276877050822104,0.31521108613587095
2020-05-24 17:15:00,-0.13569544776746797,5678.1732142,172188.410713,152353610.412,1.8627037636055594,0.50254412236252,-0.12079938344494193,17,15,6,145,5,-1.3482032392547534,-0.3459474317775844,0.4276877050822104,0.31521108613587095
2020-05-24 17:30:00,-0.3535946758475957,3749.5839284999997,173353.839285,152354775.84,1.6979887778367302,0.24782078528484752,-0.3229933870664717,17,30,6,145,5,-1.3482032392547534,-0.3459474317775844,0.4276877050822104,0.31521108613587095
2020-05-24 17:45:00,-0.5127537506230638,2333.3339285,174105.732142,152355527.733,1.5387083084895434,0.05904932377667028,-0.4816451519736809,17,45,6,145,5,-1.3482032392547534,-0.3459474317775844,0.4276877050822104,0.31521108613587095
2020-05-24 18:00:00,-0.6301006518006835,1303.60535714,174560.125,152355982.125,1.3672702261962912,-0.10014236864269899,-0.6187928706754982,18,0,6,145,5,-1.3963287268286755,0.02068169050592892,0.4276877050822104,0.31521108613587095
2020-05-24 18:15:00,-0.6886378141015312,793.00357142,174817.999999,152356240.001,1.1971714097548558,-0.21298971505782568,-0.6788314506809197,18,15,6,145,5,-1.3963287268286755,0.02068169050592892,0.4276877050822104,0.31521108613587095
2020-05-24 18:30:00,-0.743272419391942,318.42321428,174961.232144,152356383.231,1.0661092322292935,-0.2933929640446855,-0.7295063849545437,18,30,6,145,5,-1.3963287268286755,0.02068169050592892,0.4276877050822104,0.31521108613587095
2020-05-24 18:45:00,-0.7800000755197538,0.0,174989.0,152356411.0,0.9257845278774561,-0.3556464949825672,-0.7618190335497381,18,45,6,145,5,-1.3963287268286755,0.02068169050592892,0.4276877050822104,0.31521108613587095
2020-05-24 19:00:00,-0.7800000755197538,0.0,174989.0,152356411.0,0.8160969942348606,-0.40320061273631197,-0.7659021283190262,19,0,6,145,5,-1.3482032392547536,0.38731081278944235,0.4276877050822104,0.31521108613587095
2020-05-24 19:15:00,-0.7800000755197538,0.0,174989.0,152356411.0,0.7073448763858186,-0.42587218865459603,-0.7659021283190262,19,15,6,145,5,-1.3482032392547536,0.38731081278944235,0.4276877050822104,0.31521108613587095
2020-05-24 19:30:00,-0.7800000755197538,0.0,174989.0,152356411.0,0.6006938874603723,-0.44146348306557937,-0.7659021283190262,19,30,6,145,5,-1.3482032392547536,0.38731081278944235,0.4276877050822104,0.31521108613587095
2020-05-24 19:45:00,-0.7800000755197538,0.0,174989.0,152356411.0,0.510570764172283,-0.45730369638624757,-0.7659021283190262,19,45,6,145,5,-1.3482032392547536,0.38731081278944235,0.4276877050822104,0.31521108613587095
2020-05-24 20:00:00,-0.7800000755197538,0.0,174989.0,152356411.0,0.4378206840330812,-0.4490151029362515,-0.7659021283190262,20,0,6,145,5,-1.207106448980021,0.7289547662726072,0.4276877050822104,0.31521108613587095
2020-05-24 20:15:00,-0.7800000755197538,0.0,174989.0,152356411.0,0.3415037143973597,-0.4850317609017787,-0.7659021283190262,20,15,6,145,5,-1.207106448980021,0.7289547662726072,0.4276877050822104,0.31521108613587095
2020-05-24 20:30:00,-0.7800000755197538,0.0,174989.0,152356411.0,0.28967499278914755,-0.49435448564200024,-0.7659021283190262,20,30,6,145,5,-1.207106448980021,0.7289547662726072,0.4276877050822104,0.31521108613587095
2020-05-24 20:45:00,-0.7800000755197538,0.0,174989.0,152356411.0,0.25437191259272346,-0.4971039810304134,-0.7659021283190262,20,45,6,145,5,-1.207106448980021,0.7289547662726072,0.4276877050822104,0.31521108613587095
2020-05-24 21:00:00,-0.7800000755197538,0.0,174989.0,152356411.0,0.22840010605932712,-0.5335416773493968,-0.7659021283190262,21,0,6,145,5,-0.9826538690882308,1.0223310801188716,0.4276877050822104,0.31521108613587095
2020-05-24 21:15:00,-0.7800000755197538,0.0,174989.0,152356411.0,0.04229788723706672,-0.6239304063297771,-0.7659021283190262,21,15,6,145,5,-0.9826538690882308,1.0223310801188716,0.4276877050822104,0.31521108613587095
2020-05-24 21:30:00,-0.7800000755197538,0.0,174989.0,152356411.0,-0.1656853762938451,-0.6699469897845021,-0.7659021283190262,21,30,6,145,5,-0.9826538690882308,1.0223310801188716,0.4276877050822104,0.31521108613587095
2020-05-24 21:45:00,-0.7800000755197538,0.0,174989.0,152356411.0,-0.24146690396659543,-0.6751316169793204,-0.7659021283190262,21,45,6,145,5,-0.9826538690882308,1.0223310801188716,0.4276877050822104,0.31521108613587095
2020-05-24 22:00:00,-0.7800000755197538,0.0,174989.0,152356411.0,-0.3015625079100065,-0.6757760346594321,-0.7659021283190262,22,0,6,145,5,-0.6901415719735823,1.2474466433668958,0.4276877050822104,0.31521108613587095
2020-05-24 22:15:00,-0.7800000755197538,0.0,174989.0,152356411.0,-0.3241055283525476,-0.6676007380674734,-0.7659021283190262,22,15,6,145,5,-0.6901415719735823,1.2474466433668958,0.4276877050822104,0.31521108613587095
2020-05-24 22:30:00,-0.7800000755197538,0.0,174989.0,152356411.0,-0.35568836294780043,-0.6714762859145106,-0.7659021283190262,22,30,6,145,5,-0.6901415719735823,1.2474466433668958,0.4276877050822104,0.31521108613587095
2020-05-24 22:45:00,-0.7800000755197538,0.0,174989.0,152356411.0,-0.42533283858348914,-0.6662332538564549,-0.7659021283190262,22,45,6,145,5,-0.6901415719735823,1.2474466433668958,0.4276877050822104,0.31521108613587095
2020-05-24 23:00:00,-0.7800000755197538,0.0,174989.0,152356411.0,-0.4520437300235254,-0.6739902080344701,-0.7659021283190262,23,0,6,145,5,-0.3495037872850116,1.3889602024023853,0.4276877050822104,0.31521108613587095
2020-05-24 23:15:00,-0.7800000755197538,0.0,174989.0,152356411.0,-0.48968356333909707,-0.6923579446380711,-0.7659021283190262,23,15,6,145,5,-0.3495037872850116,1.3889602024023853,0.4276877050822104,0.31521108613587095
2020-05-24 23:30:00,-0.7800000755197538,0.0,174989.0,152356411.0,-0.49136065493973047,-0.6926377035404373,-0.7659021283190262,23,30,6,145,5,-0.3495037872850116,1.3889602024023853,0.4276877050822104,0.31521108613587095
2020-05-24 23:45:00,-0.7800000755197538,0.0,161031.857143,152356411.0,-0.6018328392211659,-0.7055582651024597,-0.7659021283190262,23,45,6,145,5,-0.3495037872850116,1.3889602024023853,0.4276877050822104,0.31521108613587095
2020-05-25 00:00:00,-0.7800000755197538,0.0,5213.678572,152356411.0,-0.6734616464184304,-0.722932532441991,-0.7659021283190262,0,0,0,146,5,0.016045582881512335,1.437227842039285,0.28797744955114046,0.16480016706097747
2020-05-25 00:15:00,-0.7800000755197538,0.0,0.0,152356411.0,-0.6587011778203034,-0.7243460550046948,-0.7659021283190262,0,15,0,146,5,0.016045582881512335,1.437227842039285,0.28797744955114046,0.16480016706097747
2020-05-25 00:30:00,-0.7800000755197538,0.0,0.0,152356411.0,-0.5973040661345426,-0.7129025850000013,-0.7659021283190262,0,30,0,146,5,0.016045582881512335,1.437227842039285,0.28797744955114046,0.16480016706097747
2020-05-25 00:45:00,-0.7800000755197538,0.0,0.0,152356411.0,-0.5888776896337655,-0.7069062815194945,-0.7659021283190262,0,45,0,146,5,0.016045582881512335,1.437227842039285,0.28797744955114046,0.16480016706097747
2020-05-25 01:00:00,-0.7800000755197538,0.0,0.0,152356411.0,-0.5918972477682993,-0.7084354754408069,-0.7659021283190262,1,0,0,146,5,0.38159495304803503,1.3889602024023857,0.28797744955114046,0.16480016706097747
2020-05-25 01:15:00,-0.7800000755197538,0.0,0.0,152356411.0,-0.5834313079894753,-0.7085137717456651,-0.7659021283190262,1,15,0,146,5,0.38159495304803503,1.3889602024023857,0.28797744955114046,0.16480016706097747
2020-05-25 01:30:00,-0.7800000755197538,0.0,0.0,152356411.0,-0.6041641486288118,-0.7214558952689725,-0.7659021283190262,1,30,0,146,5,0.38159495304803503,1.3889602024023857,0.28797744955114046,0.16480016706097747
2020-05-25 01:45:00,-0.7800000755197538,0.0,0.0,152356411.0,-0.6098673061016859,-0.724246066755754,-0.7659021283190262,1,45,0,146,5,0.38159495304803503,1.3889602024023857,0.28797744955114046,0.16480016706097747
2020-05-25 02:00:00,-0.7800000755197538,0.0,0.0,152356411.0,-0.6110500675983829,-0.7209377342132719,-0.7659021283190262,2,0,0,146,5,0.7222327377366062,1.2474466433668963,0.28797744955114046,0.16480016706097747
2020-05-25 02:15:00,-0.7800000755197538,0.0,0.0,152356411.0,-0.6172980757190728,-0.7244650392582049,-0.7659021283190262,2,15,0,146,5,0.7222327377366062,1.2474466433668963,0.28797744955114046,0.16480016706097747
2020-05-25 02:30:00,-0.7800000755197538,0.0,0.0,152356411.0,-0.6349765805229487,-0.7235992642060727,-0.7659021283190262,2,30,0,146,5,0.7222327377366062,1.2474466433668963,0.28797744955114046,0.16480016706097747
2020-05-25 02:45:00,-0.7800000755197538,0.0,0.0,152356411.0,-0.66195031202977,-0.7297299136108154,-0.7659021283190262,2,45,0,146,5,0.7222327377366062,1.2474466433668963,0.28797744955114046,0.16480016706097747
2020-05-25 03:00:00,-0.7800000755197538,0.0,0.0,152356411.0,-0.6703301678319348,-0.7391500758264389,-0.7659021283190262,3,0,0,146,5,1.0147450348512552,1.0223310801188719,0.28797744955114046,0.16480016706097747
2020-05-25 03:15:00,-0.7800000755197538,0.0,0.0,152356411.0,-0.6652935782591468,-0.7428049247328362,-0.7659021283190262,3,15,0,146,5,1.0147450348512552,1.0223310801188719,0.28797744955114046,0.16480016706097747
2020-05-25 03:30:00,-0.7800000755197538,0.0,0.0,152356411.0,-0.6617087203014773,-0.7448995556755243,-0.7659021283190262,3,30,0,146,5,1.0147450348512552,1.0223310801188719,0.28797744955114046,0.16480016706097747
2020-05-25 03:45:00,-0.7800000755197538,0.0,0.0,152356411.0,-0.6691917807099015,-0.7490381061239536,-0.7659021283190262,3,45,0,146,5,1.0147450348512552,1.0223310801188719,0.28797744955114046,0.16480016706097747
2020-05-25 04:00:00,-0.7800000755197538,0.0,0.0,152356411.0,-0.688136106255255,-0.7515195855003802,-0.7659021283190262,4,0,0,146,5,1.2391976147430457,0.7289547662726072,0.28797744955114046,0.16480016706097747
2020-05-25 04:15:00,-0.7800000755197538,0.0,0.0,152356411.0,-0.7123742740136242,-0.7589648683326868,-0.7659021283190262,4,15,0,146,5,1.2391976147430457,0.7289547662726072,0.28797744955114046,0.16480016706097747
2020-05-25 04:30:00,-0.7800000755197538,0.0,0.0,152356411.0,-0.7016588497341952,-0.750984166728582,-0.7659021283190262,4,30,0,146,5,1.2391976147430457,0.7289547662726072,0.28797744955114046,0.16480016706097747
2020-05-25 04:45:00,-0.7800000755197538,0.0,0.0,152356411.0,-0.6935876965630502,-0.751884755691927,-0.7659021283190262,4,45,0,146,5,1.2391976147430457,0.7289547662726072,0.28797744955114046,0.16480016706097747
2020-05-25 05:00:00,-0.7800000755197538,0.0,0.0,152356411.0,-0.7202056406250557,-0.7972677918797912,-0.7659021283190262,5,0,0,146,5,1.3802944050177781,0.38731081278944296,0.28797744955114046,0.16480016706097747
2020-05-25 05:15:00,-0.7800000755197538,0.0,0.0,152356411.0,-0.7697556377624352,-0.8268568478877081,-0.7659021283190262,5,15,0,146,5,1.3802944050177781,0.38731081278944296,0.28797744955114046,0.16480016706097747
2020-05-25 05:30:00,-0.7800000755197538,0.0,0.0,26540040.0,-0.8027593468723901,-0.8432547392565832,-0.7659021283190262,5,30,0,146,5,1.3802944050177781,0.38731081278944296,0.28797744955114046,0.16480016706097747
2020-05-25 06:00:00,-0.7800000755197538,0.0,0.0,69738627.0,-0.8482243834794263,-0.8410092948254018,-0.7198678413085234,6,0,0,146,5,1.4284198925917004,0.020681690505929266,0.28797744955114046,0.16480016706097747
2020-05-25 06:15:00,-0.6795865221061606,872.13928571,65.642857145,152356476.645,-0.8165878246619912,-0.8072277663598476,-0.6590056331034767,6,15,0,146,5,1.4284198925917004,0.020681690505929266,0.28797744955114046,0.16480016706097747
2020-05-25 06:30:00,-0.6030626854747644,1540.54464288,361.19642857,152356772.198,-0.7331303656003458,-0.7586425843173946,-0.6026528276200361,6,30,0,146,5,1.4284198925917004,0.020681690505929266,0.28797744955114046,0.16480016706097747
2020-05-25 06:45:00,-0.49179736342177216,2517.5374999,861.17857143,152357272.178,-0.6757869103917191,-0.7049481688061493,-0.4974776662972799,6,45,0,146,5,1.4284198925917004,0.020681690505929266,0.28797744955114046,0.16480016706097747
2020-05-25 07:00:00,-0.3573218772705525,3717.3017855,1624.10714285,152358035.105,-0.5987277800289917,-0.6421823212242971,-0.2864114207017227,7,0,0,146,5,1.3802944050177781,-0.3459474317775844,0.28797744955114046,0.16480016706097747
2020-05-25 07:15:00,-0.18226369495493322,5265.1928571,2743.6964285,152359154.696,-0.5389403334052585,-0.4830583279937009,-0.10907372120225801,7,15,0,146,5,1.3802944050177781,-0.3459474317775844,0.28797744955114046,0.16480016706097747
2020-05-25 07:30:00,-0.10713554584459706,5931.2000001,4176.8571431,152360587.859,-0.45130577334724914,-0.2722648031286447,-0.11146379094265431,7,30,0,146,5,1.3802944050177781,-0.3459474317775844,0.28797744955114046,0.16480016706097747
2020-05-25 07:45:00,0.10595353070903965,7812.4,5817.375,152362228.375,-0.4135270736778921,-0.14175727980412453,0.14136010152842243,7,45,0,146,5,1.3802944050177781,-0.3459474317775844,0.28797744955114046,0.16480016706097747
2020-05-25 08:00:00,0.07344653700517066,7521.6,7840.8571429,152364251.855,-0.3449292949571813,-0.004760744130585707,0.014977815161319633,8,0,0,146,5,1.239197614743046,-0.6875913852607484,0.28797744955114046,0.16480016706097747
2020-05-25 08:15:00,0.6657498758699901,12724.5,10310.875,152366722.375,-0.2764601533016361,0.2456421047246253,0.66808362171682,8,15,0,146,5,1.239197614743046,-0.6875913852607484,0.28797744955114046,0.16480016706097747
2020-05-25 08:30:00,0.8549074843366847,14383.3000001,13688.1428572,152370099.143,-0.050168045349577264,0.6551385637943125,0.8621256670532131,8,30,0,146,5,1.239197614743046,-0.6875913852607484,0.28797744955114046,0.16480016706097747
2020-05-25 08:45:00,1.0383861157943757,15990.9875,17504.0,152373915.0,0.1342552619290228,0.8920697840162432,1.03077620163853,8,45,0,146,5,1.239197614743046,-0.6875913852607484,0.28797744955114046,0.16480016706097747
2020-05-25 09:00:00,1.2425682406629646,17778.8428572,21738.2857132,152378149.286,0.2986723478725515,1.0667295434509232,1.2282066352751668,9,0,0,146,5,1.0147450348512554,-0.9809676991070133,0.28797744955114046,0.16480016706097747
2020-05-25 09:15:00,1.405196652646824,19201.7375,26377.5,152382788.5,0.5086139238238725,1.2855238546694554,1.3966535994421019,9,15,0,146,5,1.0147450348512554,-0.9809676991070133,0.28797744955114046,0.16480016706097747
2020-05-25 09:30:00,1.549592454993359,20464.1857142,31344.285713999998,152387755.286,0.637966080196666,1.3591628203295132,1.5395863611908236,9,30,0,146,5,1.0147450348512554,-0.9809676991070133,0.28797744955114046,0.16480016706097747
2020-05-25 09:45:00,1.6925124470501292,21712.8857146,36562.035715,152392973.035,0.7443786619583301,1.5016710176955905,1.6952982599278004,9,45,0,146,5,1.0147450348512554,-0.9809676991070133,0.28797744955114046,0.16480016706097747
2020-05-25 10:00:00,1.7909921185961948,22572.0428593,42129.035714,152398540.036,0.7822944792244103,1.626225595505272,1.8223548379113084,10,0,0,146,5,0.7222327377366062,-1.206083262355038,0.28797744955114046,0.16480016706097747
2020-05-25 10:15:00,1.7904706244812583,22560.1714283,47713.553572000004,152404124.553,0.9325094201685364,1.6850723402634555,1.9246992104701302,10,15,0,146,5,0.7222327377366062,-1.206083262355038,0.28797744955114046,0.16480016706097747
2020-05-25 10:30:00,1.958093291498243,24013.687498,53514.767857,152409925.768,1.0312847285488034,1.8305682244584263,2.0169812280591253,10,30,0,146,5,0.7222327377366062,-1.206083262355038,0.28797744955114046,0.16480016706097747
2020-05-25 10:45:00,2.0688534224155597,24964.317858,59612.982142,152416023.983,1.1082435269971518,2.037582626493244,2.1104089458086723,10,45,0,146,5,0.7222327377366062,-1.206083262355038,0.28797744955114046,0.16480016706097747
2020-05-25 11:00:00,2.1293964379776864,25487.848213,65957.571429,152422368.571,1.2609821258512879,2.1405565884503885,2.1795985690615263,11,0,0,146,5,0.3815949530480355,-1.3475968213905272,0.28797744955114046,0.16480016706097747
2020-05-25 11:15:00,2.174697035034163,25881.605357,72343.839287,152428754.838,1.4314212165700557,2.2006373010152043,2.230118302746052,11,15,0,146,5,0.3815949530480355,-1.3475968213905272,0.28797744955114046,0.16480016706097747
2020-05-25 11:30:00,2.2269820341581843,26336.675,78906.392857,152435317.393,1.4454362633676743,2.235941038514492,2.2918555457572998,11,30,0,146,5,0.3815949530480355,-1.3475968213905272,0.28797744955114046,0.16480016706097747
2020-05-25 11:45:00,2.277791620342688,26779.523216,85510.214288,152441921.212,1.5937741862615402,2.0455239740462408,2.326727375381771,11,45,0,146,5,0.3815949530480355,-1.3475968213905272,0.28797744955114046,0.16480016706097747
2020-05-25 12:00:00,2.281602523630324,26812.625,92260.589286,152448671.589,1.6036798984136376,2.110207298237778,2.3474676786540143,12,0,0,146,5,0.016045582881512508,-1.3958644610274267,0.28797744955114046,0.16480016706097747
2020-05-25 12:15:00,2.3043198229767237,27011.314287,98966.285714,152455377.28599998,1.723976163351048,2.054991154483872,2.364758278819018,12,15,0,146,5,0.016045582881512508,-1.3958644610274267,0.28797744955114046,0.16480016706097747
2020-05-25 12:30:00,2.297648158455855,26952.95,105721.375,152462132.375,1.802441237980015,2.0867183601196175,2.3519541740404044,12,30,0,146,5,0.016045582881512508,-1.3958644610274267,0.28797744955114046,0.16480016706097747
2020-05-25 12:45:00,2.2689274143656433,26702.37143,112448.571431,152468859.569,1.8210397864387589,2.2489741951755726,2.3306316787708776,12,45,0,146,5,0.016045582881512508,-1.3958644610274267,0.28797744955114046,0.16480016706097747
2020-05-25 13:00:00,2.230872463497752,26370.9375,119121.375,152475532.375,1.939720491310496,2.198426827625439,2.2832879402087243,13,0,0,146,5,-0.34950378728501047,-1.3475968213905272,0.28797744955114046,0.16480016706097747
2020-05-25 13:15:00,2.14166642657037,25592.466666,125704.452382,152482115.452,2.0711959181277457,2.257991901763669,2.179172808440652,13,15,0,146,5,-0.34950378728501047,-1.3475968213905272,0.28797744955114046,0.16480016706097747
2020-05-25 13:30:00,2.012719745176553,24488.328571,131937.428572,152488348.428,2.1211464961415927,2.2105789460691434,2.026881198851115,13,30,0,146,5,-0.34950378728501047,-1.3475968213905272,0.28797744955114046,0.16480016706097747
2020-05-25 13:45:00,2.069805948972259,24972.653573,138115.446428,152494526.447,2.13526150414933,2.1425482448726774,2.0704629983821534,13,45,0,146,5,-0.34950378728501047,-1.3475968213905272,0.28797744955114046,0.16480016706097747
2020-05-25 14:00:00,2.0082267049998874,24446.066071,144251.642857,152500662.643,2.0906103584613147,2.0978143546280696,2.010391109783235,14,0,0,146,5,-0.6901415719735813,-1.2060832623550382,0.28797744955114046,0.16480016706097747
2020-05-25 14:15:00,1.8004006823877463,22654.5428563,150186.910712,152506597.913,2.1517836480469943,2.1265207030099127,1.8142094677811713,14,15,0,146,5,-0.6901415719735813,-1.2060832623550382,0.28797744955114046,0.16480016706097747
2020-05-25 14:30:00,1.6992286464629158,21769.6732142,155770.910715,152512181.91,2.2124083168150626,1.9307133200497069,1.6311312967510068,14,30,0,146,5,-0.6901415719735813,-1.2060832623550382,0.28797744955114046,0.16480016706097747
2020-05-25 14:45:00,1.51674449207955,20173.346427700002,160924.821429,152517335.821,2.3086957026389223,1.8008341913406214,1.6864820177090256,14,45,0,146,5,-0.6901415719735813,-1.2060832623550382,0.28797744955114046,0.16480016706097747
2020-05-25 15:00:00,1.6938866625894955,21724.958929,166105.428573,152522516.427,2.3892933636716216,1.9997146994523596,1.6690933543716922,15,0,0,146,5,-0.98265386908823,-0.980967699107014,0.28797744955114046,0.16480016706097747
2020-05-25 15:15:00,1.3951653971509126,19113.1696429,171285.035715,152527696.035,2.347080643462253,1.7916159631415973,1.418935656780281,15,15,0,146,5,-0.98265386908823,-0.980967699107014,0.28797744955114046,0.16480016706097747
2020-05-25 15:30:00,1.1535633392153901,16997.9160714,175643.750001,152532055.463,2.3598096956850103,1.4085590268920585,0.8628293932114023,15,30,0,146,5,-0.98265386908823,-0.980967699107014,0.28797744955114046,0.16480016706097747
2020-05-25 15:45:00,1.3040808815125668,18316.8732143,180232.678572,152536643.678,2.4589280989185136,1.481626199334887,1.2643957840979974,15,45,0,146,5,-0.98265386908823,-0.980967699107014,0.28797744955114046,0.16480016706097747
2020-05-25 16:00:00,1.0981372479079077,16513.4857141,184645.857142,152541056.858,2.4804187624904266,1.5679214811570854,1.0126742117224166,16,0,0,146,5,-1.2071064489800205,-0.6875913852607494,0.28797744955114046,0.16480016706097747
2020-05-25 16:15:00,0.2789126148882593,9337.3,187745.25,152544156.25,2.3688444139972527,1.113348880469999,0.22142007501074,16,15,0,146,5,-1.2071064489800205,-0.6875913852607494,0.28797744955114046,0.16480016706097747
2020-05-25 16:30:00,-0.296058352714135,4258.7714285,189547.285714,152545958.286,2.198205588896641,0.5644498978412112,-0.3345311123671695,16,30,0,146,5,-1.2071064489800205,-0.6875913852607494,0.28797744955114046,0.16480016706097747
2020-05-25 16:45:00,-0.454940874586588,2840.975,190373.875,152546784.875,1.9573637805526143,0.22743399995815752,-0.48266288386065814,16,45,0,146,5,-1.2071064489800205,-0.6875913852607494,0.28797744955114046,0.16480016706097747
2020-05-25 17:00:00,-0.5027139460200661,2421.2142857,191030.142857,152547441.143,1.895910065280942,0.10740940820134963,-0.5222320365590747,17,0,0,146,5,-1.3482032392547534,-0.3459474317775844,0.28797744955114046,0.16480016706097747
2020-05-25 17:15:00,-0.5415554126623369,2080.525,191606.875,152548017.875,1.845591649247501,0.0534724359014129,-0.5483267320392703,17,15,0,146,5,-1.3482032392547534,-0.3459474317775844,0.28797744955114046,0.16480016706097747
2020-05-25 17:30:00,-0.6089436593626643,1488.67142856,192059.142854,152548470.146,1.7800170766061651,0.006119611508311705,-0.6026308711890461,17,30,0,146,5,-1.3482032392547534,-0.3459474317775844,0.28797744955114046,0.16480016706097747
2020-05-25 17:45:00,-0.6606073588776357,1037.15535715,192355.767857,152548766.768,1.4088511938141735,-0.07785144901466443,-0.6473477912798147,17,45,0,146,5,-1.3482032392547534,-0.3459474317775844,0.28797744955114046,0.16480016706097747
2020-05-25 18:00:00,-0.6744576687076921,916.44821431,192615.249999,152549026.251,0.9854876204777525,-0.22928477707227232,-0.6613691772276843,18,0,0,146,5,-1.3963287268286755,0.02068169050592892,0.28797744955114046,0.16480016706097747
2020-05-25 18:15:00,-0.7247376096650617,479.23035714,192790.625,152549201.625,0.8075478662706402,-0.3475960463125598,-0.7124506179214396,18,15,0,146,5,-1.3963287268286755,0.02068169050592892,0.28797744955114046,0.16480016706097747
2020-05-25 18:30:00,-0.7716947407259183,71.964285715,192859.160716,152549270.159,0.5582064364420778,-0.440719551888512,-0.7536388293932461,18,30,0,146,5,-1.3963287268286755,0.02068169050592892,0.28797744955114046,0.16480016706097747
2020-05-25 18:45:00,-0.7800000755197538,0.0,192862.0,152549273.0,0.3484737147346971,-0.5212239141606094,-0.7657413221016687,18,45,0,146,5,-1.3963287268286755,0.02068169050592892,0.28797744955114046,0.16480016706097747
2020-05-25 19:00:00,-0.7800000755197538,0.0,192862.0,152549273.0,0.2631620359349001,-0.5459542268829579,-0.7659021283190262,19,0,0,146,5,-1.3482032392547536,0.38731081278944235,0.28797744955114046,0.16480016706097747
2020-05-25 19:15:00,-0.7800000755197538,0.0,192862.0,152549273.0,0.2516369317632911,-0.5657365870146702,-0.7659021283190262,19,15,0,146,5,-1.3482032392547536,0.38731081278944235,0.28797744955114046,0.16480016706097747
2020-05-25 19:30:00,-0.7800000755197538,0.0,192862.0,152549273.0,0.17431844004406433,-0.6224241590013209,-0.7659021283190262,19,30,0,146,5,-1.3482032392547536,0.38731081278944235,0.28797744955114046,0.16480016706097747
2020-05-25 19:45:00,-0.7800000755197538,0.0,192862.0,152549273.0,0.0641798399025351,-0.6733867738194567,-0.7659021283190262,19,45,0,146,5,-1.3482032392547536,0.38731081278944235,0.28797744955114046,0.16480016706097747
2020-05-25 20:00:00,-0.7800000755197538,0.0,192862.0,152549273.0,0.020171465855880755,-0.717023717383183,-0.7659021283190262,20,0,0,146,5,-1.207106448980021,0.7289547662726072,0.28797744955114046,0.16480016706097747
2020-05-25 20:15:00,-0.7800000755197538,0.0,192862.0,152549273.0,0.00402167558552544,-0.6872462255722995,-0.7659021283190262,20,15,0,146,5,-1.207106448980021,0.7289547662726072,0.28797744955114046,0.16480016706097747
2020-05-25 20:30:00,-0.7800000755197538,0.0,192862.0,152549273.0,0.12398390912027545,-0.5988061216719774,-0.7659021283190262,20,30,0,146,5,-1.207106448980021,0.7289547662726072,0.28797744955114046,0.16480016706097747
2020-05-25 20:45:00,-0.7800000755197538,0.0,192862.0,152549273.0,0.21390819389515406,-0.5292515925107293,-0.7659021283190262,20,45,0,146,5,-1.207106448980021,0.7289547662726072,0.28797744955114046,0.16480016706097747
2020-05-25 21:00:00,-0.7800000755197538,0.0,192862.0,152549273.0,0.23642771088160786,-0.5062613687626034,-0.7659021283190262,21,0,0,146,5,-0.9826538690882308,1.0223310801188716,0.28797744955114046,0.16480016706097747
2020-05-25 21:15:00,-0.7800000755197538,0.0,192862.0,152549273.0,0.2345919095041219,-0.4959108722609009,-0.7659021283190262,21,15,0,146,5,-0.9826538690882308,1.0223310801188716,0.28797744955114046,0.16480016706097747
2020-05-25 21:30:00,-0.7800000755197538,0.0,192862.0,152549273.0,-0.24021881793191144,-0.5292468486940867,-0.7659021283190262,21,30,0,146,5,-0.9826538690882308,1.0223310801188716,0.28797744955114046,0.16480016706097747
2020-05-25 21:45:00,-0.7800000755197538,0.0,192862.0,152549273.0,-0.7557520236991548,-0.6792672815133779,-0.7659021283190262,21,45,0,146,5,-0.9826538690882308,1.0223310801188716,0.28797744955114046,0.16480016706097747
2020-05-25 22:00:00,-0.7800000755197538,0.0,192862.0,152549273.0,-0.962084108663226,-0.7696797503149704,-0.7659021283190262,22,0,0,146,5,-0.6901415719735823,1.2474466433668958,0.28797744955114046,0.16480016706097747
2020-05-25 22:15:00,-0.7800000755197538,0.0,192862.0,152549273.0,-0.9780135367399472,-0.7961099532574085,-0.7659021283190262,22,15,0,146,5,-0.6901415719735823,1.2474466433668958,0.28797744955114046,0.16480016706097747
2020-05-25 22:30:00,-0.7800000755197538,0.0,192862.0,152549273.0,-0.9671195888094892,-0.8043683055243668,-0.7659021283190262,22,30,0,146,5,-0.6901415719735823,1.2474466433668958,0.28797744955114046,0.16480016706097747
2020-05-25 22:45:00,-0.7800000755197538,0.0,192862.0,152549273.0,-0.9491019567624814,-0.8403481017015507,-0.7659021283190262,22,45,0,146,5,-0.6901415719735823,1.2474466433668958,0.28797744955114046,0.16480016706097747
2020-05-25 23:00:00,-0.7800000755197538,0.0,192862.0,152549273.0,-0.951386397600485,-0.8894684358844215,-0.7659021283190262,23,0,0,146,5,-0.3495037872850116,1.3889602024023853,0.28797744955114046,0.16480016706097747
2020-05-25 23:15:00,-0.7800000755197538,0.0,192862.0,152549273.0,-0.9624265077744053,-0.9151265091593852,-0.7659021283190262,23,15,0,146,5,-0.3495037872850116,1.3889602024023853,0.28797744955114046,0.16480016706097747
2020-05-25 23:30:00,-0.7800000755197538,0.0,192862.0,152549273.0,-0.9705426021216547,-0.9343869461406836,-0.7659021283190262,23,30,0,146,5,-0.3495037872850116,1.3889602024023853,0.28797744955114046,0.16480016706097747
2020-05-25 23:45:00,-0.7800000755197538,0.0,177751.0,152549273.0,-0.9947291533409401,-0.9419975574636301,-0.7659021283190262,23,45,0,146,5,-0.3495037872850116,1.3889602024023853,0.28797744955114046,0.16480016706097747
2020-05-26 00:00:00,-0.7800000755197538,0.0,6149.946428,152549273.0,-1.0102431293905056,-0.9382019027471641,-0.7659021283190262,0,0,1,147,5,0.016045582881512335,1.437227842039285,0.14650881910467733,0.017911344271523407
2020-05-26 00:15:00,-0.7800000755197538,0.0,0.0,152549273.0,-1.0282492910954946,-0.926142960120631,-0.7659021283190262,0,15,1,147,5,0.016045582881512335,1.437227842039285,0.14650881910467733,0.017911344271523407
2020-05-26 00:30:00,-0.7800000755197538,0.0,0.0,152549273.0,-1.0251459430527048,-0.9227706923356965,-0.7659021283190262,0,30,1,147,5,0.016045582881512335,1.437227842039285,0.14650881910467733,0.017911344271523407
2020-05-26 00:45:00,-0.7800000755197538,0.0,0.0,152549273.0,-1.060465664646974,-0.9242541641597666,-0.7659021283190262,0,45,1,147,5,0.016045582881512335,1.437227842039285,0.14650881910467733,0.017911344271523407
2020-05-26 01:00:00,-0.7800000755197538,0.0,0.0,152549273.0,-1.044140848239714,-0.9361434647924388,-0.7659021283190262,1,0,1,147,5,0.38159495304803503,1.3889602024023857,0.14650881910467733,0.017911344271523407
2020-05-26 01:15:00,-0.7800000755197538,0.0,0.0,152549273.0,-1.0280140174572336,-0.9444931420104026,-0.7659021283190262,1,15,1,147,5,0.38159495304803503,1.3889602024023857,0.14650881910467733,0.017911344271523407
2020-05-26 01:30:00,-0.7800000755197538,0.0,0.0,152549273.0,-1.0359222541640318,-0.9523177872301207,-0.7659021283190262,1,30,1,147,5,0.38159495304803503,1.3889602024023857,0.14650881910467733,0.017911344271523407
2020-05-26 01:45:00,-0.7800000755197538,0.0,0.0,152549273.0,-1.0542359902696776,-0.9476098762054888,-0.7659021283190262,1,45,1,147,5,0.38159495304803503,1.3889602024023857,0.14650881910467733,0.017911344271523407
2020-05-26 02:00:00,-0.7800000755197538,0.0,0.0,152549273.0,-1.0797222816704077,-0.950324583605185,-0.7659021283190262,2,0,1,147,5,0.7222327377366062,1.2474466433668963,0.14650881910467733,0.017911344271523407
2020-05-26 02:15:00,-0.7800000755197538,0.0,0.0,152549273.0,-1.1088037543366285,-0.9613715586749898,-0.7659021283190262,2,15,1,147,5,0.7222327377366062,1.2474466433668963,0.14650881910467733,0.017911344271523407
2020-05-26 02:30:00,-0.7800000755197538,0.0,0.0,152549273.0,-1.1778995903508664,-0.9871421637240578,-0.7659021283190262,2,30,1,147,5,0.7222327377366062,1.2474466433668963,0.14650881910467733,0.017911344271523407
2020-05-26 02:45:00,-0.7800000755197538,0.0,0.0,152549273.0,-1.2718998141525355,-1.0049352348979488,-0.7659021283190262,2,45,1,147,5,0.7222327377366062,1.2474466433668963,0.14650881910467733,0.017911344271523407
2020-05-26 03:00:00,-0.7800000755197538,0.0,0.0,152549273.0,-1.2894302951328502,-1.0063337327823658,-0.7659021283190262,3,0,1,147,5,1.0147450348512552,1.0223310801188719,0.14650881910467733,0.017911344271523407
2020-05-26 03:15:00,-0.7800000755197538,0.0,0.0,152549273.0,-1.2844355064949957,-0.9977850278298485,-0.7659021283190262,3,15,1,147,5,1.0147450348512552,1.0223310801188719,0.14650881910467733,0.017911344271523407
2020-05-26 03:30:00,-0.7800000755197538,0.0,0.0,152549273.0,-1.2784009783627326,-0.9786230518921955,-0.7659021283190262,3,30,1,147,5,1.0147450348512552,1.0223310801188719,0.14650881910467733,0.017911344271523407
2020-05-26 03:45:00,-0.7800000755197538,0.0,0.0,152549273.0,-1.2778029974667633,-0.9728934960730111,-0.7659021283190262,3,45,1,147,5,1.0147450348512552,1.0223310801188719,0.14650881910467733,0.017911344271523407
2020-05-26 04:00:00,-0.7800000755197538,0.0,0.0,152549273.0,-1.31219663668747,-0.9966493814557076,-0.7659021283190262,4,0,1,147,5,1.2391976147430457,0.7289547662726072,0.14650881910467733,0.017911344271523407
2020-05-26 04:15:00,-0.7800000755197538,0.0,0.0,152549273.0,-1.3665232724064535,-1.015368303064631,-0.7659021283190262,4,15,1,147,5,1.2391976147430457,0.7289547662726072,0.14650881910467733,0.017911344271523407
2020-05-26 04:30:00,-0.7800000755197538,0.0,0.0,152549273.0,-1.27978166907269,-1.0001636760002404,-0.7659021283190262,4,30,1,147,5,1.2391976147430457,0.7289547662726072,0.14650881910467733,0.017911344271523407
2020-05-26 04:45:00,-0.7800000755197538,0.0,0.0,152549273.0,-1.2301719509414568,-0.9778495194474033,-0.7659021283190262,4,45,1,147,5,1.2391976147430457,0.7289547662726072,0.14650881910467733,0.017911344271523407
2020-05-26 05:00:00,-0.7800000755197538,0.0,0.0,152549273.0,-1.2046798679581971,-0.9907318227392288,-0.7659021283190262,5,0,1,147,5,1.3802944050177781,0.38731081278944296,0.14650881910467733,0.017911344271523407
2020-05-26 05:15:00,-0.7800000755197538,0.0,0.0,152549273.0,-1.1315757303274008,-0.9737279308283039,-0.7659021283190262,5,15,1,147,5,1.3802944050177781,0.38731081278944296,0.14650881910467733,0.017911344271523407
2020-05-26 05:30:00,-0.7800000755197538,0.0,0.0,152549273.0,-1.0077687321671351,-0.9390991477086124,-0.7659021283190262,5,30,1,147,5,1.3802944050177781,0.38731081278944296,0.14650881910467733,0.017911344271523407
2020-05-26 05:45:00,-0.7800000755197538,0.0,0.0,152549273.0,-0.9900723825196907,-0.9206621306440248,-0.7632396553021343,5,45,1,147,5,1.3802944050177781,0.38731081278944296,0.14650881910467733,0.017911344271523407
2020-05-26 06:00:00,-0.7493182116473489,265.921428576,20.321428572,152549293.322,-0.9634913356199345,-0.9023835566849987,-0.7318292258236562,6,0,1,147,5,1.4284198925917004,0.020681690505929266,0.14650881910467733,0.017911344271523407
2020-05-26 06:15:00,-0.6838352175739113,835.03392858,154.214285713,152549427.213,-0.9264252222181432,-0.8682682778298846,-0.6731392537955053,6,15,1,147,5,1.4284198925917004,0.020681690505929266,0.14650881910467733,0.017911344271523407
2020-05-26 06:30:00,-0.5960417013008599,1602.12142857,447.446428567,152549720.446,-0.8660834008019552,-0.8205478672686739,-0.6024260221993553,6,30,1,147,5,1.4284198925917004,0.020681690505929266,0.14650881910467733,0.017911344271523407
2020-05-26 06:45:00,-0.4831279967340085,2594.257143,962.51785715,152550235.518,-0.7728750442840513,-0.7417825104104945,-0.49234801452257515,6,45,1,147,5,1.4284198925917004,0.020681690505929266,0.14650881910467733,0.017911344271523407
2020-05-26 07:00:00,-0.3329627561617784,3933.2875001,1767.39285713,152551040.393,-0.6669818245659234,-0.6195352576175854,-0.25533686062072436,7,0,1,147,5,1.3802944050177781,-0.3459474317775844,0.14650881910467733,0.017911344271523407
2020-05-26 07:15:00,-0.15342425790683153,5519.7517856,2943.1964286,152552216.195,-0.5544055322954865,-0.4404203648165482,-0.07147956163935824,7,15,1,147,5,1.3802944050177781,-0.3459474317775844,0.14650881910467733,0.017911344271523407
2020-05-26 07:30:00,0.036709138890070804,7208.5517856,4519.8571428000005,152553792.858,-0.42181057860710114,-0.2071028874595463,0.11062690195454163,7,30,1,147,5,1.3802944050177781,-0.3459474317775844,0.14650881910467733,0.017911344271523407
2020-05-26 07:45:00,0.24568372070157635,9048.3053572,6560.5357143,152555833.536,-0.281812421729853,0.025068323076983538,0.3004228944873622,7,45,1,147,5,1.3802944050177781,-0.3459474317775844,0.14650881910467733,0.017911344271523407
2020-05-26 08:00:00,0.4610408889005052,10928.5107141,9052.2321429,152558325.233,-0.15723471060512084,0.2850381643457986,0.5106431932412778,8,0,1,147,5,1.239197614743046,-0.6875913852607484,0.14650881910467733,0.017911344271523407
2020-05-26 08:15:00,0.665281067999658,12720.3464286,12012.3392856,152561285.341,0.05226384823365596,0.5640529237104794,0.6900183600633691,8,15,1,147,5,1.239197614743046,-0.6875913852607484,0.14650881910467733,0.017911344271523407
2020-05-26 08:30:00,0.8660853110226171,14481.433928800001,15396.7678571,152564669.769,0.20385720328004395,0.7734672236960657,0.8726886556028014,8,30,1,147,5,1.239197614743046,-0.6875913852607484,0.14650881910467733,0.017911344271523407
2020-05-26 08:45:00,1.0538349053416893,16126.4339286,19219.4107143,152568492.411,0.30684222120041316,0.9045220590332366,1.0431259511223305,8,45,1,147,5,1.239197614743046,-0.6875913852607484,0.14650881910467733,0.017911344271523407
2020-05-26 09:00:00,1.2307317369409818,17675.4642858,23420.9642859,152572693.964,0.365005655432675,1.040455497620281,1.2187393506346402,9,0,1,147,5,1.0147450348512554,-0.9809676991070133,0.14650881910467733,0.017911344271523407
2020-05-26 09:15:00,1.3862707720634795,19036.2553572,28041.446428,152577314.447,0.4956180263165468,1.3336522801224753,1.3835902025156002,9,15,1,147,5,1.0147450348512554,-0.9809676991070133,0.14650881910467733,0.017911344271523407
2020-05-26 09:30:00,1.545425870527444,20427.7821431,32952.714287,152582225.713,0.5751630430485027,1.494787423491837,1.5569534882461247,9,30,1,147,5,1.0147450348512554,-0.9809676991070133,0.14650881910467733,0.017911344271523407
2020-05-26 09:45:00,1.621024418055872,21086.9339285,38240.982143,152587513.982,0.6959355528257691,1.6670845341202347,1.7048834830258206,9,45,1,147,5,1.0147450348512554,-0.9809676991070133,0.14650881910467733,0.017911344271523407
2020-05-26 10:00:00,1.8306322284064847,22916.0714292,43641.0,152592914.0,0.8623175459648013,1.7296969153453041,1.864670795630377,10,0,1,147,5,0.7222327377366062,-1.206083262355038,0.14650881910467733,0.017911344271523407
2020-05-26 10:15:00,1.6274054138287337,21116.7749996,49159.410714,152598432.411,1.0458326237721902,1.8286759067414118,1.554320283062074,10,15,1,147,5,0.7222327377366062,-1.206083262355038,0.14650881910467733,0.017911344271523407
2020-05-26 10:30:00,2.1037106186362924,25270.4482157,54885.892857,152604158.893,1.0347180275611092,1.9820472538752798,2.408375965651174,10,30,1,147,5,0.7222327377366062,-1.206083262355038,0.14650881910467733,0.017911344271523407
2020-05-26 10:45:00,1.9647800661059232,24059.1285733,61186.625,152610459.625,1.1440566747679384,2.145679200148694,1.9826105218349264,10,45,1,147,5,0.7222327377366062,-1.206083262355038,0.14650881910467733,0.017911344271523407
2020-05-26 11:00:00,2.2045836354123276,26148.817858,67192.732144,152616465.731,1.1815048405487585,1.9528342917984358,2.422920035764695,11,0,1,147,5,0.3815949530480355,-1.3475968213905272,0.14650881910467733,0.017911344271523407
2020-05-26 11:15:00,1.115458286610791,16646.9482142,72726.571429,152621999.571,1.2416434676766623,1.8293818970136877,1.1062990001303612,11,15,1,147,5,0.3815949530480355,-1.3475968213905272,0.14650881910467733,0.017911344271523407
2020-05-26 11:30:00,1.9036077979009058,23523.776785,77894.196428,152627167.197,1.2957320723086545,1.9595829542295595,1.9395799533134035,11,30,1,147,5,0.3815949530480355,-1.3475968213905272,0.14650881910467733,0.017911344271523407
2020-05-26 11:45:00,1.6158080855627244,21017.3446417,83272.892856,152632545.894,1.3553829654508425,1.6175340005740628,1.508951355500234,11,45,1,147,5,0.3815949530480355,-1.3475968213905272,0.14650881910467733,0.017911344271523407
2020-05-26 12:00:00,1.8006247480352509,22622.512499700002,88563.196428,152637836.197,1.4071740243119186,1.6781806012116727,1.453558038435732,12,0,1,147,5,0.016045582881512508,-1.3958644610274267,0.14650881910467733,0.017911344271523407
2020-05-26 12:15:00,2.321439063567131,27163.685712,95071.107143,152644344.107,1.5362218203974523,2.1230470160542954,2.6343147625216146,12,15,1,147,5,0.016045582881512508,-1.3958644610274267,0.14650881910467733,0.017911344271523407
2020-05-26 12:30:00,1.136309897829221,16822.9785714,100048.428572,152649321.428,1.598346565451672,1.7271372348366094,0.9915484527308371,12,30,1,147,5,0.016045582881512508,-1.3958644610274267,0.14650881910467733,0.017911344271523407
2020-05-26 12:45:00,2.211740212084284,26211.308927,105773.517856,152655046.519,1.7257970143330972,2.1684936815991676,2.48749470655081,12,45,1,147,5,0.016045582881512508,-1.3958644610274267,0.14650881910467733,0.017911344271523407
2020-05-26 13:00:00,1.224670635884672,17596.3964286,111777.982144,152661050.981,1.8941001769372499,2.204147196512282,1.4351153203709355,13,0,1,147,5,-0.34950378728501047,-1.3475968213905272,0.14650881910467733,0.017911344271523407
2020-05-26 13:15:00,1.3270337779025752,18488.0821428,115231.160712,152664504.163,1.7366237573416283,1.4162087656294375,1.1431203365875795,13,15,1,147,5,-0.34950378728501047,-1.3475968213905272,0.14650881910467733,0.017911344271523407
2020-05-26 13:30:00,1.857476150467608,23122.2178571,121149.732143,152670422.732,1.9431836320158902,2.046846524203875,1.8729398542715274,13,30,1,147,5,-0.34950378728501047,-1.3475968213905272,0.14650881910467733,0.017911344271523407
2020-05-26 13:45:00,2.2340145497972212,26400.717857,127242.75,152676515.75,2.0515794359126116,2.312104818927042,2.319775592931848,13,45,1,147,5,-0.34950378728501047,-1.3475968213905272,0.14650881910467733,0.017911344271523407
2020-05-26 14:00:00,1.2509491255154295,17828.3107143,132940.892858,152682213.892,2.1369715064982637,2.1643102263527423,1.55266194203776,14,0,1,147,5,-0.6901415719735813,-1.2060832623550382,0.14650881910467733,0.017911344271523407
2020-05-26 14:15:00,0.06409443659581357,7447.3160713,135830.928572,152685103.928,1.9168459658954276,1.290505389852776,0.01945904002371027,14,15,1,147,5,-0.6901415719735813,-1.2060832623550382,0.14650881910467733,0.017911344271523407
2020-05-26 14:30:00,0.9801304767862008,15467.0714284,138803.267858,152688076.267,1.7940269147402776,0.9819156440996712,0.6702995921366807,14,30,1,147,5,-0.6901415719735813,-1.2060832623550382,0.14650881910467733,0.017911344271523407
2020-05-26 14:45:00,0.33428959869751396,9824.1660713,141905.875,152691178.875,1.8145511737913442,0.9286867032833571,0.2097719073188193,14,45,1,147,5,-0.6901415719735813,-1.2060832623550382,0.14650881910467733,0.017911344271523407
2020-05-26 15:00:00,0.3249925702597637,9739.7232143,144337.142856,152693610.144,1.7966879212656062,0.7668129087789022,0.29006442466341176,15,0,1,147,5,-0.98265386908823,-0.980967699107014,0.14650881910467733,0.017911344271523407
2020-05-26 15:15:00,0.26017044020522717,9167.5982144,146681.642857,152695954.643,1.8288268229988591,0.8549789393207258,0.2634982290953171,15,15,1,147,5,-0.98265386908823,-0.980967699107014,0.14650881910467733,0.017911344271523407
2020-05-26 15:30:00,1.195815492362543,17367.2392857,149931.839287,152699204.838,1.9597914462057475,1.1450003146519288,0.9634287169923403,15,30,1,147,5,-0.98265386908823,-0.980967699107014,0.14650881910467733,0.017911344271523407
2020-05-26 15:45:00,1.0691787201063205,16260.1910715,154129.339286,152703402.339,2.07338797838916,1.275274644393067,0.9393090036194046,15,45,1,147,5,-0.98265386908823,-0.980967699107014,0.14650881910467733,0.017911344271523407
2020-05-26 16:00:00,0.47322054883420545,11034.6392856,157619.339287,152706892.338,2.1138021865776593,1.1284484747678594,0.43029864371829546,16,0,1,147,5,-1.2071064489800205,-0.6875913852607494,0.14650881910467733,0.017911344271523407
2020-05-26 16:15:00,0.7684325149869892,13625.2999999,160752.660714,152710025.661,2.074249695220548,1.0177358662098552,0.6906733556085178,16,15,1,147,5,-1.2071064489800205,-0.6875913852607494,0.14650881910467733,0.017911344271523407
2020-05-26 16:30:00,0.5335973545436421,11565.2607142,163917.196429,152713190.196,2.0465828609100165,0.9328426340242544,0.501986558629194,16,30,1,147,5,-1.2071064489800205,-0.6875913852607494,0.14650881910467733,0.017911344271523407
2020-05-26 16:45:00,0.6784351246191707,12835.8071429,166911.107143,152716184.107,2.016047475383314,0.8529475748201105,0.6053394204737401,16,45,1,147,5,-1.2071064489800205,-0.6875913852607494,0.14650881910467733,0.017911344271523407
2020-05-26 17:00:00,0.2559440120910259,9125.3285714,169895.178571,152719168.179,2.01089603195962,0.8374627826108203,0.23722786453427552,17,0,1,147,5,-1.3482032392547534,-0.3459474317775844,0.14650881910467733,0.017911344271523407
2020-05-26 17:15:00,-0.5321679230034417,2164.81071428,171168.875,152720441.875,1.740823199985438,0.32759163055721213,-0.5404162980431146,17,15,1,147,5,-1.3482032392547534,-0.3459474317775844,0.14650881910467733,0.017911344271523407
2020-05-26 17:30:00,-0.6215398385929902,1377.89821429,171585.267858,152720858.267,1.507524265719756,-0.012476419327056808,-0.623759860446294,17,30,1,147,5,-1.3482032392547534,-0.3459474317775844,0.14650881910467733,0.017911344271523407
2020-05-26 17:45:00,-0.6567288585872559,1070.99107141,171894.321428,152721167.322,1.2996726801034608,-0.12302311836020365,-0.6521517388636565,17,45,1,147,5,-1.3482032392547534,-0.3459474317775844,0.14650881910467733,0.017911344271523407
2020-05-26 18:00:00,-0.6895048501785684,785.41607142,172120.803572,152721393.803,1.0386787742678874,-0.21306455330180943,-0.6802477292895165,18,0,1,147,5,-1.3963287268286755,0.02068169050592892,0.14650881910467733,0.017911344271523407
2020-05-26 18:15:00,-0.7593582150412606,179.1,149008.0,132578493.0,0.8973280196167097,-0.2849709941717781,-0.6868570440137136,18,15,1,147,5,-1.3963287268286755,0.02068169050592892,0.14650881910467733,0.017911344271523407
2020-05-26 18:30:00,-0.7800000755197538,0.0,0.0,152721503.0,0.7970794868329221,-0.3425445129854534,-0.7260941072754514,18,30,1,147,5,-1.3963287268286755,0.02068169050592892,0.14650881910467733,0.017911344271523407
2020-05-26 18:45:00,-0.7800000755197538,0.0,0.0,67452581.0,0.7145081613880933,-0.4133099711504599,-0.7636735182321552,18,45,1,147,5,-1.3963287268286755,0.02068169050592892,0.14650881910467733,0.017911344271523407
2020-05-26 19:00:00,-0.7800000755197538,0.0,0.0,67452581.0,0.6561157151960825,-0.441654628139628,-0.7659021283190262,19,0,1,147,5,-1.3482032392547536,0.38731081278944235,0.14650881910467733,0.017911344271523407
2020-05-26 19:15:00,-0.7800000755197538,0.0,0.0,67452581.0,0.6030072794953579,-0.46207525009945655,-0.7659021283190262,19,15,1,147,5,-1.3482032392547536,0.38731081278944235,0.14650881910467733,0.017911344271523407
2020-05-26 19:30:00,-0.7800000755197538,0.0,0.0,152721503.0,0.3860372232662451,-0.5067110081457872,-0.7659021283190262,19,30,1,147,5,-1.3482032392547536,0.38731081278944235,0.14650881910467733,0.017911344271523407
2020-05-26 19:45:00,-0.7800000755197538,0.0,0.0,152721503.0,0.12201050258937364,-0.5736959181136345,-0.7659021283190262,19,45,1,147,5,-1.3482032392547536,0.38731081278944235,0.14650881910467733,0.017911344271523407
2020-05-26 20:00:00,-0.7800000755197538,0.0,0.0,146449212.0,-0.03013143701007565,-0.6533704131741145,-0.7659021283190262,20,0,1,147,5,-1.207106448980021,0.7289547662726072,0.14650881910467733,0.017911344271523407
2020-05-26 20:15:00,-0.7800000755197538,0.0,0.0,152721503.0,-0.06537144912923612,-0.6966309465523237,-0.7659021283190262,20,15,1,147,5,-1.207106448980021,0.7289547662726072,0.14650881910467733,0.017911344271523407
2020-05-26 20:30:00,-0.7800000755197538,0.0,0.0,152721503.0,0.11450628517539205,-0.6819411609829481,-0.7659021283190262,20,30,1,147,5,-1.207106448980021,0.7289547662726072,0.14650881910467733,0.017911344271523407
2020-05-26 20:45:00,-0.7800000755197538,0.0,0.0,152721503.0,0.23280447966029924,-0.6269454584260139,-0.7659021283190262,20,45,1,147,5,-1.207106448980021,0.7289547662726072,0.14650881910467733,0.017911344271523407
2020-05-26 21:00:00,-0.7800000755197538,0.0,0.0,152721503.0,0.23355042125265302,-0.5703783934543128,-0.7659021283190262,21,0,1,147,5,-0.9826538690882308,1.0223310801188716,0.14650881910467733,0.017911344271523407
2020-05-26 21:15:00,-0.7800000755197538,0.0,0.0,152721503.0,0.2677569367520789,-0.48944938960191,-0.7659021283190262,21,15,1,147,5,-0.9826538690882308,1.0223310801188716,0.14650881910467733,0.017911344271523407
2020-05-26 21:30:00,-0.7800000755197538,0.0,0.0,152721503.0,0.2369980863982427,-0.4605730985252602,-0.7659021283190262,21,30,1,147,5,-0.9826538690882308,1.0223310801188716,0.14650881910467733,0.017911344271523407
2020-05-26 21:45:00,-0.7800000755197538,0.0,0.0,152721503.0,0.010904463715838999,-0.5476417831797746,-0.7659021283190262,21,45,1,147,5,-0.9826538690882308,1.0223310801188716,0.14650881910467733,0.017911344271523407
2020-05-26 22:00:00,-0.7800000755197538,0.0,0.0,152721503.0,0.016623388208028927,-0.5864242728902648,-0.7659021283190262,22,0,1,147,5,-0.6901415719735823,1.2474466433668958,0.14650881910467733,0.017911344271523407
2020-05-26 22:15:00,-0.7800000755197538,0.0,0.0,152721503.0,0.015447020016722351,-0.6012028067146121,-0.7659021283190262,22,15,1,147,5,-0.6901415719735823,1.2474466433668958,0.14650881910467733,0.017911344271523407
2020-05-26 22:30:00,-0.7800000755197538,0.0,0.0,152721503.0,0.018352965353752696,-0.6242177208988853,-0.7659021283190262,22,30,1,147,5,-0.6901415719735823,1.2474466433668958,0.14650881910467733,0.017911344271523407
2020-05-26 22:45:00,-0.7800000755197538,0.0,0.0,152721503.0,-0.02859950433376068,-0.643381399944481,-0.7659021283190262,22,45,1,147,5,-0.6901415719735823,1.2474466433668958,0.14650881910467733,0.017911344271523407
2020-05-26 23:00:00,-0.7800000755197538,0.0,0.0,152721503.0,-0.16896757302546006,-0.6235149361283157,-0.7659021283190262,23,0,1,147,5,-0.3495037872850116,1.3889602024023853,0.14650881910467733,0.017911344271523407
2020-05-26 23:15:00,-0.7800000755197538,0.0,0.0,152721503.0,-0.5506640571596608,-0.663578971793345,-0.7659021283190262,23,15,1,147,5,-0.3495037872850116,1.3889602024023853,0.14650881910467733,0.017911344271523407
2020-05-26 23:30:00,-0.7800000755197538,0.0,0.0,152721503.0,-0.6343183897332999,-0.7136280312159784,-0.7659021283190262,23,30,1,147,5,-0.3495037872850116,1.3889602024023853,0.14650881910467733,0.017911344271523407
2020-05-26 23:45:00,-0.7800000755197538,0.0,0.0,152721503.0,-0.6919757186287785,-0.749808125329987,-0.7659021283190262,23,45,1,147,5,-0.3495037872850116,1.3889602024023853,0.14650881910467733,0.017911344271523407
2020-05-27 00:00:00,-0.7800000755197538,0.0,0.0,152721503.0,-0.7223546750157216,-0.7783203608823889,-0.7659021283190262,0,0,2,148,5,0.016045582881512335,1.437227842039285,0.003323733951173368,-0.12541185590416842
2020-05-27 00:15:00,-0.7800000755197538,0.0,0.0,152721503.0,-0.7118526367055187,-0.784144850063927,-0.7659021283190262,0,15,2,148,5,0.016045582881512335,1.437227842039285,0.003323733951173368,-0.12541185590416842
2020-05-27 00:30:00,-0.7800000755197538,0.0,0.0,152721503.0,-0.7051581878303863,-0.7916996243319585,-0.7659021283190262,0,30,2,148,5,0.016045582881512335,1.437227842039285,0.003323733951173368,-0.12541185590416842
2020-05-27 00:45:00,-0.7800000755197538,0.0,0.0,152721503.0,-0.6972792475053347,-0.7762187412349625,-0.7659021283190262,0,45,2,148,5,0.016045582881512335,1.437227842039285,0.003323733951173368,-0.12541185590416842
2020-05-27 01:00:00,-0.7800000755197538,0.0,0.0,152721503.0,-0.6861655632804646,-0.7641067119302677,-0.7659021283190262,1,0,2,148,5,0.38159495304803503,1.3889602024023857,0.003323733951173368,-0.12541185590416842
2020-05-27 01:15:00,-0.7800000755197538,0.0,0.0,152721503.0,-0.6641642008624387,-0.7495526280316325,-0.7659021283190262,1,15,2,148,5,0.38159495304803503,1.3889602024023857,0.003323733951173368,-0.12541185590416842
2020-05-27 01:30:00,-0.7800000755197538,0.0,0.0,152721503.0,-0.6492838013767764,-0.7477104821933427,-0.7659021283190262,1,30,2,148,5,0.38159495304803503,1.3889602024023857,0.003323733951173368,-0.12541185590416842
2020-05-27 01:45:00,-0.7800000755197538,0.0,0.0,152721503.0,-0.6532220774955009,-0.7645093167973032,-0.7659021283190262,1,45,2,148,5,0.38159495304803503,1.3889602024023857,0.003323733951173368,-0.12541185590416842
2020-05-27 02:00:00,-0.7800000755197538,0.0,0.0,152721503.0,-0.7145359633881865,-0.7981438270555701,-0.7659021283190262,2,0,2,148,5,0.7222327377366062,1.2474466433668963,0.003323733951173368,-0.12541185590416842
2020-05-27 02:15:00,-0.7800000755197538,0.0,0.0,152721503.0,-0.7379604702129573,-0.8262238049985418,-0.7659021283190262,2,15,2,148,5,0.7222327377366062,1.2474466433668963,0.003323733951173368,-0.12541185590416842
2020-05-27 02:30:00,-0.7800000755197538,0.0,0.0,152721503.0,-0.7125665244673954,-0.7998624107276768,-0.7659021283190262,2,30,2,148,5,0.7222327377366062,1.2474466433668963,0.003323733951173368,-0.12541185590416842
2020-05-27 02:45:00,-0.7800000755197538,0.0,0.0,152721503.0,-0.5067004362507205,-0.7607619142136223,-0.7659021283190262,2,45,2,148,5,0.7222327377366062,1.2474466433668963,0.003323733951173368,-0.12541185590416842
2020-05-27 03:00:00,-0.7800000755197538,0.0,0.0,152721503.0,-0.4801676023951211,-0.7449667449317824,-0.7659021283190262,3,0,2,148,5,1.0147450348512552,1.0223310801188719,0.003323733951173368,-0.12541185590416842
2020-05-27 03:15:00,-0.7800000755197538,0.0,0.0,152721503.0,-0.507048739767465,-0.7675710019813315,-0.7659021283190262,3,15,2,148,5,1.0147450348512552,1.0223310801188719,0.003323733951173368,-0.12541185590416842
2020-05-27 03:30:00,-0.7800000755197538,0.0,0.0,152721503.0,-0.5370151023108375,-0.7894336042192249,-0.7659021283190262,3,30,2,148,5,1.0147450348512552,1.0223310801188719,0.003323733951173368,-0.12541185590416842
2020-05-27 03:45:00,-0.7800000755197538,0.0,0.0,152721503.0,-0.5766386842689653,-0.8034180386909939,-0.7659021283190262,3,45,2,148,5,1.0147450348512552,1.0223310801188719,0.003323733951173368,-0.12541185590416842
2020-05-27 04:00:00,-0.7800000755197538,0.0,0.0,152721503.0,-0.6467680545106187,-0.8059525536412351,-0.7659021283190262,4,0,2,148,5,1.2391976147430457,0.7289547662726072,0.003323733951173368,-0.12541185590416842
2020-05-27 04:15:00,-0.7800000755197538,0.0,0.0,152721503.0,-0.6811174415816166,-0.795681661789762,-0.7659021283190262,4,15,2,148,5,1.2391976147430457,0.7289547662726072,0.003323733951173368,-0.12541185590416842
2020-05-27 04:30:00,-0.7800000755197538,0.0,0.0,152721503.0,-0.6644419335700094,-0.8051166931487003,-0.7659021283190262,4,30,2,148,5,1.2391976147430457,0.7289547662726072,0.003323733951173368,-0.12541185590416842
2020-05-27 04:45:00,-0.7800000755197538,0.0,0.0,152721503.0,-0.6520548667739701,-0.8046224133769723,-0.7659021283190262,4,45,2,148,5,1.2391976147430457,0.7289547662726072,0.003323733951173368,-0.12541185590416842
2020-05-27 05:00:00,-0.7800000755197538,0.0,0.0,152721503.0,-0.654408204879446,-0.8007141046803523,-0.7659021283190262,5,0,2,148,5,1.3802944050177781,0.38731081278944296,0.003323733951173368,-0.12541185590416842
2020-05-27 05:15:00,-0.7800000755197538,0.0,0.0,152721503.0,-0.6923556797522443,-0.7975830982999863,-0.7659021283190262,5,15,2,148,5,1.3802944050177781,0.38731081278944296,0.003323733951173368,-0.12541185590416842
2020-05-27 05:30:00,-0.7800000755197538,0.0,0.0,152721503.0,-0.7066128528444435,-0.787965976224293,-0.7659021283190262,5,30,2,148,5,1.3802944050177781,0.38731081278944296,0.003323733951173368,-0.12541185590416842
2020-05-27 05:45:00,-0.7800000755197538,0.0,0.0,152721503.0,-0.7315190458004537,-0.8105679450581489,-0.7631909462646039,5,45,2,148,5,1.3802944050177781,0.38731081278944296,0.003323733951173368,-0.12541185590416842
2020-05-27 06:00:00,-0.7452520291640806,301.29642859,9.017857144,152721512.019,-0.760317012980411,-0.8108769360178417,-0.7278716259662908,6,0,2,148,5,1.4284198925917004,0.020681690505929266,0.003323733951173368,-0.12541185590416842
2020-05-27 06:15:00,-0.6882144953192821,796.72035715,144.335714285,152721648.035,-0.7820715696341168,-0.7912235421519437,-0.6769586943755566,6,15,2,148,5,1.4284198925917004,0.020681690505929266,0.003323733951173368,-0.12541185590416842
2020-05-27 06:30:00,-0.5771945518173311,1767.57678571,439.85714283,152721944.119,-0.7251062408314811,-0.720464337603772,-0.5703195335157392,6,30,2,148,5,1.4284198925917004,0.020681690505929266,0.003323733951173368,-0.12541185590416842
2020-05-27 06:45:00,-0.40851776300336623,3259.919643,1065.4464286,152722568.448,-0.5274724922970718,-0.6199847588709015,-0.40693242764479814,6,45,2,148,5,1.4284198925917004,0.020681690505929266,0.003323733951173368,-0.12541185590416842
2020-05-27 07:00:00,-0.30193959169852375,4209.0309524,2021.13690475,152723518.637,-0.4080726251865128,-0.5357459863697758,-0.24447140122372596,7,0,2,148,5,1.3802944050177781,-0.3459474317775844,0.003323733951173368,-0.12541185590416842
2020-05-27 07:15:00,-0.30061580927900106,4217.0642859,3008.9642858,152724515.763,-0.3386456911685562,-0.4932342968518176,-0.26848484311387816,7,15,2,148,5,1.3802944050177781,-0.3459474317775844,0.003323733951173368,-0.12541185590416842
2020-05-27 07:30:00,0.047029671511861465,7297.6982143000005,4461.3750001,152725957.274,-0.19629317809224445,-0.186791536594232,0.05435079131960875,7,30,2,148,5,1.3802944050177781,-0.3459474317775844,0.003323733951173368,-0.12541185590416842
2020-05-27 07:45:00,0.18171610131105403,8485.3314285,6428.9535714,152727929.15399998,-0.056503708910645115,0.12737260699329386,0.20834706599028435,7,45,2,148,5,1.3802944050177781,-0.3459474317775844,0.003323733951173368,-0.12541185590416842
2020-05-27 08:00:00,0.36280774929559917,10070.1535716,8696.8928572,152730208.178,0.05717377380127926,0.3214881894035553,0.33870503483671427,8,0,2,148,5,1.239197614743046,-0.6875913852607484,0.003323733951173368,-0.12541185590416842
2020-05-27 08:15:00,0.6364614462580542,12468.2565476,11523.3988096,152733026.398,0.23360034544619518,0.5548556660695256,0.6957679317495589,8,15,2,148,5,1.239197614743046,-0.6875913852607484,0.003323733951173368,-0.12541185590416842
2020-05-27 08:30:00,0.6006283290826036,12154.9839286,14773.75,152736292.007,0.3567256480175925,0.6769945524630073,0.6807894917553663,8,30,2,148,5,1.239197614743046,-0.6875913852607484,0.003323733951173368,-0.12541185590416842
2020-05-27 08:45:00,0.9811545111342719,15489.0517857,18233.9404763,152739714.207,0.46317322372433717,0.7193630564858259,1.0408862773217857,8,45,2,148,5,1.239197614743046,-0.6875913852607484,0.003323733951173368,-0.12541185590416842
2020-05-27 09:00:00,1.1922451566762924,17336.9374999,22224.8607149,152743739.494,0.5445655296365066,0.968275968446635,1.2128934363685862,9,0,2,148,5,1.0147450348512554,-0.9809676991070133,0.003323733951173368,-0.12541185590416842
2020-05-27 09:15:00,1.2559519296300334,17893.5457141,26561.778572,152748068.845,0.6409299977704865,1.225125430817522,1.2709853475818869,9,15,2,148,5,1.0147450348512554,-0.9809676991070133,0.003323733951173368,-0.12541185590416842
2020-05-27 09:30:00,1.3250318344345708,18493.119642999998,31056.928572,152752550.761,0.7499748161832418,1.3557348451021405,1.4622304976755534,9,30,2,148,5,1.0147450348512554,-0.9809676991070133,0.003323733951173368,-0.12541185590416842
2020-05-27 09:45:00,1.2765335091400472,18059.7564291,36002.846428,152757514.304,0.9110278321353869,1.4876069385788848,1.2548713932055144,9,45,2,148,5,1.0147450348512554,-0.9809676991070133,0.003323733951173368,-0.12541185590416842
2020-05-27 10:00:00,1.2229762871339889,17598.7166666,40767.083334,152762270.084,0.8743591298200012,1.2291896408573177,1.3836104782278802,10,0,2,148,5,0.7222327377366062,-1.206083262355038,0.003323733951173368,-0.12541185590416842
2020-05-27 10:15:00,0.7336323788585438,13316.0696428,43932.017859,152765459.599,0.9134607400303097,1.176475280706339,0.7025288459374719,10,15,2,148,5,0.7222327377366062,-1.206083262355038,0.003323733951173368,-0.12541185590416842
2020-05-27 10:30:00,1.3013545855781592,18280.2779761,47999.238093,152769484.86,0.9154299680794745,1.2356209981204163,1.2081006355881954,10,30,2,148,5,0.7222327377366062,-1.206083262355038,0.003323733951173368,-0.12541185590416842
2020-05-27 10:45:00,1.0165042406279459,15787.4714284,51852.714287,152773363.80900002,1.0794902135631805,1.2119979007199873,1.0505845554174866,10,45,2,148,5,0.7222327377366062,-1.206083262355038,0.003323733951173368,-0.12541185590416842
2020-05-27 11:00:00,1.094846049729432,16477.1285714,56297.750001,152777800.749,1.1530608180373583,1.4103321826013073,1.047395256192493,11,0,2,148,5,0.3815949530480355,-1.3475968213905272,0.003323733951173368,-0.12541185590416842
2020-05-27 11:15:00,1.9920558825233885,24291.770239,60747.119048,152782239.085,1.205274755099009,1.4683097201689783,1.9231180511196957,11,15,2,148,5,0.3815949530480355,-1.3475968213905272,0.003323733951173368,-0.12541185590416842
2020-05-27 11:30:00,2.2126429023537035,26215.605953,67300.309525,152788803.30900002,1.518418194846375,2.256061980874946,2.3495391730657125,11,30,2,148,5,0.3815949530480355,-1.3475968213905272,0.003323733951173368,-0.12541185590416842
2020-05-27 11:45:00,1.602512074467888,20899.3482148,73422.678573,152794925.677,1.6772328460826393,2.3082047483994343,1.6679750592770946,11,45,2,148,5,0.3815949530480355,-1.3475968213905272,0.003323733951173368,-0.12541185590416842
2020-05-27 12:00:00,2.184038598285895,25971.926785,79123.803571,152800626.804,1.7023243696795312,2.3787157139479405,2.577560796727075,12,0,2,148,5,0.016045582881512508,-1.3958644610274267,0.003323733951173368,-0.12541185590416842
2020-05-27 12:15:00,1.1523722333004565,16976.7053565,84716.607141,152806219.609,1.7466230011339146,2.1865232766564473,1.163986268606867,12,15,2,148,5,0.016045582881512508,-1.3958644610274267,0.003323733951173368,-0.12541185590416842
2020-05-27 12:30:00,0.925012152445351,14987.6607144,88370.446429,152809873.446,1.7443276527259366,1.562992806015254,1.0883570677062557,12,30,2,148,5,0.016045582881512508,-1.3958644610274267,0.003323733951173368,-0.12541185590416842
2020-05-27 12:45:00,1.129169226523522,16768.9500002,92915.589284,152814418.591,1.7938644871757536,1.6717964038802235,1.257812493204279,12,45,2,148,5,0.016045582881512508,-1.3958644610274267,0.003323733951173368,-0.12541185590416842
2020-05-27 13:00:00,1.4720962098903538,19769.525,97403.196429,152818906.196,1.8655191496521588,1.612680785816102,1.5483100353199335,13,0,2,148,5,-0.34950378728501047,-1.3475968213905272,0.003323733951173368,-0.12541185590416842
2020-05-27 13:15:00,0.415901730264981,10534.5321428,101184.374999,152822687.376,1.9046727484489467,1.2931691243686423,0.359430018968615,13,15,2,148,5,-0.34950378728501047,-1.3475968213905272,0.003323733951173368,-0.12541185590416842
2020-05-27 13:30:00,0.28363595015648674,9377.5827382,103460.994049,152824956.159,1.7755237675606004,0.8494042859645635,0.20008450572674702,13,30,2,148,5,-0.34950378728501047,-1.3475968213905272,0.003323733951173368,-0.12541185590416842
2020-05-27 13:45:00,0.30992272377557395,9609.1053571,105916.142857,152827419.143,1.810136558813566,0.8064435721672041,0.22016532473805797,13,45,2,148,5,-0.34950378728501047,-1.3475968213905272,0.003323733951173368,-0.12541185590416842
2020-05-27 14:00:00,0.2617933742421836,9189.5535714,108227.392857,152829730.393,1.8072890182016343,0.7838703980411468,0.213822067398615,14,0,2,148,5,-0.6901415719735813,-1.2060832623550382,0.003323733951173368,-0.12541185590416842
2020-05-27 14:15:00,0.2253432651211486,8869.7589288,110523.714286,152832026.714,1.8023069785668788,0.8495155245764741,0.1556264917948589,14,15,2,148,5,-0.6901415719735813,-1.2060832623550382,0.003323733951173368,-0.12541185590416842
2020-05-27 14:30:00,1.5359089517539202,20327.0464284,113979.928572,152835482.928,1.9342627521472244,1.1966597054062207,1.3483675056575302,14,30,2,148,5,-0.6901415719735813,-1.2060832623550382,0.003323733951173368,-0.12541185590416842
2020-05-27 14:45:00,0.4530499482875698,10848.227381,118073.017856,152839576.019,1.993401251411496,1.4037361881141115,0.3993409160435198,14,45,2,148,5,-0.6901415719735813,-1.2060832623550382,0.003323733951173368,-0.12541185590416842
2020-05-27 15:00:00,0.4554718570983563,10883.7785713,120712.464286,152842215.464,1.979074426211984,1.0966323549731727,0.3025033816903168,15,0,2,148,5,-0.98265386908823,-0.980967699107014,0.003323733951173368,-0.12541185590416842
2020-05-27 15:15:00,0.2595256802588822,9156.1839285,123304.964285,152844807.965,1.897468565096031,0.8969769020109686,0.12737305118435588,15,15,2,148,5,-0.98265386908823,-0.980967699107014,0.003323733951173368,-0.12541185590416842
2020-05-27 15:30:00,1.2721993625903079,18035.2535715,126425.19643,152847928.195,1.6512564702162755,0.9800224153921073,1.22100534910055,15,30,2,148,5,-0.98265386908823,-0.980967699107014,0.003323733951173368,-0.12541185590416842
2020-05-27 15:45:00,0.7464816507035783,13428.0714284,130823.517858,152852326.517,1.8466544986605,1.2672178498962048,0.725143297256582,15,45,2,148,5,-0.98265386908823,-0.980967699107014,0.003323733951173368,-0.12541185590416842
2020-05-27 16:00:00,0.7908929443717763,13821.6499999,133993.214285,152855496.215,1.78013059538447,0.9613074054877286,0.7703026886964732,16,0,2,148,5,-1.2071064489800205,-0.6875913852607494,0.003323733951173368,-0.12541185590416842
2020-05-27 16:15:00,0.4806268382088302,11097.028571499999,137034.642858,152858537.642,1.7361508783890234,0.8866852721632406,0.4115999126458115,16,15,2,148,5,-1.2071064489800205,-0.6875913852607494,0.003323733951173368,-0.12541185590416842
2020-05-27 16:30:00,0.43121214398314406,10665.6482143,139857.499999,152861360.501,1.734266395214529,0.8484821916991038,0.4132853750426073,16,30,2,148,5,-1.2071064489800205,-0.6875913852607494,0.003323733951173368,-0.12541185590416842
2020-05-27 16:45:00,-0.025046653768203638,6652.3732144,142019.446428,152863522.447,1.5652579382030984,0.5865083756382262,-0.048456140912398755,16,45,2,148,5,-1.2071064489800205,-0.6875913852607494,0.003323733951173368,-0.12541185590416842
2020-05-27 17:00:00,-0.1322394312359591,5705.9910712,143527.339285,152865030.34,1.4158481413964648,0.3059300617143663,-0.18354737284834785,17,0,2,148,5,-1.3482032392547534,-0.3459474317775844,0.003323733951173368,-0.12541185590416842
2020-05-27 17:15:00,-0.343067971165442,3840.2464285,144741.482144,152866244.481,1.2788437424430021,0.13949167425546768,-0.3655055378680545,17,15,2,148,5,-1.3482032392547534,-0.3459474317775844,0.003323733951173368,-0.12541185590416842
2020-05-27 17:30:00,-0.5551108785384253,1961.24285714,145452.839287,152866955.838,1.1802130543913676,-0.02148506192950468,-0.5618160210655915,17,30,2,148,5,-1.3482032392547534,-0.3459474317775844,0.003323733951173368,-0.12541185590416842
2020-05-27 17:45:00,-0.6313014997485534,1293.06964285,145848.964286,152867351.964,1.1097721609427853,-0.1309364111074831,-0.6293931633654417,17,45,2,148,5,-1.3482032392547534,-0.3459474317775844,0.003323733951173368,-0.12541185590416842
2020-05-27 18:00:00,-0.7065800199459397,637.0404762,146063.285715,152867566.285,0.9991848071745735,-0.22912371542436202,-0.6985389287593646,18,0,2,148,5,-1.3963287268286755,0.02068169050592892,0.003323733951173368,-0.12541185590416842
2020-05-27 18:15:00,-0.7653228904175206,127.14642857999999,66053.035715,67518634.035,0.8373723914536058,-0.3147853529555031,-0.7342372256612211,18,15,2,148,5,-1.3963287268286755,0.02068169050592892,0.003323733951173368,-0.12541185590416842
2020-05-27 18:30:00,-0.7793390127010318,5.725,66067.875,67518648.875,0.5663659864621241,-0.41851867145571553,-0.7595951676821465,18,30,2,148,5,-1.3963287268286755,0.02068169050592892,0.003323733951173368,-0.12541185590416842
2020-05-27 18:45:00,-0.7800000755197538,0.0,66068.0,67518649.0,0.641376419721092,-0.45294620269075553,-0.7659021283190262,18,45,2,148,5,-1.3963287268286755,0.02068169050592892,0.003323733951173368,-0.12541185590416842
2020-05-27 19:00:00,-0.7800000755197538,0.0,66068.0,67518649.0,0.6148542462992853,-0.49031820091888706,-0.7659021283190262,19,0,2,148,5,-1.3482032392547536,0.38731081278944235,0.003323733951173368,-0.12541185590416842
2020-05-27 19:15:00,-0.7800000755197538,0.0,66068.0,67518649.0,0.4654324674175776,-0.47089337791481406,-0.7656939021921617,19,15,2,148,5,-1.3482032392547536,0.38731081278944235,0.003323733951173368,-0.12541185590416842
2020-05-27 19:30:00,-0.7800000755197538,0.0,66068.0,152867652.0,-0.4660112031075267,-0.5675807807300902,-0.7658214950432742,19,30,2,148,5,-1.3482032392547536,0.38731081278944235,0.003323733951173368,-0.12541185590416842
2020-05-27 19:45:00,-0.7800000755197538,0.0,66068.0,152867652.0,-0.7691318579988422,-0.7361774707053217,-0.7659021283190262,19,45,2,148,5,-1.3482032392547536,0.38731081278944235,0.003323733951173368,-0.12541185590416842
2020-05-27 20:00:00,-0.7800000755197538,0.0,66068.0,152867652.0,-0.805526425855636,-0.8001899310870231,-0.7659021283190262,20,0,2,148,5,-1.207106448980021,0.7289547662726072,0.003323733951173368,-0.12541185590416842
2020-05-27 20:15:00,-0.7800000755197538,0.0,66068.0,152867652.0,-0.8524269620250607,-0.8101135340842204,-0.7659021283190262,20,15,2,148,5,-1.207106448980021,0.7289547662726072,0.003323733951173368,-0.12541185590416842
2020-05-27 20:30:00,-0.7800000755197538,0.0,66068.0,152867652.0,-0.870437185359352,-0.8323517532792725,-0.7659021283190262,20,30,2,148,5,-1.207106448980021,0.7289547662726072,0.003323733951173368,-0.12541185590416842
2020-05-27 20:45:00,-0.7800000755197538,0.0,66068.0,152867652.0,-0.8322614238177497,-0.8304909639823496,-0.7659021283190262,20,45,2,148,5,-1.207106448980021,0.7289547662726072,0.003323733951173368,-0.12541185590416842
2020-05-27 21:00:00,-0.7800000755197538,0.0,66068.0,152867652.0,-0.7792788986254803,-0.8190247940188269,-0.7659021283190262,21,0,2,148,5,-0.9826538690882308,1.0223310801188716,0.003323733951173368,-0.12541185590416842
2020-05-27 21:15:00,-0.7800000755197538,0.0,66068.0,152867652.0,-0.7539346138197105,-0.8326863815868351,-0.7659021283190262,21,15,2,148,5,-0.9826538690882308,1.0223310801188716,0.003323733951173368,-0.12541185590416842
2020-05-27 21:30:00,-0.7800000755197538,0.0,66068.0,152867652.0,-0.7726931359419363,-0.85871806245525,-0.7659021283190262,21,30,2,148,5,-0.9826538690882308,1.0223310801188716,0.003323733951173368,-0.12541185590416842
2020-05-27 21:45:00,-0.7800000755197538,0.0,66068.0,152867652.0,-0.8186124125574077,-0.8768532068773597,-0.7659021283190262,21,45,2,148,5,-0.9826538690882308,1.0223310801188716,0.003323733951173368,-0.12541185590416842
2020-05-27 22:00:00,-0.7800000755197538,0.0,66068.0,152867652.0,-0.839380557405172,-0.8786826817999377,-0.7659021283190262,22,0,2,148,5,-0.6901415719735823,1.2474466433668958,0.003323733951173368,-0.12541185590416842
2020-05-27 22:15:00,-0.7800000755197538,0.0,66068.0,152867652.0,-0.8495732537538137,-0.8796503529966666,-0.7659021283190262,22,15,2,148,5,-0.6901415719735823,1.2474466433668958,0.003323733951173368,-0.12541185590416842
2020-05-27 22:30:00,-0.7800000755197538,0.0,66068.0,152867652.0,-0.8481340266918791,-0.8531698137528198,-0.7659021283190262,22,30,2,148,5,-0.6901415719735823,1.2474466433668958,0.003323733951173368,-0.12541185590416842
2020-05-27 22:45:00,-0.7800000755197538,0.0,66068.0,152867652.0,-0.8490682766473931,-0.8173221341652736,-0.7659021283190262,22,45,2,148,5,-0.6901415719735823,1.2474466433668958,0.003323733951173368,-0.12541185590416842
2020-05-27 23:00:00,-0.7800000755197538,0.0,66068.0,152867652.0,-0.7667159326571387,-0.7618229363895261,-0.7659021283190262,23,0,2,148,5,-0.3495037872850116,1.3889602024023853,0.003323733951173368,-0.12541185590416842
2020-05-27 23:15:00,-0.7800000755197538,0.0,66068.0,152867652.0,-0.695635773140111,-0.7334126032771847,-0.7659021283190262,23,15,2,148,5,-0.3495037872850116,1.3889602024023853,0.003323733951173368,-0.12541185590416842
2020-05-27 23:30:00,-0.7800000755197538,0.0,66068.0,152867652.0,-0.6874968509318584,-0.7376954194481645,-0.7659021283190262,23,30,2,148,5,-0.3495037872850116,1.3889602024023853,0.003323733951173368,-0.12541185590416842
2020-05-27 23:45:00,-0.7800000755197538,0.0,60853.303571,152867652.0,-0.7168790534012036,-0.7476218583663489,-0.7659021283190262,23,45,2,148,5,-0.3495037872850116,1.3889602024023853,0.003323733951173368,-0.12541185590416842
2020-05-28 00:00:00,-0.7800000755197538,0.0,4456.375,152867652.0,-0.7231299573131553,-0.761085966143095,-0.7659021283190262,0,0,3,149,5,0.016045582881512335,1.437227842039285,-0.1415353770784561,-0.2651269637087226
2020-05-28 00:15:00,-0.7800000755197538,0.0,0.0,152867652.0,-0.7777957645986084,-0.7854849497508914,-0.7659021283190262,0,15,3,149,5,0.016045582881512335,1.437227842039285,-0.1415353770784561,-0.2651269637087226
2020-05-28 00:30:00,-0.7800000755197538,0.0,0.0,152867652.0,-0.7803115866801239,-0.7888600690103106,-0.7659021283190262,0,30,3,149,5,0.016045582881512335,1.437227842039285,-0.1415353770784561,-0.2651269637087226
2020-05-28 00:45:00,-0.7800000755197538,0.0,0.0,152867652.0,-0.7872177667866206,-0.7859926677441925,-0.7659021283190262,0,45,3,149,5,0.016045582881512335,1.437227842039285,-0.1415353770784561,-0.2651269637087226
2020-05-28 01:00:00,-0.7800000755197538,0.0,0.0,152867652.0,-0.8134329138053699,-0.8384961778980273,-0.7659021283190262,1,0,3,149,5,0.38159495304803503,1.3889602024023857,-0.1415353770784561,-0.2651269637087226
2020-05-28 01:15:00,-0.7800000755197538,0.0,0.0,152867652.0,-0.8941390152366172,-0.8936875408573725,-0.7659021283190262,1,15,3,149,5,0.38159495304803503,1.3889602024023857,-0.1415353770784561,-0.2651269637087226
2020-05-28 01:30:00,-0.7800000755197538,0.0,0.0,152867652.0,-0.9497854011084091,-0.902579510381929,-0.7659021283190262,1,30,3,149,5,0.38159495304803503,1.3889602024023857,-0.1415353770784561,-0.2651269637087226
2020-05-28 01:45:00,-0.7800000755197538,0.0,0.0,152867652.0,-0.9815800233465463,-0.888892832060381,-0.7659021283190262,1,45,3,149,5,0.38159495304803503,1.3889602024023857,-0.1415353770784561,-0.2651269637087226
2020-05-28 02:00:00,-0.7800000755197538,0.0,0.0,152867652.0,-0.9500970371383737,-0.8773968430801732,-0.7659021283190262,2,0,3,149,5,0.7222327377366062,1.2474466433668963,-0.1415353770784561,-0.2651269637087226
2020-05-28 02:15:00,-0.7800000755197538,0.0,0.0,152867652.0,-0.9489418420702027,-0.8742554254850452,-0.7659021283190262,2,15,3,149,5,0.7222327377366062,1.2474466433668963,-0.1415353770784561,-0.2651269637087226
2020-05-28 02:30:00,-0.7800000755197538,0.0,0.0,152867652.0,-0.991028407321201,-0.8785043765081415,-0.7659021283190262,2,30,3,149,5,0.7222327377366062,1.2474466433668963,-0.1415353770784561,-0.2651269637087226
2020-05-28 02:45:00,-0.7800000755197538,0.0,0.0,152867652.0,-0.9718366259359341,-0.8694851419741066,-0.7659021283190262,2,45,3,149,5,0.7222327377366062,1.2474466433668963,-0.1415353770784561,-0.2651269637087226
2020-05-28 03:00:00,-0.7800000755197538,0.0,0.0,152867652.0,-0.9858172993151757,-0.8719667854028967,-0.7659021283190262,3,0,3,149,5,1.0147450348512552,1.0223310801188719,-0.1415353770784561,-0.2651269637087226
2020-05-28 03:15:00,-0.7800000755197538,0.0,0.0,152867652.0,-0.9781589347416532,-0.8755029863075801,-0.7659021283190262,3,15,3,149,5,1.0147450348512552,1.0223310801188719,-0.1415353770784561,-0.2651269637087226
2020-05-28 03:30:00,-0.7800000755197538,0.0,0.0,152867652.0,-0.9381524058789922,-0.849217991555559,-0.7659021283190262,3,30,3,149,5,1.0147450348512552,1.0223310801188719,-0.1415353770784561,-0.2651269637087226
2020-05-28 03:45:00,-0.7800000755197538,0.0,0.0,152867652.0,-0.9053804352854958,-0.8278115267297833,-0.7659021283190262,3,45,3,149,5,1.0147450348512552,1.0223310801188719,-0.1415353770784561,-0.2651269637087226
2020-05-28 04:00:00,-0.7800000755197538,0.0,0.0,152867652.0,-0.9275407975967533,-0.8639966964683755,-0.7659021283190262,4,0,3,149,5,1.2391976147430457,0.7289547662726072,-0.1415353770784561,-0.2651269637087226
2020-05-28 04:15:00,-0.7800000755197538,0.0,0.0,152867652.0,-0.9296101225123046,-0.9006763066981667,-0.7659021283190262,4,15,3,149,5,1.2391976147430457,0.7289547662726072,-0.1415353770784561,-0.2651269637087226
2020-05-28 04:30:00,-0.7800000755197538,0.0,0.0,152867652.0,-0.947270820080293,-0.8988990293121609,-0.7659021283190262,4,30,3,149,5,1.2391976147430457,0.7289547662726072,-0.1415353770784561,-0.2651269637087226
2020-05-28 04:45:00,-0.7800000755197538,0.0,0.0,152867652.0,-0.9805602535295529,-0.9219283460348329,-0.7659021283190262,4,45,3,149,5,1.2391976147430457,0.7289547662726072,-0.1415353770784561,-0.2651269637087226
2020-05-28 05:00:00,-0.7800000755197538,0.0,0.0,152867652.0,-1.0645233827534124,-0.9400546405170411,-0.7659021283190262,5,0,3,149,5,1.3802944050177781,0.38731081278944296,-0.1415353770784561,-0.2651269637087226
2020-05-28 05:15:00,-0.7800000755197538,0.0,0.0,152867652.0,-1.1067120716560572,-0.9206736868924376,-0.7659021283190262,5,15,3,149,5,1.3802944050177781,0.38731081278944296,-0.1415353770784561,-0.2651269637087226
2020-05-28 05:30:00,-0.7800000755197538,0.0,0.0,152867652.0,-1.1454421703824365,-0.9316108439030759,-0.7659021283190262,5,30,3,149,5,1.3802944050177781,0.38731081278944296,-0.1415353770784561,-0.2651269637087226
2020-05-28 05:45:00,-0.7800000755197538,0.0,0.0,152867652.0,-1.2002386106262912,-0.9823169948841033,-0.7646633868118046,5,45,3,149,5,1.3802944050177781,0.38731081278944296,-0.1415353770784561,-0.2651269637087226
2020-05-28 06:00:00,-0.7430942803597997,319.99464285,17.071428571,152867669.071,-1.2095237933927463,-0.9730306519957392,-0.7296904580160044,6,0,3,149,5,1.4284198925917004,0.020681690505929266,-0.1415353770784561,-0.2651269637087226
2020-05-28 06:15:00,-0.6741767418668106,918.91607142,166.25,152867818.25,-1.1931782551544932,-0.9441224192203589,-0.666561036238088,6,15,3,149,5,1.4284198925917004,0.020681690505929266,-0.1415353770784561,-0.2651269637087226
2020-05-28 06:30:00,-0.5849958883432232,1699.01428571,483.60714286,152868135.608,-1.1285148789615957,-0.8918119538891587,-0.5963149997159454,6,30,3,149,5,1.4284198925917004,0.020681690505929266,-0.1415353770784561,-0.2651269637087226
2020-05-28 06:45:00,-0.4599655484628931,2799.3250001,1035.28571427,152868687.284,-0.9701036452952844,-0.8030688678635579,-0.4690194917411635,6,45,3,149,5,1.4284198925917004,0.020681690505929266,-0.1415353770784561,-0.2651269637087226
2020-05-28 07:00:00,-0.3034755769529097,4195.2267858,1906.39285713,152869558.392,-0.7502012243348178,-0.6428344949150073,-0.20343363911523107,7,0,3,149,5,1.3802944050177781,-0.3459474317775844,-0.1415353770784561,-0.2651269637087226
2020-05-28 07:15:00,-0.12525125167454526,5769.0892857,3148.4107142000003,152870800.413,-0.6745669360968991,-0.33525990925909105,-0.02615376270445139,7,15,3,149,5,1.3802944050177781,-0.3459474317775844,-0.1415353770784561,-0.2651269637087226
2020-05-28 07:30:00,0.058986260036536245,7406.2303571,4780.3571429,152872432.357,-0.5108780100293323,-0.061439787616276394,0.15222441263500214,7,30,3,149,5,1.3802944050177781,-0.3459474317775844,-0.1415353770784561,-0.2651269637087226
2020-05-28 07:45:00,0.25976406053561285,9171.75,6848.642857,152874500.645,-0.37254161828049714,0.16723352250240178,0.3285150887658573,7,45,3,149,5,1.3802944050177781,-0.3459474317775844,-0.1415353770784561,-0.2651269637087226
2020-05-28 08:00:00,0.44878448600325715,10821.3892858,9312.0535714,152876964.055,-0.22768767611858076,0.3984803749989861,0.4938437753780349,8,0,3,149,5,1.239197614743046,-0.6875913852607484,-0.1415353770784561,-0.2651269637087226
2020-05-28 08:15:00,0.6554716910492705,12634.3124999,12245.8928572,152879897.893,0.005429876312488156,0.56841878740939,0.6774824088985528,8,15,3,149,5,1.239197614743046,-0.6875913852607484,-0.1415353770784561,-0.2651269637087226
2020-05-28 08:30:00,0.8672559389427154,14491.673214299999,15597.1488097,152883260.148,0.17210682647595787,0.6972124605094486,0.8702688120250698,8,30,3,149,5,1.239197614743046,-0.6875913852607484,-0.1415353770784561,-0.2651269637087226
2020-05-28 08:45:00,1.0762472212997225,16322.875,19476.5535714,152887128.553,0.34558726897909686,0.9057170601449066,1.0659827450179011,8,45,3,149,5,1.239197614743046,-0.6875913852607484,-0.1415353770784561,-0.2651269637087226
2020-05-28 09:00:00,1.2354512284476202,17716.7285715,23726.428571,152891378.429,0.4605536232533085,1.007436283710886,1.2295273713901458,9,0,3,149,5,1.0147450348512554,-0.9809676991070133,-0.1415353770784561,-0.2651269637087226
2020-05-28 09:15:00,1.3852136680186762,19026.9375,28340.714286,152895992.714,0.5706337058466996,1.107402757755929,1.3718378650994267,9,15,3,149,5,1.0147450348512554,-0.9809676991070133,-0.1415353770784561,-0.2651269637087226
2020-05-28 09:30:00,1.5377151940625993,20360.317857000002,33281.517857,152900940.125,0.648297097587749,1.303583849777638,1.5379954026654123,9,30,3,149,5,1.0147450348512554,-0.9809676991070133,-0.1415353770784561,-0.2651269637087226
2020-05-28 09:45:00,1.584331687223393,20765.9303571,38392.142858,152906050.713,0.7787002314352351,1.3550510089350056,1.6008014088431926,9,45,3,149,5,1.0147450348512554,-0.9809676991070133,-0.1415353770784561,-0.2651269637087226
2020-05-28 10:00:00,1.729738932249503,22032.6821431,43689.410713,152911330.388,0.8426581318981143,1.429653488564185,1.8438717037593408,10,0,3,149,5,0.7222327377366062,-1.206083262355038,-0.1415353770784561,-0.2651269637087226
2020-05-28 10:15:00,1.8171787549984535,22781.192856,49351.214287,152916993.213,0.989606733119747,1.5636826606451597,1.9099218804255906,10,15,3,149,5,0.7222327377366062,-1.206083262355038,-0.1415353770784561,-0.2651269637087226
2020-05-28 10:30:00,1.6278109982745697,21123.5321433,54813.964285,152922471.679,1.0065053862932187,1.7433272485310287,1.8733467146403535,10,30,3,149,5,0.7222327377366062,-1.206083262355038,-0.1415353770784561,-0.2651269637087226
2020-05-28 10:45:00,1.5342838307151863,20299.1089286,60099.0,152927751.0,1.1435774965291428,1.8062506634084232,1.5734960954729844,10,45,3,149,5,0.7222327377366062,-1.206083262355038,-0.1415353770784561,-0.2651269637087226
2020-05-28 11:00:00,1.9163184952806334,23627.2982132,65195.553572,152932847.553,1.1289547472506005,1.5031077979210925,1.8381755102211699,11,0,3,149,5,0.3815949530480355,-1.3475968213905272,-0.1415353770784561,-0.2651269637087226
2020-05-28 11:15:00,2.276256364378371,26766.376785,71692.285714,152939303.943,1.3100105044843988,2.033163495769669,2.3298076192723403,11,15,3,149,5,0.3815949530480355,-1.3475968213905272,-0.1415353770784561,-0.2651269637087226
2020-05-28 11:30:00,2.3800810020790806,27674.167856,78510.357142,152946177.84,1.5233378245382465,2.1518639498011645,2.491123865516849,11,30,3,149,5,0.3815949530480355,-1.3475968213905272,-0.1415353770784561,-0.2651269637087226
2020-05-28 11:45:00,2.2929666407244653,26917.846428,85369.458333,152953014.339,1.6086173165375597,2.1896836832200384,2.3396068028509927,11,45,3,149,5,0.3815949530480355,-1.3475968213905272,-0.1415353770784561,-0.2651269637087226
2020-05-28 12:00:00,2.1728106700413945,25870.578572,92009.392857,152959660.369,1.65460315874442,2.159522870286387,2.2256437095833834,12,0,3,149,5,0.016045582881512508,-1.3958644610274267,-0.1415353770784561,-0.2651269637087226
2020-05-28 12:15:00,2.3883323648016206,27749.459999,98953.97619,152966633.976,1.8018116854377362,2.1936195514175556,2.665171122693965,12,15,3,149,5,0.016045582881512508,-1.3958644610274267,-0.1415353770784561,-0.2651269637087226
2020-05-28 12:30:00,1.919227966695248,23658.0571445,105011.892856,152972663.894,1.7615327668441505,2.06904753461947,1.8183333821736374,12,30,3,149,5,0.016045582881512508,-1.3958644610274267,-0.1415353770784561,-0.2651269637087226
2020-05-28 12:45:00,2.178573944845812,25921.603572,111275.178572,152978927.178,1.7879653090793144,2.051170816367364,2.165011850925771,12,45,3,149,5,0.016045582881512508,-1.3958644610274267,-0.1415353770784561,-0.2651269637087226
2020-05-28 13:00:00,2.3681317696276456,27568.916071,117991.910715,152985643.91,1.9755595937521473,2.2625215608227807,2.4862236630262506,13,0,3,149,5,-0.34950378728501047,-1.3475968213905272,-0.1415353770784561,-0.2651269637087226
2020-05-28 13:15:00,1.754365659737156,22218.7803559,124748.51785599999,152992400.519,2.085321195718042,2.305601590681591,2.0642113053766376,13,15,3,149,5,-0.34950378728501047,-1.3475968213905272,-0.1415353770784561,-0.2651269637087226
2020-05-28 13:30:00,0.9903675067250193,15553.269642700001,128635.464285,152996295.036,1.9436167569657932,1.3949046068940059,0.890971579440675,13,30,3,149,5,-0.34950378728501047,-1.3475968213905272,-0.1415353770784561,-0.2651269637087226
2020-05-28 13:45:00,1.6580343926734142,21378.8250004,133292.357141,153000944.359,1.979037721117525,1.398783669461087,1.6266197647628475,13,45,3,149,5,-0.34950378728501047,-1.3475968213905272,-0.1415353770784561,-0.2651269637087226
2020-05-28 14:00:00,1.524834641860619,20218.8736909,139490.732142,153007133.2,2.2130149380752218,1.9221131122834925,1.552092993165127,14,0,3,149,5,-0.6901415719735813,-1.2060832623550382,-0.1415353770784561,-0.2651269637087226
2020-05-28 14:15:00,0.3924736639806079,10330.6857143,142729.696429,153010384.678,1.9400690567378591,1.1651576229404228,0.5349993678118068,14,15,3,149,5,-0.6901415719735813,-1.2060832623550382,-0.1415353770784561,-0.2651269637087226
2020-05-28 14:30:00,1.214702007359238,17519.4607142,146175.589288,153013827.587,1.9559545791927724,1.2972593830599004,1.0140365937934601,14,30,3,149,5,-0.6901415719735813,-1.2060832623550382,-0.1415353770784561,-0.2651269637087226
2020-05-28 14:45:00,1.1964909362006815,17363.8178572,150120.208333,153017772.208,1.989543063117656,1.166604369510788,0.9687285622625779,14,45,3,149,5,-0.6901415719735813,-1.2060832623550382,-0.1415353770784561,-0.2651269637087226
2020-05-28 15:00:00,1.67544589262639,21563.5517857,155512.660713,153023164.662,2.111560919354856,1.5258396436409911,1.6202519008929537,15,0,3,149,5,-0.98265386908823,-0.980967699107014,-0.1415353770784561,-0.2651269637087226
2020-05-28 15:15:00,1.322646507710103,18478.4946428,160512.035714,153028164.036,2.1173453188157523,1.489265584627637,1.3056007041759583,15,15,3,149,5,-0.98265386908823,-0.980967699107014,-0.1415353770784561,-0.2651269637087226
2020-05-28 15:30:00,1.1873689320017897,17295.1238095,165024.642857,153032686.072,2.1264259184960683,1.3512784674560068,1.0807500371978824,15,30,3,149,5,-0.98265386908823,-0.980967699107014,-0.1415353770784561,-0.2651269637087226
2020-05-28 15:45:00,0.7234923710860812,13227.294643,168731.732144,153036383.731,2.0269165632949857,1.183940587184994,0.7803845905612936,15,45,3,149,5,-0.98265386908823,-0.980967699107014,-0.1415353770784561,-0.2651269637087226
2020-05-28 16:00:00,-0.05951801468208094,6349.7130954,171278.392858,153038935.392,1.9581301081931144,0.852837305709526,-0.09834551261528167,16,0,3,149,5,-1.2071064489800205,-0.6875913852607494,-0.1415353770784561,-0.2651269637087226
2020-05-28 16:15:00,0.30557163812990035,9557.4285714,173432.25,153041090.107,1.9224827108938953,0.6587764871628737,0.2509161099281259,16,15,3,149,5,-1.2071064489800205,-0.6875913852607494,-0.1415353770784561,-0.2651269637087226
2020-05-28 16:30:00,0.2812395559990269,9345.7267857,175806.005952,153043447.173,1.9616500364934244,0.6408266367372989,0.2685996146476917,16,30,3,149,5,-1.2071064489800205,-0.6875913852607494,-0.1415353770784561,-0.2651269637087226
2020-05-28 16:45:00,0.12992085195964354,8025.2619046,177755.982142,153045416.31599998,1.9080274353244815,0.5335275190272486,0.17366034305453526,16,45,3,149,5,-1.2071064489800205,-0.6875913852607494,-0.1415353770784561,-0.2651269637087226
2020-05-28 17:00:00,0.01820136814220463,7041.7809525,179727.375,153047384.732,1.9066422249774166,0.5250204293080716,-0.008279286966550734,17,0,3,149,5,-1.3482032392547534,-0.3459474317775844,-0.1415353770784561,-0.2651269637087226
2020-05-28 17:15:00,-0.13964353363107368,5646.6666666,181400.869048,153049058.785,1.8617424092587185,0.44028508104277597,-0.13389793778009682,17,15,3,149,5,-1.3482032392547534,-0.3459474317775844,-0.1415353770784561,-0.2651269637087226
2020-05-28 17:30:00,-0.5037642903454452,2414.0610714,182366.732143,153050015.565,1.705439695768005,0.17688890729214854,-0.4961977166408357,17,30,3,149,5,-1.3482032392547534,-0.3459474317775844,-0.1415353770784561,-0.2651269637087226
2020-05-28 17:45:00,-0.6113125506370064,1467.33392857,182824.428571,153050475.572,1.5697316724518702,-0.015436851244372987,-0.5988235369015569,17,45,3,149,5,-1.3482032392547534,-0.3459474317775844,-0.1415353770784561,-0.2651269637087226
2020-05-28 18:00:00,-0.663028538727911,1016.02857142,183136.785713,153050788.644,1.436842382265744,-0.10144245955038872,-0.6500315330692488,18,0,3,149,5,-1.3963287268286755,0.02068169050592892,-0.1415353770784561,-0.2651269637087226
2020-05-28 18:15:00,-0.7143188620111871,569.88988096,183346.196428,153050998.554,1.271950538328802,-0.14290323370304656,-0.6992121787507177,18,15,3,149,5,-1.3963287268286755,0.02068169050592892,-0.1415353770784561,-0.2651269637087226
2020-05-28 18:30:00,-0.7653426527159656,126.855000001,183425.285716,153051077.201,1.0750951720390638,-0.1953936481825678,-0.7420360664091316,18,30,3,149,5,-1.3963287268286755,0.02068169050592892,-0.1415353770784561,-0.2651269637087226
2020-05-28 18:45:00,-0.7800000755197538,0.0,183432.0,153051084.0,0.7473552721237329,-0.2993606231678656,-0.7618260824145519,18,45,3,149,5,-1.3963287268286755,0.02068169050592892,-0.1415353770784561,-0.2651269637087226
2020-05-28 19:00:00,-0.7800000755197538,0.0,183432.0,153051084.0,0.6059057785119949,-0.349398152264581,-0.7659021283190262,19,0,3,149,5,-1.3482032392547536,0.38731081278944235,-0.1415353770784561,-0.2651269637087226
2020-05-28 19:15:00,-0.7800000755197538,0.0,183432.0,153051084.0,0.530472954609144,-0.39205809253326424,-0.7659021283190262,19,15,3,149,5,-1.3482032392547536,0.38731081278944235,-0.1415353770784561,-0.2651269637087226
2020-05-28 19:30:00,-0.7800000755197538,0.0,183432.0,153051084.0,0.4794096432826956,-0.4504047353272698,-0.7659021283190262,19,30,3,149,5,-1.3482032392547536,0.38731081278944235,-0.1415353770784561,-0.2651269637087226
2020-05-28 19:45:00,-0.7800000755197538,0.0,183432.0,153051084.0,0.4072884763552311,-0.481851444010176,-0.7659021283190262,19,45,3,149,5,-1.3482032392547536,0.38731081278944235,-0.1415353770784561,-0.2651269637087226
2020-05-28 20:00:00,-0.7800000755197538,0.0,183432.0,153051084.0,0.34516530410786256,-0.4902468325860627,-0.7659021283190262,20,0,3,149,5,-1.207106448980021,0.7289547662726072,-0.1415353770784561,-0.2651269637087226
2020-05-28 20:15:00,-0.7800000755197538,0.0,183432.0,153051084.0,0.2876608195344814,-0.5037743160496833,-0.7659021283190262,20,15,3,149,5,-1.207106448980021,0.7289547662726072,-0.1415353770784561,-0.2651269637087226
2020-05-28 20:30:00,-0.7800000755197538,0.0,183432.0,153051084.0,0.22934930506714163,-0.5150078293957971,-0.7659021283190262,20,30,3,149,5,-1.207106448980021,0.7289547662726072,-0.1415353770784561,-0.2651269637087226
2020-05-28 20:45:00,-0.7800000755197538,0.0,183432.0,153051084.0,0.15227123923816493,-0.5317508113913451,-0.7659021283190262,20,45,3,149,5,-1.207106448980021,0.7289547662726072,-0.1415353770784561,-0.2651269637087226
2020-05-28 21:00:00,-0.7800000755197538,0.0,183432.0,153051084.0,0.09000646199211834,-0.5610384509927012,-0.7659021283190262,21,0,3,149,5,-0.9826538690882308,1.0223310801188716,-0.1415353770784561,-0.2651269637087226
2020-05-28 21:15:00,-0.7800000755197538,0.0,183432.0,153051084.0,-0.2617062150082974,-0.5820402641852748,-0.7659021283190262,21,15,3,149,5,-0.9826538690882308,1.0223310801188716,-0.1415353770784561,-0.2651269637087226
2020-05-28 21:30:00,-0.7800000755197538,0.0,183432.0,153051084.0,-1.10323651318443,-0.8695477487883762,-0.7659021283190262,21,30,3,149,5,-0.9826538690882308,1.0223310801188716,-0.1415353770784561,-0.2651269637087226
2020-05-28 21:45:00,-0.7800000755197538,0.0,183432.0,153051084.0,-1.4942472882218052,-0.9549858367020081,-0.7659021283190262,21,45,3,149,5,-0.9826538690882308,1.0223310801188716,-0.1415353770784561,-0.2651269637087226
2020-05-28 22:00:00,-0.7800000755197538,0.0,183432.0,153051084.0,-1.4290875948137471,-0.9307295568297455,-0.7659021283190262,22,0,3,149,5,-0.6901415719735823,1.2474466433668958,-0.1415353770784561,-0.2651269637087226
2020-05-28 22:15:00,-0.7800000755197538,0.0,183432.0,153051084.0,-1.3571208450152303,-0.9098569346880524,-0.7659021283190262,22,15,3,149,5,-0.6901415719735823,1.2474466433668958,-0.1415353770784561,-0.2651269637087226
2020-05-29 06:15:00,-0.6558000570423731,1080.37999997,46.899999995,153051130.762,-1.4309503031422464,-0.9072881307571293,-0.6339702186004379,6,15,4,150,5,1.4284198925917004,0.020681690505929266,-0.28802558910329895,-0.40119257854039697
2020-05-29 06:30:00,-0.5393740047576814,2099.73571429,413.50000002,153051497.501,-1.3844688575428947,-0.8433410482047444,-0.5519744699633626,6,30,4,150,5,1.4284198925917004,0.020681690505929266,-0.28802558910329895,-0.40119257854039697
2020-05-29 06:45:00,-0.4068763390365867,3273.3517857,1054.94642857,153052138.947,-1.33314606263499,-0.7707402603364322,-0.4437420121882204,6,45,4,150,5,1.4284198925917004,0.020681690505929266,-0.28802558910329895,-0.40119257854039697
2020-05-29 07:00:00,-0.29942032933824486,4231.3892855,2030.30357142,153053114.304,-1.2632697168559672,-0.599942283903775,-0.34617765116397414,7,0,4,150,5,1.3802944050177781,-0.3459474317775844,-0.28802558910329895,-0.40119257854039697
2020-05-29 07:15:00,-0.2951620907030677,4268.8232142,3078.1250004,153054162.122,-1.1574120551980978,-0.44819554769327163,-0.334000261362229,7,15,4,150,5,1.3802944050177781,-0.3459474317775844,-0.28802558910329895,-0.40119257854039697
2020-05-29 07:30:00,-0.23590839595212712,4791.3482143,4198.482143,153055282.482,-1.0643110121915085,-0.3789596526599751,-0.2728427953442195,7,30,4,150,5,1.3802944050177781,-0.3459474317775844,-0.28802558910329895,-0.40119257854039697
2020-05-29 07:45:00,-0.11605621580505562,5848.9375001,5510.7857142,153056594.786,-1.0057952504208776,-0.28394495588459134,-0.15685668315350257,7,45,4,150,5,1.3802944050177781,-0.3459474317775844,-0.28802558910329895,-0.40119257854039697
2020-05-29 08:00:00,0.03830085888233681,7222.8142858,7128.5535714,153058212.554,-0.9123521279683747,-0.1479817530884217,-0.012273305536514303,8,0,4,150,5,1.239197614743046,-0.6875913852607484,-0.28802558910329895,-0.40119257854039697
2020-05-29 08:15:00,0.2652563493519464,9220.0428572,9185.3392857,153060269.34,-0.7738138635725317,0.06736069273105273,0.20066982848962836,8,15,4,150,5,1.239197614743046,-0.6875913852607484,-0.28802558910329895,-0.40119257854039697
2020-05-29 08:30:00,0.45135616947045637,10845.2000001,11647.9821429,153062731.982,-0.6339476720400204,0.26633627122404935,0.39262072561588773,8,30,4,150,5,1.239197614743046,-0.6875913852607484,-0.28802558910329895,-0.40119257854039697
2020-05-29 08:45:00,0.57898562943895,11963.2607144,14512.6607142,153065602.589,-0.5159854914196952,0.4442240430901104,0.5028338869827857,8,45,4,150,5,1.239197614743046,-0.6875913852607484,-0.28802558910329895,-0.40119257854039697
2020-05-29 09:00:00,0.9038098299829316,14808.5589285,17687.1964285,153068771.912,-0.4321851268863369,0.6450361751985141,0.7938652382260641,9,0,4,150,5,1.0147450348512554,-0.9809676991070133,-0.28802558910329895,-0.40119257854039697
2020-05-29 09:15:00,1.4426527701826202,19528.4303573,22226.7857143,153073310.786,-0.1443001700256743,1.2038058219045593,1.440342886697611,9,15,4,150,5,1.0147450348512554,-0.9809676991070133,-0.28802558910329895,-0.40119257854039697
2020-05-29 09:30:00,0.8116411713330156,14002.4964287,26458.910714,153077542.911,-0.08136569404028315,1.1916445372665105,0.7990451870564266,9,30,4,150,5,1.0147450348512554,-0.9809676991070133,-0.28802558910329895,-0.40119257854039697
2020-05-29 09:45:00,1.2889953286100184,18176.394642799998,30369.446427,153081453.448,0.07768195556968062,1.185254097798189,1.2302896125910525,9,45,4,150,5,1.0147450348512554,-0.9809676991070133,-0.28802558910329895,-0.40119257854039697
2020-05-29 10:00:00,1.3587254276145808,18782.1184526,34630.339285,153085714.34,0.2113987463151871,1.2465169953929895,1.2530540680243247,10,0,4,150,5,0.7222327377366062,-1.206083262355038,-0.28802558910329895,-0.40119257854039697
2020-05-29 10:15:00,2.1291252533645806,25492.103572,40552.321428,153091605.989,0.3861209755668203,1.8930820172493021,2.209563312903958,10,15,4,150,5,0.7222327377366062,-1.206083262355038,-0.28802558910329895,-0.40119257854039697
2020-05-29 10:30:00,2.178176511986469,25920.391072,46961.946429,153098045.946,0.5783553708592166,2.1397256117559724,2.2746187109580966,10,30,4,150,5,0.7222327377366062,-1.206083262355038,-0.28802558910329895,-0.40119257854039697
2020-05-29 10:45:00,2.0242981857950797,24585.980359,53138.928570000004,153104222.93,0.7837256958507686,2.0206572812244175,2.074659548287476,10,45,4,150,5,0.7222327377366062,-1.206083262355038,-0.28802558910329895,-0.40119257854039697
2020-05-29 11:00:00,2.0777130556749577,25039.755357,59296.517859,153110380.516,0.868106705483322,2.0774149939285795,2.1321254261869473,11,0,4,150,5,0.3815949530480355,-1.3475968213905272,-0.28802558910329895,-0.40119257854039697
2020-05-29 11:15:00,1.9044678756435165,23529.7910723,65602.071428,153116686.072,0.9193769691796694,2.013814177958351,1.9591042772422689,11,15,4,150,5,0.3815949530480355,-1.3475968213905272,-0.28802558910329895,-0.40119257854039697
2020-05-29 11:30:00,1.4931160193827646,19947.0482142,70767.714286,153121851.714,0.9191640345025867,1.7276396024268768,1.5747631285825034,11,30,4,150,5,0.3815949530480355,-1.3475968213905272,-0.28802558910329895,-0.40119257854039697
2020-05-29 11:45:00,2.311728895918481,27085.746429,76722.5,153127806.5,0.9986138285919466,1.9944909537308209,2.627023638749411,11,45,4,150,5,0.3815949530480355,-1.3475968213905272,-0.28802558910329895,-0.40119257854039697
2020-05-29 12:00:00,2.1287922364703586,25494.689286,83157.821429,153134241.821,1.1762959890034577,2.301579046732604,2.0595365032637245,12,0,4,150,5,0.016045582881512508,-1.3958644610274267,-0.28802558910329895,-0.40119257854039697
2020-05-29 12:15:00,1.7164021638902212,21911.807142999998,89075.089286,153140159.089,1.1476787831314117,2.0531379293710836,1.5304609810976315,12,15,4,150,5,0.016045582881512508,-1.3958644610274267,-0.28802558910329895,-0.40119257854039697
2020-05-29 12:30:00,2.1439111908201873,25621.682142,94944.07143,153146028.07,1.217674420467428,2.06867656260315,2.1605037853124336,12,30,4,150,5,0.016045582881512508,-1.3958644610274267,-0.28802558910329895,-0.40119257854039697
2020-05-29 12:45:00,2.259678300707358,26621.633929,101590.696428,153152674.697,1.2699990369276426,2.353234004740195,2.3436061112981657,12,45,4,150,5,0.016045582881512508,-1.3958644610274267,-0.28802558910329895,-0.40119257854039697
2020-05-29 13:00:00,2.2904106635754213,26889.571428,108238.142856,153159322.144,1.4446971972648763,2.434848575641777,2.3790194157643074,13,0,4,150,5,-0.34950378728501047,-1.3475968213905272,-0.28802558910329895,-0.40119257854039697
2020-05-29 13:15:00,2.0598353324820167,24891.785714,114881.517857,153165965.518,1.4990692321677703,2.438692026255113,2.1575907402481045,13,15,4,150,5,-0.34950378728501047,-1.3475968213905272,-0.28802558910329895,-0.40119257854039697
2020-05-29 13:30:00,1.9054899876487452,23555.8982153,120840.49999899999,153171924.501,1.5625528366744332,2.0693042136132895,2.043281557839238,13,30,4,150,5,-0.34950378728501047,-1.3475968213905272,-0.28802558910329895,-0.40119257854039697
2020-05-29 13:45:00,1.3944172529696444,19095.6910714,126520.642858,153177604.642,1.56839346901698,2.1029000767639294,1.271523228563308,13,45,4,150,5,-0.34950378728501047,-1.3475968213905272,-0.28802558910329895,-0.40119257854039697
2020-05-29 14:00:00,0.8530127689097274,14366.05,130386.821428,153181470.822,1.518306312002092,1.4250991912842368,0.7552568436246337,14,0,4,150,5,-0.6901415719735813,-1.2060832623550382,-0.28802558910329895,-0.40119257854039697
2020-05-29 14:15:00,1.4942611989395236,19973.1464289,134628.553573,153185712.552,1.5611733494101943,1.5325542957582576,1.5739344478140602,14,15,4,150,5,-0.6901415719735813,-1.2060832623550382,-0.28802558910329895,-0.40119257854039697
2020-05-29 14:30:00,1.2226343635887136,17602.7785714,139419.571429,153190503.571,1.703981063143837,1.6969942565797353,1.2058552117341317,14,30,4,150,5,-0.6901415719735813,-1.2060832623550382,-0.28802558910329895,-0.40119257854039697
2020-05-29 14:45:00,1.3774161089944463,18957.2696428,144056.107143,153195140.107,1.7397082451335264,1.6476216135654347,1.3389721805499064,14,45,4,150,5,-0.6901415719735813,-1.2060832623550382,-0.28802558910329895,-0.40119257854039697
2020-05-29 15:00:00,1.1071881422446275,16593.078571500002,148556.0,153199640.0,1.8228111739213295,1.6278547517530304,1.038333606217537,15,0,4,150,5,-0.98265386908823,-0.980967699107014,-0.28802558910329895,-0.40119257854039697
2020-05-29 15:15:00,1.0518189122708062,16108.242857199999,152690.142859,153203774.141,1.7950587190144667,1.507793288949845,0.9090089052158088,15,15,4,150,5,-0.98265386908823,-0.980967699107014,-0.28802558910329895,-0.40119257854039697
2020-05-29 15:30:00,0.9341063886991509,15076.8053572,156574.767859,153207658.766,1.8137305554371725,1.3291878665027925,0.9273205914554368,15,30,4,150,5,-0.98265386908823,-0.980967699107014,-0.28802558910329895,-0.40119257854039697
2020-05-29 15:45:00,1.0112857212888928,15753.6482143,160389.857142,153211473.858,1.848628161729497,1.282009741952711,0.9593200599942632,15,45,4,150,5,-0.98265386908823,-0.980967699107014,-0.28802558910329895,-0.40119257854039697
2020-05-29 16:00:00,0.8683571801395105,14501.3964285,164253.517856,153215337.519,1.845810319095594,1.211269934837465,0.7959923258066646,16,0,4,150,5,-1.2071064489800205,-0.6875913852607494,-0.28802558910329895,-0.40119257854039697
2020-05-29 16:15:00,0.7840669985775631,13762.0982143,167757.196427,153218841.198,1.66502249776905,1.1341698235250253,0.7086516083234005,16,15,4,150,5,-1.2071064489800205,-0.6875913852607494,-0.28802558910329895,-0.40119257854039697
2020-05-29 16:30:00,0.24245554717783663,9019.2625,170646.910715,153221730.91,1.620749647721584,0.9108338185437695,0.21042367610030868,16,30,4,150,5,-1.2071064489800205,-0.6875913852607494,-0.28802558910329895,-0.40119257854039697
2020-05-29 16:45:00,0.10405265202780978,7803.8196427,172752.196428,153223836.197,1.3890104355205504,0.6047306714895954,0.06191823944625959,16,45,4,150,5,-1.2071064489800205,-0.6875913852607494,-0.28802558910329895,-0.40119257854039697
2020-05-29 17:00:00,0.005297620735046511,6927.1874999,174540.910714,153225624.911,1.1604061618124613,0.3788100744816424,-0.03188908843183352,17,0,4,150,5,-1.3482032392547534,-0.3459474317775844,-0.28802558910329895,-0.40119257854039697
2020-05-29 17:15:00,-0.2136571209089272,4987.6857142,176102.232143,153227186.232,1.0350594488726452,0.2429319804221012,-0.23920349205707958,17,15,4,150,5,-1.3482032392547534,-0.3459474317775844,-0.28802558910329895,-0.40119257854039697
2020-05-29 17:30:00,-0.4763487726664858,2654.9375,177027.875,153228111.875,0.910473708508499,0.021127232792783706,-0.48535274455120564,17,30,4,150,5,-1.3482032392547534,-0.3459474317775844,-0.28802558910329895,-0.40119257854039697
2020-05-29 17:45:00,-0.5538927336099633,1972.14642857,177594.571429,153228678.571,0.7606756231638211,-0.13528198119577237,-0.55583061327511,17,45,4,150,5,-1.3482032392547534,-0.3459474317775844,-0.28802558910329895,-0.40119257854039697
2020-05-29 18:00:00,-0.6705362241900574,950.96607143,177971.946429,153229055.946,0.6392210672403974,-0.24648468970829443,-0.658449858067935,18,0,4,150,5,-1.3963287268286755,0.02068169050592892,-0.28802558910329895,-0.40119257854039697
2020-05-29 18:15:00,-0.7489318461096609,269.46309523,178095.75595299999,153229179.756,0.5305452365677022,-0.35849127109477225,-0.7323486848568466,18,15,4,150,5,-1.3963287268286755,0.02068169050592892,-0.28802558910329895,-0.40119257854039697
2020-05-29 18:30:00,-0.779564469914996,3.7875,80126.0,67682129.0,0.42901839997935465,-0.43394055495336753,-0.7560137306408322,18,30,4,150,5,-1.3963287268286755,0.02068169050592892,-0.28802558910329895,-0.40119257854039697
2020-05-29 18:45:00,-0.7800000755197538,0.0,80126.0,67682129.0,0.32166526897598274,-0.5017681171075232,-0.7659021283190262,18,45,4,150,5,-1.3963287268286755,0.02068169050592892,-0.28802558910329895,-0.40119257854039697
2020-05-29 19:00:00,-0.7800000755197538,0.0,80126.0,67682129.0,0.18696885461055066,-0.5426257751512167,-0.7659021283190262,19,0,4,150,5,-1.3482032392547536,0.38731081278944235,-0.28802558910329895,-0.40119257854039697
2020-05-29 19:15:00,-0.7800000755197538,0.0,80126.0,67682129.0,0.09594347341338323,-0.5762943320148348,-0.7659021283190262,19,15,4,150,5,-1.3482032392547536,0.38731081278944235,-0.28802558910329895,-0.40119257854039697
2020-05-29 19:30:00,-0.7800000755197538,0.0,80126.0,67682129.0,0.022538079471954586,-0.6372618842514775,-0.7659021283190262,19,30,4,150,5,-1.3482032392547536,0.38731081278944235,-0.28802558910329895,-0.40119257854039697
2020-05-29 19:45:00,-0.7800000755197538,0.0,80126.0,67682129.0,-0.10988359683659062,-0.69729499793039,-0.7659021283190262,19,45,4,150,5,-1.3482032392547536,0.38731081278944235,-0.28802558910329895,-0.40119257854039697
2020-05-29 20:00:00,-0.7800000755197538,0.0,80126.0,153229195.0,-0.1066219016624193,-0.6437963024432958,-0.7659021283190262,20,0,4,150,5,-1.207106448980021,0.7289547662726072,-0.28802558910329895,-0.40119257854039697
2020-05-29 20:15:00,-0.7800000755197538,0.0,80126.0,153229195.0,-0.09328522217409907,-0.5966000854727672,-0.7659021283190262,20,15,4,150,5,-1.207106448980021,0.7289547662726072,-0.28802558910329895,-0.40119257854039697
2020-05-29 20:30:00,-0.7800000755197538,0.0,80126.0,153229195.0,-0.08491956327066272,-0.5754872765990968,-0.7659021283190262,20,30,4,150,5,-1.207106448980021,0.7289547662726072,-0.28802558910329895,-0.40119257854039697
2020-05-29 20:45:00,-0.7800000755197538,0.0,80126.0,153229195.0,-0.09439886075725169,-0.5861353666799445,-0.7659021283190262,20,45,4,150,5,-1.207106448980021,0.7289547662726072,-0.28802558910329895,-0.40119257854039697
2020-05-29 21:00:00,-0.7800000755197538,0.0,80126.0,153229195.0,-0.09654285571896398,-0.5954196172526143,-0.7659021283190262,21,0,4,150,5,-0.9826538690882308,1.0223310801188716,-0.28802558910329895,-0.40119257854039697
2020-05-29 21:15:00,-0.7800000755197538,0.0,80126.0,153229195.0,-0.09559882776697459,-0.5854403119974785,-0.7659021283190262,21,15,4,150,5,-0.9826538690882308,1.0223310801188716,-0.28802558910329895,-0.40119257854039697
2020-05-29 21:30:00,-0.7800000755197538,0.0,80126.0,153229195.0,-0.10695702368776454,-0.5900916164394054,-0.7659021283190262,21,30,4,150,5,-0.9826538690882308,1.0223310801188716,-0.28802558910329895,-0.40119257854039697
2020-05-29 21:45:00,-0.7800000755197538,0.0,80126.0,153229195.0,-0.13950047122133608,-0.6026191807518004,-0.7659021283190262,21,45,4,150,5,-0.9826538690882308,1.0223310801188716,-0.28802558910329895,-0.40119257854039697
2020-05-29 22:00:00,-0.7800000755197538,0.0,80126.0,153229195.0,-0.16810566144002112,-0.5975000374833693,-0.7659021283190262,22,0,4,150,5,-0.6901415719735823,1.2474466433668958,-0.28802558910329895,-0.40119257854039697
2020-05-29 22:15:00,-0.7800000755197538,0.0,80126.0,153229195.0,-0.35016798819557254,-0.6544760335219278,-0.7659021283190262,22,15,4,150,5,-0.6901415719735823,1.2474466433668958,-0.28802558910329895,-0.40119257854039697
2020-05-29 22:30:00,-0.7800000755197538,0.0,80126.0,153229195.0,-0.9679545544931007,-0.8200632514032001,-0.7659021283190262,22,30,4,150,5,-0.6901415719735823,1.2474466433668958,-0.28802558910329895,-0.40119257854039697
2020-05-29 22:45:00,-0.7800000755197538,0.0,80126.0,153229195.0,-1.157571980508853,-0.8510170601317719,-0.7659021283190262,22,45,4,150,5,-0.6901415719735823,1.2474466433668958,-0.28802558910329895,-0.40119257854039697
2020-05-29 23:00:00,-0.7800000755197538,0.0,80126.0,153229195.0,-1.221244602552047,-0.8580299601860283,-0.7659021283190262,23,0,4,150,5,-0.3495037872850116,1.3889602024023853,-0.28802558910329895,-0.40119257854039697
2020-05-29 23:15:00,-0.7800000755197538,0.0,80126.0,153229195.0,-1.2595443190028068,-0.8650586685185724,-0.7659021283190262,23,15,4,150,5,-0.3495037872850116,1.3889602024023853,-0.28802558910329895,-0.40119257854039697
2020-05-29 23:30:00,-0.7800000755197538,0.0,80126.0,153229195.0,-1.2399881568181281,-0.8696079212809312,-0.7659021283190262,23,30,4,150,5,-0.3495037872850116,1.3889602024023853,-0.28802558910329895,-0.40119257854039697
2020-05-29 23:45:00,-0.7800000755197538,0.0,74863.785714,153229195.0,-1.2190192057696794,-0.8496735068277883,-0.7659021283190262,23,45,4,150,5,-0.3495037872850116,1.3889602024023853,-0.28802558910329895,-0.40119257854039697
2020-05-30 00:00:00,-0.7800000755197538,0.0,2089.357143,153229195.0,-1.2366804862566885,-0.8533587368986985,-0.7659021283190262,0,0,5,151,5,0.016045582881512335,1.437227842039285,-0.43610349391201403,-0.5335683812209827
2020-05-30 00:15:00,-0.7800000755197538,0.0,0.0,153229195.0,-1.246369935452132,-0.8658842585184626,-0.7659021283190262,0,15,5,151,5,0.016045582881512335,1.437227842039285,-0.43610349391201403,-0.5335683812209827
2020-05-30 00:30:00,-0.7800000755197538,0.0,0.0,153229195.0,-1.2820196456235982,-0.8790546644232542,-0.7659021283190262,0,30,5,151,5,0.016045582881512335,1.437227842039285,-0.43610349391201403,-0.5335683812209827
2020-05-30 00:45:00,-0.7800000755197538,0.0,0.0,153229195.0,-1.2801030078837712,-0.8809765323036454,-0.7659021283190262,0,45,5,151,5,0.016045582881512335,1.437227842039285,-0.43610349391201403,-0.5335683812209827
2020-05-30 01:00:00,-0.7800000755197538,0.0,0.0,153229195.0,-1.2948109291527645,-0.8879253978693238,-0.7659021283190262,1,0,5,151,5,0.38159495304803503,1.3889602024023857,-0.43610349391201403,-0.5335683812209827
2020-05-30 01:15:00,-0.7800000755197538,0.0,0.0,153229195.0,-1.3020388711567303,-0.8973401074732178,-0.7659021283190262,1,15,5,151,5,0.38159495304803503,1.3889602024023857,-0.43610349391201403,-0.5335683812209827
2020-05-30 01:30:00,-0.7800000755197538,0.0,0.0,153229195.0,-1.2992241432445055,-0.8890364893449355,-0.7659021283190262,1,30,5,151,5,0.38159495304803503,1.3889602024023857,-0.43610349391201403,-0.5335683812209827
2020-05-30 01:45:00,-0.7800000755197538,0.0,0.0,153229195.0,-1.3114299034212906,-0.8834222678919206,-0.7659021283190262,1,45,5,151,5,0.38159495304803503,1.3889602024023857,-0.43610349391201403,-0.5335683812209827
2020-05-30 02:00:00,-0.7800000755197538,0.0,0.0,153229195.0,-1.3145327249565792,-0.8842106798490256,-0.7659021283190262,2,0,5,151,5,0.7222327377366062,1.2474466433668963,-0.43610349391201403,-0.5335683812209827
2020-05-30 02:15:00,-0.7800000755197538,0.0,0.0,153229195.0,-1.29613057319819,-0.8817309287623935,-0.7659021283190262,2,15,5,151,5,0.7222327377366062,1.2474466433668963,-0.43610349391201403,-0.5335683812209827
2020-05-30 02:30:00,-0.7800000755197538,0.0,0.0,153229195.0,-1.2970842851274562,-0.8723210422239139,-0.7659021283190262,2,30,5,151,5,0.7222327377366062,1.2474466433668963,-0.43610349391201403,-0.5335683812209827
2020-05-30 02:45:00,-0.7800000755197538,0.0,0.0,153229195.0,-1.2722521981024264,-0.8665952814580447,-0.7659021283190262,2,45,5,151,5,0.7222327377366062,1.2474466433668963,-0.43610349391201403,-0.5335683812209827
2020-05-30 03:00:00,-0.7800000755197538,0.0,0.0,153229195.0,-1.267380236143368,-0.8735386892274951,-0.7659021283190262,3,0,5,151,5,1.0147450348512552,1.0223310801188719,-0.43610349391201403,-0.5335683812209827
2020-05-30 03:15:00,-0.7800000755197538,0.0,0.0,153229195.0,-1.2729209029245465,-0.8788767731507399,-0.7659021283190262,3,15,5,151,5,1.0147450348512552,1.0223310801188719,-0.43610349391201403,-0.5335683812209827
2020-05-30 03:30:00,-0.7800000755197538,0.0,0.0,153229195.0,-1.2798505287324813,-0.8787967563328348,-0.7659021283190262,3,30,5,151,5,1.0147450348512552,1.0223310801188719,-0.43610349391201403,-0.5335683812209827
2020-05-30 03:45:00,-0.7800000755197538,0.0,0.0,153229195.0,-1.282000127238327,-0.8821984565189536,-0.7659021283190262,3,45,5,151,5,1.0147450348512552,1.0223310801188719,-0.43610349391201403,-0.5335683812209827
2020-05-30 04:00:00,-0.7800000755197538,0.0,0.0,153229195.0,-1.2686421241961527,-0.8801261189222384,-0.7659021283190262,4,0,5,151,5,1.2391976147430457,0.7289547662726072,-0.43610349391201403,-0.5335683812209827
2020-05-30 04:15:00,-0.7800000755197538,0.0,0.0,153229195.0,-1.2657114894180244,-0.8784415507484886,-0.7659021283190262,4,15,5,151,5,1.2391976147430457,0.7289547662726072,-0.43610349391201403,-0.5335683812209827
2020-05-30 04:30:00,-0.7800000755197538,0.0,0.0,153229195.0,-1.2620933486646597,-0.876070186799281,-0.7659021283190262,4,30,5,151,5,1.2391976147430457,0.7289547662726072,-0.43610349391201403,-0.5335683812209827
2020-05-30 04:45:00,-0.7800000755197538,0.0,0.0,153229195.0,-1.3026081761976498,-0.899198843708511,-0.7659021283190262,4,45,5,151,5,1.2391976147430457,0.7289547662726072,-0.43610349391201403,-0.5335683812209827
2020-05-30 05:00:00,-0.7800000755197538,0.0,0.0,153229195.0,-1.3169744599109565,-0.9086993967666155,-0.7659021283190262,5,0,5,151,5,1.3802944050177781,0.38731081278944296,-0.43610349391201403,-0.5335683812209827
2020-05-30 05:15:00,-0.7800000755197538,0.0,0.0,153229195.0,-1.3074600180485745,-0.9018173838350764,-0.7659021283190262,5,15,5,151,5,1.3802944050177781,0.38731081278944296,-0.43610349391201403,-0.5335683812209827
2020-05-30 05:30:00,-0.7800000755197538,0.0,0.0,153229195.0,-1.3114465636229775,-0.907985195729107,-0.7659021283190262,5,30,5,151,5,1.3802944050177781,0.38731081278944296,-0.43610349391201403,-0.5335683812209827
2020-05-30 05:45:00,-0.7800000755197538,0.0,0.0,153229195.0,-1.3213958241239372,-0.9336684164167782,-0.7625016625283271,5,45,5,151,5,1.3802944050177781,0.38731081278944296,-0.43610349391201403,-0.5335683812209827
2020-05-30 06:00:00,-0.7617710446254653,157.8875,5.339285715,153229200.34,-1.3430294170220713,-0.9398842260328192,-0.7406298887765234,6,0,5,151,5,1.4284198925917004,0.020681690505929266,-0.43610349391201403,-0.5335683812209827
2020-05-30 06:15:00,-0.7030668769787137,667.58392856,95.821428571,153229290.821,-1.333084649295589,-0.9124409564198515,-0.6916927544072179,6,15,5,151,5,1.4284198925917004,0.020681690505929266,-0.43610349391201403,-0.5335683812209827
2020-05-30 06:30:00,-0.6085653127335177,1492.36071428,355.23214288,153229550.234,-1.2864629552602609,-0.8485704061465195,-0.6033503155630411,6,30,5,151,5,1.4284198925917004,0.020681690505929266,-0.43610349391201403,-0.5335683812209827
2020-05-30 06:45:00,-0.48573864811473244,2570.3303571,860.94642857,153230055.947,-1.2184396150286205,-0.7714066810305695,-0.49615269785046134,6,45,5,151,5,1.4284198925917004,0.020681690505929266,-0.43610349391201403,-0.5335683812209827
2020-05-30 07:00:00,-0.363661320577458,3660.3196427,1629.25,153230824.25,-1.1634322924124378,-0.6911113422072204,-0.3893373587053578,7,0,5,151,5,1.3802944050177781,-0.3459474317775844,-0.43610349391201403,-0.5335683812209827
2020-05-30 07:15:00,-0.24162713607616632,4740.9910716,2691.7499999,153231886.751,-1.0569336454779503,-0.5509221401653089,-0.28043358205891733,7,15,5,151,5,1.3802944050177781,-0.3459474317775844,-0.43610349391201403,-0.5335683812209827
2020-05-30 07:30:00,-0.2894039850369142,4319.6035713,3816.5000001,153233011.5,-0.9665808212037126,-0.48929940722849863,-0.32350493897429666,7,30,5,151,5,1.3802944050177781,-0.3459474317775844,-0.43610349391201403,-0.5335683812209827
2020-05-30 07:45:00,-0.20546868984141448,5059.8250001,4995.5357144,153234190.535,-0.8905855180536322,-0.3663670643603239,-0.23822109089749646,7,45,5,151,5,1.3802944050177781,-0.3459474317775844,-0.43610349391201403,-0.5335683812209827
2020-05-30 08:00:00,-0.02557749215499551,6654.3357143,6391.6250001,153235586.624,-0.8798680696752058,-0.22913924892419926,-0.058212457439637474,8,0,5,151,5,1.239197614743046,-0.6875913852607484,-0.43610349391201403,-0.5335683812209827
2020-05-30 08:15:00,0.28068088337715524,9354.3160715,8464.5714286,153237659.572,-0.7351422823942877,0.05266252382669021,0.26391572942854685,8,15,5,151,5,1.239197614743046,-0.6875913852607484,-0.43610349391201403,-0.5335683812209827
2020-05-30 08:30:00,0.09500394465946613,7725.2589284000005,10628.75,153239823.75,-0.6174805857840464,0.19199216703084707,0.06464974495625402,8,30,5,151,5,1.239197614743046,-0.6875913852607484,-0.43610349391201403,-0.5335683812209827
2020-05-30 08:45:00,0.06487975932855204,7459.6321429,12540.8035715,153241735.805,-0.5505412868923826,0.1625649607146993,0.013021076679363057,8,45,5,151,5,1.239197614743046,-0.6875913852607484,-0.43610349391201403,-0.5335683812209827
2020-05-30 09:00:00,0.1432098382641739,8148.5178571999995,14390.892857,153243585.893,-0.4869824858320585,0.11269137066287394,0.06915481727321908,9,0,5,151,5,1.0147450348512554,-0.9809676991070133,-0.43610349391201403,-0.5335683812209827
2020-05-30 09:15:00,0.5463879756818274,11679.4892857,16812.0357141,153246007.038,-0.4240520338682919,0.2003732830511329,0.43116434287542305,9,15,5,151,5,1.0147450348512554,-0.9809676991070133,-0.43610349391201403,-0.5335683812209827
2020-05-30 09:30:00,0.7538455923105334,13496.5142857,20077.0535716,153249272.05200002,-0.2731381354107526,0.4452534064928035,0.6238323452177794,9,30,5,151,5,1.0147450348512554,-0.9809676991070133,-0.43610349391201403,-0.5335683812209827
2020-05-30 09:45:00,0.3604058545722043,10051.3785715,23094.4285716,153252289.428,-0.27026656349209915,0.29765116920276163,0.24576189011435348,9,45,5,151,5,1.0147450348512554,-0.9809676991070133,-0.43610349391201403,-0.5335683812209827
2020-05-30 10:00:00,0.36327596070077967,10074.8696428,25572.767857,153254767.768,-0.2788456083647635,0.03166142461370234,0.21488820559414037,10,0,5,151,5,0.7222327377366062,-1.206083262355038,-0.43610349391201403,-0.5335683812209827
2020-05-30 10:15:00,0.28705034789865086,9409.9999999,27946.410714999998,153257141.41,-0.2685174491572645,-0.07053122259523589,0.12977885784866014,10,15,5,151,5,0.7222327377366062,-1.206083262355038,-0.43610349391201403,-0.5335683812209827
2020-05-30 10:30:00,0.5107090733561293,11363.7946429,30574.696427,153259769.698,-0.3111807845734164,-0.1113654300387004,0.3211522739481314,10,30,5,151,5,0.7222327377366062,-1.206083262355038,-0.43610349391201403,-0.5335683812209827
2020-05-30 10:45:00,0.5299962024078897,11533.0624999,33431.714286,153262626.714,-0.2967783410769926,0.05048260268990663,0.3588158427210191,10,45,5,151,5,0.7222327377366062,-1.206083262355038,-0.43610349391201403,-0.5335683812209827
2020-05-30 11:00:00,0.8208875017247784,14084.3875,36548.642857,153265743.643,-0.23521364957471974,0.2820478178688851,0.6090401325552859,11,0,5,151,5,0.3815949530480355,-1.3475968213905272,-0.43610349391201403,-0.5335683812209827
2020-05-30 11:15:00,1.7156136600508305,21900.1767863,40950.125,153270145.125,-0.10398678802391124,0.7642197001147628,1.5422034096706418,11,15,5,151,5,0.3815949530480355,-1.3475968213905272,-0.43610349391201403,-0.5335683812209827
2020-05-30 11:30:00,1.1495255874034058,16961.844643,45999.339287,153275194.338,0.036455553147057014,0.9980428475879354,1.04561591567808,11,30,5,151,5,0.3815949530480355,-1.3475968213905272,-0.43610349391201403,-0.5335683812209827
2020-05-30 11:45:00,1.3780898960282388,18955.916071300002,50634.392858,153279829.392,0.12689395369429105,1.155768980627499,1.246794319783025,11,45,5,151,5,0.3815949530480355,-1.3475968213905272,-0.43610349391201403,-0.5335683812209827
2020-05-30 12:00:00,2.5482804338521654,29150.212499,56379.5,153285574.5,0.3331663364683447,2.010899805130716,2.947018411380715,12,0,5,151,5,0.016045582881512508,-1.3958644610274267,-0.43610349391201403,-0.5335683812209827
2020-05-30 12:15:00,1.6494362021712112,21316.4857136,63097.642857,153292292.643,0.49691780410567316,2.417254724028905,1.8139568675429891,12,15,5,151,5,0.016045582881512508,-1.3958644610274267,-0.43610349391201403,-0.5335683812209827
2020-05-30 12:30:00,2.37568458640678,27642.699999,68734.660715,153297929.66,0.6573505136319854,2.2558315876617003,2.854922262935451,12,30,5,151,5,0.016045582881512508,-1.3958644610274267,-0.43610349391201403,-0.5335683812209827
2020-05-30 12:45:00,1.6873484033288677,21654.7249995,75244.035715,153304439.035,0.8617540325064097,2.372892717902133,1.7232395676779466,12,45,5,151,5,0.016045582881512508,-1.3958644610274267,-0.43610349391201403,-0.5335683812209827
2020-05-30 13:00:00,1.37785211221666,18959.4874999,80019.053572,153309214.053,0.8222693357059042,1.6952073412099713,1.316101888866024,13,0,5,151,5,-0.34950378728501047,-1.3475968213905272,-0.43610349391201403,-0.5335683812209827
2020-05-30 13:15:00,2.066572606276855,24953.001787,85638.571428,153314833.572,0.856996867986736,1.8819322076405705,2.2960296889469616,13,15,5,151,5,-0.34950378728501047,-1.3475968213905272,-0.43610349391201403,-0.5335683812209827
2020-05-30 13:30:00,1.812086285191546,22743.8249996,91520.339287,153320715.338,0.9102740305381732,1.6762456839471385,1.8326656020743255,13,30,5,151,5,-0.34950378728501047,-1.3475968213905272,-0.43610349391201403,-0.5335683812209827
2020-05-30 13:45:00,2.0919180527955255,25164.673214,97627.214285,153326822.215,0.9862485554457435,1.8036529027541062,2.1038728521701504,13,45,5,151,5,-0.34950378728501047,-1.3475968213905272,-0.43610349391201403,-0.5335683812209827
2020-05-30 14:00:00,2.0446825799247446,24754.357144,103825.160714,153333020.161,1.1328614517230142,1.7753246806269694,2.0931911428940597,14,0,5,151,5,-0.6901415719735813,-1.2060832623550382,-0.43610349391201403,-0.5335683812209827
2020-05-30 14:15:00,1.9971343690619399,24355.048212,109998.0,153339193.0,1.1853053785440613,1.7690649786715342,1.978366990938842,14,15,5,151,5,-0.6901415719735813,-1.2060832623550382,-0.43610349391201403,-0.5335683812209827
2020-05-30 14:30:00,1.8052271368868174,22697.2321435,115860.642856,153345055.644,1.2271434510577184,1.575166751200017,1.7400568356512374,14,30,5,151,5,-0.6901415719735813,-1.2060832623550382,-0.43610349391201403,-0.5335683812209827
2020-05-30 14:45:00,1.6904580825086055,21694.9089284,121420.785714,153350615.786,1.1754002909480585,1.6079296038513202,1.6229627826400939,14,45,5,151,5,-0.6901415719735813,-1.2060832623550382,-0.43610349391201403,-0.5335683812209827
2020-05-30 15:00:00,1.5564158162017394,20523.7964285,126711.767857,153355906.768,1.293157206171502,1.4916086256584602,1.486697545246212,15,0,5,151,5,-0.98265386908823,-0.980967699107014,-0.43610349391201403,-0.5335683812209827
2020-05-30 15:15:00,1.3929788200567783,19094.855357200002,131677.089286,153360872.089,1.3843708890161708,1.2427604266149632,1.3092877313881697,15,15,5,151,5,-0.98265386908823,-0.980967699107014,-0.43610349391201403,-0.5335683812209827
2020-05-30 15:30:00,1.2305267577775214,17673.6517856,136299.928573,153365494.927,1.3616304470640312,1.2319589012843284,1.1470056696844517,15,30,5,151,5,-0.98265386908823,-0.980967699107014,-0.43610349391201403,-0.5335683812209827
2020-05-30 15:45:00,1.0568423932613427,16152.8446429,140515.732142,153369710.733,1.3898866568277533,1.1729608417364745,0.9749516178115107,15,45,5,151,5,-0.98265386908823,-0.980967699107014,-0.43610349391201403,-0.5335683812209827
2020-05-30 16:00:00,0.8673137943589843,14492.1267857,144369.142858,153373564.142,1.5138676469137564,0.9902605412094989,0.7877760971261988,16,0,5,151,5,-1.2071064489800205,-0.6875913852607494,-0.43610349391201403,-0.5335683812209827
2020-05-30 16:15:00,0.6249534526686241,12366.7767858,147730.857141,153376925.859,1.4371774290757295,0.8179682106892372,0.5976832263626666,16,15,5,151,5,-1.2071064489800205,-0.6875913852607494,-0.43610349391201403,-0.5335683812209827
2020-05-30 16:30:00,0.24298956666014748,9015.0875,150363.517856,153379558.519,1.326054165885324,0.6305277278528856,0.2481952701868136,16,30,5,151,5,-1.2071064489800205,-0.6875913852607494,-0.43610349391201403,-0.5335683812209827
2020-05-30 16:45:00,0.2408610437854434,9005.2,152644.053572,153381839.053,1.3708433142936434,0.46856333311633036,0.21877757905744757,16,45,5,151,5,-1.2071064489800205,-0.6875913852607494,-0.43610349391201403,-0.5335683812209827
2020-05-30 17:00:00,0.051377774943113054,7339.6357142,154685.196428,153383880.197,1.3535678308359633,0.3755890437188934,0.05592518488022908,17,0,5,151,5,-1.3482032392547534,-0.3459474317775844,-0.43610349391201403,-0.5335683812209827
2020-05-30 17:15:00,-0.1386643653799186,5649.8517859,156331.839285,153385526.84,1.2105139372372236,0.20527269688024896,-0.11468725073242506,17,15,5,151,5,-1.3482032392547534,-0.3459474317775844,-0.43610349391201403,-0.5335683812209827
2020-05-30 17:30:00,-0.343586482999154,3839.9339285,157511.875001,153386706.874,1.16378039796529,0.06276034673042172,-0.3110556843197568,17,30,5,151,5,-1.3482032392547534,-0.3459474317775844,-0.43610349391201403,-0.5335683812209827
2020-05-30 17:45:00,-0.5286542498521448,2193.93214287,158276.69643,153387471.695,1.0218202296838035,-0.0959690387229435,-0.5173065534012361,17,45,5,151,5,-1.3482032392547534,-0.3459474317775844,-0.43610349391201403,-0.5335683812209827
2020-05-30 18:00:00,-0.6179150273724505,1410.27321428,158719.196428,153387914.197,0.8552035458255302,-0.24328410142535276,-0.6115278087950857,18,0,5,151,5,-1.3963287268286755,0.02068169050592892,-0.43610349391201403,-0.5335683812209827
2020-05-30 18:15:00,-0.70955324523967,611.38214286,158979.964285,153388174.965,0.7402171466585435,-0.3600367547121421,-0.7032100298935505,18,15,5,151,5,-1.3963287268286755,0.02068169050592892,-0.43610349391201403,-0.5335683812209827
2020-05-30 18:30:00,-0.7725190313865438,64.792857142,159053.678572,153388248.678,0.617632943369005,-0.4814242361028333,-0.754810010865284,18,30,5,151,5,-1.3963287268286755,0.02068169050592892,-0.43610349391201403,-0.5335683812209827
2020-05-30 18:45:00,-0.7800000755197538,0.0,159056.0,153388251.0,0.5057062861412986,-0.5590381001654847,-0.7659021283190262,18,45,5,151,5,-1.3963287268286755,0.02068169050592892,-0.43610349391201403,-0.5335683812209827
2020-05-30 19:00:00,-0.7800000755197538,0.0,159056.0,153388251.0,0.40239309690049674,-0.6152096171140188,-0.7659021283190262,19,0,5,151,5,-1.3482032392547536,0.38731081278944235,-0.43610349391201403,-0.5335683812209827
2020-05-30 19:15:00,-0.7800000755197538,0.0,159056.0,153388251.0,0.2827767479028674,-0.6405339875145027,-0.7659021283190262,19,15,5,151,5,-1.3482032392547536,0.38731081278944235,-0.43610349391201403,-0.5335683812209827
2020-05-30 19:30:00,-0.7800000755197538,0.0,159056.0,153388251.0,0.1310439986520587,-0.6053427536448956,-0.7659021283190262,19,30,5,151,5,-1.3482032392547536,0.38731081278944235,-0.43610349391201403,-0.5335683812209827
2020-05-30 19:45:00,-0.7800000755197538,0.0,159056.0,153388251.0,-2.449696353436294e-05,-0.6473782002633681,-0.7659021283190262,19,45,5,151,5,-1.3482032392547536,0.38731081278944235,-0.43610349391201403,-0.5335683812209827
2020-05-30 20:00:00,-0.7800000755197538,0.0,159056.0,153388251.0,-0.07537014626704319,-0.6520102131842802,-0.7659021283190262,20,0,5,151,5,-1.207106448980021,0.7289547662726072,-0.43610349391201403,-0.5335683812209827
2020-05-30 20:15:00,-0.7800000755197538,0.0,159056.0,153388251.0,-0.12231088504505237,-0.6722113701142463,-0.7659021283190262,20,15,5,151,5,-1.207106448980021,0.7289547662726072,-0.43610349391201403,-0.5335683812209827
2020-05-30 20:30:00,-0.7800000755197538,0.0,159056.0,153388251.0,-0.15858900072459473,-0.6696205411351764,-0.7659021283190262,20,30,5,151,5,-1.207106448980021,0.7289547662726072,-0.43610349391201403,-0.5335683812209827
2020-05-30 20:45:00,-0.7800000755197538,0.0,159056.0,153388251.0,-0.4034548723319664,-0.6496049685336915,-0.7659021283190262,20,45,5,151,5,-1.207106448980021,0.7289547662726072,-0.43610349391201403,-0.5335683812209827
2020-05-30 21:00:00,-0.7800000755197538,0.0,159056.0,153388251.0,-0.4939282251872051,-0.7283244973827193,-0.7659021283190262,21,0,5,151,5,-0.9826538690882308,1.0223310801188716,-0.43610349391201403,-0.5335683812209827
2020-05-30 21:15:00,-0.7800000755197538,0.0,159056.0,153388251.0,-0.6002324444519487,-0.805482329945162,-0.7659021283190262,21,15,5,151,5,-0.9826538690882308,1.0223310801188716,-0.43610349391201403,-0.5335683812209827
2020-05-30 21:30:00,-0.7800000755197538,0.0,159056.0,153388251.0,-0.668468644145314,-0.8241856436196543,-0.7659021283190262,21,30,5,151,5,-0.9826538690882308,1.0223310801188716,-0.43610349391201403,-0.5335683812209827
2020-05-30 21:45:00,-0.7800000755197538,0.0,159056.0,153388251.0,-0.7278796755124367,-0.8295617462151761,-0.7659021283190262,21,45,5,151,5,-0.9826538690882308,1.0223310801188716,-0.43610349391201403,-0.5335683812209827
2020-05-30 22:00:00,-0.7800000755197538,0.0,159056.0,153388251.0,-0.7460878468638312,-0.8221177128471439,-0.7659021283190262,22,0,5,151,5,-0.6901415719735823,1.2474466433668958,-0.43610349391201403,-0.5335683812209827
2020-05-30 22:15:00,-0.7800000755197538,0.0,159056.0,153388251.0,-0.7513614964396202,-0.822843143509624,-0.7659021283190262,22,15,5,151,5,-0.6901415719735823,1.2474466433668958,-0.43610349391201403,-0.5335683812209827
2020-05-30 22:30:00,-0.7800000755197538,0.0,159056.0,153388251.0,-0.7571602244261185,-0.8351950932852363,-0.7659021283190262,22,30,5,151,5,-0.6901415719735823,1.2474466433668958,-0.43610349391201403,-0.5335683812209827
2020-05-30 22:45:00,-0.7800000755197538,0.0,159056.0,153388251.0,-0.7173955008496381,-0.8167639295200916,-0.7659021283190262,22,45,5,151,5,-0.6901415719735823,1.2474466433668958,-0.43610349391201403,-0.5335683812209827
2020-05-30 23:00:00,-0.7800000755197538,0.0,159056.0,153388251.0,-0.7366951034498846,-0.8248249908596816,-0.7659021283190262,23,0,5,151,5,-0.3495037872850116,1.3889602024023853,-0.43610349391201403,-0.5335683812209827
2020-05-30 23:15:00,-0.7800000755197538,0.0,159056.0,153388251.0,-0.7457155966576412,-0.8056288446293428,-0.7659021283190262,23,15,5,151,5,-0.3495037872850116,1.3889602024023853,-0.43610349391201403,-0.5335683812209827
2020-05-30 23:30:00,-0.7800000755197538,0.0,159056.0,153388251.0,-0.7342333236027355,-0.8062852844221405,-0.7659021283190262,23,30,5,151,5,-0.3495037872850116,1.3889602024023853,-0.43610349391201403,-0.5335683812209827
2020-05-30 23:45:00,-0.7800000755197538,0.0,145198.142857,153388251.0,-0.773091401259901,-0.8368296673345161,-0.7659021283190262,23,45,5,151,5,-0.3495037872850116,1.3889602024023853,-0.43610349391201403,-0.5335683812209827
2020-05-31 00:00:00,-0.7800000755197538,0.0,6617.25,153388251.0,-0.7892693032701252,-0.8405539677903696,-0.7659021283190262,0,0,6,152,5,0.016045582881512335,1.437227842039285,-0.5857252128256227,-0.6622151459432388
2020-05-31 00:15:00,-0.7800000755197538,0.0,0.0,153388251.0,-0.7429477749227396,-0.8101268375088171,-0.7659021283190262,0,15,6,152,5,0.016045582881512335,1.437227842039285,-0.5857252128256227,-0.6622151459432388
2020-05-31 00:30:00,-0.7800000755197538,0.0,0.0,153388251.0,-0.6339086728771574,-0.7471149491549017,-0.7659021283190262,0,30,6,152,5,0.016045582881512335,1.437227842039285,-0.5857252128256227,-0.6622151459432388
2020-05-31 00:45:00,-0.7800000755197538,0.0,0.0,153388251.0,-0.6321951354064199,-0.7319375303415975,-0.7659021283190262,0,45,6,152,5,0.016045582881512335,1.437227842039285,-0.5857252128256227,-0.6622151459432388
2020-05-31 01:00:00,-0.7800000755197538,0.0,0.0,153388251.0,-0.6145947041436279,-0.716765016064407,-0.7659021283190262,1,0,6,152,5,0.38159495304803503,1.3889602024023857,-0.5857252128256227,-0.6622151459432388
2020-05-31 01:15:00,-0.7800000755197538,0.0,0.0,153388251.0,-0.612759524635974,-0.7381472744640549,-0.7659021283190262,1,15,6,152,5,0.38159495304803503,1.3889602024023857,-0.5857252128256227,-0.6622151459432388
2020-05-31 01:30:00,-0.7800000755197538,0.0,0.0,153388251.0,-0.660179476574194,-0.7635950851949941,-0.7659021283190262,1,30,6,152,5,0.38159495304803503,1.3889602024023857,-0.5857252128256227,-0.6622151459432388
2020-05-31 01:45:00,-0.7800000755197538,0.0,0.0,153388251.0,-0.6717378796590743,-0.7774197719190443,-0.7659021283190262,1,45,6,152,5,0.38159495304803503,1.3889602024023857,-0.5857252128256227,-0.6622151459432388
2020-05-31 02:00:00,-0.7800000755197538,0.0,0.0,153388251.0,-0.6974169668249185,-0.7777956792081515,-0.7659021283190262,2,0,6,152,5,0.7222327377366062,1.2474466433668963,-0.5857252128256227,-0.6622151459432388
2020-05-31 02:15:00,-0.7800000755197538,0.0,0.0,153388251.0,-0.713179980923169,-0.7906200820144346,-0.7659021283190262,2,15,6,152,5,0.7222327377366062,1.2474466433668963,-0.5857252128256227,-0.6622151459432388
2020-05-31 02:30:00,-0.7800000755197538,0.0,0.0,153388251.0,-0.7699008222062493,-0.8321704409780192,-0.7659021283190262,2,30,6,152,5,0.7222327377366062,1.2474466433668963,-0.5857252128256227,-0.6622151459432388
2020-05-31 02:45:00,-0.7800000755197538,0.0,0.0,153388251.0,-0.8151865222578163,-0.8301316419057471,-0.7659021283190262,2,45,6,152,5,0.7222327377366062,1.2474466433668963,-0.5857252128256227,-0.6622151459432388
2020-05-31 03:00:00,-0.7800000755197538,0.0,0.0,153388251.0,-0.8538162648934501,-0.8430784973954137,-0.7659021283190262,3,0,6,152,5,1.0147450348512552,1.0223310801188719,-0.5857252128256227,-0.6622151459432388
2020-05-31 03:15:00,-0.7800000755197538,0.0,0.0,153388251.0,-0.8530243600020071,-0.8326892382458195,-0.7659021283190262,3,15,6,152,5,1.0147450348512552,1.0223310801188719,-0.5857252128256227,-0.6622151459432388
2020-05-31 03:30:00,-0.7800000755197538,0.0,0.0,153388251.0,-0.8628548796298375,-0.8274470349669715,-0.7659021283190262,3,30,6,152,5,1.0147450348512552,1.0223310801188719,-0.5857252128256227,-0.6622151459432388
2020-05-31 03:45:00,-0.7800000755197538,0.0,0.0,153388251.0,-0.9275505191817079,-0.8620322379281765,-0.7659021283190262,3,45,6,152,5,1.0147450348512552,1.0223310801188719,-0.5857252128256227,-0.6622151459432388
2020-05-31 04:00:00,-0.7800000755197538,0.0,0.0,153388251.0,-0.9516985977456324,-0.8604102051821321,-0.7659021283190262,4,0,6,152,5,1.2391976147430457,0.7289547662726072,-0.5857252128256227,-0.6622151459432388
2020-05-31 04:15:00,-0.7800000755197538,0.0,0.0,153388251.0,-0.9833566288945462,-0.8570501209699973,-0.7659021283190262,4,15,6,152,5,1.2391976147430457,0.7289547662726072,-0.5857252128256227,-0.6622151459432388
2020-05-31 04:30:00,-0.7800000755197538,0.0,0.0,153388251.0,-1.0327712383884242,-0.8669930362262059,-0.7659021283190262,4,30,6,152,5,1.2391976147430457,0.7289547662726072,-0.5857252128256227,-0.6622151459432388
2020-05-31 04:45:00,-0.7800000755197538,0.0,0.0,153388251.0,-1.0340428668300066,-0.8612615828803648,-0.7659021283190262,4,45,6,152,5,1.2391976147430457,0.7289547662726072,-0.5857252128256227,-0.6622151459432388
2020-05-31 05:00:00,-0.7800000755197538,0.0,0.0,153388251.0,-1.0897858520540615,-0.8874065346843215,-0.7659021283190262,5,0,6,152,5,1.3802944050177781,0.38731081278944296,-0.5857252128256227,-0.6622151459432388
2020-05-31 05:15:00,-0.7800000755197538,0.0,0.0,153388251.0,-1.0856897365076206,-0.8878981081475382,-0.7659021283190262,5,15,6,152,5,1.3802944050177781,0.38731081278944296,-0.5857252128256227,-0.6622151459432388
2020-05-31 05:30:00,-0.7800000755197538,0.0,0.0,153388251.0,-1.097190202277123,-0.8699960276963355,-0.7659021283190262,5,30,6,152,5,1.3802944050177781,0.38731081278944296,-0.5857252128256227,-0.6622151459432388
2020-05-31 05:45:00,-0.7800000755197538,0.0,0.0,153388251.0,-1.1040325943879352,-0.8597924210143534,-0.7617250090657961,5,45,6,152,5,1.3802944050177781,0.38731081278944296,-0.5857252128256227,-0.6622151459432388
2020-05-31 06:00:00,-0.7555312080645132,212.099999995,12.625,153388263.625,-1.1083314206953645,-0.851841410295743,-0.7359645335456692,6,0,6,152,5,1.4284198925917004,0.020681690505929266,-0.5857252128256227,-0.6622151459432388
2020-05-31 06:15:00,-0.6680045027089702,972.98750001,151.392857144,153388402.394,-1.0930263364974142,-0.824670741643541,-0.6639114556585378,6,15,6,152,5,1.4284198925917004,0.020681690505929266,-0.5857252128256227,-0.6622151459432388
2020-05-31 06:30:00,-0.5801740066764758,1741.51250001,496.17857141,153388747.178,-1.0046205369674357,-0.7568602468603026,-0.5835852574937235,6,30,6,152,5,1.4284198925917004,0.020681690505929266,-0.5857252128256227,-0.6622151459432388
2020-05-31 06:45:00,-0.5256861275191409,2219.6517858400002,996.17857143,153389247.18,-0.9195430358106893,-0.7020459795513139,-0.5347919870550805,6,45,6,152,5,1.4284198925917004,0.020681690505929266,-0.5857252128256227,-0.6622151459432388
2020-05-31 07:00:00,-0.48571836888965725,2570.4535714,1594.91071428,153389845.911,-0.8873915167012126,-0.6767701156943909,-0.49995501299063555,7,0,6,152,5,1.3802944050177781,-0.3459474317775844,-0.5857252128256227,-0.6622151459432388
2020-05-31 07:15:00,-0.45554467842079177,2838.219643,2262.7321428,153390513.734,-0.8829947277631672,-0.6299017205247972,-0.4779468863528264,7,15,6,152,5,1.3802944050177781,-0.3459474317775844,-0.5857252128256227,-0.6622151459432388
2020-05-31 07:30:00,-0.29459228438048374,4273.7642858,3144.4642856,153391395.465,-0.8491566358886176,-0.5362443670802638,-0.33625394258559543,7,30,6,152,5,1.3802944050177781,-0.3459474317775844,-0.5857252128256227,-0.6622151459432388
2020-05-31 07:45:00,-0.2234301145427561,4901.3017856999995,4279.7678573,153392530.767,-0.7522567284284282,-0.4471612660525732,-0.274815022844688,7,45,6,152,5,1.3802944050177781,-0.3459474317775844,-0.5857252128256227,-0.6622151459432388
2020-05-31 08:00:00,-0.11543093983774043,5857.2624999,5573.857143,153393824.856,-0.6781124362756245,-0.392028675315256,-0.17844573785460907,8,0,6,152,5,1.239197614743046,-0.6875913852607484,-0.5857252128256227,-0.6622151459432388
2020-05-31 08:15:00,0.09225670672257634,7699.4517856,7273.9285715,153395524.928,-0.5675999607389364,-0.21565679246462435,0.01705904638765433,8,15,6,152,5,1.239197614743046,-0.6875913852607484,-0.5857252128256227,-0.6622151459432388
2020-05-31 08:30:00,0.28835477890798555,9423.2660715,9437.7857143,153397688.785,-0.43468020833302307,0.05576488140587457,0.2238745027734959,8,30,6,152,5,1.239197614743046,-0.6875913852607484,-0.5857252128256227,-0.6622151459432388
2020-05-31 08:45:00,0.9139790637016715,14896.0535713,12204.2857143,153400455.285,-0.3309039248517454,0.34021982599643186,0.8781221400764632,8,45,6,152,5,1.239197614743046,-0.6875913852607484,-0.5857252128256227,-0.6622151459432388
2020-05-31 09:00:00,0.9411623644583761,15137.4321428,16317.75,153404568.751,-0.21311135351945307,0.864131425849693,0.8657427844831423,9,0,6,152,5,1.0147450348512554,-0.9809676991070133,-0.5857252128256227,-0.6622151459432388
2020-05-31 09:15:00,0.521294826362588,11458.8678572,19604.8571428,153407855.856,-0.07855038320904152,0.7655800815620644,0.3778568202475351,9,15,6,152,5,1.0147450348512554,-0.9809676991070133,-0.5857252128256227,-0.6622151459432388
2020-05-31 09:30:00,1.2642741637645152,17958.375,23124.6428568,153411375.644,0.08710907240200311,0.8225635225412782,1.2869459887524999,9,30,6,152,5,1.0147450348512554,-0.9809676991070133,-0.5857252128256227,-0.6622151459432388
2020-05-31 09:45:00,0.7799626434312691,13723.3660714,27215.767856,153415466.769,0.1862665500137274,0.8112920379240209,0.6151592023181601,9,45,6,152,5,1.0147450348512554,-0.9809676991070133,-0.5857252128256227,-0.6622151459432388
2020-05-31 10:00:00,0.7832800852859314,13752.1124999,30647.178571,153418898.179,0.24381709190539635,0.7736442743390886,0.7584179280208202,10,0,6,152,5,0.7222327377366062,-1.206083262355038,-0.5857252128256227,-0.6622151459432388
2020-05-31 10:15:00,1.7792130724503508,22443.6642865,34718.178571,153422969.179,0.307165336974318,0.7957423950378737,1.5878181217618574,10,15,6,152,5,0.7222327377366062,-1.206083262355038,-0.5857252128256227,-0.6622151459432388
2020-05-31 10:30:00,2.2622388505740485,26651.289287,41184.482143,153429435.482,0.5800206576781184,1.6229251537703662,2.5214496821852523,10,30,6,152,5,0.7222327377366062,-1.206083262355038,-0.5857252128256227,-0.6622151459432388
2020-05-31 10:45:00,1.5098759997033724,20095.942857000002,47182.035714,153435433.036,0.6049331123126395,1.600082038331564,1.5703004376435559,10,45,6,152,5,0.7222327377366062,-1.206083262355038,-0.5857252128256227,-0.6622151459432388
2020-05-31 11:00:00,1.2703726422533925,18002.807143,51707.946428,153439958.947,0.5940093602967721,1.195082622267057,0.9131016445064281,11,0,6,152,5,0.3815949530480355,-1.3475968213905272,-0.5857252128256227,-0.6622151459432388
2020-05-31 11:15:00,1.7762584694893933,22416.208929,56957.767857,153445208.768,0.6601453215626529,1.2082514313461368,1.2874155793237472,11,15,6,152,5,0.3815949530480355,-1.3475968213905272,-0.5857252128256227,-0.6622151459432388
2020-05-31 11:30:00,1.9969091107179386,24340.435714799998,62564.767858,153450815.767,0.7633116084945997,1.2800493502817059,1.7153006425321613,11,30,6,152,5,0.3815949530480355,-1.3475968213905272,-0.5857252128256227,-0.6622151459432388
2020-05-31 11:45:00,1.187755695168067,17281.0482143,68220.160714,153456471.161,0.9480962798995229,1.5190536683701077,0.9055420401126307,11,45,6,152,5,0.3815949530480355,-1.3475968213905272,-0.5857252128256227,-0.6622151459432388
2020-05-31 12:00:00,1.4083647837525173,19209.1071419,72596.392857,153460847.393,0.9448793378630667,1.3861298470429948,1.2844550823405638,12,0,6,152,5,0.016045582881512508,-1.3958644610274267,-0.5857252128256227,-0.6622151459432388
2020-05-31 12:15:00,1.3088150853994915,18339.0357143,77030.357142,153465281.358,0.9341070319695273,1.5108404005070069,1.3673446433976244,12,15,6,152,5,0.016045582881512508,-1.3958644610274267,-0.5857252128256227,-0.6622151459432388
2020-05-31 12:30:00,0.9391692351872667,15106.9982144,81118.785714,153469369.786,1.005684786742889,1.3094418722991188,0.7768008276196137,12,30,6,152,5,0.016045582881512508,-1.3958644610274267,-0.5857252128256227,-0.6622151459432388
2020-05-31 12:45:00,2.4011839165479385,27863.723214,86665.232142,153474916.233,1.2326963215306532,1.9539597654447718,2.5703653105249704,12,45,6,152,5,0.016045582881512508,-1.3958644610274267,-0.5857252128256227,-0.6622151459432388
2020-05-31 13:00:00,1.3875618824371267,19024.9535715,92557.678571,153480808.679,1.2667228816009939,2.05838776867641,1.4324818582192713,13,0,6,152,5,-0.34950378728501047,-1.3475968213905272,-0.5857252128256227,-0.6622151459432388
2020-05-31 13:15:00,0.7694518440263041,13622.283928500001,96693.214287,153484944.213,1.331137877879586,1.7675536142425026,0.9318855899098303,13,15,6,152,5,-0.34950378728501047,-1.3475968213905272,-0.5857252128256227,-0.6622151459432388
2020-05-31 13:30:00,0.5600770458551251,11779.0160715,99979.12500100001,153488230.124,1.18184455071091,1.2623708306146266,0.5604137246271134,13,30,6,152,5,-0.34950378728501047,-1.3475968213905272,-0.5857252128256227,-0.6622151459432388
2020-05-31 13:45:00,0.5919426594779281,12051.5464286,102025.875002,153490276.873,1.1307123985285112,0.7724152732825587,0.6593223152722195,13,45,6,152,5,-0.34950378728501047,-1.3475968213905272,-0.5857252128256227,-0.6622151459432388
2020-05-31 14:00:00,1.8423890070729683,22991.6160713,107160.44643,153495411.445,1.39333953063685,1.8242431407853001,2.0592237102438964,14,0,6,152,5,-0.6901415719735813,-1.2060832623550382,-0.5857252128256227,-0.6622151459432388
2020-05-31 14:15:00,1.1761211883839888,17164.0071428,112677.553573,153500928.552,1.4914427709940095,1.7854465596063545,1.1322839779663034,14,15,6,152,5,-0.6901415719735813,-1.2060832623550382,-0.5857252128256227,-0.6622151459432388
2020-05-31 14:30:00,-0.22796132739803449,4861.3928573,114817.160714,153503068.161,1.1683028529618829,0.6808335392226477,-0.2656847334874026,14,30,6,152,5,-0.6901415719735813,-1.2060832623550382,-0.5857252128256227,-0.6622151459432388
2020-05-31 14:45:00,-0.10074878433471567,5988.9625,116240.267857,153504491.268,0.9224372752341307,0.2681628894876433,-0.18193991110409838,14,45,6,152,5,-0.6901415719735813,-1.2060832623550382,-0.5857252128256227,-0.6622151459432388
2020-05-31 15:00:00,-0.247157796374274,4692.032143,117546.249999,153505797.251,0.4655700483946291,-0.04907918935558266,-0.3083285017023333,15,0,6,152,5,-0.98265386908823,-0.980967699107014,-0.5857252128256227,-0.6622151459432388
2020-05-31 15:15:00,-0.2788548141724425,4410.8053572,118587.517856,153506838.519,0.42184704812998897,-0.1354160464164155,-0.339706548029123,15,15,6,152,5,-0.98265386908823,-0.980967699107014,-0.5857252128256227,-0.6622151459432388
2020-05-31 15:30:00,0.021078234001337987,7069.6285714,120134.089287,153508385.088,0.45748528795943516,0.03934497665397519,-0.0686682327424142,15,30,6,152,5,-0.98265386908823,-0.980967699107014,-0.5857252128256227,-0.6622151459432388
2020-05-31 15:45:00,-0.03175828041880881,6601.9660715,121783.767857,153510034.768,0.5134595416039663,0.13387314448373108,-0.10278437115215068,15,45,6,152,5,-0.98265386908823,-0.980967699107014,-0.5857252128256227,-0.6622151459432388
2020-05-31 16:00:00,-0.04597878542178281,6474.6142856,123468.428571,153511719.429,0.46409829740623443,0.1480028745417592,-0.12386899167182144,16,0,6,152,5,-1.2071064489800205,-0.6875913852607494,-0.5857252128256227,-0.6622151459432388
2020-05-31 16:15:00,-0.25486409891349954,4624.2125002,124860.99999899999,153513112.001,0.5059978020631305,0.057915577521436445,-0.3094330028737984,16,15,6,152,5,-1.2071064489800205,-0.6875913852607494,-0.5857252128256227,-0.6622151459432388
2020-05-31 16:30:00,-0.33587004086409145,3910.0124999,125910.232143,153514161.232,0.5576451982482484,-0.027674099162701648,-0.3810560062605513,16,30,6,152,5,-1.2071064489800205,-0.6875913852607494,-0.5857252128256227,-0.6622151459432388
2020-05-31 16:45:00,-0.3363841787276493,3905.5928572,126881.142857,153515132.143,0.5803185104938199,-0.06348839057627809,-0.373988846642868,16,45,6,152,5,-1.2071064489800205,-0.6875913852607494,-0.5857252128256227,-0.6622151459432388
2020-05-31 17:00:00,-0.29801171880340666,4243.7107144,127893.999999,153516145.001,0.6286616100635334,-0.060692152484950385,-0.3371612552898415,17,0,6,152,5,-1.3482032392547534,-0.3459474317775844,-0.5857252128256227,-0.6622151459432388
2020-05-31 17:15:00,-0.34210391295656356,3855.0160714,128913.44643,153517164.445,0.6304130668195008,-0.06899661494593735,-0.37123668437740565,17,15,6,152,5,-1.3482032392547534,-0.3459474317775844,-0.5857252128256227,-0.6622151459432388
2020-05-31 17:30:00,-0.4365929517898502,3010.5749999,129805.410714,153518056.411,0.5874474032738757,-0.12007820364858518,-0.45268824456871215,17,30,6,152,5,-1.3482032392547534,-0.3459474317775844,-0.5857252128256227,-0.6622151459432388
2020-05-31 17:45:00,-0.5240003676194759,2234.5874999000002,130445.071429,153518696.071,0.5384121424355521,-0.1984717541564165,-0.5358509058584286,17,45,6,152,5,-1.3482032392547534,-0.3459474317775844,-0.5857252128256227,-0.6622151459432388
2020-05-31 18:00:00,-0.6160706124040858,1426.59999999,130917.25000100001,153519168.249,0.4615641603851673,-0.28709713649977486,-0.6152463649656807,18,0,6,152,5,-1.3963287268286755,0.02068169050592892,-0.5857252128256227,-0.6622151459432388
2020-05-31 18:15:00,-0.7155334282533952,559.41071428,131158.035715,153519409.035,0.3608074914499462,-0.3895848117014634,-0.7039398272668622,18,15,6,152,5,-1.3963287268286755,0.02068169050592892,-0.5857252128256227,-0.6622151459432388
2020-05-31 18:30:00,-0.7742099604911634,50.192857144,131228.107143,153519479.107,0.25576174196861773,-0.4933711572580995,-0.7550870248393969,18,30,6,152,5,-1.3963287268286755,0.02068169050592892,-0.5857252128256227,-0.6622151459432388
2020-05-31 18:45:00,-0.7800000755197538,0.0,131229.0,153519480.0,0.16832804452281258,-0.5256731683050294,-0.7659021283190262,18,45,6,152,5,-1.3963287268286755,0.02068169050592892,-0.5857252128256227,-0.6622151459432388
2020-05-31 19:00:00,-0.7800000755197538,0.0,131229.0,153519480.0,0.0721063915488858,-0.5717143973870172,-0.7659021283190262,19,0,6,152,5,-1.3482032392547536,0.38731081278944235,-0.5857252128256227,-0.6622151459432388
2020-05-31 19:15:00,-0.7800000755197538,0.0,125291.0,147056241.0,-0.042590804568513135,-0.6294082443504248,-0.7659021283190262,19,15,6,152,5,-1.3482032392547536,0.38731081278944235,-0.5857252128256227,-0.6622151459432388
2020-05-31 19:30:00,-0.7800000755197538,0.0,125291.0,147056241.0,-0.11270978300264824,-0.6544569786362625,-0.7659021283190262,19,30,6,152,5,-1.3482032392547536,0.38731081278944235,-0.5857252128256227,-0.6622151459432388
2020-05-31 19:45:00,-0.7800000755197538,0.0,125291.0,147056241.0,-0.17565688845244307,-0.6872196342766023,-0.7659021283190262,19,45,6,152,5,-1.3482032392547536,0.38731081278944235,-0.5857252128256227,-0.6622151459432388
2020-05-31 20:00:00,-0.7800000755197538,0.0,125291.0,147056241.0,-0.22915213793295428,-0.7165884527642962,-0.7659021283190262,20,0,6,152,5,-1.207106448980021,0.7289547662726072,-0.5857252128256227,-0.6622151459432388
2020-05-31 20:15:00,-0.7800000755197538,0.0,125291.0,147056241.0,-0.2777340758116208,-0.7403805440962036,-0.7659021283190262,20,15,6,152,5,-1.207106448980021,0.7289547662726072,-0.5857252128256227,-0.6622151459432388
2020-05-31 20:30:00,-0.7800000755197538,0.0,125291.0,147056241.0,-0.33209635152188033,-0.7604043393132038,-0.7659021283190262,20,30,6,152,5,-1.207106448980021,0.7289547662726072,-0.5857252128256227,-0.6622151459432388
2020-05-31 20:45:00,-0.7800000755197538,0.0,125291.0,153519480.0,-0.3724183644859192,-0.7566110539128094,-0.7659021283190262,20,45,6,152,5,-1.207106448980021,0.7289547662726072,-0.5857252128256227,-0.6622151459432388
2020-05-31 21:00:00,-0.7800000755197538,0.0,125291.0,153519480.0,-0.4085816827260777,-0.7506764459711599,-0.7659021283190262,21,0,6,152,5,-0.9826538690882308,1.0223310801188716,-0.5857252128256227,-0.6622151459432388
2020-05-31 21:15:00,-0.7800000755197538,0.0,125291.0,153519480.0,-0.45069400923701897,-0.7507481113017161,-0.7659021283190262,21,15,6,152,5,-0.9826538690882308,1.0223310801188716,-0.5857252128256227,-0.6622151459432388
2020-05-31 21:30:00,-0.7800000755197538,0.0,125291.0,153519480.0,-0.501652282316719,-0.7627429735198226,-0.7659021283190262,21,30,6,152,5,-0.9826538690882308,1.0223310801188716,-0.5857252128256227,-0.6622151459432388
2020-05-31 21:45:00,-0.7800000755197538,0.0,125291.0,153519480.0,-0.5339842712745956,-0.7779071189045598,-0.7659021283190262,21,45,6,152,5,-0.9826538690882308,1.0223310801188716,-0.5857252128256227,-0.6622151459432388
2020-05-31 22:00:00,-0.7800000755197538,0.0,125291.0,153519480.0,-0.5644564853029177,-0.7766269427687373,-0.7659021283190262,22,0,6,152,5,-0.6901415719735823,1.2474466433668958,-0.5857252128256227,-0.6622151459432388
2020-05-31 22:15:00,-0.7800000755197538,0.0,125291.0,153519480.0,-0.5963560705724464,-0.7892663678329292,-0.7659021283190262,22,15,6,152,5,-0.6901415719735823,1.2474466433668958,-0.5857252128256227,-0.6622151459432388
2020-05-31 22:30:00,-0.7800000755197538,0.0,125291.0,153519480.0,-0.6309309720890697,-0.8129443794474409,-0.7659021283190262,22,30,6,152,5,-0.6901415719735823,1.2474466433668958,-0.5857252128256227,-0.6622151459432388
2020-05-31 22:45:00,-0.7800000755197538,0.0,125291.0,153519480.0,-0.6321934806685543,-0.7887380829318427,-0.7659021283190262,22,45,6,152,5,-0.6901415719735823,1.2474466433668958,-0.5857252128256227,-0.6622151459432388
2020-05-31 23:00:00,-0.7800000755197538,0.0,125291.0,153519480.0,-0.5968960980354613,-0.7594425266004172,-0.7659021283190262,23,0,6,152,5,-0.3495037872850116,1.3889602024023853,-0.5857252128256227,-0.6622151459432388
2020-05-31 23:15:00,-0.7800000755197538,0.0,125291.0,153519480.0,-0.6159443873224556,-0.7909232352281819,-0.7659021283190262,23,15,6,152,5,-0.3495037872850116,1.3889602024023853,-0.5857252128256227,-0.6622151459432388
2020-05-31 23:30:00,-0.7800000755197538,0.0,125291.0,153519480.0,-0.6809917003077147,-0.8384835173513141,-0.7659021283190262,23,30,6,152,5,-0.3495037872850116,1.3889602024023853,-0.5857252128256227,-0.6622151459432388
2020-05-31 23:45:00,-0.7800000755197538,0.0,113737.142857,153519480.0,-0.7522355365014546,-0.8600127666684134,-0.7659021283190262,23,45,6,152,5,-0.3495037872850116,1.3889602024023853,-0.5857252128256227,-0.6622151459432388
2020-06-01 00:00:00,-0.7800000755197538,0.0,5407.25,153519480.0,-0.7849612308462478,-0.8841405320954088,-0.7659021283190262,0,0,0,153,6,0.016045582881512335,1.437227842039285,-0.7368464096997147,-0.7870947518943592
2020-06-01 00:15:00,-0.7800000755197538,0.0,0.0,153519480.0,-0.8120699927236241,-0.8936963482103177,-0.7659021283190262,0,15,0,153,6,0.016045582881512335,1.437227842039285,-0.7368464096997147,-0.7870947518943592
2020-06-01 00:30:00,-0.7800000755197538,0.0,0.0,153519480.0,-0.8304234049303516,-0.8992906197109355,-0.7659021283190262,0,30,0,153,6,0.016045582881512335,1.437227842039285,-0.7368464096997147,-0.7870947518943592
2020-06-01 00:45:00,-0.7800000755197538,0.0,0.0,153519480.0,-0.8746779212344261,-0.9047790704011661,-0.7659021283190262,0,45,0,153,6,0.016045582881512335,1.437227842039285,-0.7368464096997147,-0.7870947518943592
2020-06-01 01:00:00,-0.7800000755197538,0.0,0.0,153519480.0,-0.930851852849279,-0.9135707831937933,-0.7659021283190262,1,0,0,153,6,0.38159495304803503,1.3889602024023857,-0.7368464096997147,-0.7870947518943592
2020-06-01 01:15:00,-0.7800000755197538,0.0,0.0,153519480.0,-0.9630131311513911,-0.8997467674920504,-0.7659021283190262,1,15,0,153,6,0.38159495304803503,1.3889602024023857,-0.7368464096997147,-0.7870947518943592
2020-06-01 01:30:00,-0.7800000755197538,0.0,0.0,153519480.0,-1.0048885480900487,-0.9045727480764297,-0.7659021283190262,1,30,0,153,6,0.38159495304803503,1.3889602024023857,-0.7368464096997147,-0.7870947518943592
2020-06-01 01:45:00,-0.7800000755197538,0.0,0.0,153519480.0,-1.0605414441196588,-0.9167110861216231,-0.7659021283190262,1,45,0,153,6,0.38159495304803503,1.3889602024023857,-0.7368464096997147,-0.7870947518943592
2020-06-01 02:00:00,-0.7800000755197538,0.0,0.0,153519480.0,-1.1052527808975108,-0.9248209076749072,-0.7659021283190262,2,0,0,153,6,0.7222327377366062,1.2474466433668963,-0.7368464096997147,-0.7870947518943592
2020-06-01 02:15:00,-0.7800000755197538,0.0,0.0,153519480.0,-1.1105717477261936,-0.9149178612164975,-0.7659021283190262,2,15,0,153,6,0.7222327377366062,1.2474466433668963,-0.7368464096997147,-0.7870947518943592
2020-06-01 02:30:00,-0.7800000755197538,0.0,0.0,153519480.0,-1.1125745070503588,-0.9171558350409038,-0.7659021283190262,2,30,0,153,6,0.7222327377366062,1.2474466433668963,-0.7368464096997147,-0.7870947518943592
2020-06-01 02:45:00,-0.7800000755197538,0.0,0.0,153519480.0,-1.120765008190016,-0.9188427706791193,-0.7659021283190262,2,45,0,153,6,0.7222327377366062,1.2474466433668963,-0.7368464096997147,-0.7870947518943592
2020-06-01 03:00:00,-0.7800000755197538,0.0,0.0,153519480.0,-1.169371616705945,-0.9504301192681243,-0.7659021283190262,3,0,0,153,6,1.0147450348512552,1.0223310801188719,-0.7368464096997147,-0.7870947518943592
2020-06-01 03:15:00,-0.7800000755197538,0.0,0.0,153519480.0,-1.2035649131062884,-0.9476464321083863,-0.7659021283190262,3,15,0,153,6,1.0147450348512552,1.0223310801188719,-0.7368464096997147,-0.7870947518943592
2020-06-01 03:30:00,-0.7800000755197538,0.0,0.0,153519480.0,-1.2244305746650512,-0.9553138603565711,-0.7659021283190262,3,30,0,153,6,1.0147450348512552,1.0223310801188719,-0.7368464096997147,-0.7870947518943592
2020-06-01 03:45:00,-0.7800000755197538,0.0,0.0,153519480.0,-1.2532199672942554,-0.9553728703249138,-0.7659021283190262,3,45,0,153,6,1.0147450348512552,1.0223310801188719,-0.7368464096997147,-0.7870947518943592
2020-06-01 04:00:00,-0.7800000755197538,0.0,0.0,153519480.0,-1.2449071847871418,-0.9258341195114108,-0.7659021283190262,4,0,0,153,6,1.2391976147430457,0.7289547662726072,-0.7368464096997147,-0.7870947518943592
2020-06-01 04:15:00,-0.7800000755197538,0.0,0.0,153519480.0,-1.2406521579941425,-0.9343551340544296,-0.7659021283190262,4,15,0,153,6,1.2391976147430457,0.7289547662726072,-0.7368464096997147,-0.7870947518943592
2020-06-01 04:30:00,-0.7800000755197538,0.0,0.0,153519480.0,-1.2473879189043842,-0.9330450733550395,-0.7659021283190262,4,30,0,153,6,1.2391976147430457,0.7289547662726072,-0.7368464096997147,-0.7870947518943592
2020-06-01 04:45:00,-0.7800000755197538,0.0,0.0,153519480.0,-1.3002798848062227,-0.9634845260799018,-0.7659021283190262,4,45,0,153,6,1.2391976147430457,0.7289547662726072,-0.7368464096997147,-0.7870947518943592
2020-06-01 05:00:00,-0.7800000755197538,0.0,0.0,153519480.0,-1.3190873345185024,-0.9758928272868015,-0.7659021283190262,5,0,0,153,6,1.3802944050177781,0.38731081278944296,-0.7368464096997147,-0.7870947518943592
2020-06-01 05:15:00,-0.7800000755197538,0.0,0.0,153519480.0,-1.2877621877380452,-0.9559391368661401,-0.7659021283190262,5,15,0,153,6,1.3802944050177781,0.38731081278944296,-0.7368464096997147,-0.7870947518943592
2020-06-01 05:30:00,-0.7800000755197538,0.0,0.0,153519480.0,-1.296894366349768,-0.9488607454790691,-0.7659021283190262,5,30,0,153,6,1.3802944050177781,0.38731081278944296,-0.7368464096997147,-0.7870947518943592
2020-06-01 05:45:00,-0.7800000755197538,0.0,0.0,153519480.0,-1.3371084452757949,-0.9605692315223983,-0.7654306672947199,5,45,0,153,6,1.3802944050177781,0.38731081278944296,-0.7368464096997147,-0.7870947518943592
2020-06-01 06:00:00,-0.7609598758133989,164.980357142,8.696428572,153519488.697,-1.306846580396641,-0.9229279692992908,-0.7391083054639621,6,0,0,153,6,1.4284198925917004,0.020681690505929266,-0.7368464096997147,-0.7870947518943592
2020-06-01 06:15:00,-0.6697330080149151,957.9375,135.178571429,153519615.179,-1.2265521366463896,-0.8613943216098905,-0.6590736743641205,6,15,0,153,6,1.4284198925917004,0.020681690505929266,-0.7368464096997147,-0.7870947518943592
2020-06-01 06:30:00,-0.5448742462359901,2051.10535714,507.55357144,153519987.554,-1.1349809740113586,-0.8001327979073422,-0.5446411320187267,6,30,0,153,6,1.4284198925917004,0.020681690505929266,-0.7368464096997147,-0.7870947518943592
2020-06-01 06:45:00,-0.4005547891498177,3330.2267858,1170.60714287,153520650.608,-1.033521259070791,-0.7371095014335584,-0.41377401562425326,6,45,0,153,6,1.4284198925917004,0.020681690505929266,-0.7368464096997147,-0.7870947518943592
2020-06-01 07:00:00,-0.2629674367725478,4552.7,2158.46428575,153521638.464,-0.8851099152429551,-0.6606174511312254,-0.24610216069924779,7,0,0,153,6,1.3802944050177781,-0.3459474317775844,-0.7368464096997147,-0.7870947518943592
2020-06-01 07:15:00,-0.018648957383038473,6716.4571429,3519.7678571,153522999.77,-0.7471878714672742,-0.5380760765219383,0.014861384103794407,7,15,0,153,6,1.3802944050177781,-0.3459474317775844,-0.7368464096997147,-0.7870947518943592
2020-06-01 07:30:00,0.24705992427255433,9060.4928572,5506.1607143,153524986.16,-0.5799881933730172,-0.26109584198037267,0.29245972407103316,7,30,0,153,6,1.3802944050177781,-0.3459474317775844,-0.7368464096997147,-0.7870947518943592
2020-06-01 07:45:00,0.4286368817918361,10644.8910711,7958.1428572,153527438.143,-0.43720172797786766,0.030461669316389852,0.4699005052143165,7,45,0,153,6,1.3802944050177781,-0.3459474317775844,-0.7368464096997147,-0.7870947518943592
2020-06-01 08:00:00,0.7261938813232198,13254.6142857,10890.9642856,153530370.965,-0.29806262450247345,0.26196421945518666,0.749905754364402,8,0,0,153,6,1.239197614743046,-0.6875913852607484,-0.7368464096997147,-0.7870947518943592
2020-06-01 08:15:00,0.6287148503952281,12401.2571428,14122.2500002,153533603.001,-0.1961174777033853,0.40607741848788403,0.6769471915945572,8,15,0,153,6,1.239197614743046,-0.6875913852607484,-0.7368464096997147,-0.7870947518943592
2020-06-01 08:30:00,0.6330406864139217,12440.2089288,17474.0357142,153536954.036,-0.029629261675723353,0.6851722183710383,0.5959663644589543,8,30,0,153,6,1.239197614743046,-0.6875913852607484,-0.7368464096997147,-0.7870947518943592
2020-06-01 08:45:00,0.8688621724787052,14504.4089286,20520.2857148,153540000.285,0.06894732773002511,0.7080588162034871,0.8704712551958085,8,45,0,153,6,1.239197614743046,-0.6875913852607484,-0.7368464096997147,-0.7870947518943592
2020-06-01 09:00:00,0.934451930682406,15079.0928572,24520.053571,153544000.054,0.22382537773240174,1.0321860483033996,0.963264241746317,9,0,0,153,6,1.0147450348512554,-0.9809676991070133,-0.7368464096997147,-0.7870947518943592
2020-06-01 09:15:00,0.6672602801365268,12739.3750001,27738.464284,153547218.466,0.1903615185259657,0.8139985019702077,0.5897215977520124,9,15,0,153,6,1.0147450348512554,-0.9809676991070133,-0.7368464096997147,-0.7870947518943592
2020-06-01 09:30:00,0.73625416393998,13342.6107142,31125.053571,153550605.054,0.3026393750616824,0.8971042903374598,0.6344023348676318,9,30,0,153,6,1.0147450348512554,-0.9809676991070133,-0.7368464096997147,-0.7870947518943592
2020-06-01 09:45:00,1.0229786799543916,15846.3446429,34423.589285,153553903.59,0.4576608782115194,0.8734582256061793,0.9687165449120722,9,45,0,153,6,1.0147450348512554,-0.9809676991070133,-0.7368464096997147,-0.7870947518943592
2020-06-01 10:00:00,1.1193218757422176,16691.7714285,39014.535714,153558494.536,0.5476912542481533,1.3351525238010151,1.1163214057754738,10,0,0,153,6,0.7222327377366062,-1.206083262355038,-0.7368464096997147,-0.7870947518943592
2020-06-01 10:15:00,1.3673266004536764,18858.0660714,42972.017857,153562452.018,0.6928081170647389,1.3434540888676683,1.5662859863852814,10,15,0,153,6,0.7222327377366062,-1.206083262355038,-0.7368464096997147,-0.7870947518943592
2020-06-01 10:30:00,2.10553316355014,25290.5678559,48773.071428,153568253.072,0.9012880705814305,1.7722212343029817,2.2153314208175434,10,30,0,153,6,0.7222327377366062,-1.206083262355038,-0.7368464096997147,-0.7870947518943592
2020-06-01 10:45:00,2.058629514264733,24875.085714,54845.107143,153574325.107,0.9954967349425735,1.9069713731927438,2.2381709559511296,10,45,0,153,6,0.7222327377366062,-1.206083262355038,-0.7368464096997147,-0.7870947518943592
2020-06-01 11:00:00,1.8360736205295418,22940.2035695,60939.857144,153580419.856,1.0360723176805862,2.081371508467813,2.51331021048324,11,0,0,153,6,0.3815949530480355,-1.3475968213905272,-0.7368464096997147,-0.7870947518943592
2020-06-01 11:15:00,1.7025512577341844,21767.885714,66778.160715,153586258.16,1.0867906094465205,1.828985454664432,0.8291726327150837,11,15,0,153,6,0.3815949530480355,-1.3475968213905272,-0.7368464096997147,-0.7870947518943592
2020-06-01 11:30:00,2.2324922163612535,26393.8124987,72595.69643,153592075.695,1.101696400830996,1.7332390739800552,2.7482392181820265,11,30,0,153,6,0.3815949530480355,-1.3475968213905272,-0.7368464096997147,-0.7870947518943592
2020-06-01 11:45:00,0.6032636336474232,12172.3196428,77610.928571,153597090.929,1.0804301610820255,1.6162067014152854,0.4316575723166566,11,45,0,153,6,0.3815949530480355,-1.3475968213905272,-0.7368464096997147,-0.7870947518943592
2020-06-01 12:00:00,0.5091684490607077,11351.0464286,80195.392858,153599675.392,0.854426007067369,0.8463835946146313,0.3854925601667315,12,0,0,153,6,0.016045582881512508,-1.3958644610274267,-0.7368464096997147,-0.7870947518943592
2020-06-01 12:15:00,0.9104327847454985,14862.9482144,83619.482143,153603099.482,1.055851700242486,1.341452301934212,1.2331009070822905,12,15,0,153,6,0.016045582881512508,-1.3958644610274267,-0.7368464096997147,-0.7870947518943592
2020-06-01 12:30:00,1.0536160090551223,16115.5053572,87661.267858,153607141.267,1.1473890347704812,1.4013305287035984,1.1057856885089408,12,30,0,153,6,0.016045582881512508,-1.3958644610274267,-0.7368464096997147,-0.7870947518943592
2020-06-01 12:45:00,0.20226670531567664,8665.417857,90553.071429,153610033.071,0.9908691664838739,0.8792957123268695,0.1481889416410678,12,45,0,153,6,0.016045582881512508,-1.3958644610274267,-0.7368464096997147,-0.7870947518943592
2020-06-01 13:00:00,0.8980777692120712,14748.5482143,92964.553572,153612444.553,0.8697396846199112,0.632789289296425,0.7111937792364245,13,0,0,153,6,-0.34950378728501047,-1.3475968213905272,-0.7368464096997147,-0.7870947518943592
2020-06-01 13:15:00,1.5204732840391328,20188.958929200002,98155.375,153617635.375,1.0494208194113483,1.4878617215273315,1.6023809832272233,13,15,0,153,6,-0.34950378728501047,-1.3475968213905272,-0.7368464096997147,-0.7870947518943592
2020-06-01 13:30:00,1.6086562805229123,20957.7464294,102786.910715,153622266.91,0.531788189154237,0.37235478211453393,1.3866780350145735,13,30,0,153,6,-0.34950378728501047,-1.3475968213905272,-0.7368464096997147,-0.7870947518943592
2020-06-01 13:45:00,0.8083101834633875,13970.65,107250.00000100001,153626730.001,0.7233714812579815,0.8194327188121552,0.7834109240315136,13,45,0,153,6,-0.34950378728501047,-1.3475968213905272,-0.7368464096997147,-0.7870947518943592
2020-06-01 14:00:00,-0.08217381377625428,6139.0857142,110222.000003,153629701.997,0.790072442932016,0.639562785478063,-0.14089240680507564,14,0,0,153,6,-0.6901415719735813,-1.2060832623550382,-0.7368464096997147,-0.7870947518943592
2020-06-01 14:15:00,0.035903139303667474,7184.1125,111452.875,153630932.875,0.05115180663371683,-0.38309864045793185,-0.0692091366644099,14,15,0,153,6,-0.6901415719735813,-1.2060832623550382,-0.7368464096997147,-0.7870947518943592
2020-06-01 14:30:00,0.4469118391634294,10804.9999999,114100.142857,153633580.143,0.1794899471643648,0.07298946707293907,0.31086304130564235,14,30,0,153,6,-0.6901415719735813,-1.2060832623550382,-0.7368464096997147,-0.7870947518943592
2020-06-01 14:45:00,-0.047845865416821294,6458.0125,116121.125,153635601.125,0.24282039439931635,0.06369669318380847,-0.12859270149499893,14,45,0,153,6,-0.6901415719735813,-1.2060832623550382,-0.7368464096997147,-0.7870947518943592
2020-06-01 15:00:00,-0.07046753448620148,6254.7714285,117711.714286,153637191.714,0.27330948487347917,-0.011750034716749402,-0.17361324440992223,15,0,0,153,6,-0.98265386908823,-0.980967699107014,-0.7368464096997147,-0.7870947518943592
2020-06-01 15:15:00,-0.2915887728023952,4300.3,119013.25,153638493.25,0.2500479509245751,-0.08470849339871277,-0.35482196036215946,15,15,0,153,6,-0.98265386908823,-0.980967699107014,-0.7368464096997147,-0.7870947518943592
2020-06-01 15:30:00,-0.34889407191050364,3794.3999998,120037.285714,153639517.28599998,0.19110003931742378,-0.18315543224419928,-0.401920536923169,15,30,0,153,6,-0.98265386908823,-0.980967699107014,-0.7368464096997147,-0.7870947518943592
2020-06-01 15:45:00,-0.4252027897224804,3104.8875,120895.0,153640375.0,0.17446513819694712,-0.25352922113198056,-0.46239809485447747,15,45,0,153,6,-0.98265386908823,-0.980967699107014,-0.7368464096997147,-0.7870947518943592
2020-06-01 16:00:00,-0.3677927146459842,3622.9714286,121695.000002,153641174.998,0.18646908616763813,-0.26216017816214227,-0.4183317150003996,16,0,0,153,6,-1.2071064489800205,-0.6875913852607494,-0.7368464096997147,-0.7870947518943592
2020-06-01 16:15:00,-0.30220613752666875,4206.6375,122712.375,153642192.375,0.21656222419607543,-0.1983592660802332,-0.3531568816255446,16,15,0,153,6,-1.2071064489800205,-0.6875913852607494,-0.7368464096997147,-0.7870947518943592
2020-06-01 16:30:00,-0.3542780060343409,3747.7000002,123715.428572,153643195.428,0.25145848332762083,-0.17511256331182265,-0.39668983903219307,16,30,0,153,6,-1.2071064489800205,-0.6875913852607494,-0.7368464096997147,-0.7870947518943592
2020-06-01 16:45:00,-0.3848413756718541,3475.0678571,124611.089286,153644091.089,0.22684098571753733,-0.20792956620423997,-0.42380618053986835,16,45,0,153,6,-1.2071064489800205,-0.6875913852607494,-0.7368464096997147,-0.7870947518943592
2020-06-01 17:00:00,-0.45741354774448356,2819.2946429999997,125412.357143,153644892.357,0.06501253032158433,-0.29283508083844445,-0.48630259619316857,17,0,0,153,6,-1.3482032392547534,-0.3459474317775844,-0.7368464096997147,-0.7870947518943592
2020-06-01 17:15:00,-0.5401495855409862,2092.93571429,126016.339285,153645496.34,-0.013729694095930505,-0.3760702846713243,-0.5595496527383483,17,15,0,153,6,-1.3482032392547534,-0.3459474317775844,-0.7368464096997147,-0.7870947518943592
2020-06-01 17:30:00,-0.610735984570504,1472.85357142,126461.214286,153645941.214,-0.060933837055904494,-0.42602613716979126,-0.6179564473331193,17,30,0,153,6,-1.3482032392547534,-0.3459474317775844,-0.7368464096997147,-0.7870947518943592
2020-06-01 17:45:00,-0.6089299410672128,1488.65178571,126814.160716,153646294.159,-0.08109713760632913,-0.45366800420389053,-0.6016106788026208,17,45,0,153,6,-1.3482032392547534,-0.3459474317775844,-0.7368464096997147,-0.7870947518943592
2020-06-01 18:00:00,-0.6455979524300618,1168.04999999,127163.428572,153646643.428,-0.0904281601037871,-0.48263676193230415,-0.6375649235164245,18,0,0,153,6,-1.3963287268286755,0.02068169050592892,-0.7368464096997147,-0.7870947518943592
2020-06-01 18:15:00,-0.7141443016641856,571.44285716,127388.142858,153646868.142,-0.14795894587592776,-0.5401398648796976,-0.7000801592134714,18,15,0,153,6,-1.3963287268286755,0.02068169050592892,-0.7368464096997147,-0.7870947518943592
2020-06-01 18:30:00,-0.7744499312648838,48.0875,127455.875,153646935.875,-0.21354402986347543,-0.6183128667973617,-0.7562313730336219,18,30,0,153,6,-1.3963287268286755,0.02068169050592892,-0.7368464096997147,-0.7870947518943592
2020-06-01 18:45:00,-0.7800000755197538,0.0,127458.0,153646938.0,-0.2574049818094283,-0.6553962458142284,-0.7659021283190262,18,45,0,153,6,-1.3963287268286755,0.02068169050592892,-0.7368464096997147,-0.7870947518943592
2020-06-01 19:00:00,-0.7800000755197538,0.0,127458.0,153646938.0,-0.3005284095674112,-0.6790358039991846,-0.7659021283190262,19,0,0,153,6,-1.3482032392547536,0.38731081278944235,-0.7368464096997147,-0.7870947518943592
2020-06-01 19:15:00,-0.7800000755197538,0.0,127458.0,153646938.0,-0.36747867109743193,-0.711784470009444,-0.7659021283190262,19,15,0,153,6,-1.3482032392547536,0.38731081278944235,-0.7368464096997147,-0.7870947518943592
2020-06-01 19:30:00,-0.7800000755197538,0.0,127458.0,153646938.0,-0.4234586411091311,-0.7349080772165866,-0.7659021283190262,19,30,0,153,6,-1.3482032392547536,0.38731081278944235,-0.7368464096997147,-0.7870947518943592
2020-06-01 19:45:00,-0.7800000755197538,0.0,127458.0,153646938.0,-0.48554491350799067,-0.7477992408173122,-0.7659021283190262,19,45,0,153,6,-1.3482032392547536,0.38731081278944235,-0.7368464096997147,-0.7870947518943592
2020-06-01 20:00:00,-0.7800000755197538,0.0,127458.0,153646938.0,-0.5540721214195257,-0.7684267968727665,-0.7659021283190262,20,0,0,153,6,-1.207106448980021,0.7289547662726072,-0.7368464096997147,-0.7870947518943592
2020-06-01 20:15:00,-0.7800000755197538,0.0,127458.0,153646938.0,-0.5564190514451682,-0.7806301307607925,-0.7659021283190262,20,15,0,153,6,-1.207106448980021,0.7289547662726072,-0.7368464096997147,-0.7870947518943592
2020-06-01 20:30:00,-0.7800000755197538,0.0,127458.0,153646938.0,-0.5821980957917372,-0.8119495103686236,-0.7659021283190262,20,30,0,153,6,-1.207106448980021,0.7289547662726072,-0.7368464096997147,-0.7870947518943592
2020-06-01 20:45:00,-0.7800000755197538,0.0,127458.0,153646938.0,-0.6257571520965232,-0.8352264387665748,-0.7659021283190262,20,45,0,153,6,-1.207106448980021,0.7289547662726072,-0.7368464096997147,-0.7870947518943592
2020-06-01 21:00:00,-0.7800000755197538,0.0,127458.0,153646938.0,-0.6392236344880525,-0.8301844823202037,-0.7659021283190262,21,0,0,153,6,-0.9826538690882308,1.0223310801188716,-0.7368464096997147,-0.7870947518943592
2020-06-01 21:15:00,-0.7800000755197538,0.0,127458.0,153646938.0,-0.6892149577355633,-0.8426318476165832,-0.7659021283190262,21,15,0,153,6,-0.9826538690882308,1.0223310801188716,-0.7368464096997147,-0.7870947518943592
2020-06-01 21:30:00,-0.7800000755197538,0.0,127458.0,153646938.0,-0.7106395446159122,-0.8374367410678719,-0.7659021283190262,21,30,0,153,6,-0.9826538690882308,1.0223310801188716,-0.7368464096997147,-0.7870947518943592
2020-06-01 21:45:00,-0.7800000755197538,0.0,127458.0,153646938.0,-0.7215369712566537,-0.8476785323261011,-0.7659021283190262,21,45,0,153,6,-0.9826538690882308,1.0223310801188716,-0.7368464096997147,-0.7870947518943592
2020-06-01 22:00:00,-0.7800000755197538,0.0,127458.0,153646938.0,-0.7649312871246747,-0.8754464811929286,-0.7659021283190262,22,0,0,153,6,-0.6901415719735823,1.2474466433668958,-0.7368464096997147,-0.7870947518943592
2020-06-01 22:15:00,-0.7800000755197538,0.0,127458.0,153646938.0,-0.8055419014154416,-0.8900348527761213,-0.7659021283190262,22,15,0,153,6,-0.6901415719735823,1.2474466433668958,-0.7368464096997147,-0.7870947518943592
2020-06-01 22:30:00,-0.7800000755197538,0.0,127458.0,153646938.0,-0.84123004663459,-0.8954788360178824,-0.7659021283190262,22,30,0,153,6,-0.6901415719735823,1.2474466433668958,-0.7368464096997147,-0.7870947518943592
2020-06-01 22:45:00,-0.7800000755197538,0.0,127458.0,153646938.0,-0.9064978923911711,-0.9049005957998604,-0.7659021283190262,22,45,0,153,6,-0.6901415719735823,1.2474466433668958,-0.7368464096997147,-0.7870947518943592
2020-06-01 23:00:00,-0.7800000755197538,0.0,127458.0,153646938.0,-0.9666961075429206,-0.9048333261838665,-0.7659021283190262,23,0,0,153,6,-0.3495037872850116,1.3889602024023853,-0.7368464096997147,-0.7870947518943592
2020-06-01 23:15:00,-0.7800000755197538,0.0,127458.0,153646938.0,-1.0092136191847199,-0.9079856675185218,-0.7659021283190262,23,15,0,153,6,-0.3495037872850116,1.3889602024023853,-0.7368464096997147,-0.7870947518943592
2020-06-01 23:30:00,-0.7800000755197538,0.0,127458.0,153646938.0,-1.068446766231351,-0.9163174374767199,-0.7659021283190262,23,30,0,153,6,-0.3495037872850116,1.3889602024023853,-0.7368464096997147,-0.7870947518943592
2020-06-01 23:45:00,-0.7800000755197538,0.0,115927.125,153646938.0,-1.0687537577129893,-0.9185897826783114,-0.7659021283190262,23,45,0,153,6,-0.3495037872850116,1.3889602024023853,-0.7368464096997147,-0.7870947518943592
2020-06-02 00:00:00,-0.7800000755197538,0.0,1676.2857143,153646938.0,-0.9491472552115374,-0.8957876662581045,-0.7659021283190262,0,0,1,154,6,0.016045582881512335,1.437227842039285,-0.8894223040621858,-0.9081701945519703
2020-06-02 00:15:00,-0.7800000755197538,0.0,0.0,153646938.0,-0.9134441797439243,-0.8907332255379878,-0.7659021283190262,0,15,1,154,6,0.016045582881512335,1.437227842039285,-0.8894223040621858,-0.9081701945519703
2020-06-02 00:30:00,-0.7800000755197538,0.0,0.0,153646938.0,-0.9442110405333347,-0.911385309458512,-0.7659021283190262,0,30,1,154,6,0.016045582881512335,1.437227842039285,-0.8894223040621858,-0.9081701945519703
2020-06-02 00:45:00,-0.7800000755197538,0.0,0.0,153646938.0,-1.0105105199864213,-0.920224657428537,-0.7659021283190262,0,45,1,154,6,0.016045582881512335,1.437227842039285,-0.8894223040621858,-0.9081701945519703
2020-06-02 01:00:00,-0.7800000755197538,0.0,0.0,153646938.0,-1.0696902896487233,-0.9092087534319414,-0.7659021283190262,1,0,1,154,6,0.38159495304803503,1.3889602024023857,-0.8894223040621858,-0.9081701945519703
2020-06-02 01:15:00,-0.7800000755197538,0.0,0.0,153646938.0,-1.1166780877210318,-0.913704465502149,-0.7659021283190262,1,15,1,154,6,0.38159495304803503,1.3889602024023857,-0.8894223040621858,-0.9081701945519703
2020-06-02 01:30:00,-0.7800000755197538,0.0,0.0,153646938.0,-1.152705924298491,-0.9210728725823405,-0.7659021283190262,1,30,1,154,6,0.38159495304803503,1.3889602024023857,-0.8894223040621858,-0.9081701945519703
2020-06-02 01:45:00,-0.7800000755197538,0.0,0.0,153646938.0,-1.1712079620516394,-0.9246484504980547,-0.7659021283190262,1,45,1,154,6,0.38159495304803503,1.3889602024023857,-0.8894223040621858,-0.9081701945519703
2020-06-02 02:00:00,-0.7800000755197538,0.0,0.0,153646938.0,-1.1926738421632546,-0.9401930770110378,-0.7659021283190262,2,0,1,154,6,0.7222327377366062,1.2474466433668963,-0.8894223040621858,-0.9081701945519703
2020-06-02 02:15:00,-0.7800000755197538,0.0,0.0,153646938.0,-1.199934756699565,-0.9501090950861043,-0.7659021283190262,2,15,1,154,6,0.7222327377366062,1.2474466433668963,-0.8894223040621858,-0.9081701945519703
2020-06-02 02:30:00,-0.7800000755197538,0.0,0.0,153646938.0,-1.2314034331859716,-0.9586187296536787,-0.7659021283190262,2,30,1,154,6,0.7222327377366062,1.2474466433668963,-0.8894223040621858,-0.9081701945519703
2020-06-02 02:45:00,-0.7800000755197538,0.0,0.0,153646938.0,-1.2528871393373153,-0.9399256968408295,-0.7659021283190262,2,45,1,154,6,0.7222327377366062,1.2474466433668963,-0.8894223040621858,-0.9081701945519703
2020-06-02 03:00:00,-0.7800000755197538,0.0,0.0,153646938.0,-1.2721276038627263,-0.9515061568642811,-0.7659021283190262,3,0,1,154,6,1.0147450348512552,1.0223310801188719,-0.8894223040621858,-0.9081701945519703
2020-06-02 03:15:00,-0.7800000755197538,0.0,0.0,153646938.0,-1.328874319228786,-0.9666117548120573,-0.7659021283190262,3,15,1,154,6,1.0147450348512552,1.0223310801188719,-0.8894223040621858,-0.9081701945519703
2020-06-02 03:30:00,-0.7800000755197538,0.0,0.0,153646938.0,-1.312266143736585,-0.940723132788876,-0.7659021283190262,3,30,1,154,6,1.0147450348512552,1.0223310801188719,-0.8894223040621858,-0.9081701945519703
2020-06-02 03:45:00,-0.7800000755197538,0.0,0.0,153646938.0,-1.2827656503431264,-0.9335980623941643,-0.7659021283190262,3,45,1,154,6,1.0147450348512552,1.0223310801188719,-0.8894223040621858,-0.9081701945519703
2020-06-02 04:00:00,-0.7800000755197538,0.0,0.0,153646938.0,-1.2701163452031639,-0.9360325683574674,-0.7659021283190262,4,0,1,154,6,1.2391976147430457,0.7289547662726072,-0.8894223040621858,-0.9081701945519703
2020-06-02 04:15:00,-0.7800000755197538,0.0,0.0,153646938.0,-1.2659703242670226,-0.9409471520308439,-0.7659021283190262,4,15,1,154,6,1.2391976147430457,0.7289547662726072,-0.8894223040621858,-0.9081701945519703
2020-06-02 04:30:00,-0.7800000755197538,0.0,0.0,153646938.0,-1.2396765395920046,-0.9193677478698031,-0.7659021283190262,4,30,1,154,6,1.2391976147430457,0.7289547662726072,-0.8894223040621858,-0.9081701945519703
2020-06-02 04:45:00,-0.7800000755197538,0.0,0.0,153646938.0,-1.204825090009692,-0.8964855775995546,-0.7659021283190262,4,45,1,154,6,1.2391976147430457,0.7289547662726072,-0.8894223040621858,-0.9081701945519703
2020-06-02 05:00:00,-0.7800000755197538,0.0,0.0,153646938.0,-1.1853039593777677,-0.8914499566110389,-0.7659021283190262,5,0,1,154,6,1.3802944050177781,0.38731081278944296,-0.8894223040621858,-0.9081701945519703
2020-06-02 05:15:00,-0.7800000755197538,0.0,0.0,153646938.0,-1.180779699212596,-0.9071206960637449,-0.7659021283190262,5,15,1,154,6,1.3802944050177781,0.38731081278944296,-0.8894223040621858,-0.9081701945519703
2020-06-02 05:30:00,-0.7800000755197538,0.0,0.0,153646938.0,-1.2050693303930717,-0.905574767690419,-0.7659021283190262,5,30,1,154,6,1.3802944050177781,0.38731081278944296,-0.8894223040621858,-0.9081701945519703
2020-06-02 05:45:00,-0.7800000755197538,0.0,0.0,153646938.0,-1.1995388230576824,-0.9214714205788581,-0.7656507917143465,5,45,1,154,6,1.3802944050177781,0.38731081278944296,-0.8894223040621858,-0.9081701945519703
2020-06-02 06:00:00,-0.7610767795540841,163.996428574,7.732142859,153646945.734,-1.2198340889528392,-0.9193946502354442,-0.7404163513570481,6,0,1,154,6,1.4284198925917004,0.020681690505929266,-0.8894223040621858,-0.9081701945519703
2020-06-02 06:15:00,-0.6816689196892651,853.83928573,128.124999999,153647066.124,-1.161750928310873,-0.8126646549849614,-0.6719515830364828,6,15,1,154,6,1.4284198925917004,0.020681690505929266,-0.8894223040621858,-0.9081701945519703
2020-06-02 06:30:00,-0.6613930792556643,1030.2,382.05357144,153647320.054,-1.0804097688418028,-0.754656259278865,-0.652970189955734,6,30,1,154,6,1.4284198925917004,0.020681690505929266,-0.8894223040621858,-0.9081701945519703
2020-06-02 06:45:00,-0.5820225967784325,1725.19821428,693.82142856,153647631.821,-1.0087585098603236,-0.7057144066607588,-0.5842085942603897,6,45,1,154,6,1.4284198925917004,0.020681690505929266,-0.8894223040621858,-0.9081701945519703
2020-06-02 07:00:00,-0.367525307315207,3624.7660714,1329.25,153648267.25,-0.9318520478694815,-0.6396780422725947,-0.38814379747453,7,0,1,154,6,1.3802944050177781,-0.3459474317775844,-0.8894223040621858,-0.9081701945519703
2020-06-02 07:15:00,-0.3533684233653186,3749.8696428,2314.0892858,153649252.089,-0.8144973615447175,-0.5629343756397778,-0.39084463352367044,7,15,1,154,6,1.3802944050177781,-0.3459474317775844,-0.8894223040621858,-0.9081701945519703
2020-06-02 07:30:00,-0.26665646552802547,4520.2160716,3305.5178572,153650243.516,-0.7509758296940352,-0.5120939231730787,-0.3102717827919633,7,30,1,154,6,1.3802944050177781,-0.3459474317775844,-0.8894223040621858,-0.9081701945519703
2020-06-02 07:45:00,-0.20257452699389533,5085.3821428,4519.9642857,153651457.965,-0.6668203613697342,-0.34432989892799454,-0.25002038227137796,7,45,1,154,6,1.3802944050177781,-0.3459474317775844,-0.8894223040621858,-0.9081701945519703
2020-06-02 08:00:00,0.24816593705695936,9063.2571429,6090.4285715,153653028.427,-0.5315096013955535,-0.11544143654203214,0.13096725825439298,8,0,1,154,6,1.239197614743046,-0.6875913852607484,-0.8894223040621858,-0.9081701945519703
2020-06-02 08:15:00,1.240914490154239,17763.5089285,9576.9642857,153656514.964,-0.27466801578231176,0.6704485624692788,1.2648379662241584,8,15,1,154,6,1.239197614743046,-0.6875913852607484,-0.8894223040621858,-0.9081701945519703
2020-06-02 08:30:00,1.2334626719498263,17696.9642858,14099.4107145,153661037.41,-0.1298036133131771,1.2184557386761365,1.2996293209036343,8,30,1,154,6,1.239197614743046,-0.6875913852607484,-0.8894223040621858,-0.9081701945519703
2020-06-02 08:45:00,1.027750857638832,15895.6160714,18405.6607143,153665343.66,0.05514286512956842,1.1003389296267274,0.9978169013148966,8,45,1,154,6,1.239197614743046,-0.6875913852607484,-0.8894223040621858,-0.9081701945519703
2020-06-02 09:00:00,0.8348646560825179,14206.2714284,22152.4285699,153669090.431,0.06734984755591274,0.8735854532132005,0.7970442931522663,9,0,1,154,6,1.0147450348512554,-0.9809676991070133,-0.8894223040621858,-0.9081701945519703
2020-06-02 09:15:00,1.410964897997884,19243.5214285,26333.482142,153673271.483,0.1472351197613632,1.0753402705657378,1.29870556641931,9,15,1,154,6,1.0147450348512554,-0.9809676991070133,-0.8894223040621858,-0.9081701945519703
2020-06-02 09:30:00,1.5540672042660364,20480.7928576,30821.982141,153677759.984,0.248708553445885,1.212240115331741,1.547294458458892,9,30,1,154,6,1.0147450348512554,-0.9809676991070133,-0.8894223040621858,-0.9081701945519703
2020-06-02 09:45:00,1.6432037217008668,21274.7357142,36328.339287,153683266.338,0.41913448147709154,1.5013946061280128,1.6444710489049332,9,45,1,154,6,1.0147450348512554,-0.9809676991070133,-0.8894223040621858,-0.9081701945519703
2020-06-02 10:00:00,1.5347293770680848,20333.4946429,41710.071427,153688648.073,0.4591314794794489,1.4494826173213085,1.5015890360325084,10,0,1,154,6,0.7222327377366062,-1.206083262355038,-0.8894223040621858,-0.9081701945519703
2020-06-02 10:15:00,0.947140758122294,15189.1553572,46231.571429,153693169.571,0.46573376133588784,1.1326165579745617,0.8564782870704082,10,15,1,154,6,0.7222327377366062,-1.206083262355038,-0.8894223040621858,-0.9081701945519703
2020-06-02 10:30:00,0.9245123293112221,14991.1428571,49680.321429,153696618.321,0.30959781103780126,0.6849888530081556,0.784498130097604,10,30,1,154,6,0.7222327377366062,-1.206083262355038,-0.8894223040621858,-0.9081701945519703
2020-06-02 10:45:00,1.4854292008003014,19899.0964285,54073.571429,153701011.571,0.40960689573098713,0.9073634755900482,1.3109242903754135,10,45,1,154,6,0.7222327377366062,-1.206083262355038,-0.8894223040621858,-0.9081701945519703
2020-06-02 11:00:00,1.4908670140990463,19943.4178571,59267.607143,153706205.607,0.4980155346407139,1.1177834624820686,1.4015261633994576,11,0,1,154,6,0.3815949530480355,-1.3475968213905272,-0.8894223040621858,-0.9081701945519703
2020-06-02 11:15:00,0.9188492576239415,14941.9410716,63744.767857,153710682.768,0.4864484844759835,0.9852426408387829,0.7930068545820528,11,15,1,154,6,0.3815949530480355,-1.3475968213905272,-0.8894223040621858,-0.9081701945519703
2020-06-02 11:30:00,0.7822384888674596,13746.0892856,67092.392857,153714030.393,0.45213183488933784,0.6727077857037403,0.6345095946543037,11,30,1,154,6,0.3815949530480355,-1.3475968213905272,-0.8894223040621858,-0.9081701945519703
2020-06-02 11:45:00,0.7290711448332102,13280.0428572,70570.5,153717508.5,0.42725095190112944,0.6262522062720881,0.5762158036636905,11,45,1,154,6,0.3815949530480355,-1.3475968213905272,-0.8894223040621858,-0.9081701945519703
2020-06-02 12:00:00,1.2371956390207335,17731.1142858,74317.232143,153721255.232,0.43857929269751755,0.6441168835251191,1.0528529570604819,12,0,1,154,6,0.016045582881512508,-1.3958644610274267,-0.8894223040621858,-0.9081701945519703
2020-06-02 12:15:00,1.5717389541238393,20651.7571426,79282.428572,153726220.428,0.5922688393165334,1.0416231660528887,1.468800697198357,12,15,1,154,6,0.016045582881512508,-1.3958644610274267,-0.8894223040621858,-0.9081701945519703
2020-06-02 12:30:00,1.4200593329769093,19319.019642799998,83867.946429,153730805.946,0.48098835722511313,0.9585162837563334,1.372340083031203,12,30,1,154,6,0.016045582881512508,-1.3958644610274267,-0.8894223040621858,-0.9081701945519703
2020-06-02 12:45:00,1.8935815129627707,23453.337498,89568.017858,153736506.017,0.5263963010364583,1.205736078304436,1.785116413989325,12,45,1,154,6,0.016045582881512508,-1.3958644610274267,-0.8894223040621858,-0.9081701945519703
2020-06-02 13:00:00,2.258951032182916,26622.589286,95876.392856,153742814.394,0.5790376869747836,1.2792324961627388,2.0895488387981906,13,0,1,154,6,-0.34950378728501047,-1.3475968213905272,-0.8894223040621858,-0.9081701945519703
2020-06-02 13:15:00,2.165095420747566,25811.291071,102338.535714,153749276.536,0.5784144713263745,1.3403457535610661,2.0543145407663226,13,15,1,154,6,-0.34950378728501047,-1.3475968213905272,-0.8894223040621858,-0.9081701945519703
2020-06-02 13:30:00,1.7029580349878533,21793.3910717,108279.642857,153755217.643,0.4865661589027923,1.0732327924343705,1.517571449102797,13,30,1,154,6,-0.34950378728501047,-1.3475968213905272,-0.8894223040621858,-0.9081701945519703
2020-06-02 13:45:00,2.336178080314747,27303.510716,114406.625,153761344.625,0.5253496605329993,1.3611869109779426,2.2476361568961214,13,45,1,154,6,-0.34950378728501047,-1.3475968213905272,-0.8894223040621858,-0.9081701945519703
2020-06-02 14:00:00,0.8660296425858582,14480.649999899999,119529.982143,153766467.982,0.3810103364745759,0.906651021728724,0.7299856401024323,14,0,1,154,6,-0.6901415719735813,-1.2060832623550382,-0.8894223040621858,-0.9081701945519703
2020-06-02 14:15:00,1.0033201628606452,15683.8446428,123298.910714,153770236.911,0.29228006998052025,0.6204641748582875,0.8482004316276454,14,15,1,154,6,-0.6901415719735813,-1.2060832623550382,-0.8894223040621858,-0.9081701945519703
2020-06-02 14:30:00,1.4058875378435738,19186.4607144,127178.267857,153774116.268,0.2824939193548252,0.5903660577014896,1.3051712177550998,14,30,1,154,6,-0.6901415719735813,-1.2060832623550382,-0.8894223040621858,-0.9081701945519703
2020-06-02 14:45:00,1.4067768412875208,19195.7321428,132881.51785899999,153779819.516,0.4804116246676383,1.0322586853572098,1.2928100219231755,14,45,1,154,6,-0.6901415719735813,-1.2060832623550382,-0.8894223040621858,-0.9081701945519703
2020-06-02 15:00:00,0.8477338095240381,14315.9285715,136944.410715,153783882.41,0.3193297569102344,0.6768139763606212,0.6941258334437418,15,0,1,154,6,-0.98265386908823,-0.980967699107014,-0.8894223040621858,-0.9081701945519703
2020-06-02 15:15:00,0.5410682590539602,11630.4196428,139962.714286,153786900.714,0.1786153617911896,0.36809901347516766,0.40604164297927536,15,15,1,154,6,-0.98265386908823,-0.980967699107014,-0.8894223040621858,-0.9081701945519703
2020-06-02 15:30:00,0.6819820000182281,12866.8303571,142993.714285,153789931.715,0.10378112050716556,0.3512180460370419,0.5330142172826238,15,30,1,154,6,-0.98265386908823,-0.980967699107014,-0.8894223040621858,-0.9081701945519703
2020-06-02 15:45:00,0.8163829301965436,14041.7089285,146222.553571,153793160.554,0.17147274220838946,0.44404285188394255,0.6226646564323268,15,45,1,154,6,-0.98265386908823,-0.980967699107014,-0.8894223040621858,-0.9081701945519703
2020-06-02 16:00:00,0.9017586465146599,14791.2517857,149845.857142,153796783.858,0.19934851269387543,0.5001443888344367,0.7786845464428689,16,0,1,154,6,-1.2071064489800205,-0.6875913852607494,-0.8894223040621858,-0.9081701945519703
2020-06-02 16:15:00,0.43669926359441175,10719.4892857,153292.553572,153800230.553,0.26276975426725063,0.4680804025833744,0.30475368147794674,16,15,1,154,6,-1.2071064489800205,-0.6875913852607494,-0.8894223040621858,-0.9081701945519703
2020-06-02 16:30:00,0.33504589430940374,9828.367857,155607.803573,153802545.802,0.06183564046299914,0.18354741646905515,0.2141230807650484,16,30,1,154,6,-1.2071064489800205,-0.6875913852607494,-0.8894223040621858,-0.9081701945519703
2020-06-02 16:45:00,-0.01852151641803793,6713.3660715000005,157759.607143,153804697.607,-0.032029703398833195,0.006705646544467925,-0.07629934939494365,16,45,1,154,6,-1.2071064489800205,-0.6875913852607494,-0.8894223040621858,-0.9081701945519703
2020-06-02 17:00:00,-0.09720409593743597,6018.7464287,159313.589286,153806251.589,-0.09946713479938488,-0.16354632436930291,-0.15599606313863879,17,0,1,154,6,-1.3482032392547534,-0.3459474317775844,-0.8894223040621858,-0.9081701945519703
2020-06-02 17:15:00,-0.4020566443571431,3316.7607143,160481.928571,153807419.929,-0.16806378528973304,-0.2885070195441364,-0.41396280347770137,17,15,1,154,6,-1.3482032392547534,-0.3459474317775844,-0.8894223040621858,-0.9081701945519703
2020-06-02 17:30:00,-0.5518031786543506,1990.35,161135.928571,153808073.929,-0.2053466089109296,-0.4390970317995556,-0.5498781276590456,17,30,1,154,6,-1.3482032392547534,-0.3459474317775844,-0.8894223040621858,-0.9081701945519703
2020-06-02 17:45:00,-0.6326661719857761,1281.05357144,161542.517857,153808480.518,-0.23834971629802582,-0.4996448210695119,-0.6194737393725673,17,45,1,154,6,-1.3482032392547534,-0.3459474317775844,-0.8894223040621858,-0.9081701945519703
2020-06-02 18:00:00,-0.6959482079334156,729.57797619,161777.886904,153808715.887,-0.3396866341086852,-0.5718920701699275,-0.6763993732944811,18,0,1,154,6,-1.3963287268286755,0.02068169050592892,-0.8894223040621858,-0.9081701945519703
2020-06-02 18:15:00,-0.7335519131260736,402.9375,103026.232142,98701356.233,-0.37976705534443045,-0.6208076581157773,-0.6969731520923095,18,15,1,154,6,-1.3963287268286755,0.02068169050592892,-0.8894223040621858,-0.9081701945519703
2020-06-02 18:30:00,-0.770117335491806,85.567857141,103091.535714,98701421.536,-0.3914699995131913,-0.6449504867344805,-0.7449932390946256,18,30,1,154,6,-1.3963287268286755,0.02068169050592892,-0.8894223040621858,-0.9081701945519703
2020-06-02 18:45:00,-0.7800000755197538,0.0,103099.0,98701429.0,-0.40368213553465515,-0.6773002929376359,-0.7653694312931636,18,45,1,154,6,-1.3963287268286755,0.02068169050592892,-0.8894223040621858,-0.9081701945519703
2020-06-02 19:00:00,-0.7800000755197538,0.0,103099.0,153808916.0,-0.4216889177663416,-0.702814602275493,-0.7659021283190262,19,0,1,154,6,-1.3482032392547536,0.38731081278944235,-0.8894223040621858,-0.9081701945519703
2020-06-02 19:15:00,-0.7800000755197538,0.0,103099.0,153808916.0,-0.45442061053589977,-0.7336363144117796,-0.7659021283190262,19,15,1,154,6,-1.3482032392547536,0.38731081278944235,-0.8894223040621858,-0.9081701945519703
2020-06-02 19:30:00,-0.7800000755197538,0.0,103099.0,153808916.0,-0.5096884415427845,-0.7775518781396842,-0.7659021283190262,19,30,1,154,6,-1.3482032392547536,0.38731081278944235,-0.8894223040621858,-0.9081701945519703
2020-06-02 19:45:00,-0.7800000755197538,0.0,103099.0,153808916.0,-0.5305087670448124,-0.7900827812694768,-0.7659021283190262,19,45,1,154,6,-1.3482032392547536,0.38731081278944235,-0.8894223040621858,-0.9081701945519703
2020-06-02 20:00:00,-0.7800000755197538,0.0,103099.0,153808916.0,-0.5758542068940748,-0.8022581521914816,-0.7659021283190262,20,0,1,154,6,-1.207106448980021,0.7289547662726072,-0.8894223040621858,-0.9081701945519703
2020-06-02 20:15:00,-0.7800000755197538,0.0,103099.0,153808916.0,-0.6250989613068774,-0.8370337551401555,-0.7659021283190262,20,15,1,154,6,-1.207106448980021,0.7289547662726072,-0.8894223040621858,-0.9081701945519703
2020-06-02 20:30:00,-0.7800000755197538,0.0,103099.0,153808916.0,-0.6709373438053595,-0.8641046118163849,-0.7659021283190262,20,30,1,154,6,-1.207106448980021,0.7289547662726072,-0.8894223040621858,-0.9081701945519703
2020-06-02 20:45:00,-0.7800000755197538,0.0,103099.0,153808916.0,-0.7083132088237796,-0.8677764588436054,-0.7659021283190262,20,45,1,154,6,-1.207106448980021,0.7289547662726072,-0.8894223040621858,-0.9081701945519703
2020-06-02 21:00:00,-0.7800000755197538,0.0,103099.0,153808916.0,-0.7701578518866676,-0.8886360438217598,-0.7659021283190262,21,0,1,154,6,-0.9826538690882308,1.0223310801188716,-0.8894223040621858,-0.9081701945519703
2020-06-02 21:15:00,-0.7800000755197538,0.0,103099.0,153808916.0,-0.7966363842835458,-0.8893549679379148,-0.7659021283190262,21,15,1,154,6,-0.9826538690882308,1.0223310801188716,-0.8894223040621858,-0.9081701945519703
2020-06-02 21:30:00,-0.7800000755197538,0.0,103099.0,153808916.0,-0.8162303609892071,-0.8898108202025837,-0.7659021283190262,21,30,1,154,6,-0.9826538690882308,1.0223310801188716,-0.8894223040621858,-0.9081701945519703
2020-06-02 21:45:00,-0.7800000755197538,0.0,103099.0,153808916.0,-0.812621471724817,-0.8951566971685638,-0.7659021283190262,21,45,1,154,6,-0.9826538690882308,1.0223310801188716,-0.8894223040621858,-0.9081701945519703
2020-06-02 22:00:00,-0.7800000755197538,0.0,103099.0,153808916.0,-0.7920639486818942,-0.8690346660349673,-0.7659021283190262,22,0,1,154,6,-0.6901415719735823,1.2474466433668958,-0.8894223040621858,-0.9081701945519703
2020-06-02 22:15:00,-0.7800000755197538,0.0,103099.0,153808916.0,-0.7942881984300592,-0.8566461862789521,-0.7659021283190262,22,15,1,154,6,-0.6901415719735823,1.2474466433668958,-0.8894223040621858,-0.9081701945519703
2020-06-02 22:30:00,-0.7800000755197538,0.0,103099.0,153808916.0,-0.7993839448815198,-0.8381178753703521,-0.7659021283190262,22,30,1,154,6,-0.6901415719735823,1.2474466433668958,-0.8894223040621858,-0.9081701945519703
2020-06-02 22:45:00,-0.7800000755197538,0.0,103099.0,153808916.0,-0.7938038303315964,-0.8173730718685738,-0.7659021283190262,22,45,1,154,6,-0.6901415719735823,1.2474466433668958,-0.8894223040621858,-0.9081701945519703
2020-06-02 23:00:00,-0.7800000755197538,0.0,103099.0,153808916.0,-0.8128440742616023,-0.8407104352314672,-0.7659021283190262,23,0,1,154,6,-0.3495037872850116,1.3889602024023853,-0.8894223040621858,-0.9081701945519703
2020-06-02 23:15:00,-0.7800000755197538,0.0,103099.0,153808916.0,-0.7776483424979069,-0.818013704864369,-0.7659021283190262,23,15,1,154,6,-0.3495037872850116,1.3889602024023853,-0.8894223040621858,-0.9081701945519703
2020-06-02 23:30:00,-0.7800000755197538,0.0,103099.0,153808916.0,-0.7856396921747427,-0.8213280462412652,-0.7659021283190262,23,30,1,154,6,-0.3495037872850116,1.3889602024023853,-0.8894223040621858,-0.9081701945519703
2020-06-02 23:45:00,-0.7800000755197538,0.0,88402.75,153808916.0,-0.7690469022525467,-0.8290147660104661,-0.7659021283190262,23,45,1,154,6,-0.3495037872850116,1.3889602024023853,-0.8894223040621858,-0.9081701945519703
2020-06-03 00:00:00,-0.7800000755197538,0.0,1063.714286,153808916.0,-0.7769350564588909,-0.8509213846454092,-0.7659021283190262,0,0,2,155,6,0.016045582881512335,1.437227842039285,-1.043407684382682,-1.025405596649395
2020-06-03 00:15:00,-0.7800000755197538,0.0,0.0,153808916.0,-0.8284964062750285,-0.8754316172341131,-0.7659021283190262,0,15,2,155,6,0.016045582881512335,1.437227842039285,-1.043407684382682,-1.025405596649395
2020-06-03 00:30:00,-0.7800000755197538,0.0,0.0,153808916.0,-0.9134952321678281,-0.8846103269593453,-0.7659021283190262,0,30,2,155,6,0.016045582881512335,1.437227842039285,-1.043407684382682,-1.025405596649395
2020-06-03 00:45:00,-0.7800000755197538,0.0,0.0,153808916.0,-0.934449328183172,-0.8781678454894226,-0.7659021283190262,0,45,2,155,6,0.016045582881512335,1.437227842039285,-1.043407684382682,-1.025405596649395
2020-06-03 01:00:00,-0.7800000755197538,0.0,0.0,153808916.0,-0.904606976960477,-0.8240592092409899,-0.7659021283190262,1,0,2,155,6,0.38159495304803503,1.3889602024023857,-1.043407684382682,-1.025405596649395
2020-06-03 01:15:00,-0.7800000755197538,0.0,0.0,153808916.0,-0.8774843203889363,-0.7862549585879272,-0.7659021283190262,1,15,2,155,6,0.38159495304803503,1.3889602024023857,-1.043407684382682,-1.025405596649395
2020-06-03 01:30:00,-0.7800000755197538,0.0,0.0,153808916.0,-0.8541571032859633,-0.7969295188693866,-0.7659021283190262,1,30,2,155,6,0.38159495304803503,1.3889602024023857,-1.043407684382682,-1.025405596649395
2020-06-03 01:45:00,-0.7800000755197538,0.0,0.0,153808916.0,-0.8388980132791273,-0.8138511275956726,-0.7659021283190262,1,45,2,155,6,0.38159495304803503,1.3889602024023857,-1.043407684382682,-1.025405596649395
2020-06-03 02:00:00,-0.7800000755197538,0.0,0.0,153808916.0,-0.8655669533535177,-0.8264505335115921,-0.7659021283190262,2,0,2,155,6,0.7222327377366062,1.2474466433668963,-1.043407684382682,-1.025405596649395
2020-06-03 02:15:00,-0.7800000755197538,0.0,0.0,153808916.0,-0.91708753644589,-0.8430958913897725,-0.7659021283190262,2,15,2,155,6,0.7222327377366062,1.2474466433668963,-1.043407684382682,-1.025405596649395
2020-06-03 02:30:00,-0.7800000755197538,0.0,0.0,153808916.0,-0.9619348625901035,-0.8338010437010156,-0.7659021283190262,2,30,2,155,6,0.7222327377366062,1.2474466433668963,-1.043407684382682,-1.025405596649395
2020-06-03 02:45:00,-0.7800000755197538,0.0,0.0,153808916.0,-0.973705671158304,-0.8114405169885535,-0.7659021283190262,2,45,2,155,6,0.7222327377366062,1.2474466433668963,-1.043407684382682,-1.025405596649395
2020-06-03 03:00:00,-0.7800000755197538,0.0,0.0,153808916.0,-0.9763975911955647,-0.8188508303746758,-0.7659021283190262,3,0,2,155,6,1.0147450348512552,1.0223310801188719,-1.043407684382682,-1.025405596649395
2020-06-03 03:15:00,-0.7800000755197538,0.0,0.0,153808916.0,-0.9596818255069887,-0.858867854483482,-0.7659021283190262,3,15,2,155,6,1.0147450348512552,1.0223310801188719,-1.043407684382682,-1.025405596649395
2020-06-03 03:30:00,-0.7800000755197538,0.0,0.0,153808916.0,-0.9767953112021894,-0.8801178807532265,-0.7659021283190262,3,30,2,155,6,1.0147450348512552,1.0223310801188719,-1.043407684382682,-1.025405596649395
2020-06-03 03:45:00,-0.7800000755197538,0.0,0.0,153808916.0,-1.0046171522763465,-0.8851226539723137,-0.7659021283190262,3,45,2,155,6,1.0147450348512552,1.0223310801188719,-1.043407684382682,-1.025405596649395
2020-06-03 04:00:00,-0.7800000755197538,0.0,0.0,153808916.0,-1.000487114603674,-0.8771443372377783,-0.7659021283190262,4,0,2,155,6,1.2391976147430457,0.7289547662726072,-1.043407684382682,-1.025405596649395
2020-06-03 04:15:00,-0.7800000755197538,0.0,0.0,153808916.0,-1.0053642852262377,-0.8667110927981281,-0.7659021283190262,4,15,2,155,6,1.2391976147430457,0.7289547662726072,-1.043407684382682,-1.025405596649395
2020-06-03 04:30:00,-0.7800000755197538,0.0,0.0,153808916.0,-1.0129298783719423,-0.8521453463688491,-0.7659021283190262,4,30,2,155,6,1.2391976147430457,0.7289547662726072,-1.043407684382682,-1.025405596649395
2020-06-03 04:45:00,-0.7800000755197538,0.0,0.0,153808916.0,-1.01036823133387,-0.8265519526822749,-0.7659021283190262,4,45,2,155,6,1.2391976147430457,0.7289547662726072,-1.043407684382682,-1.025405596649395
2020-06-03 05:00:00,-0.7800000755197538,0.0,0.0,153808916.0,-1.0188209708174516,-0.8392269952550343,-0.7659021283190262,5,0,2,155,6,1.3802944050177781,0.38731081278944296,-1.043407684382682,-1.025405596649395
2020-06-03 05:15:00,-0.7800000755197538,0.0,0.0,153808916.0,-1.0382841856240996,-0.8290223664860934,-0.7659021283190262,5,15,2,155,6,1.3802944050177781,0.38731081278944296,-1.043407684382682,-1.025405596649395
2020-06-03 05:30:00,-0.7800000755197538,0.0,0.0,153808916.0,-1.0949133299844656,-0.8417397545659188,-0.7659021283190262,5,30,2,155,6,1.3802944050177781,0.38731081278944296,-1.043407684382682,-1.025405596649395
2020-06-03 05:45:00,-0.7800000755197538,0.0,0.0,153808916.0,-1.1288832461749543,-0.8758330011516193,-0.7653638962602503,5,45,2,155,6,1.3802944050177781,0.38731081278944296,-1.043407684382682,-1.025405596649395
2020-06-03 06:00:00,-0.7659177475458869,122.067857143,2.321428571,153808918.321,-1.1409828398746262,-0.8936665995546906,-0.7445697797316148,6,0,2,155,6,1.4284198925917004,0.020681690505929266,-1.043407684382682,-1.025405596649395
2020-06-03 06:15:00,-0.6978272831373653,713.25357144,90.803571428,153809006.803,-1.1420260016678005,-0.8660695214080021,-0.6889522813726568,6,15,2,155,6,1.4284198925917004,0.020681690505929266,-1.043407684382682,-1.025405596649395
2020-06-03 06:30:00,-0.6316058868677211,1289.94821429,344.91071429,153809260.911,-1.1116466127925544,-0.7977262934234813,-0.6297167159095013,6,30,2,155,6,1.4284198925917004,0.020681690505929266,-1.043407684382682,-1.025405596649395
2020-06-03 06:45:00,-0.5574487545378372,1940.85357142,736.01785715,153809652.018,-1.070724343667983,-0.7081443450803875,-0.5640380757043857,6,45,2,155,6,1.4284198925917004,0.020681690505929266,-1.043407684382682,-1.025405596649395
2020-06-03 07:00:00,-0.4284910056531329,3079.2482142999997,1350.78571428,153810266.785,-0.9913210890810743,-0.5979148959139418,-0.44629803032250076,7,0,2,155,6,1.3802944050177781,-0.3459474317775844,-1.043407684382682,-1.025405596649395
2020-06-03 07:15:00,-0.2375589654432698,4776.7857143,2325.1964286,153811241.196,-0.8839386804997968,-0.4308541708158,-0.26060097010727723,7,15,2,155,6,1.3802944050177781,-0.3459474317775844,-1.043407684382682,-1.025405596649395
2020-06-03 07:30:00,-0.0967688879724014,6019.3732144,3689.9821427,153812605.982,-0.7393944886113808,-0.22719248952316123,-0.13137950557504266,7,30,2,155,6,1.3802944050177781,-0.3459474317775844,-1.043407684382682,-1.025405596649395
2020-06-03 07:45:00,0.029971069726716593,7151.7071429,5333.7321429,153814249.731,-0.5805816049360168,-0.09746309729410217,-0.0062520232395364,7,45,2,155,6,1.3802944050177781,-0.3459474317775844,-1.043407684382682,-1.025405596649395
2020-06-03 08:00:00,0.2735632746743915,9289.5000001,7329.2321429,153816245.232,-0.463000146994649,0.011667854655921678,0.2181009493890421,8,0,2,155,6,1.239197614743046,-0.6875913852607484,-1.043407684382682,-1.025405596649395
2020-06-03 08:15:00,0.3195299049848958,9695.282143,9774.1250001,153818690.124,-0.34213299480754755,0.17240202405352534,0.24426256043356645,8,15,2,155,6,1.239197614743046,-0.6875913852607484,-1.043407684382682,-1.025405596649395
2020-06-03 08:30:00,0.3269642274088952,9759.3125,12194.1071427,153821110.11,-0.1999576541920897,0.23135071680129468,0.2385953580029316,8,30,2,155,6,1.239197614743046,-0.6875913852607484,-1.043407684382682,-1.025405596649395
2020-06-03 08:45:00,0.4725650528714065,11029.310714199999,14747.0178572,153823663.018,-0.10931440461870484,0.20787792839771757,0.3652005868901387,8,45,2,155,6,1.239197614743046,-0.6875913852607484,-1.043407684382682,-1.025405596649395
2020-06-03 09:00:00,0.7637651132375357,13583.9678571,17854.8750001,153826770.875,-0.0341874063594488,0.3603809585936262,0.6509041433789222,9,0,2,155,6,1.0147450348512554,-0.9809676991070133,-1.043407684382682,-1.025405596649395
2020-06-03 09:15:00,0.7551164234257041,13507.9142858,21131.375,153830047.375,0.022394606177523913,0.42561295832106816,0.6254885563138918,9,15,2,155,6,1.0147450348512554,-0.9809676991070133,-1.043407684382682,-1.025405596649395
2020-06-03 09:30:00,0.6339337673851384,12446.7767856,24392.589286,153833308.589,0.030340036878603063,0.38862906465673247,0.49822359157403245,9,30,2,155,6,1.0147450348512554,-0.9809676991070133,-1.043407684382682,-1.025405596649395
2020-06-03 09:45:00,0.6706250401830313,12767.2232143,27660.571429,153836576.571,-0.03250717048824644,0.34786776052813745,0.5457447024530473,9,45,2,155,6,1.0147450348512554,-0.9809676991070133,-1.043407684382682,-1.025405596649395
2020-06-03 10:00:00,0.6597925566883267,12672.3339286,30804.839284,153839720.841,0.01825480931221488,0.35876429180411373,0.5294180662902305,10,0,2,155,6,0.7222327377366062,-1.206083262355038,-1.043407684382682,-1.025405596649395
2020-06-03 10:15:00,0.7056377105072091,13074.2821427,33939.607144,153842855.606,0.0730951538347463,0.3764817211366656,0.574010683943179,10,15,2,155,6,0.7222327377366062,-1.206083262355038,-1.043407684382682,-1.025405596649395
2020-06-03 10:30:00,1.3798993193990359,18979.1160714,37824.482142,153846740.483,0.2114254007575012,0.6030944735811451,1.2196736515428566,10,30,2,155,6,0.7222327377366062,-1.206083262355038,-1.043407684382682,-1.025405596649395
2020-06-03 10:45:00,1.86332392208214,23196.2196436,43208.624998,153852124.627,0.4346524627444467,1.0684797525673166,1.736840609661033,10,45,2,155,6,0.7222327377366062,-1.206083262355038,-1.043407684382682,-1.025405596649395
2020-06-03 11:00:00,1.6055857681711974,20952.2249998,48780.767857,153857696.768,0.5804240940519101,1.2527237843509806,1.5383273059042497,11,0,2,155,6,0.3815949530480355,-1.3475968213905272,-1.043407684382682,-1.025405596649395
2020-06-03 11:15:00,1.5087550757243864,20107.1267857,53908.339286,153862824.33900002,0.5858865341750247,1.1167991957038375,1.366391110775251,11,15,2,155,6,0.3815949530480355,-1.3475968213905272,-1.043407684382682,-1.025405596649395
2020-06-03 11:30:00,1.8554275515295005,23121.991071,59077.446428,153867993.447,0.5724544816133939,1.083892894999547,1.8359089139561282,11,30,2,155,6,0.3815949530480355,-1.3475968213905272,-1.043407684382682,-1.025405596649395
2020-06-03 11:45:00,2.4098731648321876,27944.460717,65868.25,153874784.25,0.7556134670851422,1.7846127469909498,2.5212554877823896,11,45,2,155,6,0.3815949530480355,-1.3475968213905272,-1.043407684382682,-1.025405596649395
2020-06-03 12:00:00,1.5068219888713235,20088.4053571,71864.857143,153880780.857,0.7248908141221009,1.4625054868252818,1.3756672566696302,12,0,2,155,6,0.016045582881512508,-1.3958644610274267,-1.043407684382682,-1.025405596649395
2020-06-03 12:15:00,1.6941640107018152,21724.2678579,77111.321428,153886027.322,0.6054702815920673,1.2428889192397568,1.541230936707431,12,15,2,155,6,0.016045582881512508,-1.3958644610274267,-1.043407684382682,-1.025405596649395
2020-06-03 12:30:00,1.9794131140661848,24199.192858,82882.321429,153891798.321,0.7498520862099032,1.4081315230979488,1.8509835042268683,12,30,2,155,6,0.016045582881512508,-1.3958644610274267,-1.043407684382682,-1.025405596649395
2020-06-03 12:45:00,2.2886509443016085,26886.401787,89147.517856,153898063.519,0.8126481820550694,1.5242346886348632,2.1246981547376533,12,45,2,155,6,0.016045582881512508,-1.3958644610274267,-1.043407684382682,-1.025405596649395
2020-06-03 13:00:00,1.9075039925989472,23576.955356,95491.482142,153904407.483,0.8901841965881893,1.5407952281083621,1.8141804960268444,13,0,2,155,6,-0.34950378728501047,-1.3475968213905272,-1.043407684382682,-1.025405596649395
2020-06-03 13:15:00,1.645989728814922,21300.5375008,100963.785715,153909879.785,0.8386101165727946,1.3340862952770873,1.5286180050806726,13,15,2,155,6,-0.34950378728501047,-1.3475968213905272,-1.043407684382682,-1.025405596649395
2020-06-03 13:30:00,1.737934123103242,22098.1285707,106477.714286,153915393.714,0.7467830900953887,1.3176423188960353,1.6547090041441954,13,30,2,155,6,-0.34950378728501047,-1.3475968213905272,-1.043407684382682,-1.025405596649395
2020-06-03 13:45:00,1.2641230637091603,17974.7666667,109848.666666,153918764.666,0.5501625582399474,1.1508117103810824,1.2186811813385443,13,45,2,155,6,-0.34950378728501047,-1.3475968213905272,-1.043407684382682,-1.025405596649395
2020-06-03 14:00:00,-0.44935176241819336,2907.7,22406.0,26831609.0,0.6206494586393884,1.306175721581662,1.3822284294562621,14,0,2,155,6,-0.6901415719735813,-1.2060832623550382,-1.043407684382682,-1.025405596649395
2020-06-03 14:15:00,1.6108390802567825,20992.7964291,123811.25,153932727.25,0.6911363590388292,1.4615397327822417,1.54577567757398,14,15,2,155,6,-0.6901415719735813,-1.2060832623550382,-1.043407684382682,-1.025405596649395
2020-06-03 14:30:00,1.5106790169751503,20113.8607144,129244.571428,153938160.572,0.6762899219733423,1.2088229290469192,1.4058883187167879,14,30,2,155,6,-0.6901415719735813,-1.2060832623550382,-1.043407684382682,-1.025405596649395
2020-06-03 14:45:00,1.6689869611266823,21493.7196427,134089.25,153943005.25,0.6674903631331949,1.0292401659420625,1.5918204645157747,14,45,2,155,6,-0.6901415719735813,-1.2060832623550382,-1.043407684382682,-1.025405596649395
2020-06-03 15:00:00,2.1371192423705896,25571.585713,140255.678572,153949171.678,0.8278327336426238,1.46615069774792,2.0317673788663937,15,0,2,155,6,-0.98265386908823,-0.980967699107014,-1.043407684382682,-1.025405596649395
2020-06-03 15:15:00,1.9098239753875363,23589.492858,146497.339286,153955413.339,0.8295956311917195,1.4755037569921623,1.743984109303027,15,15,2,155,6,-0.98265386908823,-0.980967699107014,-1.043407684382682,-1.025405596649395
2020-06-03 15:30:00,0.9183798533329924,14937.2482143,151284.589285,153960200.59,0.6927926415049324,1.1167755958640995,0.9317333855200868,15,30,2,155,6,-0.98265386908823,-0.980967699107014,-1.043407684382682,-1.025405596649395
2020-06-03 15:45:00,0.6003857736945484,12151.4892858,154652.160714,153963568.661,0.6457016224426396,0.6619661672597849,0.5741960231776068,15,45,2,155,6,-0.98265386908823,-0.980967699107014,-1.043407684382682,-1.025405596649395
2020-06-03 16:00:00,0.47944050380357084,11093.6196428,157548.535714,153966464.536,0.4216134668372706,0.38286614140157477,0.34799186585298403,16,0,2,155,6,-1.2071064489800205,-0.6875913852607494,-1.043407684382682,-1.025405596649395
2020-06-03 16:15:00,0.1628502631346224,8308.6767857,160187.571429,153969103.571,0.34185728298913004,0.3000204749058409,0.12251089495289205,16,15,2,155,6,-1.2071064489800205,-0.6875913852607494,-1.043407684382682,-1.025405596649395
2020-06-03 16:30:00,-0.1493206980288505,5555.4696429,161781.357141,153970697.359,0.2431542941751003,0.03617270092041912,-0.18133559854217715,16,30,2,155,6,-1.2071064489800205,-0.6875913852607494,-1.043407684382682,-1.025405596649395
2020-06-03 16:45:00,0.28977531842298265,9421.2964286,163435.196429,153972351.196,0.19713410675562323,0.028128548454204216,0.17934119425923267,16,45,2,155,6,-1.2071064489800205,-0.6875913852607494,-1.043407684382682,-1.025405596649395
2020-06-03 17:00:00,0.5568248156013077,11770.2178571,166343.321428,153975259.322,0.3287488821108236,0.37439798282651054,0.5046058972387797,17,0,2,155,6,-1.3482032392547534,-0.3459474317775844,-1.043407684382682,-1.025405596649395
2020-06-03 17:15:00,-0.09340571842912151,6053.5928571,168511.178571,153977427.179,0.16409650372519308,0.11131708957358259,-0.08845360135978853,17,15,2,155,6,-1.3482032392547534,-0.3459474317775844,-1.043407684382682,-1.025405596649395
2020-06-03 17:30:00,-0.26527409865824025,4531.9928569,169762.44643,153978678.445,0.07014616650938735,-0.15572939072161976,-0.20427877011158238,17,30,2,155,6,-1.3482032392547534,-0.3459474317775844,-1.043407684382682,-1.025405596649395
2020-06-03 17:45:00,-0.48909386501941804,2542.3142856,170633.732142,153979549.733,0.01240674005119421,-0.3121870842202767,-0.41444886965106476,17,45,2,155,6,-1.3482032392547534,-0.3459474317775844,-1.043407684382682,-1.025405596649395
2020-06-03 18:00:00,-0.6156529002283714,1430.30000001,171154.714283,153980070.717,-0.07992471822128938,-0.4329167148937838,-0.5868008942862225,18,0,2,155,6,-1.3963287268286755,0.02068169050592892,-1.043407684382682,-1.025405596649395
2020-06-03 18:15:00,-0.6909355292905158,773.09821428,171421.339287,153980337.338,-0.21805621796376948,-0.5680889756973051,-0.6767740211065646,18,15,2,155,6,-1.3963287268286755,0.02068169050592892,-1.043407684382682,-1.025405596649395
2020-06-03 18:30:00,-0.7568042261778988,200.994642856,171548.035713,153980464.037,-0.2890228103497597,-0.659125917411111,-0.7401551654546219,18,30,2,155,6,-1.3963287268286755,0.02068169050592892,-1.043407684382682,-1.025405596649395
2020-06-03 18:45:00,-0.7800000755197538,0.0,171562.0,153980478.0,-0.3453597148404793,-0.7190664618592431,-0.7656327099581032,18,45,2,155,6,-1.3963287268286755,0.02068169050592892,-1.043407684382682,-1.025405596649395
2020-06-03 19:00:00,-0.7800000755197538,0.0,171562.0,153980478.0,-0.40401037535478884,-0.7649084921182084,-0.7659021283190262,19,0,2,155,6,-1.3482032392547536,0.38731081278944235,-1.043407684382682,-1.025405596649395
2020-06-03 19:15:00,-0.7800000755197538,0.0,171562.0,153980478.0,-0.48372994947079734,-0.7873076692711899,-0.7659021283190262,19,15,2,155,6,-1.3482032392547536,0.38731081278944235,-1.043407684382682,-1.025405596649395
2020-06-03 19:30:00,-0.7800000755197538,0.0,171562.0,153980478.0,-0.5437882076460766,-0.8045336495685035,-0.7659021283190262,19,30,2,155,6,-1.3482032392547536,0.38731081278944235,-1.043407684382682,-1.025405596649395
2020-06-03 19:45:00,-0.7800000755197538,0.0,171562.0,153980478.0,-0.5765841719386158,-0.8125075439253373,-0.7659021283190262,19,45,2,155,6,-1.3482032392547536,0.38731081278944235,-1.043407684382682,-1.025405596649395
2020-06-03 20:00:00,-0.7800000755197538,0.0,171562.0,153980478.0,-0.6137913101063261,-0.8067991719693273,-0.7659021283190262,20,0,2,155,6,-1.207106448980021,0.7289547662726072,-1.043407684382682,-1.025405596649395
2020-06-03 20:15:00,-0.7800000755197538,0.0,171562.0,153980478.0,-0.6288300943310438,-0.7997901077037349,-0.7659021283190262,20,15,2,155,6,-1.207106448980021,0.7289547662726072,-1.043407684382682,-1.025405596649395
2020-06-03 20:30:00,-0.7800000755197538,0.0,171562.0,153980478.0,-0.6339654604720691,-0.8275223198185173,-0.7659021283190262,20,30,2,155,6,-1.207106448980021,0.7289547662726072,-1.043407684382682,-1.025405596649395
2020-06-03 20:45:00,-0.7800000755197538,0.0,171562.0,153980478.0,-0.6498667392012464,-0.8393094132366485,-0.7659021283190262,20,45,2,155,6,-1.207106448980021,0.7289547662726072,-1.043407684382682,-1.025405596649395
2020-06-03 21:00:00,-0.7800000755197538,0.0,171562.0,153980478.0,-0.6572648089419559,-0.8400511387796853,-0.7659021283190262,21,0,2,155,6,-0.9826538690882308,1.0223310801188716,-1.043407684382682,-1.025405596649395
2020-06-03 21:15:00,-0.7800000755197538,0.0,171562.0,153980478.0,-0.6681169801138458,-0.8424483496786535,-0.7659021283190262,21,15,2,155,6,-0.9826538690882308,1.0223310801188716,-1.043407684382682,-1.025405596649395
2020-06-03 21:30:00,-0.7800000755197538,0.0,171562.0,153980478.0,-0.7209813930184776,-0.8544064463919717,-0.7659021283190262,21,30,2,155,6,-0.9826538690882308,1.0223310801188716,-1.043407684382682,-1.025405596649395
2020-06-03 21:45:00,-0.7800000755197538,0.0,171562.0,153980478.0,-0.7780867352090983,-0.8639571439250193,-0.7659021283190262,21,45,2,155,6,-0.9826538690882308,1.0223310801188716,-1.043407684382682,-1.025405596649395
2020-06-03 22:00:00,-0.7800000755197538,0.0,171562.0,153980478.0,-0.7871443754015406,-0.8517841319500885,-0.7659021283190262,22,0,2,155,6,-0.6901415719735823,1.2474466433668958,-1.043407684382682,-1.025405596649395
2020-06-03 22:15:00,-0.7800000755197538,0.0,171562.0,153980478.0,-0.7440306128169956,-0.82086542302082,-0.7659021283190262,22,15,2,155,6,-0.6901415719735823,1.2474466433668958,-1.043407684382682,-1.025405596649395
2020-06-03 22:30:00,-0.7800000755197538,0.0,171562.0,153980478.0,-0.7055805032589125,-0.8051453115835314,-0.7659021283190262,22,30,2,155,6,-0.6901415719735823,1.2474466433668958,-1.043407684382682,-1.025405596649395
2020-06-03 22:45:00,-0.7800000755197538,0.0,171562.0,153980478.0,-0.720624514950976,-0.809700588733802,-0.7659021283190262,22,45,2,155,6,-0.6901415719735823,1.2474466433668958,-1.043407684382682,-1.025405596649395
2020-06-03 23:00:00,-0.7800000755197538,0.0,171562.0,153980478.0,-0.7382192486504349,-0.798362348506603,-0.7659021283190262,23,0,2,155,6,-0.3495037872850116,1.3889602024023853,-1.043407684382682,-1.025405596649395
2020-06-03 23:15:00,-0.7800000755197538,0.0,171562.0,153980478.0,-0.7456396573523245,-0.7817442092485071,-0.7659021283190262,23,15,2,155,6,-0.3495037872850116,1.3889602024023853,-1.043407684382682,-1.025405596649395
2020-06-03 23:30:00,-0.7800000755197538,0.0,171562.0,153980478.0,-0.7330923912467293,-0.7745981012675599,-0.7659021283190262,23,30,2,155,6,-0.3495037872850116,1.3889602024023853,-1.043407684382682,-1.025405596649395
2020-06-03 23:45:00,-0.7800000755197538,0.0,154951.428571,153980478.0,-0.7346361206459887,-0.7551971995421659,-0.7659021283190262,23,45,2,155,6,-0.3495037872850116,1.3889602024023853,-1.043407684382682,-1.025405596649395
2020-06-04 00:00:00,-0.7800000755197538,0.0,9461.553572,153980478.0,-0.7556733672390501,-0.7842287093362811,-0.7659021283190262,0,0,3,156,6,0.016045582881512335,1.437227842039285,-1.1987569214697382,-1.138766218806842
2020-06-04 00:15:00,-0.7800000755197538,0.0,0.0,153980478.0,-0.7562317472492933,-0.757909708714259,-0.7659021283190262,0,15,3,156,6,0.016045582881512335,1.437227842039285,-1.1987569214697382,-1.138766218806842
2020-06-04 00:30:00,-0.7800000755197538,0.0,0.0,153980478.0,-0.7536477424462039,-0.7588431985086616,-0.7659021283190262,0,30,3,156,6,0.016045582881512335,1.437227842039285,-1.1987569214697382,-1.138766218806842
2020-06-04 00:45:00,-0.7800000755197538,0.0,0.0,153980478.0,-0.7583136895410661,-0.8037901820337815,-0.7659021283190262,0,45,3,156,6,0.016045582881512335,1.437227842039285,-1.1987569214697382,-1.138766218806842
2020-06-04 01:00:00,-0.7800000755197538,0.0,0.0,153980478.0,-0.8083727254141676,-0.8503701324134708,-0.7659021283190262,1,0,3,156,6,0.38159495304803503,1.3889602024023857,-1.1987569214697382,-1.138766218806842
2020-06-04 01:15:00,-0.7800000755197538,0.0,0.0,153980478.0,-0.8320966833809867,-0.8594396928799164,-0.7659021283190262,1,15,3,156,6,0.38159495304803503,1.3889602024023857,-1.1987569214697382,-1.138766218806842
2020-06-04 01:30:00,-0.7800000755197538,0.0,0.0,153980478.0,-0.8565792997081002,-0.8698508732025159,-0.7659021283190262,1,30,3,156,6,0.38159495304803503,1.3889602024023857,-1.1987569214697382,-1.138766218806842
2020-06-04 01:45:00,-0.7800000755197538,0.0,0.0,153980478.0,-0.8556238591687421,-0.842391530531487,-0.7659021283190262,1,45,3,156,6,0.38159495304803503,1.3889602024023857,-1.1987569214697382,-1.138766218806842
2020-06-04 02:00:00,-0.7800000755197538,0.0,0.0,153980478.0,-0.8239681408920683,-0.7692553938821135,-0.7659021283190262,2,0,3,156,6,0.7222327377366062,1.2474466433668963,-1.1987569214697382,-1.138766218806842
2020-06-04 02:15:00,-0.7800000755197538,0.0,0.0,153980478.0,-0.827015284258968,-0.7972078124101235,-0.7659021283190262,2,15,3,156,6,0.7222327377366062,1.2474466433668963,-1.1987569214697382,-1.138766218806842
2020-06-04 02:30:00,-0.7800000755197538,0.0,0.0,153980478.0,-0.8204631240363869,-0.8362195710382051,-0.7659021283190262,2,30,3,156,6,0.7222327377366062,1.2474466433668963,-1.1987569214697382,-1.138766218806842
2020-06-04 02:45:00,-0.7800000755197538,0.0,0.0,153980478.0,-0.8840150240876605,-0.8990392129823424,-0.7659021283190262,2,45,3,156,6,0.7222327377366062,1.2474466433668963,-1.1987569214697382,-1.138766218806842
2020-06-04 03:00:00,-0.7800000755197538,0.0,0.0,153980478.0,-0.9594449710030865,-0.9273131585887814,-0.7659021283190262,3,0,3,156,6,1.0147450348512552,1.0223310801188719,-1.1987569214697382,-1.138766218806842
2020-06-04 03:15:00,-0.7800000755197538,0.0,0.0,153980478.0,-1.0002070878276992,-0.928500901401763,-0.7659021283190262,3,15,3,156,6,1.0147450348512552,1.0223310801188719,-1.1987569214697382,-1.138766218806842
2020-06-04 03:30:00,-0.7800000755197538,0.0,0.0,153980478.0,-1.0718387532085516,-0.9645599737541297,-0.7659021283190262,3,30,3,156,6,1.0147450348512552,1.0223310801188719,-1.1987569214697382,-1.138766218806842
2020-06-04 03:45:00,-0.7800000755197538,0.0,0.0,153980478.0,-1.1507823667457737,-0.9842967551029672,-0.7659021283190262,3,45,3,156,6,1.0147450348512552,1.0223310801188719,-1.1987569214697382,-1.138766218806842
2020-06-04 04:00:00,-0.7800000755197538,0.0,0.0,153980478.0,-1.1557582091723282,-0.982329554333085,-0.7659021283190262,4,0,3,156,6,1.2391976147430457,0.7289547662726072,-1.1987569214697382,-1.138766218806842
2020-06-04 04:15:00,-0.7800000755197538,0.0,0.0,153980478.0,-1.1649042193510417,-0.9793581257229336,-0.7659021283190262,4,15,3,156,6,1.2391976147430457,0.7289547662726072,-1.1987569214697382,-1.138766218806842
2020-06-04 04:30:00,-0.7800000755197538,0.0,0.0,153980478.0,-1.1761625856885902,-0.9768752017228747,-0.7659021283190262,4,30,3,156,6,1.2391976147430457,0.7289547662726072,-1.1987569214697382,-1.138766218806842
2020-06-04 04:45:00,-0.7800000755197538,0.0,0.0,153980478.0,-1.131188954155292,-0.9516412804633766,-0.7659021283190262,4,45,3,156,6,1.2391976147430457,0.7289547662726072,-1.1987569214697382,-1.138766218806842
2020-06-04 05:00:00,-0.7800000755197538,0.0,0.0,153980478.0,-1.0730186565216617,-0.937193248085337,-0.7659021283190262,5,0,3,156,6,1.3802944050177781,0.38731081278944296,-1.1987569214697382,-1.138766218806842
2020-06-04 05:15:00,-0.7800000755197538,0.0,0.0,153980478.0,-1.020598779811173,-0.9142272133582358,-0.7659021283190262,5,15,3,156,6,1.3802944050177781,0.38731081278944296,-1.1987569214697382,-1.138766218806842
2020-06-04 05:30:00,-0.7800000755197538,0.0,0.0,153980478.0,-1.0186476558299327,-0.9037531772799527,-0.7659021283190262,5,30,3,156,6,1.3802944050177781,0.38731081278944296,-1.1987569214697382,-1.138766218806842
2020-06-04 05:45:00,-0.7800000755197538,0.0,0.0,153980478.0,-1.0097421575018748,-0.8855824309027734,-0.764526268456913,5,45,3,156,6,1.3802944050177781,0.38731081278944296,-1.1987569214697382,-1.138766218806842
2020-06-04 06:00:00,-0.7632068929496043,145.544642857,6.500000001,153980484.501,-0.9987311744751476,-0.8789734959059139,-0.7395881459679354,6,0,3,156,6,1.4284198925917004,0.020681690505929266,-1.1987569214697382,-1.138766218806842
2020-06-04 06:15:00,-0.6861856189740988,814.48035716,118.857142859,153980596.859,-0.9987424702100848,-0.8779706763977831,-0.6774815372375231,6,15,3,156,6,1.4284198925917004,0.020681690505929266,-1.1987569214697382,-1.138766218806842
2020-06-04 06:30:00,-0.5991404456899301,1574.9428571400001,414.07142857,153980892.071,-0.9866350406819203,-0.8428016244074198,-0.596541992432685,6,30,3,156,6,1.4284198925917004,0.020681690505929266,-1.1987569214697382,-1.138766218806842
2020-06-04 06:45:00,-0.484694268273866,2580.6410714,916.64285715,153981394.642,-0.9426283401769695,-0.7779384240208704,-0.48184066906088124,6,45,3,156,6,1.4284198925917004,0.020681690505929266,-1.1987569214697382,-1.138766218806842
2020-06-04 07:00:00,-0.32502741774014854,4004.1803572,1726.0892857,153982204.088,-0.8440315554477327,-0.6870073290399465,-0.2685884382628507,7,0,3,156,6,1.3802944050177781,-0.3459474317775844,-1.1987569214697382,-1.138766218806842
2020-06-04 07:15:00,-0.1664025612534926,5406.0696429,2902.6250001,153983380.624,-0.7346591365453853,-0.5248077043228404,-0.11744896230142865,7,15,3,156,6,1.3802944050177781,-0.3459474317775844,-1.1987569214697382,-1.138766218806842
2020-06-04 07:30:00,-0.14993464147002505,5554.7750001,4367.9642856,153984845.964,-0.6319116487240003,-0.2507564266047753,-0.11393532694243473,7,30,3,156,6,1.3802944050177781,-0.3459474317775844,-1.1987569214697382,-1.138766218806842
2020-06-04 07:45:00,0.05067098444690728,7318.0892856,5715.8392856,153986193.838,-0.5065552518069054,-0.18700234610290792,0.06510227674867909,7,45,3,156,6,1.3802944050177781,-0.3459474317775844,-1.1987569214697382,-1.138766218806842
2020-06-04 08:00:00,0.42694297047268315,10635.3874999,8264.1071429,153988742.107,-0.30566554326933676,0.23943617639347864,0.37470455446372103,8,0,3,156,6,1.239197614743046,-0.6875913852607484,-1.1987569214697382,-1.138766218806842
2020-06-04 08:15:00,0.5145726624541549,11401.3696427,10842.4107142,153991320.41,-0.2104939907053138,0.34239802069502756,0.42699140388545076,8,15,3,156,6,1.239197614743046,-0.6875913852607484,-1.1987569214697382,-1.138766218806842
2020-06-04 08:30:00,0.786652002713851,13783.9214286,14078.5714285,153994556.57,-0.11784490335062718,0.6573489101638513,0.8757883301155113,8,30,3,156,6,1.239197614743046,-0.6875913852607484,-1.1987569214697382,-1.138766218806842
2020-06-04 08:45:00,0.4044545080496551,10429.3982144,16910.5892858,153997388.875,-0.059223834706970506,0.5259835277766265,0.33010874998230766,8,45,3,156,6,1.239197614743046,-0.6875913852607484,-1.1987569214697382,-1.138766218806842
2020-06-04 09:00:00,1.1007518755967949,16533.5017858,20423.8928571,154000901.893,0.09042590043322056,0.7588560766084874,0.9245612452786804,9,0,3,156,6,1.0147450348512554,-0.9809676991070133,-1.1987569214697382,-1.138766218806842
2020-06-04 09:15:00,0.8286319768980819,14149.4196429,24191.285714999998,154004669.285,0.2164555124076225,0.8348429878354816,0.6306261216158805,9,15,3,156,6,1.0147450348512554,-0.9809676991070133,-1.1987569214697382,-1.138766218806842
2020-06-04 09:30:00,0.8537271143936705,14367.0321429,27772.517856,154008250.519,0.29522584856500533,0.8016085705544533,0.5345375427925902,9,30,3,156,6,1.0147450348512554,-0.9809676991070133,-1.1987569214697382,-1.138766218806842
2020-06-04 09:45:00,0.8659020027620281,14467.0732142,31430.285714999998,154011908.285,0.4071106296424225,0.8199736578790341,0.9435095854433315,9,45,3,156,6,1.0147450348512554,-0.9809676991070133,-1.1987569214697382,-1.138766218806842
2020-06-04 10:00:00,1.5927840134102356,20814.4410707,35840.678570000004,154016318.68,0.4508550541957691,1.0276662560866479,1.4710411902847615,10,0,3,156,6,0.7222327377366062,-1.206083262355038,-1.1987569214697382,-1.138766218806842
2020-06-04 10:15:00,1.212430535893202,17488.635714199998,40122.339287,154020600.338,0.47890818249423955,0.9125504943202198,1.0800063729275513,10,15,3,156,6,0.7222327377366062,-1.206083262355038,-1.1987569214697382,-1.138766218806842
2020-06-04 10:30:00,1.6072021411916877,20934.758929,45141.196429,154025619.196,0.5212471489949072,1.1690088077153948,1.6226937914624064,10,30,3,156,6,0.7222327377366062,-1.206083262355038,-1.1987569214697382,-1.138766218806842
2020-06-04 10:45:00,2.211282140252674,26206.369642999998,51457.196428,154031935.197,0.7609640055601338,1.684889125251045,2.427618227306227,10,45,3,156,6,0.7222327377366062,-1.206083262355038,-1.1987569214697382,-1.138766218806842
2020-06-04 11:00:00,1.644144916032035,21265.6392862,57139.160714,154037617.161,0.8430098765174647,1.611068054061378,1.6474524258505987,11,0,3,156,6,0.3815949530480355,-1.3475968213905272,-1.1987569214697382,-1.138766218806842
2020-06-04 11:15:00,1.6291695072842403,21137.1750002,62657.285714,154043135.286,0.9074524392245797,1.7230763929930384,1.5854122061973512,11,15,3,156,6,0.3815949530480355,-1.3475968213905272,-1.1987569214697382,-1.138766218806842
2020-06-04 11:30:00,1.5204339184858848,20198.3410713,67403.803573,154047881.80200002,0.8475708417770963,1.3353395442357379,1.4452480135047971,11,30,3,156,6,0.3815949530480355,-1.3475968213905272,-1.1987569214697382,-1.138766218806842
2020-06-04 11:45:00,1.8259821236008822,22858.1857137,72863.928573,154053341.927,0.8431751622655715,1.4712035416423246,1.8785920880699445,11,45,3,156,6,0.3815949530480355,-1.3475968213905272,-1.1987569214697382,-1.138766218806842
2020-06-04 12:00:00,2.0587971159288236,24877.5821443,78923.821429,154059401.821,0.9920312249534164,1.7261217936655078,1.9743202477756665,12,0,3,156,6,0.016045582881512508,-1.3958644610274267,-1.1987569214697382,-1.138766218806842
2020-06-04 12:15:00,1.9131481771174943,23609.391073,84741.125,154065219.125,1.0179582783491028,1.6990953888842508,2.05028113626507,12,15,3,156,6,0.016045582881512508,-1.3958644610274267,-1.1987569214697382,-1.138766218806842
2020-06-04 12:30:00,1.5093885031891257,20087.0196426,90474.642856,154070952.644,1.0916259106344537,1.6197137609913759,1.7880264722083514,12,30,3,156,6,0.016045582881512508,-1.3958644610274267,-1.1987569214697382,-1.138766218806842
2020-06-04 12:45:00,1.2137419254807909,17502.694642899998,94812.428571,154075290.429,0.9831752425069618,1.2097665582402044,0.9940517003464326,12,45,3,156,6,0.016045582881512508,-1.3958644610274267,-1.1987569214697382,-1.138766218806842
2020-06-04 13:00:00,2.2456552197242354,26511.916072,100606.535715,154081084.535,1.15847401090515,1.6973535682873413,2.456380240152228,13,0,3,156,6,-0.34950378728501047,-1.3475968213905272,-1.1987569214697382,-1.138766218806842
2020-06-04 13:15:00,2.268690823462101,26711.939287,107259.428571,154087737.429,1.2858044724875233,2.0202149190263134,2.587577248034793,13,15,3,156,6,-0.34950378728501047,-1.3475968213905272,-1.1987569214697382,-1.138766218806842
2020-06-04 13:30:00,1.154518251911039,17004.8053571,112855.928573,154093333.92700002,1.0966901418511215,1.5437107726327841,1.1161974011620412,13,30,3,156,6,-0.34950378728501047,-1.3475968213905272,-1.1987569214697382,-1.138766218806842
2020-06-04 13:45:00,1.9859702604621456,24249.825001,118011.803572,154098489.803,1.0554000508245356,1.4054904048482824,1.8637947468069862,13,45,3,156,6,-0.34950378728501047,-1.3475968213905272,-1.1987569214697382,-1.138766218806842
2020-06-04 14:00:00,1.1978881479527925,17367.2857143,123410.107144,154103888.106,1.122818584366514,1.3780398043536386,1.2929570009464073,14,0,3,156,6,-0.6901415719735813,-1.2060832623550382,-1.1987569214697382,-1.138766218806842
2020-06-04 14:15:00,1.013491384700066,15758.557143,127024.160715,154107502.16,0.8747166848257192,0.8257878299074346,0.8663598400582119,14,15,3,156,6,-0.6901415719735813,-1.2060832623550382,-1.1987569214697382,-1.138766218806842
2020-06-04 14:30:00,0.9427598500874588,15151.360714299999,131269.892857,154111747.893,0.8861104200029265,0.9178932242952691,0.7772757209702105,14,30,3,156,6,-0.6901415719735813,-1.2060832623550382,-1.1987569214697382,-1.138766218806842
2020-06-04 14:45:00,1.7043537222483849,21798.5303571,135691.232144,154116169.231,0.8783227347103653,1.038835974171784,1.4375630497729162,14,45,3,156,6,-0.6901415719735813,-1.2060832623550382,-1.1987569214697382,-1.138766218806842
2020-06-04 15:00:00,1.990602074397161,24283.514285,141730.535715,154122208.535,0.9603918794483163,1.4158873966782302,1.9055464795260586,15,0,3,156,6,-0.98265386908823,-0.980967699107014,-1.1987569214697382,-1.138766218806842
2020-06-04 15:15:00,1.2633488746548667,17951.3964284,146938.089285,154127416.09,0.8214745350231973,1.2149003906757672,1.092797986284737,15,15,3,156,6,-0.98265386908823,-0.980967699107014,-1.1987569214697382,-1.138766218806842
2020-06-04 15:30:00,1.333094878925484,18567.2446428,151423.964285,154131901.965,0.7783131235096774,1.0145844221638602,1.2164987865864678,15,30,3,156,6,-0.98265386908823,-0.980967699107014,-1.1987569214697382,-1.138766218806842
2020-06-04 15:45:00,1.2342813957735674,17704.2517858,156033.339284,154136511.341,0.840074070683505,1.1411208058476072,1.2527230507324014,15,45,3,156,6,-0.98265386908823,-0.980967699107014,-1.1987569214697382,-1.138766218806842
2020-06-04 16:00:00,1.1272371337642009,16769.1517857,160275.285715,154140754.035,0.7369616943590472,0.9697964368560228,0.9986549425855735,16,0,3,156,6,-1.2071064489800205,-0.6875913852607494,-1.1987569214697382,-1.138766218806842
2020-06-04 16:15:00,0.8716457936987526,14530.0446428,164207.892858,154144685.892,0.6767432449329982,0.7851946798214692,0.7832131866680526,16,15,3,156,6,-1.2071064489800205,-0.6875913852607494,-1.1987569214697382,-1.138766218806842
2020-06-04 16:30:00,0.668893155010694,12752.0071428,167609.053571,154148087.054,0.65286315868785,0.6181164207474936,0.5989826610452731,16,30,3,156,6,-1.2071064489800205,-0.6875913852607494,-1.1987569214697382,-1.138766218806842
2020-06-04 16:45:00,0.15941969503325468,8280.9571429,170333.089286,154150811.089,0.5640384472242701,0.38045413616420815,0.1280132553481086,16,45,3,156,6,-1.2071064489800205,-0.6875913852607494,-1.1987569214697382,-1.138766218806842
2020-06-04 17:00:00,0.2106680681741104,8741.7482143,172288.107144,154152766.106,0.42231319262183503,0.1639865133258092,0.19088329161886883,17,0,3,156,6,-1.3482032392547534,-0.3459474317775844,-1.1987569214697382,-1.138766218806842
2020-06-04 17:15:00,0.15580303526003708,8259.8446429,174487.392857,154154965.393,0.417239599779422,0.18235999509501438,0.15827304961815195,17,15,3,156,6,-1.3482032392547534,-0.3459474317775844,-1.1987569214697382,-1.138766218806842
2020-06-04 17:30:00,-0.03482958820584229,6572.8910715,176380.392858,154156858.392,0.4388816906698221,0.11551556949829456,-0.013180874286791332,17,30,3,156,6,-1.3482032392547534,-0.3459474317775844,-1.1987569214697382,-1.138766218806842
2020-06-04 17:45:00,-0.3163717693723305,4078.2071429,177712.839285,154158190.84,0.3113481100145184,-0.07058401523823657,-0.288930564736246,17,45,3,156,6,-1.3482032392547534,-0.3459474317775844,-1.1987569214697382,-1.138766218806842
2020-06-04 18:00:00,-0.566635638964458,1860.20714286,178445.517858,154158923.517,0.15854335388093313,-0.2841249876145755,-0.5389631029727362,18,0,3,156,6,-1.3963287268286755,0.02068169050592892,-1.1987569214697382,-1.138766218806842
2020-06-04 18:15:00,-0.7081362844242874,623.68035716,178742.214286,154159220.214,-0.009041351628371363,-0.481232000062054,-0.693008636199715,18,15,3,156,6,-1.3963287268286755,0.02068169050592892,-1.1987569214697382,-1.138766218806842
2020-06-04 18:30:00,-0.7684799541319732,99.761904761,178826.113098,154159304.111,-0.11852980902350188,-0.616831624307889,-0.7501531132621408,18,30,3,156,6,-1.3963287268286755,0.02068169050592892,-1.1987569214697382,-1.138766218806842
2020-06-04 18:45:00,-0.7800000755197538,0.0,80142.0,68100893.0,-0.20283086204476986,-0.7001476648501693,-0.7659021283190262,18,45,3,156,6,-1.3963287268286755,0.02068169050592892,-1.1987569214697382,-1.138766218806842
2020-06-04 19:00:00,-0.7800000755197538,0.0,80142.0,68100893.0,-0.28208037644094935,-0.7519982080849361,-0.7659021283190262,19,0,3,156,6,-1.3482032392547536,0.38731081278944235,-1.1987569214697382,-1.138766218806842
2020-06-04 19:15:00,-0.7800000755197538,0.0,80142.0,68100893.0,-0.33826203106126007,-0.7856267250622854,-0.7659021283190262,19,15,3,156,6,-1.3482032392547536,0.38731081278944235,-1.1987569214697382,-1.138766218806842
2020-06-04 19:30:00,-0.7800000755197538,0.0,80142.0,68100893.0,-0.38502462763755424,-0.7918918448192416,-0.7659021283190262,19,30,3,156,6,-1.3482032392547536,0.38731081278944235,-1.1987569214697382,-1.138766218806842
2020-06-04 19:45:00,-0.7800000755197538,0.0,80142.0,68100893.0,-0.4321461465273127,-0.7789160442713023,-0.7659021283190262,19,45,3,156,6,-1.3482032392547536,0.38731081278944235,-1.1987569214697382,-1.138766218806842
2020-06-04 20:00:00,-0.7800000755197538,0.0,80142.0,154159308.0,-0.48177654888185834,-0.7981367139228548,-0.7659021283190262,20,0,3,156,6,-1.207106448980021,0.7289547662726072,-1.1987569214697382,-1.138766218806842
2020-06-04 20:15:00,-0.7800000755197538,0.0,80142.0,154159308.0,-0.5104935279256287,-0.8241388068551139,-0.7659021283190262,20,15,3,156,6,-1.207106448980021,0.7289547662726072,-1.1987569214697382,-1.138766218806842
2020-06-04 20:30:00,-0.7800000755197538,0.0,80142.0,154159308.0,-0.5490107483864439,-0.8232780970585665,-0.7659021283190262,20,30,3,156,6,-1.207106448980021,0.7289547662726072,-1.1987569214697382,-1.138766218806842
2020-06-04 20:45:00,-0.7800000755197538,0.0,80142.0,154159308.0,-0.5856303229851962,-0.8267277331230274,-0.7659021283190262,20,45,3,156,6,-1.207106448980021,0.7289547662726072,-1.1987569214697382,-1.138766218806842
2020-06-04 21:00:00,-0.7800000755197538,0.0,80142.0,154159308.0,-0.6456983605000882,-0.8448218940800393,-0.7659021283190262,21,0,3,156,6,-0.9826538690882308,1.0223310801188716,-1.1987569214697382,-1.138766218806842
2020-06-04 21:15:00,-0.7800000755197538,0.0,80142.0,154159308.0,-0.6865350909593392,-0.8509110882302691,-0.7659021283190262,21,15,3,156,6,-0.9826538690882308,1.0223310801188716,-1.1987569214697382,-1.138766218806842
2020-06-04 21:30:00,-0.7800000755197538,0.0,80142.0,154159308.0,-0.7045590625864783,-0.8602770735416411,-0.7659021283190262,21,30,3,156,6,-0.9826538690882308,1.0223310801188716,-1.1987569214697382,-1.138766218806842
2020-06-04 21:45:00,-0.7800000755197538,0.0,80142.0,154159308.0,-0.7269316235388217,-0.8717161719026599,-0.7659021283190262,21,45,3,156,6,-0.9826538690882308,1.0223310801188716,-1.1987569214697382,-1.138766218806842
2020-06-04 22:00:00,-0.7800000755197538,0.0,80142.0,154159308.0,-0.7509471538389895,-0.8799856189976137,-0.7659021283190262,22,0,3,156,6,-0.6901415719735823,1.2474466433668958,-1.1987569214697382,-1.138766218806842
2020-06-04 22:15:00,-0.7800000755197538,0.0,80142.0,154159308.0,-0.7772581064193556,-0.8877973266702408,-0.7659021283190262,22,15,3,156,6,-0.6901415719735823,1.2474466433668958,-1.1987569214697382,-1.138766218806842
2020-06-04 22:30:00,-0.7800000755197538,0.0,80142.0,154159308.0,-0.8103226271458507,-0.9022505746543376,-0.7659021283190262,22,30,3,156,6,-0.6901415719735823,1.2474466433668958,-1.1987569214697382,-1.138766218806842
2020-06-04 22:45:00,-0.7800000755197538,0.0,80142.0,154159308.0,-0.8575933545010519,-0.9239312476355891,-0.7659021283190262,22,45,3,156,6,-0.6901415719735823,1.2474466433668958,-1.1987569214697382,-1.138766218806842
2020-06-04 23:00:00,-0.7800000755197538,0.0,80142.0,154159308.0,-0.914871917659999,-0.9509394392716365,-0.7659021283190262,23,0,3,156,6,-0.3495037872850116,1.3889602024023853,-1.1987569214697382,-1.138766218806842
2020-06-04 23:15:00,-0.7800000755197538,0.0,80142.0,154159308.0,-0.9753749631949884,-0.9621844777591682,-0.7659021283190262,23,15,3,156,6,-0.3495037872850116,1.3889602024023853,-1.1987569214697382,-1.138766218806842
2020-06-04 23:30:00,-0.7800000755197538,0.0,80142.0,154159308.0,-1.0398565747608306,-0.9605720281893216,-0.7659021283190262,23,30,3,156,6,-0.3495037872850116,1.3889602024023853,-1.1987569214697382,-1.138766218806842
2020-06-04 23:45:00,-0.7800000755197538,0.0,75878.0,154159308.0,-1.0349558684470261,-0.9455361076870321,-0.7659021283190262,23,45,3,156,6,-0.3495037872850116,1.3889602024023853,-1.1987569214697382,-1.138766218806842
2020-06-05 00:00:00,-0.7800000755197538,0.0,5449.964286,154159308.0,-0.9990427917012712,-0.930670220237962,-0.7659021283190262,0,0,4,157,6,0.016045582881512335,1.437227842039285,-1.355423981991694,-1.2482184698254466
2020-06-05 00:15:00,-0.7800000755197538,0.0,0.0,154159308.0,-0.9890101912410704,-0.922290042612007,-0.7659021283190262,0,15,4,157,6,0.016045582881512335,1.437227842039285,-1.355423981991694,-1.2482184698254466
2020-06-05 00:30:00,-0.7800000755197538,0.0,0.0,154159308.0,-0.9759488375688792,-0.9191269434417949,-0.7659021283190262,0,30,4,157,6,0.016045582881512335,1.437227842039285,-1.355423981991694,-1.2482184698254466
2020-06-05 00:45:00,-0.7800000755197538,0.0,0.0,154159308.0,-1.0029266119011648,-0.931266230250317,-0.7659021283190262,0,45,4,157,6,0.016045582881512335,1.437227842039285,-1.355423981991694,-1.2482184698254466
2020-06-05 01:00:00,-0.7800000755197538,0.0,0.0,154159308.0,-0.9931005340088225,-0.9303215108309429,-0.7659021283190262,1,0,4,157,6,0.38159495304803503,1.3889602024023857,-1.355423981991694,-1.2482184698254466
2020-06-05 01:15:00,-0.7800000755197538,0.0,0.0,154159308.0,-1.028924743809688,-0.9496061260939456,-0.7659021283190262,1,15,4,157,6,0.38159495304803503,1.3889602024023857,-1.355423981991694,-1.2482184698254466
2020-06-05 01:30:00,-0.7800000755197538,0.0,0.0,154159308.0,-1.0836243375651011,-0.9769900165281732,-0.7659021283190262,1,30,4,157,6,0.38159495304803503,1.3889602024023857,-1.355423981991694,-1.2482184698254466
2020-06-05 01:45:00,-0.7800000755197538,0.0,0.0,154159308.0,-1.1214100362921005,-0.9857669183179407,-0.7659021283190262,1,45,4,157,6,0.38159495304803503,1.3889602024023857,-1.355423981991694,-1.2482184698254466
2020-06-05 02:00:00,-0.7800000755197538,0.0,0.0,154159308.0,-1.0941115436754332,-0.961627232246312,-0.7659021283190262,2,0,4,157,6,0.7222327377366062,1.2474466433668963,-1.355423981991694,-1.2482184698254466
2020-06-05 02:15:00,-0.7800000755197538,0.0,0.0,154159308.0,-1.1044378601066733,-0.9594234001998467,-0.7659021283190262,2,15,4,157,6,0.7222327377366062,1.2474466433668963,-1.355423981991694,-1.2482184698254466
2020-06-05 02:30:00,-0.7800000755197538,0.0,0.0,154159308.0,-1.1271060389040946,-0.9588905270170891,-0.7659021283190262,2,30,4,157,6,0.7222327377366062,1.2474466433668963,-1.355423981991694,-1.2482184698254466
2020-06-05 02:45:00,-0.7800000755197538,0.0,0.0,154159308.0,-1.1113338297283892,-0.9472784052578558,-0.7659021283190262,2,45,4,157,6,0.7222327377366062,1.2474466433668963,-1.355423981991694,-1.2482184698254466
2020-06-05 03:00:00,-0.7800000755197538,0.0,0.0,154159308.0,-1.1145232429439993,-0.9432802440079641,-0.7659021283190262,3,0,4,157,6,1.0147450348512552,1.0223310801188719,-1.355423981991694,-1.2482184698254466
2020-06-05 03:15:00,-0.7800000755197538,0.0,0.0,154159308.0,-1.114017137607218,-0.9484354610208798,-0.7659021283190262,3,15,4,157,6,1.0147450348512552,1.0223310801188719,-1.355423981991694,-1.2482184698254466
2020-06-05 03:30:00,-0.7800000755197538,0.0,0.0,154159308.0,-1.1415302760503545,-0.9596865238963244,-0.7659021283190262,3,30,4,157,6,1.0147450348512552,1.0223310801188719,-1.355423981991694,-1.2482184698254466
2020-06-05 03:45:00,-0.7800000755197538,0.0,0.0,154159308.0,-1.1513639735270407,-0.9466402330475094,-0.7659021283190262,3,45,4,157,6,1.0147450348512552,1.0223310801188719,-1.355423981991694,-1.2482184698254466
2020-06-05 04:00:00,-0.7800000755197538,0.0,0.0,154159308.0,-1.1543356530571314,-0.9441931357875867,-0.7659021283190262,4,0,4,157,6,1.2391976147430457,0.7289547662726072,-1.355423981991694,-1.2482184698254466
2020-06-05 04:15:00,-0.7800000755197538,0.0,0.0,154159308.0,-1.18688948031004,-0.9647998449723065,-0.7659021283190262,4,15,4,157,6,1.2391976147430457,0.7289547662726072,-1.355423981991694,-1.2482184698254466
2020-06-05 04:30:00,-0.7800000755197538,0.0,0.0,154159308.0,-1.2081195790797292,-0.9702627879271434,-0.7659021283190262,4,30,4,157,6,1.2391976147430457,0.7289547662726072,-1.355423981991694,-1.2482184698254466
2020-06-05 04:45:00,-0.7800000755197538,0.0,0.0,154159308.0,-1.2176844340354764,-0.9763345621605195,-0.7659021283190262,4,45,4,157,6,1.2391976147430457,0.7289547662726072,-1.355423981991694,-1.2482184698254466
2020-06-05 05:00:00,-0.7800000755197538,0.0,0.0,154159308.0,-1.2518863049865752,-0.975441910665242,-0.7659021283190262,5,0,4,157,6,1.3802944050177781,0.38731081278944296,-1.355423981991694,-1.2482184698254466
2020-06-05 05:15:00,-0.7800000755197538,0.0,0.0,154159308.0,-1.2427718960030611,-0.9673659646288392,-0.7659021283190262,5,15,4,157,6,1.3802944050177781,0.38731081278944296,-1.355423981991694,-1.2482184698254466
2020-06-05 05:30:00,-0.7800000755197538,0.0,0.0,154159308.0,-1.1893002077332864,-0.9338667075821443,-0.7659021283190262,5,30,4,157,6,1.3802944050177781,0.38731081278944296,-1.355423981991694,-1.2482184698254466
2020-06-05 05:45:00,-0.7800000755197538,0.0,0.0,154159308.0,-1.198085423273386,-0.9395617698180938,-0.7631668318102353,5,45,4,157,6,1.3802944050177781,0.38731081278944296,-1.355423981991694,-1.2482184698254466
2020-06-05 06:00:00,-0.7576012790630294,194.141071423,8.767857143,154159316.768,-1.2212985507672136,-0.9473888506414081,-0.736406111658168,6,0,4,157,6,1.4284198925917004,0.020681690505929266,-1.355423981991694,-1.2482184698254466
2020-06-05 06:15:00,-0.7062560825967225,639.90714285,108.160714284,154159416.159,-1.201093355262663,-0.9367477077893065,-0.6891464693244492,6,15,4,157,6,1.4284198925917004,0.020681690505929266,-1.355423981991694,-1.2482184698254466
2020-06-05 06:30:00,-0.6388857293254385,1226.90000001,330.696428586,154159638.698,-1.1417873433384518,-0.8998416853009077,-0.642897092879565,6,30,4,157,6,1.4284198925917004,0.020681690505929266,-1.355423981991694,-1.2482184698254466
2020-06-05 06:45:00,-0.44382348791389076,2945.0107144,838.16071428,154160146.158,-1.0320866658121326,-0.7872324784812704,-0.46057958103296326,6,45,4,157,6,1.4284198925917004,0.020681690505929266,-1.355423981991694,-1.2482184698254466
2020-06-05 07:00:00,-0.4241896239819728,3119.5607143,1610.03571428,154160918.034,-0.9401131950336715,-0.6757655878938191,-0.4284166614015179,7,0,4,157,6,1.3802944050177781,-0.3459474317775844,-1.355423981991694,-1.2482184698254466
2020-06-05 07:15:00,-0.3114620110491167,4123.6089285,2477.2321428,154161785.518,-0.8926008571463387,-0.5600032309576722,-0.329161814747483,7,15,4,157,6,1.3802944050177781,-0.3459474317775844,-1.355423981991694,-1.2482184698254466
2020-06-05 07:30:00,-0.2555555805642675,4618.1517857,3617.8214287,154162925.82,-0.8359661750552765,-0.4480479138979354,-0.265699265597233,7,30,4,157,6,1.3802944050177781,-0.3459474317775844,-1.355423981991694,-1.2482184698254466
2020-06-05 07:45:00,-0.20513110046335273,5062.8857144,4807.6428572,154164115.642,-0.788617059866246,-0.40458482473355967,-0.22587727440112304,7,45,4,157,6,1.3802944050177781,-0.3459474317775844,-1.355423981991694,-1.2482184698254466
2020-06-05 08:00:00,-0.08538727496424281,6123.9642857,6247.4107143,154165555.41,-0.6940410571303861,-0.282962114843602,-0.10141360699112234,8,0,4,157,6,1.239197614743046,-0.6875913852607484,-1.355423981991694,-1.2482184698254466
2020-06-05 08:15:00,0.5105239757780207,11358.0035715,8451.3928572,154167759.391,-0.5418101001553318,-0.0381210980783682,0.4279354749388302,8,15,4,157,6,1.239197614743046,-0.6875913852607484,-1.355423981991694,-1.2482184698254466
2020-06-05 08:30:00,0.9225213870418905,14974.9874999,11546.4999999,154170854.501,-0.3188760301916129,0.41247797809837805,1.0204523525556666,8,30,4,157,6,1.239197614743046,-0.6875913852607484,-1.355423981991694,-1.2482184698254466
2020-06-05 08:45:00,1.0346430091276315,15955.066071500001,15594.25,154174902.25,-0.05460145610793889,0.7989737562853284,1.172685273230798,8,45,4,157,6,1.239197614743046,-0.6875913852607484,-1.355423981991694,-1.2482184698254466
2020-06-05 09:00:00,1.0039496139281514,15682.039285800001,19729.0535715,154179037.051,0.05543268870585772,0.9816022203932793,0.8268263642024414,9,0,4,157,6,1.0147450348512554,-0.9809676991070133,-1.355423981991694,-1.2482184698254466
2020-06-05 09:15:00,1.3812802945353564,18987.082142799998,23605.5892861,154182913.589,0.11712532153123789,0.8859587475714595,1.3674948415046706,9,15,4,157,6,1.0147450348512554,-0.9809676991070133,-1.355423981991694,-1.2482184698254466
2020-06-05 09:30:00,1.6127948322734633,20997.9249993,28725.267857,154188033.268,0.35583961110623824,1.256770353268629,1.4726121160881864,9,30,4,157,6,1.0147450348512554,-0.9809676991070133,-1.355423981991694,-1.2482184698254466
2020-06-05 09:45:00,0.6331142482819505,12437.1160714,33077.928571,154192385.929,0.39168905565954587,1.0817813677744121,0.5341337208776248,9,45,4,157,6,1.0147450348512554,-0.9809676991070133,-1.355423981991694,-1.2482184698254466
2020-06-05 10:00:00,1.8214296375381243,22814.8785739,37069.696426,154196377.699,0.43292712049197674,1.1090746005767276,1.7717565040855372,10,0,4,157,6,0.7222327377366062,-1.206083262355038,-1.355423981991694,-1.2482184698254466
2020-06-05 10:15:00,0.8071898824811358,13963.2571428,42163.660713,154201471.662,0.5667033837520306,1.3184231563000095,0.7248273905204116,10,15,4,157,6,0.7222327377366062,-1.206083262355038,-1.355423981991694,-1.2482184698254466
2020-06-05 10:30:00,1.7102945400885212,21842.9339284,45984.964285,154205292.965,0.43926275047475677,1.0833361523831004,1.64682303798049,10,30,4,157,6,0.7222327377366062,-1.206083262355038,-1.355423981991694,-1.2482184698254466
2020-06-05 10:45:00,1.6910863406680752,21670.926786199998,52206.142856,154211514.144,0.5997627334226977,1.7770186016370295,1.5287928935820767,10,45,4,157,6,0.7222327377366062,-1.206083262355038,-1.355423981991694,-1.2482184698254466
2020-06-05 11:00:00,1.543264543004622,20387.4267856,56948.482144,154216256.481,0.46308027634630633,1.2455551930492006,1.4409242442029424,11,0,4,157,6,0.3815949530480355,-1.3475968213905272,-1.355423981991694,-1.2482184698254466
2020-06-05 11:15:00,1.8371959359970509,22948.0250001,62553.035715,154221861.035,0.6197297971054024,1.8004310943164963,2.181636672736107,11,15,4,157,6,0.3815949530480355,-1.3475968213905272,-1.355423981991694,-1.2482184698254466
2020-06-05 11:30:00,2.2515616422682907,26560.648216,68571.303573,154227879.30200002,0.7863165828590696,2.152902042048675,2.610638779531583,11,30,4,157,6,0.3815949530480355,-1.3475968213905272,-1.355423981991694,-1.2482184698254466
2020-06-05 11:45:00,2.041799351907974,24727.8160724,75286.821428,154234594.822,0.8105232729903237,2.2493248902457332,2.3037876207289867,11,45,4,157,6,0.3815949530480355,-1.3475968213905272,-1.355423981991694,-1.2482184698254466
2020-06-05 12:00:00,0.3752534249268151,10178.8160713,79298.446428,154238606.447,0.7939948244339441,1.297591141006589,0.4581546094984999,12,0,4,157,6,0.016045582881512508,-1.3958644610274267,-1.355423981991694,-1.2482184698254466
2020-06-05 12:15:00,0.363038375725763,10071.8928571,82200.928572,154241508.928,0.48751353393818986,0.6742807679041437,0.2767476877760605,12,15,4,157,6,0.016045582881512508,-1.3958644610274267,-1.355423981991694,-1.2482184698254466
2020-06-05 12:30:00,0.10530638500229077,7815.9214286,84266.928572,154243574.928,-0.31847325195219767,-0.352982886005642,-0.05580790474041868,12,30,4,157,6,0.016045582881512508,-1.3958644610274267,-1.355423981991694,-1.2482184698254466
2020-06-05 12:45:00,0.5335355227746749,11566.9482142,86497.517855,154245805.52,-0.5861106294543575,-0.37049608236658166,0.29323480075041974,12,45,4,157,6,0.016045582881512508,-1.3958644610274267,-1.355423981991694,-1.2482184698254466
2020-06-05 13:00:00,1.281606733852369,18117.6553569,90352.517857,154249660.518,-0.260924985325094,0.2760643408390616,1.0070640647031648,13,0,4,157,6,-0.34950378728501047,-1.3475968213905272,-1.355423981991694,-1.2482184698254466
2020-06-05 13:15:00,1.200190038250875,17395.5839286,95096.035715,154254404.035,-0.04536476575696865,0.9388212272559598,1.0360638274247431,13,15,4,157,6,-0.34950378728501047,-1.3475968213905272,-1.355423981991694,-1.2482184698254466
2020-06-05 13:30:00,1.7375013010767502,22080.364286199998,99281.142858,154258589.142,0.15197682752506828,1.0433273212641,1.7136226139180948,13,30,4,157,6,-0.34950378728501047,-1.3475968213905272,-1.355423981991694,-1.2482184698254466
2020-06-05 13:45:00,2.4271401257685423,28086.414284,105964.232144,154265272.231,0.5981743543068423,1.850124491918866,2.4554389172545688,13,45,4,157,6,-0.34950378728501047,-1.3475968213905272,-1.355423981991694,-1.2482184698254466
2020-06-05 14:00:00,2.132899971604402,25522.689285,112699.017856,154272007.019,0.8762256123476894,1.9963045781584774,2.0943545739734657,14,0,4,157,6,-0.6901415719735813,-1.2060832623550382,-1.355423981991694,-1.2482184698254466
2020-06-05 14:15:00,0.7432952285157579,13393.0892857,117702.839286,154277010.839,0.83263583594189,1.406955176184229,0.73861530709253,14,15,4,157,6,-0.6901415719735813,-1.2060832623550382,-1.355423981991694,-1.2482184698254466
2020-06-05 14:30:00,2.041430946024742,24731.517857,122416.107144,154281724.106,0.9499733167536271,1.3824392302775577,1.9909296407774741,14,30,4,157,6,-0.6901415719735813,-1.2060832623550382,-1.355423981991694,-1.2482184698254466
2020-06-05 14:45:00,1.8655035406091538,23219.1250024,128366.19643,154287674.195,1.0623849061949768,1.6342379070001678,1.8008800932481452,14,45,4,157,6,-0.6901415719735813,-1.2060832623550382,-1.355423981991694,-1.2482184698254466
2020-06-05 15:00:00,1.3805864270907835,18968.6678573,133762.160715,154293070.16,1.137444248240161,1.5476079916859076,1.2525184980618487,15,0,4,157,6,-0.98265386908823,-0.980967699107014,-1.355423981991694,-1.2482184698254466
2020-06-05 15:15:00,0.8961862348472316,14727.819643,138015.357142,154297323.358,1.0272964530211801,1.1371898823660729,0.833821521495126,15,15,4,157,6,-0.98265386908823,-0.980967699107014,-1.355423981991694,-1.2482184698254466
2020-06-05 15:30:00,0.27733580610170777,9300.3642857,140523.678572,154299831.678,0.7782953162737889,0.4841586599566209,0.3016086333660249,15,30,4,157,6,-0.98265386908823,-0.980967699107014,-1.355423981991694,-1.2482184698254466
2020-06-05 15:45:00,1.3799333169217896,18979.2482143,144473.535714,154303781.536,0.8662432047073041,0.9536602123393891,1.2672754857330537,15,45,4,157,6,-0.98265386908823,-0.980967699107014,-1.355423981991694,-1.2482184698254466
2020-06-05 16:00:00,1.0367140742146566,15976.5374999,148774.071429,154308082.071,0.9726351331376829,0.975515992517156,0.9451990875921735,16,0,4,157,6,-1.2071064489800205,-0.6875913852607494,-1.355423981991694,-1.2482184698254466
2020-06-05 16:15:00,0.8160091563607531,14042.355357,152509.571428,154311817.572,0.9325886783515028,0.8352516818966677,0.7398617827930564,16,15,4,157,6,-1.2071064489800205,-0.6875913852607494,-1.355423981991694,-1.2482184698254466
2020-06-05 16:30:00,0.707127239105786,13086.2589284,155990.571427,154315298.573,0.9212953180688808,0.7419974388078285,0.6822777686032842,16,30,4,157,6,-1.2071064489800205,-0.6875913852607494,-1.355423981991694,-1.2482184698254466
2020-06-05 16:45:00,0.3540757556039567,9993.5553571,158710.821429,154318019.321,0.8052886037735599,0.49918211470123364,0.3368578527222668,16,45,4,157,6,-1.2071064489800205,-0.6875913852607494,-1.355423981991694,-1.2482184698254466
2020-06-05 17:00:00,0.22502993125405804,8857.9875001,161172.767857,154320480.768,0.6972427957391277,0.3475702998943614,0.1732559752561894,17,0,4,157,6,-1.3482032392547534,-0.3459474317775844,-1.355423981991694,-1.2482184698254466
2020-06-05 17:15:00,0.1692044188329476,8366.2250001,163366.428572,154322674.428,0.6821087136564554,0.2690495736244994,0.15979041649000927,17,15,4,157,6,-1.3482032392547534,-0.3459474317775844,-1.355423981991694,-1.2482184698254466
2020-06-05 17:30:00,0.1215591860153271,7957.3732143,165376.357144,154324684.356,0.6773038814039679,0.22703770092326947,0.11997170013338818,17,30,4,157,6,-1.3482032392547534,-0.3459474317775844,-1.355423981991694,-1.2482184698254466
2020-06-05 17:45:00,-0.2261286425432054,4878.0285713,167007.571428,154326315.572,0.6277803224647507,0.1170173996335497,-0.2057351442691422,17,45,4,157,6,-1.3482032392547534,-0.3459474317775844,-1.355423981991694,-1.2482184698254466
2020-06-05 18:00:00,-0.4955120394216858,2487.19642839,167924.946428,154327232.947,0.49768597183616853,-0.09253792687363786,-0.4564006030276249,18,0,4,157,6,-1.3963287268286755,0.02068169050592892,-1.355423981991694,-1.2482184698254466
2020-06-05 18:15:00,-0.6469043716124057,1157.17678573,168368.910714,154327676.911,0.3324628096219631,-0.27900649240852765,-0.6288386924136534,18,15,4,157,6,-1.3963287268286755,0.02068169050592892,-1.355423981991694,-1.2482184698254466
2020-06-05 18:30:00,-0.7508127769292455,253.080952384,168520.666666,154327828.668,0.11333333928284932,-0.46542899885373606,-0.7379220422208451,18,30,4,157,6,-1.3963287268286755,0.02068169050592892,-1.355423981991694,-1.2482184698254466
2020-06-05 18:45:00,-0.7800000755197538,0.0,107249.0,99031230.0,-0.06289406209540295,-0.6131693511988326,-0.7654845830379677,18,45,4,157,6,-1.3963287268286755,0.02068169050592892,-1.355423981991694,-1.2482184698254466
2020-06-05 19:00:00,-0.7800000755197538,0.0,107249.0,99031230.0,-0.16752434074573896,-0.6788027555817756,-0.7659021283190262,19,0,4,157,6,-1.3482032392547536,0.38731081278944235,-1.355423981991694,-1.2482184698254466
2020-06-05 19:15:00,-0.7800000755197538,0.0,107249.0,99031230.0,-0.263476309055349,-0.7260456271187345,-0.7659021283190262,19,15,4,157,6,-1.3482032392547536,0.38731081278944235,-1.355423981991694,-1.2482184698254466
2020-06-05 19:30:00,-0.7800000755197538,0.0,107249.0,99031230.0,-0.3246575902727612,-0.7568105638057759,-0.7659021283190262,19,30,4,157,6,-1.3482032392547536,0.38731081278944235,-1.355423981991694,-1.2482184698254466
2020-06-05 19:45:00,-0.7800000755197538,0.0,107249.0,154327840.0,-0.37905489753577604,-0.7760212792191262,-0.7659021283190262,19,45,4,157,6,-1.3482032392547536,0.38731081278944235,-1.355423981991694,-1.2482184698254466
2020-06-05 20:00:00,-0.7800000755197538,0.0,107249.0,154327840.0,-0.42586279256112214,-0.7950738692626426,-0.7659021283190262,20,0,4,157,6,-1.207106448980021,0.7289547662726072,-1.355423981991694,-1.2482184698254466
2020-06-05 20:15:00,-0.7800000755197538,0.0,107249.0,154327840.0,-0.4681206366124658,-0.807918406811682,-0.7659021283190262,20,15,4,157,6,-1.207106448980021,0.7289547662726072,-1.355423981991694,-1.2482184698254466
2020-06-05 20:30:00,-0.7800000755197538,0.0,107249.0,154327840.0,-0.5276194254979503,-0.8174630799568174,-0.7659021283190262,20,30,4,157,6,-1.207106448980021,0.7289547662726072,-1.355423981991694,-1.2482184698254466
2020-06-05 20:45:00,-0.7800000755197538,0.0,107249.0,154327840.0,-0.572633222032153,-0.8390445579174842,-0.7659021283190262,20,45,4,157,6,-1.207106448980021,0.7289547662726072,-1.355423981991694,-1.2482184698254466
2020-06-05 21:00:00,-0.7800000755197538,0.0,107249.0,154327840.0,-0.6348073083608932,-0.864860885063794,-0.7659021283190262,21,0,4,157,6,-0.9826538690882308,1.0223310801188716,-1.355423981991694,-1.2482184698254466
2020-06-05 21:15:00,-0.7800000755197538,0.0,107249.0,154327840.0,-0.6693632744112652,-0.8690271018508336,-0.7659021283190262,21,15,4,157,6,-0.9826538690882308,1.0223310801188716,-1.355423981991694,-1.2482184698254466
2020-06-05 21:30:00,-0.7800000755197538,0.0,107249.0,154327840.0,-0.6908946294915859,-0.8789852076892984,-0.7659021283190262,21,30,4,157,6,-0.9826538690882308,1.0223310801188716,-1.355423981991694,-1.2482184698254466
2020-06-05 21:45:00,-0.7800000755197538,0.0,107249.0,154327840.0,-0.7137635580781746,-0.8858723014299198,-0.7659021283190262,21,45,4,157,6,-0.9826538690882308,1.0223310801188716,-1.355423981991694,-1.2482184698254466
2020-06-05 22:00:00,-0.7800000755197538,0.0,107249.0,154327840.0,-0.7509391434034152,-0.899221484415922,-0.7659021283190262,22,0,4,157,6,-0.6901415719735823,1.2474466433668958,-1.355423981991694,-1.2482184698254466
2020-06-05 22:15:00,-0.7800000755197538,0.0,107249.0,154327840.0,-0.7918203476290531,-0.905701895310673,-0.7659021283190262,22,15,4,157,6,-0.6901415719735823,1.2474466433668958,-1.355423981991694,-1.2482184698254466
2020-06-05 22:30:00,-0.7800000755197538,0.0,107249.0,154327840.0,-0.8425011109609917,-0.9190362769221702,-0.7659021283190262,22,30,4,157,6,-0.6901415719735823,1.2474466433668958,-1.355423981991694,-1.2482184698254466
2020-06-05 22:45:00,-0.7800000755197538,0.0,107249.0,154327840.0,-0.8898309575871867,-0.9382076108806332,-0.7659021283190262,22,45,4,157,6,-0.6901415719735823,1.2474466433668958,-1.355423981991694,-1.2482184698254466
2020-06-05 23:00:00,-0.7800000755197538,0.0,107249.0,154327840.0,-0.9466969269025642,-0.9512161515401586,-0.7659021283190262,23,0,4,157,6,-0.3495037872850116,1.3889602024023853,-1.355423981991694,-1.2482184698254466
2020-06-05 23:15:00,-0.7800000755197538,0.0,107249.0,154327840.0,-0.9453220277751345,-0.9450432588370458,-0.7659021283190262,23,15,4,157,6,-0.3495037872850116,1.3889602024023853,-1.355423981991694,-1.2482184698254466
2020-06-05 23:30:00,-0.7800000755197538,0.0,107249.0,154327840.0,-0.9505015641348502,-0.9387881088717891,-0.7659021283190262,23,30,4,157,6,-0.3495037872850116,1.3889602024023853,-1.355423981991694,-1.2482184698254466
2020-06-05 23:45:00,-0.7800000755197538,0.0,93497.642857,154327840.0,-0.955339115067851,-0.9362490160088752,-0.7659021283190262,23,45,4,157,6,-0.3495037872850116,1.3889602024023853,-1.355423981991694,-1.2482184698254466
2020-06-06 00:00:00,-0.7800000755197538,0.0,2000.821429,154327840.0,-0.9693702579519746,-0.9470301714426894,-0.7659021283190262,0,0,5,158,6,0.016045582881512335,1.437227842039285,-1.51336244211737,-1.3537299166410584
2020-06-06 00:15:00,-0.7800000755197538,0.0,0.0,154327840.0,-0.9773139398959945,-0.9404534995835028,-0.7659021283190262,0,15,5,158,6,0.016045582881512335,1.437227842039285,-1.51336244211737,-1.3537299166410584
2020-06-06 00:30:00,-0.7800000755197538,0.0,0.0,154327840.0,-1.0112737678266583,-0.9494578701587222,-0.7659021283190262,0,30,5,158,6,0.016045582881512335,1.437227842039285,-1.51336244211737,-1.3537299166410584
2020-06-06 00:45:00,-0.7800000755197538,0.0,0.0,154327840.0,-1.034510596216885,-0.957827830247987,-0.7659021283190262,0,45,5,158,6,0.016045582881512335,1.437227842039285,-1.51336244211737,-1.3537299166410584
2020-06-06 01:00:00,-0.7800000755197538,0.0,0.0,154327840.0,-1.0446992470537984,-0.9581889968952926,-0.7659021283190262,1,0,5,158,6,0.38159495304803503,1.3889602024023857,-1.51336244211737,-1.3537299166410584
2020-06-06 01:15:00,-0.7800000755197538,0.0,0.0,154327840.0,-1.0381504715223044,-0.9466862162213111,-0.7659021283190262,1,15,5,158,6,0.38159495304803503,1.3889602024023857,-1.51336244211737,-1.3537299166410584
2020-06-06 01:30:00,-0.7800000755197538,0.0,0.0,154327840.0,-1.0603463354823004,-0.952680777710133,-0.7659021283190262,1,30,5,158,6,0.38159495304803503,1.3889602024023857,-1.51336244211737,-1.3537299166410584
2020-06-06 01:45:00,-0.7800000755197538,0.0,0.0,154327840.0,-1.1081306332985161,-0.9698866939960702,-0.7659021283190262,1,45,5,158,6,0.38159495304803503,1.3889602024023857,-1.51336244211737,-1.3537299166410584
2020-06-06 02:00:00,-0.7800000755197538,0.0,0.0,154327840.0,-1.1255905246658182,-0.9600368249445562,-0.7659021283190262,2,0,5,158,6,0.7222327377366062,1.2474466433668963,-1.51336244211737,-1.3537299166410584
2020-06-06 02:15:00,-0.7800000755197538,0.0,0.0,154327840.0,-1.1100455598889607,-0.9566821118734512,-0.7659021283190262,2,15,5,158,6,0.7222327377366062,1.2474466433668963,-1.51336244211737,-1.3537299166410584
2020-06-06 02:30:00,-0.7800000755197538,0.0,0.0,154327840.0,-1.1330976190672257,-0.9629165549494468,-0.7659021283190262,2,30,5,158,6,0.7222327377366062,1.2474466433668963,-1.51336244211737,-1.3537299166410584
2020-06-06 02:45:00,-0.7800000755197538,0.0,0.0,154327840.0,-1.1875074872949412,-0.9799677450453305,-0.7659021283190262,2,45,5,158,6,0.7222327377366062,1.2474466433668963,-1.51336244211737,-1.3537299166410584
2020-06-06 03:00:00,-0.7800000755197538,0.0,0.0,154327840.0,-1.2388607766577864,-0.9926537935689584,-0.7659021283190262,3,0,5,158,6,1.0147450348512552,1.0223310801188719,-1.51336244211737,-1.3537299166410584
2020-06-06 03:15:00,-0.7800000755197538,0.0,0.0,154327840.0,-1.2616428650847489,-0.9938982348043428,-0.7659021283190262,3,15,5,158,6,1.0147450348512552,1.0223310801188719,-1.51336244211737,-1.3537299166410584
2020-06-06 03:30:00,-0.7800000755197538,0.0,0.0,154327840.0,-1.2192664762574632,-0.9765831433371239,-0.7659021283190262,3,30,5,158,6,1.0147450348512552,1.0223310801188719,-1.51336244211737,-1.3537299166410584
2020-06-06 03:45:00,-0.7800000755197538,0.0,0.0,154327840.0,-1.2248742136474284,-0.9795914852102865,-0.7659021283190262,3,45,5,158,6,1.0147450348512552,1.0223310801188719,-1.51336244211737,-1.3537299166410584
2020-06-06 04:00:00,-0.7800000755197538,0.0,0.0,154327840.0,-1.2529100800213553,-0.9940034438438408,-0.7659021283190262,4,0,5,158,6,1.2391976147430457,0.7289547662726072,-1.51336244211737,-1.3537299166410584
2020-06-06 04:15:00,-0.7800000755197538,0.0,0.0,154327840.0,-1.2949421517458428,-1.0027396462049945,-0.7659021283190262,4,15,5,158,6,1.2391976147430457,0.7289547662726072,-1.51336244211737,-1.3537299166410584
2020-06-06 04:30:00,-0.7800000755197538,0.0,0.0,154327840.0,-1.3066101973318551,-0.9961015898768947,-0.7659021283190262,4,30,5,158,6,1.2391976147430457,0.7289547662726072,-1.51336244211737,-1.3537299166410584
2020-06-06 04:45:00,-0.7800000755197538,0.0,0.0,154327840.0,-1.3534378498198618,-1.0104163909979966,-0.7659021283190262,4,45,5,158,6,1.2391976147430457,0.7289547662726072,-1.51336244211737,-1.3537299166410584
2020-06-06 05:00:00,-0.7800000755197538,0.0,0.0,154327840.0,-1.393404300985156,-1.0367667167336827,-0.7659021283190262,5,0,5,158,6,1.3802944050177781,0.38731081278944296,-1.51336244211737,-1.3537299166410584
2020-06-06 05:15:00,-0.7800000755197538,0.0,0.0,154327840.0,-1.4205028335739118,-1.0535990894917644,-0.7659021283190262,5,15,5,158,6,1.3802944050177781,0.38731081278944296,-1.51336244211737,-1.3537299166410584
2020-06-06 05:30:00,-0.7800000755197538,0.0,0.0,154327840.0,-1.536787374595997,-1.0648636009577794,-0.7659021283190262,5,30,5,158,6,1.3802944050177781,0.38731081278944296,-1.51336244211737,-1.3537299166410584
2020-06-06 05:45:00,-0.7800000755197538,0.0,0.0,154327840.0,-1.555025876540305,-1.0569397110944139,-0.7625149766292613,5,45,5,158,6,1.3802944050177781,0.38731081278944296,-1.51336244211737,-1.3537299166410584
2020-06-06 06:00:00,-0.7470121461945205,285.94107142,14.410714286,154327854.411,-1.5471424232938027,-1.0560256787249975,-0.7295166385213717,6,0,5,158,6,1.4284198925917004,0.020681690505929266,-1.51336244211737,-1.3537299166410584
2020-06-06 06:15:00,-0.6764000999138866,899.54821428,165.732142858,154328005.733,-1.3780180782203035,-0.984927262772091,-0.6630771243980844,6,15,5,158,6,1.4284198925917004,0.020681690505929266,-1.51336244211737,-1.3537299166410584
2020-06-06 06:30:00,-0.5970661995586012,1593.2660714200001,455.89285715,154328295.893,-1.2996585495417492,-0.9277223088858847,-0.6028748607543386,6,30,5,158,6,1.4284198925917004,0.020681690505929266,-1.51336244211737,-1.3537299166410584
2020-06-06 06:45:00,-0.4241150679979352,3120.1482143,1017.14285715,154328857.143,-1.168875289365638,-0.8389641929974987,-0.41636116004728563,6,45,5,158,6,1.4284198925917004,0.020681690505929266,-1.51336244211737,-1.3537299166410584
2020-06-06 07:00:00,-0.13250325990942982,5705.4499999,2131.12499992,154329971.124,-0.9853467520386509,-0.6090717875483941,0.013679345988821888,7,0,5,158,6,1.3802944050177781,-0.3459474317775844,-1.51336244211737,-1.3537299166410584
2020-06-06 07:15:00,0.039301300407773715,7228.6678571,3690.3392859,154331530.338,-0.8008830191916578,-0.39060893542721087,0.17478033401249707,7,15,5,158,6,1.3802944050177781,-0.3459474317775844,-1.51336244211737,-1.3537299166410584
2020-06-06 07:30:00,0.15822998078498368,8281.2750001,5687.6250001,154333527.624,-0.6973876516393321,-0.17153745718552343,0.26374651356782514,7,30,5,158,6,1.3802944050177781,-0.3459474317775844,-1.51336244211737,-1.3537299166410584
2020-06-06 07:45:00,0.3363660317927658,9840.0767856,7925.4821429,154335765.48,-0.527714215652239,0.10265242293050941,0.4143029710884866,7,45,5,158,6,1.3802944050177781,-0.3459474317775844,-1.51336244211737,-1.3537299166410584
2020-06-06 08:00:00,0.4936723413215517,11214.4892858,10591.0178571,154338431.018,-0.304812168626975,0.4277658474797336,0.5533375126532962,8,0,5,158,6,1.239197614743046,-0.6875913852607484,-1.51336244211737,-1.3537299166410584
2020-06-06 08:15:00,0.5398890820301158,11620.667857,13398.3571429,154341238.357,-0.18198011193063288,0.550296142814522,0.5931400604787227,8,15,5,158,6,1.239197614743046,-0.6875913852607484,-1.51336244211737,-1.3537299166410584
2020-06-06 08:30:00,0.9355474062089832,15088.875,16850.5892857,154344690.589,-0.03145526490976259,0.8116660632399689,0.9694215436205729,8,30,5,158,6,1.239197614743046,-0.6875913852607484,-1.51336244211737,-1.3537299166410584
2020-06-06 08:45:00,0.7100206066849922,13112.1392856,20395.5535715,154348235.553,0.10940072311977615,0.8543580955578562,0.7116285254295001,8,45,5,158,6,1.239197614743046,-0.6875913852607484,-1.51336244211737,-1.3537299166410584
2020-06-06 09:00:00,0.15697048215141865,8266.8624999,23061.625,154350901.625,0.12259699433948494,0.536881593664325,0.08750282733635228,9,0,5,158,6,1.0147450348512554,-0.9809676991070133,-1.51336244211737,-1.3537299166410584
2020-06-06 09:15:00,0.5101070588617124,11361.5125001,25449.071429,154353289.071,0.16198588557837254,0.3774574386759417,0.4409318086943829,9,15,5,158,6,1.0147450348512554,-0.9809676991070133,-1.51336244211737,-1.3537299166410584
2020-06-06 09:30:00,1.463452689305856,19701.6482144,29173.071429,154357013.071,0.2552558609347753,0.7444869171256675,1.4408976435239484,9,30,5,158,6,1.0147450348512554,-0.9809676991070133,-1.51336244211737,-1.3537299166410584
2020-06-06 09:45:00,0.914466759074748,14890.9053572,34003.821428,154361843.822,0.4216662304105568,1.075002484898246,1.1151897827707355,9,45,5,158,6,1.0147450348512554,-0.9809676991070133,-1.51336244211737,-1.3537299166410584
2020-06-06 10:00:00,1.791626341106573,22555.9553573,38459.964287,154366299.963,0.4525645488410391,1.2869092098487473,1.7810695095494056,10,0,5,158,6,0.7222327377366062,-1.206083262355038,-1.51336244211737,-1.3537299166410584
2020-06-06 10:15:00,1.3331356362344642,18540.1107147,44107.553571000004,154371947.554,0.5635712470311575,1.6864747991051567,1.3658818224710103,10,15,5,158,6,0.7222327377366062,-1.206083262355038,-1.51336244211737,-1.3537299166410584
2020-06-06 10:30:00,1.47431499512292,19755.5982142,47718.857144,154375558.856,0.5585060004071626,1.1314377065774737,1.5354263372425259,10,30,5,158,6,0.7222327377366062,-1.206083262355038,-1.51336244211737,-1.3537299166410584
2020-06-06 10:45:00,1.297698692798268,18238.1928572,53398.196429999996,154381238.195,0.8312397260836437,1.4066056839178516,1.144401688921627,10,45,5,158,6,0.7222327377366062,-1.206083262355038,-1.51336244211737,-1.3537299166410584
2020-06-06 11:00:00,1.695157294912639,21711.976784899998,58275.678571,154386115.679,0.8826685088321877,1.6393021619770123,1.9232797385819984,11,0,5,158,6,0.3815949530480355,-1.3475968213905272,-1.51336244211737,-1.3537299166410584
2020-06-06 11:15:00,1.9817692811900318,24206.9821416,63831.732143,154391671.732,1.039328935818122,1.7573931729590804,1.962191516242823,11,15,5,158,6,0.3815949530480355,-1.3475968213905272,-1.51336244211737,-1.3537299166410584
2020-06-06 11:30:00,1.0692270323807704,16228.2607143,68889.249997,154396729.253,1.0579160112485824,1.34957571687372,0.661229120323817,11,30,5,158,6,0.3815949530480355,-1.3475968213905272,-1.51336244211737,-1.3537299166410584
2020-06-06 11:45:00,0.500857348593537,11254.1428572,72133.875,154399973.875,0.8834649454489203,0.8816420610680953,0.5436552203084797,11,45,5,158,6,0.3815949530480355,-1.3475968213905272,-1.51336244211737,-1.3537299166410584
2020-06-06 12:00:00,1.219403008991722,17545.1928571,75153.517856,154402993.519,0.8470945593295645,0.8865541821044167,1.28842855210296,12,0,5,158,6,0.016045582881512508,-1.3958644610274267,-1.51336244211737,-1.3537299166410584
2020-06-06 12:15:00,1.3630842670622865,18802.7517856,80805.982143,154408645.982,1.1120732619824758,1.6473941073775256,1.4534171816313064,12,15,5,158,6,0.016045582881512508,-1.3958644610274267,-1.51336244211737,-1.3537299166410584
2020-06-06 12:30:00,1.6975257883334913,21723.0803576,85026.5,154412866.5,1.141165622071694,1.2950147282678082,1.7385752184576766,12,30,5,158,6,0.016045582881512508,-1.3958644610274267,-1.51336244211737,-1.3537299166410584
2020-06-06 12:45:00,1.3533782743802234,18722.9892857,90195.857143,154418035.857,1.2007567754161883,1.6096333891114942,1.7779298169005693,12,45,5,158,6,0.016045582881512508,-1.3958644610274267,-1.51336244211737,-1.3537299166410584
2020-06-06 13:00:00,2.2875357860485086,26873.823213,95891.428572,154423731.428,1.2656130790010756,1.8425246073244819,2.348194987312127,13,0,5,158,6,-0.34950378728501047,-1.3475968213905272,-1.51336244211737,-1.3537299166410584
2020-06-06 13:15:00,0.22001957215171675,8794.2357142,100674.160713,154428514.162,0.9270228735233446,1.031296048309071,0.26059055992246133,13,15,5,158,6,-0.34950378728501047,-1.3475968213905272,-1.51336244211737,-1.3537299166410584
2020-06-06 13:30:00,1.2745907200670088,18039.3196429,103280.232143,154431120.232,0.15578488705612106,-0.08499721296706737,0.9539233129805565,13,30,5,158,6,-0.34950378728501047,-1.3475968213905272,-1.51336244211737,-1.3537299166410584
2020-06-06 13:45:00,1.7165987929089686,21893.8250023,109277.589286,154437117.589,0.6939296357997206,1.1456094988467258,1.6931777696412154,13,45,5,158,6,-0.34950378728501047,-1.3475968213905272,-1.51336244211737,-1.3537299166410584
2020-06-06 14:00:00,1.073040917493149,16278.775,113311.214286,154441151.214,0.661594289013381,0.9182765817095296,0.7080308476839282,14,0,5,158,6,-0.6901415719735813,-1.2060832623550382,-1.51336244211737,-1.3537299166410584
2020-06-06 14:15:00,2.1500380996530186,25675.475003,119002.82143,154446842.82,0.45434177491573974,1.4159304357972078,2.275841588645413,14,15,5,158,6,-0.6901415719735813,-1.2060832623550382,-1.51336244211737,-1.3537299166410584
2020-06-06 14:30:00,0.33141631151795437,9758.7785714,123729.964286,154451569.964,0.643555897527705,1.2585585284716665,0.3717853404564092,14,30,5,158,6,-0.6901415719735813,-1.2060832623550382,-1.51336244211737,-1.3537299166410584
2020-06-06 14:45:00,-0.18831684339491625,5212.4803572,125010.839287,154452850.838,-0.14827518884653754,-0.34112204827282927,-0.27884960832177913,14,45,5,158,6,-0.6901415719735813,-1.2060832623550382,-1.51336244211737,-1.3537299166410584
2020-06-06 15:00:00,0.2173747244450781,8795.9767857,126712.410715,154454552.41,-0.22733243398510583,-0.40499290443160646,0.05639939441743047,15,0,5,158,6,-0.98265386908823,-0.980967699107014,-1.51336244211737,-1.3537299166410584
2020-06-06 15:15:00,0.4357447485162185,10706.4089287,129260.125,154457100.125,0.01855550150766241,-0.032653867542805186,0.28351484706029967,15,15,5,158,6,-0.98265386908823,-0.980967699107014,-1.51336244211737,-1.3537299166410584
2020-06-06 15:30:00,0.2749647278500821,9302.2035715,131833.999999,154459674.001,0.19067881451158245,0.1956299278283309,0.1641305048480209,15,30,5,158,6,-0.98265386908823,-0.980967699107014,-1.51336244211737,-1.3537299166410584
2020-06-06 15:45:00,0.030427352196273065,7151.175,133813.714286,154461653.714,0.20758877282191174,0.10162431084369607,-0.05479549397226031,15,45,5,158,6,-0.98265386908823,-0.980967699107014,-1.51336244211737,-1.3537299166410584
2020-06-06 16:00:00,-0.12429812834095047,5777.3214287,135497.071429,154463337.071,0.11274974332400489,-0.02982884955653187,-0.19802031853530633,16,0,5,158,6,-1.2071064489800205,-0.6875913852607494,-1.51336244211737,-1.3537299166410584
2020-06-06 16:15:00,-0.40216499900510466,3314.5517857,136663.732143,154464503.732,0.038085864824720234,-0.19559723975758275,-0.4372965518406607,16,15,5,158,6,-1.2071064489800205,-0.6875913852607494,-1.51336244211737,-1.3537299166410584
2020-06-06 16:30:00,-0.4455690913727727,2924.4464285999998,137406.624999,154465246.626,-0.07420931004706094,-0.3211526902959976,-0.4854311850438328,16,30,5,158,6,-1.2071064489800205,-0.6875913852607494,-1.51336244211737,-1.3537299166410584
2020-06-06 16:45:00,-0.46513217688132374,2751.4000001,138126.76785899999,154465966.766,-0.16270113714218104,-0.3602960729863063,-0.502674985493135,16,45,5,158,6,-1.2071064489800205,-0.6875913852607494,-1.51336244211737,-1.3537299166410584
2020-06-06 17:00:00,-0.5527914924243019,1982.03392858,138706.571428,154466546.572,-0.2821974679487364,-0.4291952451744187,-0.5735265131876455,17,0,5,158,6,-1.3482032392547534,-0.3459474317775844,-1.51336244211737,-1.3537299166410584
2020-06-06 17:15:00,-0.6223909693995191,1370.6517857000001,139129.642858,154466969.642,-0.3657502597897497,-0.5053792762403114,-0.6318142461936753,17,15,5,158,6,-1.3482032392547534,-0.3459474317775844,-1.51336244211737,-1.3537299166410584
2020-06-06 17:30:00,-0.6692196653974027,962.1428571399999,139417.589285,154467257.59,-0.394063915282764,-0.5571363170344655,-0.6707494896207804,17,30,5,158,6,-1.3482032392547534,-0.3459474317775844,-1.51336244211737,-1.3537299166410584
2020-06-06 17:45:00,-0.6992064689338989,701.0607143,139626.946428,154467466.947,-0.4338131821032738,-0.5920965607327922,-0.6952909083492563,17,45,5,158,6,-1.3482032392547534,-0.3459474317775844,-1.51336244211737,-1.3537299166410584
2020-06-06 18:00:00,-0.7262440376290018,466.09285715,139747.982143,154467587.982,-0.4787497593279515,-0.6213574090649153,-0.7127930870602565,18,0,5,158,6,-1.3963287268286755,0.02068169050592892,-1.51336244211737,-1.3537299166410584
2020-06-06 18:15:00,-0.7680363296201216,103.639285727,63088.392857,68239491.39299999,-0.5303222893697299,-0.6523103542040718,-0.737249855050916,18,15,5,158,6,-1.3963287268286755,0.02068169050592892,-1.51336244211737,-1.3537299166410584
2020-06-06 18:30:00,-0.7800000755197538,0.0,63099.0,68239502.0,-0.5950729529850061,-0.6816736149087695,-0.7590813054109575,18,30,5,158,6,-1.3963287268286755,0.02068169050592892,-1.51336244211737,-1.3537299166410584
2020-06-06 18:45:00,-0.7800000755197538,0.0,63099.0,68239502.0,-0.6615262290403435,-0.7204709633935752,-0.7659021283190262,18,45,5,158,6,-1.3963287268286755,0.02068169050592892,-1.51336244211737,-1.3537299166410584
2020-06-06 19:00:00,-0.7800000755197538,0.0,63099.0,68239502.0,-0.7115554420241956,-0.7360625977595685,-0.7659021283190262,19,0,5,158,6,-1.3482032392547536,0.38731081278944235,-1.51336244211737,-1.3537299166410584
2020-06-06 19:15:00,-0.7800000755197538,0.0,63099.0,68239502.0,-0.770953818407416,-0.7611085757435118,-0.7659021283190262,19,15,5,158,6,-1.3482032392547536,0.38731081278944235,-1.51336244211737,-1.3537299166410584
2020-06-06 19:30:00,-0.7800000755197538,0.0,63099.0,154467647.0,-0.8122151771674383,-0.7860342940871744,-0.7659021283190262,19,30,5,158,6,-1.3482032392547536,0.38731081278944235,-1.51336244211737,-1.3537299166410584
2020-06-06 19:45:00,-0.7800000755197538,0.0,63099.0,154467647.0,-0.9291876942607418,-0.8277637567554108,-0.7659021283190262,19,45,5,158,6,-1.3482032392547536,0.38731081278944235,-1.51336244211737,-1.3537299166410584
2020-06-06 20:00:00,-0.7800000755197538,0.0,63099.0,154467647.0,-0.980587274646737,-0.8540118593527379,-0.7659021283190262,20,0,5,158,6,-1.207106448980021,0.7289547662726072,-1.51336244211737,-1.3537299166410584
2020-06-06 20:15:00,-0.7800000755197538,0.0,63099.0,154467647.0,-0.9923482300031023,-0.8895427919699922,-0.7659021283190262,20,15,5,158,6,-1.207106448980021,0.7289547662726072,-1.51336244211737,-1.3537299166410584
2020-06-06 20:30:00,-0.7800000755197538,0.0,63099.0,154467647.0,-1.0089247492317135,-0.9098192004225819,-0.7659021283190262,20,30,5,158,6,-1.207106448980021,0.7289547662726072,-1.51336244211737,-1.3537299166410584
2020-06-06 20:45:00,-0.7800000755197538,0.0,63099.0,154467647.0,-1.0505449470310562,-0.9088911610179805,-0.7659021283190262,20,45,5,158,6,-1.207106448980021,0.7289547662726072,-1.51336244211737,-1.3537299166410584
2020-06-06 21:00:00,-0.7800000755197538,0.0,63099.0,154467647.0,-1.0515848557600183,-0.8942350850615164,-0.7659021283190262,21,0,5,158,6,-0.9826538690882308,1.0223310801188716,-1.51336244211737,-1.3537299166410584
2020-06-06 21:15:00,-0.7800000755197538,0.0,63099.0,154467647.0,-1.0439170261396313,-0.8866274600100307,-0.7659021283190262,21,15,5,158,6,-0.9826538690882308,1.0223310801188716,-1.51336244211737,-1.3537299166410584
2020-06-06 21:30:00,-0.7800000755197538,0.0,63099.0,154467647.0,-1.0437397435420035,-0.8807124650283384,-0.7659021283190262,21,30,5,158,6,-0.9826538690882308,1.0223310801188716,-1.51336244211737,-1.3537299166410584
2020-06-06 21:45:00,-0.7800000755197538,0.0,63099.0,154467647.0,-1.0416813248532883,-0.8841564033283281,-0.7659021283190262,21,45,5,158,6,-0.9826538690882308,1.0223310801188716,-1.51336244211737,-1.3537299166410584
2020-06-06 22:00:00,-0.7800000755197538,0.0,63099.0,154467647.0,-1.049615962150567,-0.8974660545089704,-0.7659021283190262,22,0,5,158,6,-0.6901415719735823,1.2474466433668958,-1.51336244211737,-1.3537299166410584
2020-06-06 22:15:00,-0.7800000755197538,0.0,63099.0,154467647.0,-1.060548928047728,-0.905369688534494,-0.7659021283190262,22,15,5,158,6,-0.6901415719735823,1.2474466433668958,-1.51336244211737,-1.3537299166410584
2020-06-06 22:30:00,-0.7800000755197538,0.0,63099.0,154467647.0,-1.0586058897174184,-0.906163616798603,-0.7659021283190262,22,30,5,158,6,-0.6901415719735823,1.2474466433668958,-1.51336244211737,-1.3537299166410584
2020-06-06 22:45:00,-0.7800000755197538,0.0,63099.0,154467647.0,-1.069596752636016,-0.900738318491467,-0.7659021283190262,22,45,5,158,6,-0.6901415719735823,1.2474466433668958,-1.51336244211737,-1.3537299166410584
2020-06-06 23:00:00,-0.7800000755197538,0.0,63099.0,154467647.0,-1.0677830363678777,-0.8987785559964547,-0.7659021283190262,23,0,5,158,6,-0.3495037872850116,1.3889602024023853,-1.51336244211737,-1.3537299166410584
2020-06-06 23:15:00,-0.7800000755197538,0.0,63099.0,154467647.0,-1.0483299487718647,-0.9032073324805374,-0.7659021283190262,23,15,5,158,6,-0.3495037872850116,1.3889602024023853,-1.51336244211737,-1.3537299166410584
2020-06-06 23:30:00,-0.7800000755197538,0.0,63099.0,154467647.0,-1.0802066309650336,-0.9087137889360156,-0.7659021283190262,23,30,5,158,6,-0.3495037872850116,1.3889602024023853,-1.51336244211737,-1.3537299166410584
2020-06-06 23:45:00,-0.7800000755197538,0.0,58519.375,154467647.0,-1.0683847511690923,-0.9046369788353289,-0.7659021283190262,23,45,5,158,6,-0.3495037872850116,1.3889602024023853,-1.51336244211737,-1.3537299166410584
2020-06-07 00:00:00,-0.7800000755197538,0.0,3313.8571429,154467647.0,-1.0875902593571045,-0.8971374246668246,-0.7659021283190262,0,0,6,159,6,0.016045582881512335,1.437227842039285,-1.6725255012724296,-1.45526929393486
2020-06-07 00:15:00,-0.7800000755197538,0.0,0.0,154467647.0,-1.0742059121359675,-0.8894350477104518,-0.7659021283190262,0,15,6,159,6,0.016045582881512335,1.437227842039285,-1.6725255012724296,-1.45526929393486
2020-06-07 00:30:00,-0.7800000755197538,0.0,0.0,154467647.0,-1.039972977242219,-0.8799027033040895,-0.7659021283190262,0,30,6,159,6,0.016045582881512335,1.437227842039285,-1.6725255012724296,-1.45526929393486
2020-06-07 00:45:00,-0.7800000755197538,0.0,0.0,154467647.0,-1.016881373589747,-0.8636623895997544,-0.7659021283190262,0,45,6,159,6,0.016045582881512335,1.437227842039285,-1.6725255012724296,-1.45526929393486
2020-06-07 01:00:00,-0.7800000755197538,0.0,0.0,154467647.0,-1.0290796874461385,-0.860416535455489,-0.7659021283190262,1,0,6,159,6,0.38159495304803503,1.3889602024023857,-1.6725255012724296,-1.45526929393486
2020-06-07 01:15:00,-0.7800000755197538,0.0,0.0,154467647.0,-1.0398522633090868,-0.858487443716295,-0.7659021283190262,1,15,6,159,6,0.38159495304803503,1.3889602024023857,-1.6725255012724296,-1.45526929393486
2020-06-07 01:30:00,-0.7800000755197538,0.0,0.0,154467647.0,-1.032528462018251,-0.8573920386832433,-0.7659021283190262,1,30,6,159,6,0.38159495304803503,1.3889602024023857,-1.6725255012724296,-1.45526929393486
2020-06-07 01:45:00,-0.7800000755197538,0.0,0.0,154467647.0,-1.0341146410848998,-0.8640539748140302,-0.7659021283190262,1,45,6,159,6,0.38159495304803503,1.3889602024023857,-1.6725255012724296,-1.45526929393486
2020-06-07 02:00:00,-0.7800000755197538,0.0,0.0,154467647.0,-1.0515039052315083,-0.8792481395593104,-0.7659021283190262,2,0,6,159,6,0.7222327377366062,1.2474466433668963,-1.6725255012724296,-1.45526929393486
2020-06-07 02:15:00,-0.7800000755197538,0.0,0.0,154467647.0,-1.0830385643902831,-0.889922670585382,-0.7659021283190262,2,15,6,159,6,0.7222327377366062,1.2474466433668963,-1.6725255012724296,-1.45526929393486
2020-06-07 02:30:00,-0.7800000755197538,0.0,0.0,154467647.0,-1.0950222700278864,-0.8901620803831419,-0.7659021283190262,2,30,6,159,6,0.7222327377366062,1.2474466433668963,-1.6725255012724296,-1.45526929393486
2020-06-07 02:45:00,-0.7800000755197538,0.0,0.0,154467647.0,-1.108234994607047,-0.8924038681472527,-0.7659021283190262,2,45,6,159,6,0.7222327377366062,1.2474466433668963,-1.6725255012724296,-1.45526929393486
2020-06-07 03:00:00,-0.7800000755197538,0.0,0.0,154467647.0,-1.1213899913993264,-0.8924535304637836,-0.7659021283190262,3,0,6,159,6,1.0147450348512552,1.0223310801188719,-1.6725255012724296,-1.45526929393486
2020-06-07 03:15:00,-0.7800000755197538,0.0,0.0,154467647.0,-1.1165053556525317,-0.8965102609995957,-0.7659021283190262,3,15,6,159,6,1.0147450348512552,1.0223310801188719,-1.6725255012724296,-1.45526929393486
2020-06-07 03:30:00,-0.7800000755197538,0.0,0.0,154467647.0,-1.1331199445970892,-0.9121606016704152,-0.7659021283190262,3,30,6,159,6,1.0147450348512552,1.0223310801188719,-1.6725255012724296,-1.45526929393486
2020-06-07 03:45:00,-0.7800000755197538,0.0,0.0,154467647.0,-1.1509413908153685,-0.9128972389979424,-0.7659021283190262,3,45,6,159,6,1.0147450348512552,1.0223310801188719,-1.6725255012724296,-1.45526929393486
2020-06-07 04:00:00,-0.7800000755197538,0.0,0.0,154467647.0,-1.1263818278344004,-0.8996265234052679,-0.7659021283190262,4,0,6,159,6,1.2391976147430457,0.7289547662726072,-1.6725255012724296,-1.45526929393486
2020-06-07 04:15:00,-0.7800000755197538,0.0,0.0,154467647.0,-1.119184639509734,-0.8942697226997602,-0.7659021283190262,4,15,6,159,6,1.2391976147430457,0.7289547662726072,-1.6725255012724296,-1.45526929393486
2020-06-07 04:30:00,-0.7800000755197538,0.0,0.0,154467647.0,-1.1183789514040279,-0.886477000662705,-0.7659021283190262,4,30,6,159,6,1.2391976147430457,0.7289547662726072,-1.6725255012724296,-1.45526929393486
2020-06-07 04:45:00,-0.7800000755197538,0.0,0.0,154467647.0,-1.1200230462959533,-0.8886067721400467,-0.7659021283190262,4,45,6,159,6,1.2391976147430457,0.7289547662726072,-1.6725255012724296,-1.45526929393486
2020-06-07 05:00:00,-0.7800000755197538,0.0,0.0,154467647.0,-1.1111525231091328,-0.8820108139443434,-0.7659021283190262,5,0,6,159,6,1.3802944050177781,0.38731081278944296,-1.6725255012724296,-1.45526929393486
2020-06-07 05:15:00,-0.7800000755197538,0.0,0.0,154467647.0,-1.0844134823215539,-0.8684132105012081,-0.7659021283190262,5,15,6,159,6,1.3802944050177781,0.38731081278944296,-1.6725255012724296,-1.45526929393486
2020-06-07 05:30:00,-0.7800000755197538,0.0,0.0,154467647.0,-1.0496675598858138,-0.8509348384204791,-0.7659021283190262,5,30,6,159,6,1.3802944050177781,0.38731081278944296,-1.6725255012724296,-1.45526929393486
2020-06-07 05:45:00,-0.7800000755197538,0.0,0.0,154467647.0,-1.0506438874613215,-0.8435056597532281,-0.7651130572478635,5,45,6,159,6,1.3802944050177781,0.38731081278944296,-1.6725255012724296,-1.45526929393486
2020-06-07 06:00:00,-0.7652079748353704,128.26607143,1.8035714299999999,154467648.805,-1.0790090144352324,-0.8468330234808087,-0.7429461793737749,6,0,6,159,6,1.4284198925917004,0.020681690505929266,-1.6725255012724296,-1.45526929393486
2020-06-07 06:15:00,-0.6820621775107658,850.41607142,107.982142857,154467754.982,-1.0847164685854045,-0.8328420772782154,-0.672395913153841,6,15,6,159,6,1.4284198925917004,0.020681690505929266,-1.6725255012724296,-1.45526929393486
2020-06-07 06:30:00,-0.586093153214041,1689.54464285,421.32142857,154468068.322,-1.0856203315364872,-0.7968443945792613,-0.5841959469381102,6,30,6,159,6,1.4284198925917004,0.020681690505929266,-1.6725255012724296,-1.45526929393486
2020-06-07 06:45:00,-0.4183052702143201,3173.9928571,990.83928571,154468637.839,-1.0544454462364758,-0.6892032339873441,-0.42007983900324214,6,45,6,159,6,1.4284198925917004,0.020681690505929266,-1.6725255012724296,-1.45526929393486
2020-06-07 07:00:00,-0.3489449687819197,3794.2089285,1929.91071429,154469576.911,-0.9753187397152574,-0.5238628189994966,-0.3512619252537897,7,0,6,159,6,1.3802944050177781,-0.3459474317775844,-1.6725255012724296,-1.45526929393486
2020-06-07 07:15:00,-0.3272839780450052,3985.7321428,2874.9821429,154470521.982,-0.9683258551054019,-0.48736265465129575,-0.35757827625640964,7,15,6,159,6,1.3802944050177781,-0.3459474317775844,-1.6725255012724296,-1.45526929393486
2020-06-07 07:30:00,-0.27538945329114206,4443.157143,3937.4285713,154471584.429,-0.9311140911932053,-0.4238050770329375,-0.3176784140435366,7,30,6,159,6,1.3802944050177781,-0.3459474317775844,-1.6725255012724296,-1.45526929393486
2020-06-07 07:45:00,-0.16755986853790328,5394.3785715,5126.4107143,154472773.411,-0.9325515883019154,-0.37143084236325435,-0.21958379121205457,7,45,6,159,6,1.3802944050177781,-0.3459474317775844,-1.6725255012724296,-1.45526929393486
2020-06-07 08:00:00,0.04646423914829788,7296.4964287,6712.0357144,154474359.035,-0.8565239358324536,-0.22568852781814874,-0.03325799852469157,8,0,6,159,6,1.239197614743046,-0.6875913852607484,-1.6725255012724296,-1.45526929393486
2020-06-07 08:15:00,0.08687814058469864,7653.5607143,8619.9107143,154476266.91,-0.7649249502308061,-0.0945544274154379,0.0008176568111053805,8,15,6,159,6,1.239197614743046,-0.6875913852607484,-1.6725255012724296,-1.45526929393486
2020-06-07 08:30:00,0.10516443047129899,7814.6196429,10521.1607142,154478168.161,-0.7745420986638523,-0.10896684746940835,0.019932281900446557,8,30,6,159,6,1.239197614743046,-0.6875913852607484,-1.6725255012724296,-1.45526929393486
2020-06-07 08:45:00,0.4464818004145944,10804.35,12731.8035715,154480378.803,-0.7072366326080345,0.00972209697416634,0.3350271444896496,8,45,6,159,6,1.239197614743046,-0.6875913852607484,-1.6725255012724296,-1.45526929393486
2020-06-07 09:00:00,1.4714733197502448,19779.9767857,16571.4107144,154484218.409,-0.5440062569674707,0.5430839032151258,1.2691390406625715,9,0,6,159,6,1.0147450348512554,-0.9809676991070133,-1.6725255012724296,-1.45526929393486
2020-06-07 09:15:00,1.2718595862438697,18034.4464285,21285.9821428,154488932.983,-0.42934288895710976,0.8174318535231084,1.143651489717621,9,15,6,159,6,1.0147450348512554,-0.9809676991070133,-1.6725255012724296,-1.45526929393486
2020-06-07 09:30:00,0.9181009146395124,14935.6678571,25709.660716,154493356.659,-0.35254426698508623,0.7936721704948476,0.7657571853749167,9,30,6,159,6,1.0147450348512554,-0.9809676991070133,-1.6725255012724296,-1.45526929393486
2020-06-07 09:45:00,0.7364068545319606,13344.1964286,28962.374999,154496609.376,-0.4093769911124476,0.5050466541380383,0.6214063559209164,9,45,6,159,6,1.0147450348512554,-0.9809676991070133,-1.6725255012724296,-1.45526929393486
2020-06-07 10:00:00,0.8575372220455814,14406.2428571,32563.80357,154500210.805,-0.2908189718907116,0.6014492257592576,0.7031779293843718,10,0,6,159,6,0.7222327377366062,-1.206083262355038,-1.6725255012724296,-1.45526929393486
2020-06-07 10:15:00,1.128493053718192,16777.7017857,36294.267857,154503941.268,-0.23172311704788123,0.622048826255119,0.9663234012369321,10,15,6,159,6,0.7222327377366062,-1.206083262355038,-1.6725255012724296,-1.45526929393486
2020-06-07 10:30:00,1.5728946708604905,20661.7660714,40973.357143,154508620.357,-0.06346453297436681,0.9336177632947574,1.3441587782828421,10,30,6,159,6,0.7222327377366062,-1.206083262355038,-1.6725255012724296,-1.45526929393486
2020-06-07 10:45:00,2.4225258077586784,28052.47857,47133.875,154514780.875,0.2099187713333292,1.609092733995641,2.5819525753567802,10,45,6,159,6,0.7222327377366062,-1.206083262355038,-1.6725255012724296,-1.45526929393486
2020-06-07 11:00:00,2.021900665097507,24566.551786,53543.339286,154521190.339,0.3283683488133889,1.696556306390334,1.9712031338710176,11,0,6,159,6,0.3815949530480355,-1.3475968213905272,-1.6725255012724296,-1.45526929393486
2020-06-07 11:15:00,2.5311067176773676,28999.726786,60431.517856,154528078.519,0.4387675137571358,2.055771628972911,2.760615057942324,11,15,6,159,6,0.3815949530480355,-1.3475968213905272,-1.6725255012724296,-1.45526929393486
2020-06-07 11:30:00,2.06620956861339,24954.532143,67128.178571,154534775.179,0.5493709260041759,1.9704672708257418,1.9949144816255149,11,30,6,159,6,0.3815949530480355,-1.3475968213905272,-1.6725255012724296,-1.45526929393486
2020-06-07 11:45:00,1.9394831301861146,23855.1428573,73091.57143,154540738.57,0.5283996056719642,1.686779222521175,1.8996691737401261,11,45,6,159,6,0.3815949530480355,-1.3475968213905272,-1.6725255012724296,-1.45526929393486
2020-06-07 12:00:00,2.4348865890291256,28154.635715,79695.839285,154547342.84,0.6009484847298542,1.9036955007988992,2.5162006864799866,12,0,6,159,6,0.016045582881512508,-1.3958644610274267,-1.6725255012724296,-1.45526929393486
2020-06-07 12:15:00,2.053058295460806,24809.6964287,86498.410715,154554145.41,0.8001067545416012,2.1895000223407104,2.5377845456123795,12,15,6,159,6,0.016045582881512508,-1.3958644610274267,-1.6725255012724296,-1.45526929393486
2020-06-07 12:30:00,1.8481479079517664,23015.158929,92361.071428,154560008.072,0.8386285443353828,2.1242820622367327,2.4806113764021935,12,30,6,159,6,0.016045582881512508,-1.3958644610274267,-1.6725255012724296,-1.45526929393486
2020-06-07 12:45:00,1.6286929453780687,21093.375,97971.767858,154565618.767,0.9971160839818799,2.0148370433321117,2.45492269835104,12,45,6,159,6,0.016045582881512508,-1.3958644610274267,-1.6725255012724296,-1.45526929393486
2020-06-07 13:00:00,1.4718421231841305,19719.926785,103008.892857,154570655.893,1.1765094689918834,1.9489895813518303,2.277172506698843,13,0,6,159,6,-0.34950378728501047,-1.3475968213905272,-1.6725255012724296,-1.45526929393486
2020-06-07 13:15:00,1.483911639007612,19826.3875,107957.267857,154575604.268,1.1541890860075426,1.9249315459559546,2.3135637374325047,13,15,6,159,6,-0.34950378728501047,-1.3475968213905272,-1.6725255012724296,-1.45526929393486
2020-06-07 13:30:00,1.212419601029052,17463.3696424,112725.910714,154580372.911,1.1222154512185565,1.866492173211697,1.9192258132278148,13,30,6,159,6,-0.34950378728501047,-1.3475968213905272,-1.6725255012724296,-1.45526929393486
2020-06-07 13:45:00,0.6261159291246996,12356.475,116428.017858,154584075.017,1.1395777506595006,1.4003688818947821,1.1428707511493346,13,45,6,159,6,-0.34950378728501047,-1.3475968213905272,-1.6725255012724296,-1.45526929393486
2020-06-07 14:00:00,1.5542662188225138,20480.0107138,120484.32143,154588131.32,1.13466678953758,1.260608909714847,1.696674279560333,14,0,6,159,6,-0.6901415719735813,-1.2060832623550382,-1.6725255012724296,-1.45526929393486
2020-06-07 14:15:00,1.3101012253712336,18339.2642856,125637.071429,154593284.071,1.3016434460380608,1.576918019065185,1.3558525917476805,14,15,6,159,6,-0.6901415719735813,-1.2060832623550382,-1.6725255012724296,-1.45526929393486
2020-06-07 14:30:00,0.9413387141184435,15115.644642899999,129463.12499899999,154597110.126,1.2310881016779933,1.1628468846716578,0.8722039071679552,14,30,6,159,6,-0.6901415719735813,-1.2060832623550382,-1.6725255012724296,-1.45526929393486
2020-06-07 14:45:00,0.32556853987447476,9739.98035718,132803.607143,154600450.607,1.1102191094008937,0.8445216802814116,0.28991785850864504,14,45,6,159,6,-0.6901415719735813,-1.2060832623550382,-1.6725255012724296,-1.45526929393486
2020-06-07 15:00:00,1.4628578321705865,19677.5392857,136482.821429,154604129.821,1.1670128719730697,1.0324635612067061,1.2634862047643096,15,0,6,159,6,-0.98265386908823,-0.980967699107014,-1.6725255012724296,-1.45526929393486
2020-06-07 15:15:00,0.9326488694135773,15057.2267857,140564.535714,154608211.536,1.2409249917779772,1.0611727662475336,0.8271822159626141,15,15,6,159,6,-0.98265386908823,-0.980967699107014,-1.6725255012724296,-1.45526929393486
2020-06-07 15:30:00,1.1450921919716623,16922.5000002,144537.857143,154612184.857,1.2272094901416057,1.0332777764156502,1.0293252979881335,15,30,6,159,6,-0.98265386908823,-0.980967699107014,-1.6725255012724296,-1.45526929393486
2020-06-07 15:45:00,0.7773237601868757,13696.7892857,148914.035714,154616561.036,1.2727723963932405,1.119644708014909,0.7177863446181122,15,45,6,159,6,-0.98265386908823,-0.980967699107014,-1.6725255012724296,-1.45526929393486
2020-06-07 16:00:00,1.010796634204619,15749.1857143,152294.857146,154619941.854,1.2213098043415014,0.8644312454305426,0.8766050721041712,16,0,6,159,6,-1.2071064489800205,-0.6875913852607494,-1.6725255012724296,-1.45526929393486
2020-06-07 16:15:00,0.7152997648961102,13158.8375,155903.0,154623550.0,1.2550948371538573,0.8655128004446683,0.7013285760241571,16,15,6,159,6,-1.2071064489800205,-0.6875913852607494,-1.6725255012724296,-1.45526929393486
2020-06-07 16:30:00,0.06730610838834673,7465.4392855,158503.499999,154626150.501,1.1016074210630729,0.5686792307198502,0.08502310707939363,16,30,6,159,6,-1.2071064489800205,-0.6875913852607494,-1.6725255012724296,-1.45526929393486
2020-06-07 16:45:00,0.4626079556864082,10942.3499999,160675.982142,154628322.983,0.9201108642266413,0.41059787135794407,0.37530128916902195,16,45,6,159,6,-1.2071064489800205,-0.6875913852607494,-1.6725255012724296,-1.45526929393486
2020-06-07 17:00:00,0.0386362612697546,7216.2053573,163176.017857,154630823.018,0.8539335909256512,0.34343750238828713,0.02194960882966181,17,0,6,159,6,-1.3482032392547534,-0.3459474317775844,-1.6725255012724296,-1.45526929393486
2020-06-07 17:15:00,0.05344307433765284,7354.7625001,164938.357144,154632585.356,0.7986985350107976,0.17800599575189135,0.040971228846161466,17,15,6,159,6,-1.3482032392547534,-0.3459474317775844,-1.6725255012724296,-1.45526929393486
2020-06-07 17:30:00,-0.24805584773626185,4683.3107144,166483.178572,154634130.178,0.6633560207244352,0.03576878178287175,-0.2602111732480581,17,30,6,159,6,-1.3482032392547534,-0.3459474317775844,-1.6725255012724296,-1.45526929393486
2020-06-07 17:45:00,-0.49173612809568945,2518.1321428,167345.249999,154634992.251,0.45317907711565864,-0.2005690965921151,-0.5052436973973975,17,45,6,159,6,-1.3482032392547534,-0.3459474317775844,-1.6725255012724296,-1.45526929393486
2020-06-07 18:00:00,-0.6172187741418661,1416.5589285800002,167839.857143,154635486.857,0.2760564625524324,-0.3674817109210074,-0.6176269666860148,18,0,6,159,6,-1.3963287268286755,0.02068169050592892,-1.6725255012724296,-1.45526929393486
2020-06-07 18:15:00,-0.7061149233173429,641.175,168089.303571,154635736.304,0.1344281914378378,-0.47281801135513407,-0.6961417492412182,18,15,6,159,6,-1.3963287268286755,0.02068169050592892,-1.6725255012724296,-1.45526929393486
2020-06-07 18:30:00,-0.7651789477161918,128.403571429,168189.089286,154635836.089,-0.02821997032607683,-0.5856192601671584,-0.7467958895343687,18,30,6,159,6,-1.3963287268286755,0.02068169050592892,-1.6725255012724296,-1.45526929393486
2020-06-07 18:45:00,-0.7800000755197538,0.0,168197.0,154635844.0,-0.0947013017097595,-0.6423319977122637,-0.7657024813580273,18,45,6,159,6,-1.3963287268286755,0.02068169050592892,-1.6725255012724296,-1.45526929393486
2020-06-07 19:00:00,-0.7800000755197538,0.0,168197.0,154635844.0,-0.18147688358127462,-0.6777874647611473,-0.7659021283190262,19,0,6,159,6,-1.3482032392547536,0.38731081278944235,-1.6725255012724296,-1.45526929393486
2020-06-07 19:15:00,-0.7800000755197538,0.0,168197.0,154635844.0,-0.265119181697714,-0.7187631531105233,-0.7659021283190262,19,15,6,159,6,-1.3482032392547536,0.38731081278944235,-1.6725255012724296,-1.45526929393486
2020-06-07 19:30:00,-0.7800000755197538,0.0,168197.0,154635844.0,-0.34773603123766983,-0.7399025592050328,-0.7659021283190262,19,30,6,159,6,-1.3482032392547536,0.38731081278944235,-1.6725255012724296,-1.45526929393486
2020-06-07 19:45:00,-0.7800000755197538,0.0,168197.0,154635844.0,-0.4159831559617141,-0.7481770715555718,-0.7659021283190262,19,45,6,159,6,-1.3482032392547536,0.38731081278944235,-1.6725255012724296,-1.45526929393486
2020-06-07 20:00:00,-0.7800000755197538,0.0,168197.0,154635844.0,-0.4786993314601423,-0.7631843506631054,-0.7659021283190262,20,0,6,159,6,-1.207106448980021,0.7289547662726072,-1.6725255012724296,-1.45526929393486
2020-06-07 20:15:00,-0.7800000755197538,0.0,168197.0,154635844.0,-0.5135734275807197,-0.7612675739607945,-0.7659021283190262,20,15,6,159,6,-1.207106448980021,0.7289547662726072,-1.6725255012724296,-1.45526929393486
2020-06-07 20:30:00,-0.7800000755197538,0.0,168197.0,154635844.0,-0.5307319874220346,-0.7557933754584902,-0.7659021283190262,20,30,6,159,6,-1.207106448980021,0.7289547662726072,-1.6725255012724296,-1.45526929393486
2020-06-07 20:45:00,-0.7800000755197538,0.0,168197.0,154635844.0,-0.5538512139145465,-0.7482992131690118,-0.7659021283190262,20,45,6,159,6,-1.207106448980021,0.7289547662726072,-1.6725255012724296,-1.45526929393486
2020-06-07 21:00:00,-0.7800000755197538,0.0,168197.0,154635844.0,-0.5650165388548676,-0.7379433473778865,-0.7659021283190262,21,0,6,159,6,-0.9826538690882308,1.0223310801188716,-1.6725255012724296,-1.45526929393486
2020-06-07 21:15:00,-0.7800000755197538,0.0,168197.0,154635844.0,-0.5995593046099974,-0.7524856702403954,-0.7659021283190262,21,15,6,159,6,-0.9826538690882308,1.0223310801188716,-1.6725255012724296,-1.45526929393486
2020-06-07 21:30:00,-0.7800000755197538,0.0,168197.0,154635844.0,-0.6438626168772504,-0.76074038817351,-0.7659021283190262,21,30,6,159,6,-0.9826538690882308,1.0223310801188716,-1.6725255012724296,-1.45526929393486
2020-06-07 21:45:00,-0.7800000755197538,0.0,168197.0,154635844.0,-0.690010322533452,-0.773457518509667,-0.7659021283190262,21,45,6,159,6,-0.9826538690882308,1.0223310801188716,-1.6725255012724296,-1.45526929393486
2020-06-07 22:00:00,-0.7800000755197538,0.0,168197.0,154635844.0,-0.7208454506617136,-0.7901827332269242,-0.7659021283190262,22,0,6,159,6,-0.6901415719735823,1.2474466433668958,-1.6725255012724296,-1.45526929393486
2020-06-07 22:15:00,-0.7800000755197538,0.0,168197.0,154635844.0,-0.755440989392052,-0.8116235712814918,-0.7659021283190262,22,15,6,159,6,-0.6901415719735823,1.2474466433668958,-1.6725255012724296,-1.45526929393486
2020-06-07 22:30:00,-0.7800000755197538,0.0,168197.0,154635844.0,-0.7912600093332495,-0.8308342918793415,-0.7659021283190262,22,30,6,159,6,-0.6901415719735823,1.2474466433668958,-1.6725255012724296,-1.45526929393486
2020-06-07 22:45:00,-0.7800000755197538,0.0,168197.0,154635844.0,-0.7912462261189884,-0.8199180076619327,-0.7659021283190262,22,45,6,159,6,-0.6901415719735823,1.2474466433668958,-1.6725255012724296,-1.45526929393486
2020-06-07 23:00:00,-0.7800000755197538,0.0,168197.0,154635844.0,-0.7827044692598039,-0.7996244474051549,-0.7659021283190262,23,0,6,159,6,-0.3495037872850116,1.3889602024023853,-1.6725255012724296,-1.45526929393486
2020-06-07 23:15:00,-0.7800000755197538,0.0,168197.0,154635844.0,-0.7614032919772737,-0.7730907566769081,-0.7659021283190262,23,15,6,159,6,-0.3495037872850116,1.3889602024023853,-1.6725255012724296,-1.45526929393486
2020-06-07 23:30:00,-0.7800000755197538,0.0,168197.0,154635844.0,-0.7304970007188981,-0.7514544007936532,-0.7659021283190262,23,30,6,159,6,-0.3495037872850116,1.3889602024023853,-1.6725255012724296,-1.45526929393486
2020-06-07 23:45:00,-0.7800000755197538,0.0,153216.5,154635844.0,-0.7257512877374054,-0.7451663344438417,-0.7659021283190262,23,45,6,159,6,-0.3495037872850116,1.3889602024023853,-1.6725255012724296,-1.45526929393486
2020-06-08 00:00:00,-0.7800000755197538,0.0,3853.6964286,154635844.0,-0.7320029438029332,-0.7477807725206831,-0.7659021283190262,0,0,0,160,6,0.016045582881512335,1.437227842039285,-1.8328659960074312,-1.5528065133979612
2020-06-08 00:15:00,-0.7800000755197538,0.0,0.0,154635844.0,-0.7486310849431543,-0.7587704340643033,-0.7659021283190262,0,15,0,160,6,0.016045582881512335,1.437227842039285,-1.8328659960074312,-1.5528065133979612
2020-06-08 00:30:00,-0.7800000755197538,0.0,0.0,154635844.0,-0.8050610120272625,-0.7789883421107444,-0.7659021283190262,0,30,0,160,6,0.016045582881512335,1.437227842039285,-1.8328659960074312,-1.5528065133979612
2020-06-08 00:45:00,-0.7800000755197538,0.0,0.0,154635844.0,-0.8712589319438853,-0.815586166867807,-0.7659021283190262,0,45,0,160,6,0.016045582881512335,1.437227842039285,-1.8328659960074312,-1.5528065133979612
2020-06-08 01:00:00,-0.7800000755197538,0.0,0.0,154635844.0,-0.9160678042365765,-0.8605554489233993,-0.7659021283190262,1,0,0,160,6,0.38159495304803503,1.3889602024023857,-1.8328659960074312,-1.5528065133979612
2020-06-08 01:15:00,-0.7800000755197538,0.0,0.0,154635844.0,-0.9379761762963684,-0.865330792505424,-0.7659021283190262,1,15,0,160,6,0.38159495304803503,1.3889602024023857,-1.8328659960074312,-1.5528065133979612
2020-06-08 01:30:00,-0.7800000755197538,0.0,0.0,154635844.0,-0.9360095955591603,-0.8350981120457526,-0.7659021283190262,1,30,0,160,6,0.38159495304803503,1.3889602024023857,-1.8328659960074312,-1.5528065133979612
2020-06-08 01:45:00,-0.7800000755197538,0.0,0.0,154635844.0,-0.9385271637114744,-0.8227735479051572,-0.7659021283190262,1,45,0,160,6,0.38159495304803503,1.3889602024023857,-1.8328659960074312,-1.5528065133979612
2020-06-08 02:00:00,-0.7800000755197538,0.0,0.0,154635844.0,-0.948085082736753,-0.8214690386933012,-0.7659021283190262,2,0,0,160,6,0.7222327377366062,1.2474466433668963,-1.8328659960074312,-1.5528065133979612
2020-06-08 02:15:00,-0.7800000755197538,0.0,0.0,154635844.0,-0.9660912820494206,-0.8262804456508117,-0.7659021283190262,2,15,0,160,6,0.7222327377366062,1.2474466433668963,-1.8328659960074312,-1.5528065133979612
