DATE_TIME,DC_POWER,AC_POWER,DAILY_YIELD,TOTAL_YIELD,AMBIENT_TEMPERATURE,MODULE_TEMPERATURE,IRRADIATION,hour,minute,day_of_week,day_of_year,month,hour_sin,hour_cos,day_sin,day_cos
2020-05-15 00:00:00,0.0,0.0,48899.938095238096,14189595055.0,27.004763700000005,25.0607889,0.0,0,0,4,136,5,0.0,1.0,0.717676913675962,-0.6963762255968722
2020-05-15 00:15:00,0.0,0.0,28401.0,14189595055.0,26.880811433333328,24.421868833333328,0.0,0,15,4,136,5,0.0,1.0,0.717676913675962,-0.6963762255968722
2020-05-15 00:30:00,0.0,0.0,28401.0,14189595055.0,26.682055344827592,24.427290310344823,0.0,0,30,4,136,5,0.0,1.0,0.717676913675962,-0.6963762255968722
2020-05-15 00:45:00,0.0,0.0,28401.0,14189595055.0,26.500588900000004,24.4206776,0.0,0,45,4,136,5,0.0,1.0,0.717676913675962,-0.6963762255968722
2020-05-15 01:00:00,0.0,0.0,26516.0,14189595055.0,26.596148,25.088210413793107,0.0,1,0,4,136,5,0.25881904510252074,0.9659258262890683,0.717676913675962,-0.6963762255968722
2020-05-15 01:15:00,0.0,0.0,18976.0,14189595055.0,26.512740033333333,25.31796966666667,0.0,1,15,4,136,5,0.25881904510252074,0.9659258262890683,0.717676913675962,-0.6963762255968722
2020-05-15 01:30:00,0.0,0.0,18976.0,14189595055.0,26.494338966666664,25.217192533333336,0.0,1,30,4,136,5,0.25881904510252074,0.9659258262890683,0.717676913675962,-0.6963762255968722
2020-05-15 01:45:00,0.0,0.0,18976.0,14189595055.0,26.420410206896552,25.065062310344832,0.0,1,45,4,136,5,0.25881904510252074,0.9659258262890683,0.717676913675962,-0.6963762255968722
2020-05-15 02:00:00,0.0,0.0,18976.0,14189595055.0,26.401946133333333,24.691469366666656,0.0,2,0,4,136,5,0.49999999999999994,0.8660254037844387,0.717676913675962,-0.6963762255968722
2020-05-15 02:15:00,0.0,0.0,18976.0,14189595055.0,26.226078206896556,24.55948079310345,0.0,2,15,4,136,5,0.49999999999999994,0.8660254037844387,0.717676913675962,-0.6963762255968722
2020-05-15 02:30:00,0.0,0.0,18976.0,14189595055.0,26.2603992,24.482406633333337,0.0,2,30,4,136,5,0.49999999999999994,0.8660254037844387,0.717676913675962,-0.6963762255968722
2020-05-15 02:45:00,0.0,0.0,18976.0,14189595055.0,26.2978261,24.4886982,0.0,2,45,4,136,5,0.49999999999999994,0.8660254037844387,0.717676913675962,-0.6963762255968722
2020-05-15 03:00:00,0.0,0.0,18976.0,14189595055.0,26.328249103448275,24.50628962068966,0.0,3,0,4,136,5,0.7071067811865475,0.7071067811865476,0.717676913675962,-0.6963762255968722
2020-05-15 03:15:00,0.0,0.0,18976.0,14189595055.0,26.15870973333333,24.595197433333333,0.0,3,15,4,136,5,0.7071067811865475,0.7071067811865476,0.717676913675962,-0.6963762255968722
2020-05-15 03:30:00,0.0,0.0,18976.0,14189595055.0,26.078499333333333,24.801314366666663,0.0,3,30,4,136,5,0.7071067811865475,0.7071067811865476,0.717676913675962,-0.6963762255968722
2020-05-15 03:45:00,0.0,0.0,18609.666666666668,14189595055.0,26.00130396551724,24.60781744827586,0.0,3,45,4,136,5,0.7071067811865475,0.7071067811865476,0.717676913675962,-0.6963762255968722
2020-05-15 04:00:00,0.0,0.0,13481.0,14189595055.0,25.6972106,24.626179,0.0,4,0,4,136,5,0.8660254037844386,0.5000000000000001,0.717676913675962,-0.6963762255968722
2020-05-15 04:15:00,0.0,0.0,13481.0,14189595055.0,25.6277024137931,24.773145068965515,0.0,4,15,4,136,5,0.8660254037844386,0.5000000000000001,0.717676913675962,-0.6963762255968722
2020-05-15 04:30:00,0.0,0.0,13481.0,14189595055.0,25.482045785714284,24.796690750000003,0.0,4,30,4,136,5,0.8660254037844386,0.5000000000000001,0.717676913675962,-0.6963762255968722
2020-05-15 04:45:00,0.0,0.0,13481.0,14189595055.0,25.23093168965517,24.43690427586207,0.0,4,45,4,136,5,0.8660254037844386,0.5000000000000001,0.717676913675962,-0.6963762255968722
2020-05-15 05:00:00,0.0,0.0,13481.0,14189595055.0,25.1175986,24.104579633333337,0.0,5,0,4,136,5,0.9659258262890683,0.25881904510252074,0.717676913675962,-0.6963762255968722
2020-05-15 05:15:00,0.0,0.0,13481.0,14028885659.357143,25.0918621,23.897232,0.0,5,15,4,136,5,0.9659258262890683,0.25881904510252074,0.717676913675962,-0.6963762255968722
2020-05-15 05:30:00,0.0,0.0,942.3809523809523,14189595055.0,24.916967827586213,23.83947131034483,0.0,5,30,4,136,5,0.9659258262890683,0.25881904510252074,0.717676913675962,-0.6963762255968722
2020-05-15 05:45:00,0.0,0.0,0.0,14189595055.0,24.741273799999995,23.7866618,0.002838054505,5,45,4,136,5,0.9659258262890683,0.25881904510252074,0.717676913675962,-0.6963762255968722
2020-05-15 06:00:00,331.99333333333334,320.43333333333334,25.933333333333334,14189595080.933332,24.74278656666667,24.07722983333333,0.0129619781466666,6,0,4,136,5,1.0,6.123233995736766e-17,0.717676913675962,-0.6963762255968722
2020-05-15 06:15:00,587.1795238095239,566.977619047619,141.64285714285714,14189595196.642859,24.76391089655172,24.356189448275863,0.0210376687241379,6,15,4,136,5,1.0,6.123233995736766e-17,0.717676913675962,-0.6963762255968722
2020-05-15 06:30:00,1284.2057142857143,1243.5561904761905,345.12857142857143,14189595400.12857,24.7863229,24.548886100000004,0.042435399,6,30,4,136,5,1.0,6.123233995736766e-17,0.717676913675962,-0.6963762255968722
2020-05-15 06:45:00,3450.8971428571426,3373.6585714285716,873.7619047619048,14189595928.761906,25.04824510344827,25.746662,0.1034958783448276,6,45,4,136,5,1.0,6.123233995736766e-17,0.717676913675962,-0.6963762255968722
2020-05-15 07:00:00,6733.253333333333,6614.38,2133.733333333333,14189597188.733334,25.6732025,28.67470703333333,0.1994504836666666,7,0,4,136,5,0.9659258262890683,-0.25881904510252063,0.717676913675962,-0.6963762255968722
2020-05-15 07:15:00,8379.64,8234.446666666667,4015.2,14189599070.199999,26.076818,30.72550493103449,0.317665025862069,7,15,4,136,5,0.9659258262890683,-0.25881904510252063,0.717676913675962,-0.6963762255968722
2020-05-15 07:30:00,10109.33238095238,9919.995238095238,6287.171428571429,14189601342.171429,26.424239066666665,32.206803566666665,0.3829133633333333,7,30,4,136,5,0.9659258262890683,-0.25881904510252063,0.717676913675962,-0.6963762255968722
2020-05-15 07:45:00,12052.23142857143,11813.325714285715,9009.366666666667,14189604064.366669,27.12028751724138,34.59156220689654,0.4482866631034482,7,45,4,136,5,0.9659258262890683,-0.25881904510252063,0.717676913675962,-0.6963762255968722
2020-05-15 08:00:00,12379.565238095238,12132.810476190476,11932.72380952381,14189606987.72381,27.678970266666667,35.705856366666666,0.4550275753333332,8,0,4,136,5,0.8660254037844387,-0.4999999999999998,0.717676913675962,-0.6963762255968722
2020-05-15 08:15:00,14071.28,13784.546666666667,15115.866666666667,14095471296.266666,27.953492333333333,36.78689773333334,0.509315263,8,15,4,136,5,0.8660254037844387,-0.4999999999999998,0.717676913675962,-0.6963762255968722
2020-05-15 08:30:00,16053.013333333332,15718.433333333332,18834.13333333333,14182503447.733334,28.526214655172414,38.617749482758605,0.5709116793103447,8,30,4,136,5,0.8660254037844387,-0.4999999999999998,0.717676913675962,-0.6963762255968722
2020-05-15 08:45:00,17777.12857142857,17399.511428571426,23057.97619047619,14189618112.97619,29.319021466666655,40.738035900000014,0.6253999813333333,8,45,4,136,5,0.8660254037844387,-0.4999999999999998,0.717676913675962,-0.6963762255968722
2020-05-15 09:00:00,18697.333333333332,18295.993333333332,27479.066666666666,14189622534.066668,29.572043620689648,41.47150403448277,0.6542055951724136,9,0,4,136,5,0.7071067811865476,-0.7071067811865475,0.717676913675962,-0.6963762255968722
2020-05-15 09:15:00,20195.25380952381,19754.621904761905,32279.542857142857,14189627334.542858,30.09140723333333,43.4653736,0.7024373413333334,9,15,4,136,5,0.7071067811865476,-0.7071067811865475,0.717676913675962,-0.6963762255968722
2020-05-15 09:30:00,19997.386666666665,19552.76761904762,37236.34285714286,14189632291.342857,30.638658379310343,44.1451964137931,0.7566826427586206,9,30,4,136,5,0.7071067811865476,-0.7071067811865475,0.717676913675962,-0.6963762255968722
2020-05-15 09:45:00,19059.164285714287,18627.731904761906,41758.799999999996,14189612533.585714,31.375120033333328,45.71952399999999,0.799745994,9,45,4,136,5,0.7071067811865476,-0.7071067811865475,0.717676913675962,-0.6963762255968722
2020-05-15 10:00:00,18570.720476190476,18142.809523809523,46538.72857142857,14189641593.72857,31.89209383333333,46.13117390000001,0.828095938,10,0,4,136,5,0.49999999999999994,-0.8660254037844387,0.717676913675962,-0.6963762255968722
2020-05-15 10:15:00,17465.253333333334,17041.513333333332,50936.0,14189645991.0,32.43747986206897,47.143508275862075,0.8748338506896551,10,15,4,136,5,0.49999999999999994,-0.8660254037844387,0.717676913675962,-0.6963762255968722
2020-05-15 10:30:00,18074.0,17622.486666666668,55344.13333333333,14189650399.133335,33.07413526666666,48.6802898,0.9080560733333332,10,30,4,136,5,0.49999999999999994,-0.8660254037844387,0.717676913675962,-0.6963762255968722
2020-05-15 10:45:00,18684.176666666666,18217.238095238095,59787.461904761905,14189654842.461906,33.19247010344828,50.249560172413794,0.943352708275862,10,45,4,136,5,0.49999999999999994,-0.8660254037844387,0.717676913675962,-0.6963762255968722
2020-05-15 11:00:00,17977.836666666666,17528.37714285714,64233.090476190475,14189659288.090477,33.46205666666668,51.61099133333334,0.9579001053333333,11,0,4,136,5,0.258819045102521,-0.9659258262890682,0.717676913675962,-0.6963762255968722
2020-05-15 11:15:00,17757.35523809524,17313.777619047618,68564.28095238096,14189663619.280952,34.2517951724138,54.89430189655173,0.9704477541379308,11,15,4,136,5,0.258819045102521,-0.9659258262890682,0.717676913675962,-0.6963762255968722
2020-05-15 11:30:00,18009.66,17559.64,72832.26666666666,14108649304.866667,34.651454666666666,56.08395293333334,0.987932009,11,30,4,136,5,0.258819045102521,-0.9659258262890682,0.717676913675962,-0.6963762255968722
2020-05-15 11:45:00,17059.7,16633.173333333332,77331.46666666667,14189672386.466667,35.15152596551724,55.593795275862064,0.9533445175862068,11,45,4,136,5,0.258819045102521,-0.9659258262890682,0.717676913675962,-0.6963762255968722
2020-05-15 12:00:00,16969.051904761905,16544.794761904763,81366.71904761904,14189676421.719048,35.16610503333333,57.4882405,0.9469201943333332,12,0,4,136,5,1.2246467991473532e-16,-1.0,0.717676913675962,-0.6963762255968722
2020-05-15 12:15:00,18008.725714285712,17558.46476190476,85608.61904761904,14189680663.619047,36.37757096551724,57.58858162068966,0.977187623448276,12,15,4,136,5,1.2246467991473532e-16,-1.0,0.717676913675962,-0.6963762255968722
2020-05-15 12:30:00,17661.64857142857,17220.08619047619,89946.31904761904,14189685001.319048,35.96635756666666,58.8881528,0.9562375366666666,12,30,4,136,5,1.2246467991473532e-16,-1.0,0.717676913675962,-0.6963762255968722
2020-05-15 12:45:00,17586.326666666668,17147.06,94303.73333333332,14189689358.733334,35.992946499999995,57.72948603333334,0.9790904166666669,12,45,4,136,5,1.2246467991473532e-16,-1.0,0.717676913675962,-0.6963762255968722
2020-05-15 13:00:00,17838.133333333335,17397.133333333335,98452.2,14181629233.333332,36.45858144827585,60.389376793103445,0.9264382120689656,13,0,4,136,5,-0.2588190451025208,-0.9659258262890683,0.717676913675962,-0.6963762255968722
2020-05-15 13:15:00,17768.745714285713,17331.82238095238,102696.79047619048,14189698058.457144,36.93956406666666,56.85950403333334,0.904246814,13,15,4,136,5,-0.2588190451025208,-0.9659258262890683,0.717676913675962,-0.6963762255968722
2020-05-15 13:30:00,18686.08761904762,18226.817142857144,107390.35714285714,14189702445.357143,36.89079344827587,57.14867327586207,0.8954739062068966,13,30,4,136,5,-0.2588190451025208,-0.9659258262890683,0.717676913675962,-0.6963762255968722
2020-05-15 13:45:00,17746.318571428572,17310.55904761905,111780.09523809524,14189706835.095238,36.614378066666674,52.980611200000006,0.8660270623333334,13,45,4,136,5,-0.2588190451025208,-0.9659258262890683,0.717676913675962,-0.6963762255968722
2020-05-15 14:00:00,18242.933333333334,17806.1,116177.46666666667,14189711232.466665,36.84276606896551,54.810004896551725,0.8379443868965518,14,0,4,136,5,-0.4999999999999997,-0.8660254037844388,0.717676913675962,-0.6963762255968722
2020-05-15 14:15:00,18774.32,18327.02,120732.4,14189715787.4,37.3528292,53.53894659999999,0.8261285799999998,14,15,4,136,5,-0.4999999999999997,-0.8660254037844388,0.717676913675962,-0.6963762255968722
2020-05-15 14:30:00,17019.533809523808,16642.04095238095,125301.52857142857,14189720356.528572,37.268465866666666,51.3589315,0.6810660216666665,14,30,4,136,5,-0.4999999999999997,-0.8660254037844388,0.717676913675962,-0.6963762255968722
2020-05-15 14:45:00,18272.444285714286,17867.47238095238,129353.90952380952,14189724408.909523,37.21659834482757,49.36587620689655,0.68664654,14,45,4,136,5,-0.4999999999999997,-0.8660254037844388,0.717676913675962,-0.6963762255968722
2020-05-15 15:00:00,20077.719523809523,19638.640476190474,134048.6476190476,14189729103.64762,37.115580266666655,50.190043166666655,0.6538071269999998,15,0,4,136,5,-0.7071067811865471,-0.7071067811865479,0.717676913675962,-0.6963762255968722
2020-05-15 15:15:00,19133.233333333334,18720.18,138921.06666666665,14189733976.066668,37.08661827586207,48.28441227586208,0.6051379079310345,15,15,4,136,5,-0.7071067811865471,-0.7071067811865479,0.717676913675962,-0.6963762255968722
2020-05-15 15:30:00,14042.306666666667,13755.333333333334,143026.13333333333,14189738081.133335,36.626162833333325,45.371701266666655,0.4486365886666666,15,30,4,136,5,-0.7071067811865471,-0.7071067811865479,0.717676913675962,-0.6963762255968722
2020-05-15 15:45:00,15855.710000000001,15524.318571428572,146637.6380952381,14189741692.638096,36.75573503333335,44.97519003333333,0.5056144153333334,15,45,4,136,5,-0.7071067811865471,-0.7071067811865479,0.717676913675962,-0.6963762255968722
2020-05-15 16:00:00,14186.605714285713,13895.899047619047,150335.12380952382,14189745390.12381,36.754657551724144,45.037737517241375,0.4504635889655172,16,0,4,136,5,-0.8660254037844384,-0.5000000000000004,0.717676913675962,-0.6963762255968722
2020-05-15 16:15:00,10408.01857142857,10206.89380952381,153348.16666666666,14189748403.166666,36.599552466666665,41.94711026666667,0.3271433133333333,16,15,4,136,5,-0.8660254037844384,-0.5000000000000004,0.717676913675962,-0.6963762255968722
2020-05-15 16:30:00,9310.133333333333,9140.826666666666,155705.7333333333,14189750760.733334,36.25738223333334,40.564846766666655,0.2918783699999999,16,30,4,136,5,-0.8660254037844384,-0.5000000000000004,0.717676913675962,-0.6963762255968722
2020-05-15 16:45:00,9733.8,9553.453333333333,158153.26666666666,14189753208.266665,36.28795296551724,40.679581068965526,0.3002540158620689,16,45,4,136,5,-0.8660254037844384,-0.5000000000000004,0.717676913675962,-0.6963762255968722
2020-05-15 17:00:00,6389.254285714286,6274.262380952381,160163.70952380952,14189755218.709524,36.00283696666666,39.219846633333326,0.203801124,17,0,4,136,5,-0.9659258262890683,-0.25881904510252063,0.717676913675962,-0.6963762255968722
2020-05-15 17:15:00,4269.249523809523,4184.69619047619,161404.39047619049,14189756459.390476,35.6273375862069,37.1342668275862,0.1339985576206896,17,15,4,136,5,-0.9659258262890683,-0.25881904510252063,0.717676913675962,-0.6963762255968722
2020-05-15 17:30:00,2091.0466666666666,2033.4999999999998,162237.20952380952,14189757292.209524,35.20957449999999,35.67895299999999,0.0668117974,17,30,4,136,5,-0.9659258262890683,-0.25881904510252063,0.717676913675962,-0.6963762255968722
2020-05-15 17:45:00,847.7733333333333,819.44,162551.3333333333,14189757606.333334,34.73165155172415,34.005620655172415,0.0281551489655172,17,45,4,136,5,-0.9659258262890683,-0.25881904510252063,0.717676913675962,-0.6963762255968722
2020-05-15 18:00:00,545.24,526.5133333333333,162719.2,14189757774.2,34.36776166666667,33.148010066666664,0.0178952295833333,18,0,4,136,5,-1.0,-1.8369701987210297e-16,0.717676913675962,-0.6963762255968722
2020-05-15 18:15:00,333.97809523809525,322.3,162827.1,14189757882.099998,33.98528399999999,32.47362655172414,0.010471804437931,18,15,4,136,5,-1.0,-1.8369701987210297e-16,0.717676913675962,-0.6963762255968722
2020-05-15 18:30:00,51.731904761904765,49.902857142857144,162874.9714285714,14189757929.97143,33.545849633333326,31.703619466666662,0.0026849175524666,18,30,4,136,5,-1.0,-1.8369701987210297e-16,0.717676913675962,-0.6963762255968722
2020-05-15 18:45:00,0.0,0.0,162876.0,14189757931.0,33.09357417241378,31.061414,0.0,18,45,4,136,5,-1.0,-1.8369701987210297e-16,0.717676913675962,-0.6963762255968722
2020-05-15 19:00:00,0.0,0.0,162876.0,14189757931.0,32.57998866666667,30.368819166666665,0.0,19,0,4,136,5,-0.9659258262890684,0.2588190451025203,0.717676913675962,-0.6963762255968722
2020-05-15 19:15:00,0.0,0.0,162876.0,14189757931.0,32.106470551724136,29.570269413793103,0.0,19,15,4,136,5,-0.9659258262890684,0.2588190451025203,0.717676913675962,-0.6963762255968722
2020-05-15 19:30:00,0.0,0.0,162876.0,14189757931.0,31.78520906666667,29.3748617,0.0,19,30,4,136,5,-0.9659258262890684,0.2588190451025203,0.717676913675962,-0.6963762255968722
2020-05-15 19:45:00,0.0,0.0,162876.0,14189757931.0,31.505344758620687,28.926431620689655,0.0,19,45,4,136,5,-0.9659258262890684,0.2588190451025203,0.717676913675962,-0.6963762255968722
2020-05-15 20:00:00,0.0,0.0,162876.0,14189757931.0,31.4473155,28.39059036666666,0.0,20,0,4,136,5,-0.8660254037844386,0.5000000000000001,0.717676913675962,-0.6963762255968722
2020-05-15 20:15:00,0.0,0.0,162312.13333333333,14070093458.2,30.79767863333333,27.45114633333333,0.0,20,15,4,136,5,-0.8660254037844386,0.5000000000000001,0.717676913675962,-0.6963762255968722
2020-05-15 20:30:00,0.0,0.0,162876.0,14189757931.0,30.55072879310345,27.475042827586208,0.0,20,30,4,136,5,-0.8660254037844386,0.5000000000000001,0.717676913675962,-0.6963762255968722
2020-05-15 20:45:00,0.0,0.0,162876.0,14189757931.0,31.04741058620689,29.370689551724137,0.0001204262175862,20,45,4,136,5,-0.8660254037844386,0.5000000000000001,0.717676913675962,-0.6963762255968722
2020-05-15 21:00:00,0.0,0.0,162876.0,14189757931.0,30.0076782,29.1692108,0.0,21,0,4,136,5,-0.7071067811865477,0.7071067811865474,0.717676913675962,-0.6963762255968722
2020-05-15 21:15:00,0.0,0.0,162199.92857142858,14182138924.857143,28.979583733333328,28.141885233333333,0.0,21,15,4,136,5,-0.7071067811865477,0.7071067811865474,0.717676913675962,-0.6963762255968722
2020-05-15 21:30:00,0.0,0.0,162876.0,14189757931.0,28.4271094137931,27.413927793103444,0.0,21,30,4,136,5,-0.7071067811865477,0.7071067811865474,0.717676913675962,-0.6963762255968722
2020-05-15 21:45:00,0.0,0.0,162876.0,14189757931.0,28.300552466666662,27.0304251,0.0,21,45,4,136,5,-0.7071067811865477,0.7071067811865474,0.717676913675962,-0.6963762255968722
2020-05-15 22:00:00,0.0,0.0,162876.0,14189757931.0,28.32985817241379,26.92777213793104,0.0,22,0,4,136,5,-0.5000000000000004,0.8660254037844384,0.717676913675962,-0.6963762255968722
2020-05-15 22:15:00,0.0,0.0,162876.0,14189757931.0,28.324165,26.87666233333333,0.0,22,15,4,136,5,-0.5000000000000004,0.8660254037844384,0.717676913675962,-0.6963762255968722
2020-05-15 22:30:00,0.0,0.0,162876.0,14189757931.0,28.22888173333333,26.848583,0.0,22,30,4,136,5,-0.5000000000000004,0.8660254037844384,0.717676913675962,-0.6963762255968722
2020-05-15 22:45:00,0.0,0.0,162402.93333333335,14079093121.2,28.145526758620687,26.78983489655172,0.0,22,45,4,136,5,-0.5000000000000004,0.8660254037844384,0.717676913675962,-0.6963762255968722
2020-05-15 23:00:00,0.0,0.0,162876.0,14189757931.0,27.70949446428571,26.52979492857143,0.0,23,0,4,136,5,-0.25881904510252157,0.9659258262890681,0.717676913675962,-0.6963762255968722
2020-05-15 23:30:00,0.0,0.0,162876.0,14189757931.0,26.95176844444444,25.081197222222222,0.0,23,30,4,136,5,-0.25881904510252157,0.9659258262890681,0.717676913675962,-0.6963762255968722
2020-05-15 23:45:00,0.0,0.0,149506.4,14189757931.0,26.75583189655173,24.81448375862069,0.0,23,45,4,136,5,-0.25881904510252157,0.9659258262890681,0.717676913675962,-0.6963762255968722
2020-05-16 00:00:00,0.0,0.0,51525.26666666666,14189757931.0,26.52780646666667,24.43326406666667,0.0,0,0,5,137,5,0.0,1.0,0.705583610107178,-0.7086266782644596
2020-05-16 00:15:00,0.0,0.0,27001.0,14189757931.0,26.687312620689656,24.52914206896552,0.0,0,15,5,137,5,0.0,1.0,0.705583610107178,-0.7086266782644596
2020-05-16 00:30:00,0.0,0.0,27001.0,14189757931.0,26.633027833333333,24.68845123333333,0.0,0,30,5,137,5,0.0,1.0,0.705583610107178,-0.7086266782644596
2020-05-16 00:45:00,0.0,0.0,27001.0,14189757931.0,26.676575733333333,24.88044036666667,0.0,0,45,5,137,5,0.0,1.0,0.705583610107178,-0.7086266782644596
2020-05-16 01:00:00,0.0,0.0,26160.8,14189757931.0,26.44045593103448,24.55380875862069,0.0,1,0,5,137,5,0.25881904510252074,0.9659258262890683,0.705583610107178,-0.7086266782644596
2020-05-16 01:15:00,0.0,0.0,22800.0,14189757931.0,26.193042,24.11722213333333,0.0,1,15,5,137,5,0.25881904510252074,0.9659258262890683,0.705583610107178,-0.7086266782644596
2020-05-16 01:30:00,0.0,0.0,22800.0,14189757931.0,26.00338010344827,23.934892206896556,0.0,1,30,5,137,5,0.25881904510252074,0.9659258262890683,0.705583610107178,-0.7086266782644596
2020-05-16 01:45:00,0.0,0.0,22800.0,14189757931.0,25.95458273333333,23.974197333333336,0.0,1,45,5,137,5,0.25881904510252074,0.9659258262890683,0.705583610107178,-0.7086266782644596
2020-05-16 02:00:00,0.0,0.0,22800.0,14189757931.0,25.73270810344827,23.781227931034483,0.0,2,0,5,137,5,0.49999999999999994,0.8660254037844387,0.705583610107178,-0.7086266782644596
2020-05-16 02:15:00,0.0,0.0,22800.0,14189757931.0,25.415572900000004,23.332380266666668,0.0,2,15,5,137,5,0.49999999999999994,0.8660254037844387,0.705583610107178,-0.7086266782644596
2020-05-16 02:30:00,0.0,0.0,22800.0,14182323126.6,25.19277224137931,22.96086503448276,0.0,2,30,5,137,5,0.49999999999999994,0.8660254037844387,0.705583610107178,-0.7086266782644596
2020-05-16 02:45:00,0.0,0.0,22800.0,14189757931.0,24.890646333333336,22.694644266666664,0.0,2,45,5,137,5,0.49999999999999994,0.8660254037844387,0.705583610107178,-0.7086266782644596
2020-05-16 03:00:00,0.0,0.0,22800.0,14189757931.0,24.73890786666667,22.36363426666667,0.0,3,0,5,137,5,0.7071067811865475,0.7071067811865476,0.705583610107178,-0.7086266782644596
2020-05-16 03:15:00,0.0,0.0,22800.0,14189757931.0,24.387892137931036,22.108074344827585,0.0,3,15,5,137,5,0.7071067811865475,0.7071067811865476,0.705583610107178,-0.7086266782644596
2020-05-16 03:30:00,0.0,0.0,22800.0,14189757931.0,24.3363027,21.9420616,0.0,3,30,5,137,5,0.7071067811865475,0.7071067811865476,0.705583610107178,-0.7086266782644596
2020-05-16 03:45:00,0.0,0.0,22517.4,14189757931.0,24.443725379310344,21.88146162068965,0.0,3,45,5,137,5,0.7071067811865475,0.7071067811865476,0.705583610107178,-0.7086266782644596
2020-05-16 04:00:00,0.0,0.0,18561.0,14189757931.0,24.145103033333328,21.844980999999997,0.0,4,0,5,137,5,0.8660254037844386,0.5000000000000001,0.705583610107178,-0.7086266782644596
2020-05-16 04:15:00,0.0,0.0,18561.0,14189757931.0,23.826843103448272,21.786381275862077,0.0,4,15,5,137,5,0.8660254037844386,0.5000000000000001,0.705583610107178,-0.7086266782644596
2020-05-16 04:30:00,0.0,0.0,18561.0,14189757931.0,23.926709899999995,21.9009552,0.0,4,30,5,137,5,0.8660254037844386,0.5000000000000001,0.705583610107178,-0.7086266782644596
2020-05-16 04:45:00,0.0,0.0,18561.0,14189757931.0,23.850604333333333,21.746985866666662,0.0,4,45,5,137,5,0.8660254037844386,0.5000000000000001,0.705583610107178,-0.7086266782644596
2020-05-16 05:00:00,0.0,0.0,18561.0,14189757931.0,23.555944965517245,21.469423448275865,0.0,5,0,5,137,5,0.9659258262890683,0.25881904510252074,0.705583610107178,-0.7086266782644596
2020-05-16 05:15:00,0.0,0.0,18561.0,14189757931.0,23.608172666666665,21.290091866666668,0.0,5,15,5,137,5,0.9659258262890683,0.25881904510252074,0.705583610107178,-0.7086266782644596
2020-05-16 05:30:00,0.0,0.0,631.0,14079093121.2,23.658127551724135,21.13980431034483,0.0,5,30,5,137,5,0.9659258262890683,0.25881904510252074,0.705583610107178,-0.7086266782644596
2020-05-16 05:45:00,0.0,0.0,0.0,14189599249.857143,23.7527953,21.5181203,0.001471635056,5,45,5,137,5,0.9659258262890683,0.25881904510252074,0.705583610107178,-0.7086266782644596
2020-05-16 06:00:00,313.557619047619,302.6719047619048,22.295238095238098,14189757953.29524,24.044604566666663,22.218803,0.0130386867233333,6,0,5,137,5,1.0,6.123233995736766e-17,0.705583610107178,-0.7086266782644596
2020-05-16 06:15:00,1032.84,998.9066666666666,179.79999999999998,14095618611.666666,23.967375551724135,22.682919206896557,0.0351802419310345,6,15,5,137,5,1.0,6.123233995736766e-17,0.705583610107178,-0.7086266782644596
2020-05-16 06:30:00,1892.047619047619,1836.4485714285713,533.347619047619,14189758464.34762,24.587146,23.915494766666665,0.0609255881666666,6,30,5,137,5,1.0,6.123233995736766e-17,0.705583610107178,-0.7086266782644596
2020-05-16 06:45:00,2790.5666666666666,2715.6866666666665,1101.0666666666666,14189759032.066668,25.354185862068967,25.459055931034484,0.0875569148620689,6,45,5,137,5,1.0,6.123233995736766e-17,0.705583610107178,-0.7086266782644596
2020-05-16 07:00:00,3700.975238095238,3625.84380952381,1899.5047619047618,14189759830.504763,25.97149146666667,27.4219574,0.1271157612,7,0,5,137,5,0.9659258262890683,-0.25881904510252063,0.705583610107178,-0.7086266782644596
2020-05-16 07:15:00,5537.123333333334,5433.604761904762,2946.4666666666667,14189760877.466665,26.566503000000004,28.13256420689656,0.1977868686206896,7,15,5,137,5,0.9659258262890683,-0.25881904510252063,0.705583610107178,-0.7086266782644596
2020-05-16 07:30:00,8557.279999999999,8408.233333333334,4722.0,14189762653.0,27.20900983333333,28.955779966666665,0.3151637090000001,7,30,5,137,5,0.9659258262890683,-0.25881904510252063,0.705583610107178,-0.7086266782644596
2020-05-16 07:45:00,8476.396666666666,8324.602380952381,6858.676190476191,14133869603.47619,27.765504866666664,34.27935109999999,0.3058852646666667,7,45,5,137,5,0.9659258262890683,-0.25881904510252063,0.705583610107178,-0.7086266782644596
2020-05-16 08:00:00,11957.473333333333,11720.873333333333,9299.599999999999,14189767230.6,28.175339344827588,37.61465024137932,0.4404601989655171,8,0,5,137,5,0.8660254037844387,-0.4999999999999998,0.705583610107178,-0.7086266782644596
2020-05-16 08:15:00,13697.88619047619,13420.211904761905,12439.485714285714,14189770370.485716,29.1131897,42.300315966666666,0.4899591566666666,8,15,5,137,5,0.8660254037844387,-0.4999999999999998,0.705583610107178,-0.7086266782644596
2020-05-16 08:30:00,15514.132857142857,15192.791428571429,15965.571428571428,14189773896.571428,29.58924068965517,45.436127724137926,0.5499689682758621,8,30,5,137,5,0.8660254037844387,-0.4999999999999998,0.705583610107178,-0.7086266782644596
2020-05-16 08:45:00,16532.306666666667,16185.933333333332,19910.6,14189777841.6,30.2332306,47.4030934,0.5789609316666666,8,45,5,137,5,0.8660254037844387,-0.4999999999999998,0.705583610107178,-0.7086266782644596
2020-05-16 09:00:00,18643.05904761905,18243.19761904762,24267.061904761904,14189782198.061905,30.441318862068968,48.825895,0.6565032462068967,9,0,5,137,5,0.7071067811865476,-0.7071067811865475,0.705583610107178,-0.7086266782644596
2020-05-16 09:15:00,19964.40476190476,19529.97857142857,28983.39523809524,14189786914.395237,31.131299866666662,51.06770406666666,0.7055703729999999,9,15,5,137,5,0.7071067811865476,-0.7071067811865475,0.705583610107178,-0.7086266782644596
2020-05-16 09:30:00,21194.826666666664,20727.341428571428,33962.40476190476,14189791893.404762,31.737163266666663,54.30058103333333,0.7526609196666668,9,30,5,137,5,0.7071067811865476,-0.7071067811865475,0.705583610107178,-0.7086266782644596
2020-05-16 09:45:00,21132.76523809524,20661.109047619047,39201.461904761905,14189797132.461903,32.11526058620689,56.264713862068966,0.7908359968965514,9,45,5,137,5,0.7071067811865476,-0.7071067811865475,0.705583610107178,-0.7086266782644596
2020-05-16 10:00:00,17822.166666666668,17418.533333333333,43924.53333333333,14189801855.533333,32.42292273333334,56.885681000000005,0.821054863,10,0,5,137,5,0.49999999999999994,-0.8660254037844387,0.705583610107178,-0.7086266782644596
2020-05-16 10:15:00,18617.789523809523,18185.29238095238,48401.719047619044,14189806332.71905,32.974314482758615,58.694732793103455,0.850826361724138,10,15,5,137,5,0.49999999999999994,-0.8660254037844387,0.705583610107178,-0.7086266782644596
2020-05-16 10:30:00,16596.39476190476,16192.338571428569,52618.00476190476,14182375744.604763,33.75172126666666,59.498480466666656,0.8944378663333334,10,30,5,137,5,0.49999999999999994,-0.8660254037844387,0.705583610107178,-0.7086266782644596
2020-05-16 10:45:00,17041.871428571427,16632.631904761904,56778.57142857143,14189814709.571428,33.87341937931034,59.90787155172414,0.8842393555172413,10,45,5,137,5,0.49999999999999994,-0.8660254037844387,0.705583610107178,-0.7086266782644596
2020-05-16 11:00:00,17570.84857142857,17139.98380952381,60999.74285714285,14189818930.742859,34.151093499999995,61.63474146666668,0.9198567633333332,11,0,5,137,5,0.258819045102521,-0.9659258262890682,0.705583610107178,-0.7086266782644596
2020-05-16 11:15:00,17782.994761904763,17346.83238095238,65264.6380952381,14189823195.638096,34.838311733333335,62.845888866666655,0.930322056,11,15,5,137,5,0.258819045102521,-0.9659258262890682,0.705583610107178,-0.7086266782644596
2020-05-16 11:30:00,18292.12,17839.440000000002,69717.46666666666,14189827648.466667,34.8309061724138,63.092098931034485,0.9810386655172416,11,30,5,137,5,0.258819045102521,-0.9659258262890682,0.705583610107178,-0.7086266782644596
2020-05-16 11:45:00,17485.090952380953,17051.142857142855,74085.42380952381,14189832016.42381,35.47820933333332,63.82718396666667,0.9896192403333331,11,45,5,137,5,0.258819045102521,-0.9659258262890682,0.705583610107178,-0.7086266782644596
2020-05-16 12:00:00,16119.827142857142,15727.69904761905,78280.6761904762,14189836211.676191,36.231302137931024,66.0162788275862,0.9797943403448274,12,0,5,137,5,1.2246467991473532e-16,-1.0,0.705583610107178,-0.7086266782644596
2020-05-16 12:15:00,13660.139047619046,13366.500952380951,81777.73333333334,14189839708.733334,36.358955866666655,62.1692596,0.6037395006666664,12,15,5,137,5,1.2246467991473532e-16,-1.0,0.705583610107178,-0.7086266782644596
2020-05-16 12:30:00,15947.421428571428,15586.794285714286,85480.90952380952,14189843411.909525,35.73488673333333,55.99414356666667,0.731962184,12,30,5,137,5,1.2246467991473532e-16,-1.0,0.705583610107178,-0.7086266782644596
2020-05-16 12:45:00,11057.164285714285,10827.934285714286,88668.64285714286,14189846599.642857,35.67410289655172,53.97351393103448,0.4870487120689654,12,45,5,137,5,1.2246467991473532e-16,-1.0,0.705583610107178,-0.7086266782644596
2020-05-16 13:00:00,16365.330476190476,15991.596666666666,92057.65238095238,14189849988.652382,35.51978066666666,53.70854493333333,0.70216736,13,0,5,137,5,-0.2588190451025208,-0.9659258262890683,0.705583610107178,-0.7086266782644596
2020-05-16 13:15:00,16549.509047619045,16168.62,96045.90952380952,14189853976.909523,35.95901182758621,54.6805472413793,0.6825979027586205,13,15,5,137,5,-0.2588190451025208,-0.9659258262890683,0.705583610107178,-0.7086266782644596
2020-05-16 13:30:00,17928.887142857144,17497.001904761906,100241.92857142857,14189858172.928572,36.162999766666665,57.33585800000001,0.8414354963333333,13,30,5,137,5,-0.2588190451025208,-0.9659258262890683,0.705583610107178,-0.7086266782644596
2020-05-16 13:45:00,10545.405714285715,10322.661904761904,103258.63333333333,14039864499.033333,35.903057700000005,52.909612033333325,0.4480849389999999,13,45,5,137,5,-0.2588190451025208,-0.9659258262890683,0.705583610107178,-0.7086266782644596
2020-05-16 14:00:00,13976.78,13678.706666666667,106751.8,14189864682.800001,35.1703901724138,48.407383448275866,0.634171807586207,14,0,5,137,5,-0.4999999999999997,-0.8660254037844388,0.705583610107178,-0.7086266782644596
2020-05-16 14:15:00,18914.999047619047,18474.928095238094,110767.25714285714,14189868698.257145,35.07013266666666,47.87680756666668,0.713821422,14,15,5,137,5,-0.4999999999999997,-0.8660254037844388,0.705583610107178,-0.7086266782644596
2020-05-16 14:30:00,19055.24380952381,18605.33714285714,115448.37142857142,14189873379.371428,35.35950041379311,51.45765844827587,0.7975343986206896,14,30,5,137,5,-0.4999999999999997,-0.8660254037844388,0.705583610107178,-0.7086266782644596
2020-05-16 14:45:00,13788.718571428572,13503.72619047619,119503.21904761904,14189877434.219048,35.03316013333334,47.3765094,0.464079111,14,45,5,137,5,-0.4999999999999997,-0.8660254037844388,0.705583610107178,-0.7086266782644596
2020-05-16 15:00:00,13911.71380952381,13624.586190476191,123060.6380952381,14189880991.638096,34.605278500000004,44.74481596666666,0.443339748,15,0,5,137,5,-0.7071067811865471,-0.7071067811865479,0.705583610107178,-0.7086266782644596
2020-05-16 15:15:00,9766.206666666667,9587.393333333333,125749.53333333333,14189883680.533335,34.166512275862075,40.970847448275855,0.304116098275862,15,15,5,137,5,-0.7071067811865471,-0.7071067811865479,0.705583610107178,-0.7086266782644596
2020-05-16 15:30:00,12599.598095238094,12347.567619047619,128638.08571428571,14189886569.085714,34.53725489999999,42.3535389,0.3934120083333333,15,30,5,137,5,-0.7071067811865471,-0.7071067811865479,0.705583610107178,-0.7086266782644596
2020-05-16 15:45:00,10075.410952380953,9889.089523809524,131293.94285714286,14189889224.942858,34.33549355172413,41.21859306896552,0.3116804148275861,15,45,5,137,5,-0.7071067811865471,-0.7071067811865479,0.705583610107178,-0.7086266782644596
2020-05-16 16:00:00,7246.648095238095,7112.233809523809,133537.25238095238,14189891468.25238,34.15994656666666,39.690612866666655,0.222285774,16,0,5,137,5,-0.8660254037844384,-0.5000000000000004,0.705583610107178,-0.7086266782644596
2020-05-16 16:15:00,7005.188571428571,6883.972857142858,133960.33809523808,13865816704.671429,33.8724427586207,38.416914103448285,0.2192462375862069,16,15,5,137,5,-0.8660254037844384,-0.5000000000000004,0.705583610107178,-0.7086266782644596
2020-05-16 16:30:00,3638.2066666666665,3559.8066666666664,131889.73333333334,12974607870.733334,33.260399433333326,37.33207720000001,0.1167878973333333,16,30,5,137,5,-0.8660254037844384,-0.5000000000000004,0.705583610107178,-0.7086266782644596
2020-05-16 16:45:00,2197.7514285714287,2138.552857142857,132480.45714285714,12974608461.457144,31.583788233333337,33.56913959999999,0.0669655043666666,16,45,5,137,5,-0.8660254037844384,-0.5000000000000004,0.705583610107178,-0.7086266782644596
2020-05-16 17:00:00,2814.942380952381,2748.0790476190473,132673.73809523808,12955768518.471428,31.56179186206896,33.81071955172414,0.0890762916206896,17,0,5,137,5,-0.9659258262890683,-0.25881904510252063,0.705583610107178,-0.7086266782644596
2020-05-16 17:15:00,989.4195238095238,957.4709523809524,133630.81904761904,12974609611.819048,31.8386771,32.7122988,0.0307999431833333,17,15,5,137,5,-0.9659258262890683,-0.25881904510252063,0.705583610107178,-0.7086266782644596
2020-05-16 17:30:00,351.05333333333334,338.8614285714286,133775.9,12974609756.900002,31.22422073333334,29.016643266666662,0.0055210760799999,17,30,5,137,5,-0.9659258262890683,-0.25881904510252063,0.705583610107178,-0.7086266782644596
2020-05-16 17:45:00,170.07333333333332,164.02666666666667,133835.3333333333,12974609816.333334,30.526303172413797,27.029708379310335,0.0027049280665517,17,45,5,137,5,-0.9659258262890683,-0.25881904510252063,0.705583610107178,-0.7086266782644596
2020-05-16 18:00:00,17.282857142857143,16.682380952380953,133858.8,12974609839.8,29.6090585,26.4780304,0.0,18,0,5,137,5,-1.0,-1.8369701987210297e-16,0.705583610107178,-0.7086266782644596
2020-05-16 18:15:00,0.0,0.0,133859.0,12974609840.0,29.016219655172417,26.25001072413793,0.0004274467713793,18,15,5,137,5,-1.0,-1.8369701987210297e-16,0.705583610107178,-0.7086266782644596
2020-05-16 18:30:00,0.0,0.0,133859.0,12974609840.0,29.1915681,26.274048066666676,0.001152606812,18,30,5,137,5,-1.0,-1.8369701987210297e-16,0.705583610107178,-0.7086266782644596
2020-05-16 18:45:00,0.0,0.0,133307.42857142858,12966990282.285715,29.557291533333327,25.794328700000005,0.0006664907476666,18,45,5,137,5,-1.0,-1.8369701987210297e-16,0.705583610107178,-0.7086266782644596
2020-05-16 19:00:00,0.0,0.0,133859.0,12974609840.0,30.232590344827585,27.727659999999997,0.0014265874813793,19,0,5,137,5,-0.9659258262890684,0.2588190451025203,0.705583610107178,-0.7086266782644596
2020-05-16 19:15:00,0.0,0.0,134830.4,13217667201.4,29.965409300000005,29.1194042,8.698919513333332e-05,19,15,5,137,5,-0.9659258262890684,0.2588190451025203,0.705583610107178,-0.7086266782644596
2020-05-16 19:30:00,0.0,0.0,138716.0,14189896647.0,29.82385472413793,28.76035496551724,0.0,19,30,5,137,5,-0.9659258262890684,0.2588190451025203,0.705583610107178,-0.7086266782644596
2020-05-16 19:45:00,0.0,0.0,138716.0,14189896647.0,29.420118100000003,28.404772933333334,0.0,19,45,5,137,5,-0.9659258262890684,0.2588190451025203,0.705583610107178,-0.7086266782644596
2020-05-16 20:00:00,0.0,0.0,138716.0,14189896647.0,28.763137344827587,27.835330310344837,0.0,20,0,5,137,5,-0.8660254037844386,0.5000000000000001,0.705583610107178,-0.7086266782644596
2020-05-16 20:15:00,0.0,0.0,138716.0,14189896647.0,28.205944733333336,27.102158700000004,0.0,20,15,5,137,5,-0.8660254037844386,0.5000000000000001,0.705583610107178,-0.7086266782644596
2020-05-16 20:30:00,0.0,0.0,138716.0,14189896647.0,28.205386266666668,26.741445866666677,0.0,20,30,5,137,5,-0.8660254037844386,0.5000000000000001,0.705583610107178,-0.7086266782644596
2020-05-16 20:45:00,0.0,0.0,138716.0,14189896647.0,28.36054320689655,26.71066275862069,0.0,20,45,5,137,5,-0.8660254037844386,0.5000000000000001,0.705583610107178,-0.7086266782644596
2020-05-16 21:00:00,0.0,0.0,138716.0,14189896647.0,28.5787841,26.9042196,0.0,21,0,5,137,5,-0.7071067811865477,0.7071067811865474,0.705583610107178,-0.7086266782644596
2020-05-16 21:15:00,0.0,0.0,138716.0,14189896647.0,28.61048517241379,27.115082793103443,0.0,21,15,5,137,5,-0.7071067811865477,0.7071067811865474,0.705583610107178,-0.7086266782644596
2020-05-16 21:30:00,0.0,0.0,138201.26666666666,14095756633.133333,28.4075919,26.798993800000005,0.0,21,30,5,137,5,-0.7071067811865477,0.7071067811865474,0.705583610107178,-0.7086266782644596
2020-05-16 21:45:00,0.0,0.0,138716.0,14189896647.0,28.27099406666666,26.638355366666666,0.0,21,45,5,137,5,-0.7071067811865477,0.7071067811865474,0.705583610107178,-0.7086266782644596
2020-05-16 22:00:00,0.0,0.0,138224.53333333333,14181831514.533333,28.258463862068968,26.72932162068966,0.0,22,0,5,137,5,-0.5000000000000004,0.8660254037844384,0.705583610107178,-0.7086266782644596
2020-05-16 22:15:00,0.0,0.0,138716.0,14189896647.0,28.136055633333328,26.82591456666667,0.0,22,15,5,137,5,-0.5000000000000004,0.8660254037844384,0.705583610107178,-0.7086266782644596
2020-05-16 22:30:00,0.0,0.0,138716.0,14189896647.0,28.31342096551724,27.72299413793103,0.0,22,30,5,137,5,-0.5000000000000004,0.8660254037844384,0.705583610107178,-0.7086266782644596
2020-05-16 22:45:00,0.0,0.0,138716.0,14189896647.0,28.208466666666663,27.788521233333334,0.0,22,45,5,137,5,-0.5000000000000004,0.8660254037844384,0.705583610107178,-0.7086266782644596
2020-05-16 23:00:00,0.0,0.0,138192.4,14150323492.266666,27.52852131034483,27.18614355172414,0.0,23,0,5,137,5,-0.25881904510252157,0.9659258262890681,0.705583610107178,-0.7086266782644596
2020-05-16 23:15:00,0.0,0.0,138716.0,14189896647.0,27.13286423333333,26.697984833333336,0.0,23,15,5,137,5,-0.25881904510252157,0.9659258262890681,0.705583610107178,-0.7086266782644596
2020-05-16 23:30:00,0.0,0.0,138716.0,14189896647.0,26.87304173333333,26.26826893333333,0.0,23,30,5,137,5,-0.25881904510252157,0.9659258262890681,0.705583610107178,-0.7086266782644596
2020-05-16 23:45:00,0.0,0.0,126347.26666666666,14189896647.0,26.525786206896548,25.57391037931034,0.0,23,45,5,137,5,-0.25881904510252157,0.9659258262890681,0.705583610107178,-0.7086266782644596
2020-05-17 00:00:00,0.0,0.0,40881.933333333334,14189896647.0,26.290046066666665,25.420961466666665,0.0,0,0,6,138,5,0.0,1.0,0.6932812268869777,-0.7206671495538609
2020-05-17 00:15:00,0.0,0.0,23297.0,14189896647.0,26.148865724137927,25.07488058620689,0.0,0,15,6,138,5,0.0,1.0,0.6932812268869777,-0.7206671495538609
2020-05-17 00:30:00,0.0,0.0,23297.0,14189896647.0,25.88355113333333,24.7258465,0.0,0,30,6,138,5,0.0,1.0,0.6932812268869777,-0.7206671495538609
2020-05-17 00:45:00,0.0,0.0,23297.0,14189896647.0,25.90616780000001,24.595490533333336,0.0,0,45,6,138,5,0.0,1.0,0.6932812268869777,-0.7206671495538609
2020-05-17 01:00:00,0.0,0.0,22161.6,14189896647.0,25.762797379310346,24.34820031034483,0.0,1,0,6,138,5,0.25881904510252074,0.9659258262890683,0.6932812268869777,-0.7206671495538609
2020-05-17 01:15:00,0.0,0.0,17620.0,14189896647.0,25.5164062,23.86896563333333,0.0,1,15,6,138,5,0.25881904510252074,0.9659258262890683,0.6932812268869777,-0.7206671495538609
2020-05-17 01:30:00,0.0,0.0,17620.0,14189896647.0,25.3675354,23.30727846666667,0.0,1,30,6,138,5,0.25881904510252074,0.9659258262890683,0.6932812268869777,-0.7206671495538609
2020-05-17 01:45:00,0.0,0.0,17620.0,14189896647.0,24.830521599999997,22.68963426666667,0.0,1,45,6,138,5,0.25881904510252074,0.9659258262890683,0.6932812268869777,-0.7206671495538609
2020-05-17 02:00:00,0.0,0.0,17620.0,14189896647.0,24.73006183333333,22.41169846666667,0.0,2,0,6,138,5,0.49999999999999994,0.8660254037844387,0.6932812268869777,-0.7206671495538609
2020-05-17 02:15:00,0.0,0.0,17620.0,14189896647.0,24.467926172413787,22.172177068965517,0.0,2,15,6,138,5,0.49999999999999994,0.8660254037844387,0.6932812268869777,-0.7206671495538609
2020-05-17 02:30:00,0.0,0.0,17620.0,14189896647.0,24.2546642,21.830827966666668,0.0,2,30,6,138,5,0.49999999999999994,0.8660254037844387,0.6932812268869777,-0.7206671495538609
2020-05-17 02:45:00,0.0,0.0,17620.0,14189896647.0,24.288478482758624,22.096859793103448,0.0,2,45,6,138,5,0.49999999999999994,0.8660254037844387,0.6932812268869777,-0.7206671495538609
2020-05-17 03:00:00,0.0,0.0,17620.0,14189896647.0,24.1800069,22.02151296666667,0.0,3,0,6,138,5,0.7071067811865475,0.7071067811865476,0.6932812268869777,-0.7206671495538609
2020-05-17 03:15:00,0.0,0.0,17620.0,14189896647.0,23.95225926666667,21.7182801,0.0,3,15,6,138,5,0.7071067811865475,0.7071067811865476,0.6932812268869777,-0.7206671495538609
2020-05-17 03:30:00,0.0,0.0,17620.0,14189896647.0,24.118318793103448,22.020067,0.0,3,30,6,138,5,0.7071067811865475,0.7071067811865476,0.6932812268869777,-0.7206671495538609
2020-05-17 03:45:00,0.0,0.0,17195.666666666668,14189896647.0,24.318871133333328,22.570317666666664,0.0,3,45,6,138,5,0.7071067811865475,0.7071067811865476,0.6932812268869777,-0.7206671495538609
2020-05-17 04:00:00,0.0,0.0,11255.0,14189896647.0,24.36630162068965,22.70163386206896,0.0,4,0,6,138,5,0.8660254037844386,0.5000000000000001,0.6932812268869777,-0.7206671495538609
2020-05-17 04:15:00,0.0,0.0,11255.0,14189896647.0,24.637875333333326,23.12236843333333,4.4788243433333325e-05,4,15,6,138,5,0.8660254037844386,0.5000000000000001,0.6932812268869777,-0.7206671495538609
2020-05-17 04:30:00,0.0,0.0,11255.0,14189896647.0,24.727733655172408,23.30426886206897,0.0,4,30,6,138,5,0.8660254037844386,0.5000000000000001,0.6932812268869777,-0.7206671495538609
2020-05-17 04:45:00,0.0,0.0,11255.0,14189896647.0,24.89812,23.517964733333333,0.0,4,45,6,138,5,0.8660254037844386,0.5000000000000001,0.6932812268869777,-0.7206671495538609
2020-05-17 05:00:00,0.0,0.0,11255.0,14189896647.0,24.736520689655173,23.29568382758621,0.0,5,0,6,138,5,0.9659258262890683,0.25881904510252074,0.6932812268869777,-0.7206671495538609
2020-05-17 05:15:00,0.0,0.0,11255.0,14189896647.0,24.85698943333333,23.20309153333333,0.0,5,15,6,138,5,0.9659258262890683,0.25881904510252074,0.6932812268869777,-0.7206671495538609
2020-05-17 05:30:00,0.0,0.0,514.8,14189896647.0,24.6831023,23.135338366666662,0.0,5,30,6,138,5,0.9659258262890683,0.25881904510252074,0.6932812268869777,-0.7206671495538609
2020-05-17 05:45:00,0.0,0.0,0.0,14189896647.0,24.473037241379306,22.776863793103452,9.398705537931033e-05,5,45,6,138,5,0.9659258262890683,0.25881904510252074,0.6932812268869777,-0.7206671495538609
2020-05-17 06:00:00,85.45333333333333,82.42,2.533333333333333,14189896649.533335,24.319194931034485,23.056784827586203,0.005539939377931,6,0,6,138,5,1.0,6.123233995736766e-17,0.6932812268869777,-0.7206671495538609
2020-05-17 06:15:00,530.2542857142857,511.97809523809525,77.89047619047619,14189896724.890476,25.05646456666667,24.00412286666667,0.0183704660333333,6,15,6,138,5,1.0,6.123233995736766e-17,0.6932812268869777,-0.7206671495538609
2020-05-17 06:30:00,790.055238095238,763.4190476190475,239.9904761904762,14189896886.990477,25.291162066666672,24.82253713333333,0.0262915067333333,6,30,6,138,5,1.0,6.123233995736766e-17,0.6932812268869777,-0.7206671495538609
2020-05-17 06:45:00,942.8909523809524,911.5719047619046,444.2761904761905,14189897091.276192,25.52368889655172,25.355253000000005,0.0311807835517241,6,45,6,138,5,1.0,6.123233995736766e-17,0.6932812268869777,-0.7206671495538609
2020-05-17 07:00:00,1497.9885714285715,1451.4990476190476,726.1714285714286,14182785785.97143,25.723395833333328,25.946431433333327,0.047666922,7,0,6,138,5,0.9659258262890683,-0.25881904510252063,0.6932812268869777,-0.7206671495538609
2020-05-17 07:15:00,2247.4266666666667,2183.94,1175.4,14189897822.400002,26.135726448275864,27.00165524137931,0.0694368633448276,7,15,6,138,5,0.9659258262890683,-0.25881904510252063,0.6932812268869777,-0.7206671495538609
2020-05-17 07:30:00,4074.0695238095236,3989.193333333333,1917.395238095238,14189898564.395237,26.6747182,28.918445866666666,0.1270576554999999,7,30,6,138,5,0.9659258262890683,-0.25881904510252063,0.6932812268869777,-0.7206671495538609
2020-05-17 07:45:00,7276.105238095238,7145.049047619047,3246.795238095238,14189899893.795237,27.6051717,32.49521086666666,0.2357182519999999,7,45,6,138,5,0.9659258262890683,-0.25881904510252063,0.6932812268869777,-0.7206671495538609
2020-05-17 08:00:00,12329.71619047619,12086.656666666666,5542.909523809523,14189902189.909523,28.544006379310343,37.891594034482765,0.430666714137931,8,0,6,138,5,0.8660254037844387,-0.4999999999999998,0.6932812268869777,-0.7206671495538609
2020-05-17 08:15:00,13375.270476190477,13104.736666666666,8868.985714285714,14189905515.985714,29.2123748,43.30446356666668,0.4617634923333333,8,15,6,138,5,0.8660254037844387,-0.4999999999999998,0.6932812268869777,-0.7206671495538609
2020-05-17 08:30:00,14594.586666666666,14295.386666666665,12268.6,14189908915.599998,29.68912768965517,44.71320524137932,0.5120760037931033,8,30,6,138,5,0.8660254037844387,-0.4999999999999998,0.6932812268869777,-0.7206671495538609
2020-05-17 08:45:00,13939.560952380953,13655.56238095238,15803.614285714286,14189912450.614286,29.98807683333333,45.068606466666665,0.470911494,8,45,6,138,5,0.8660254037844387,-0.4999999999999998,0.6932812268869777,-0.7206671495538609
2020-05-17 09:00:00,15864.659523809523,15533.412857142856,19336.738095238095,14189915983.738094,30.047706344827592,44.35975200000001,0.5358374679310345,9,0,6,138,5,0.7071067811865476,-0.7071067811865475,0.6932812268869777,-0.7206671495538609
2020-05-17 09:15:00,20434.131904761904,19986.915238095236,23799.566666666666,14189920446.566666,30.70545853333333,48.360558,0.7126864326666665,9,15,6,138,5,0.7071067811865476,-0.7071067811865475,0.6932812268869777,-0.7206671495538609
2020-05-17 09:30:00,17300.712857142855,16923.108095238094,28592.69523809524,14189925239.695238,31.6398318,51.3436818,0.6903431299999999,9,30,6,138,5,0.7071067811865476,-0.7071067811865475,0.6932812268869777,-0.7206671495538609
2020-05-17 09:45:00,17717.393333333333,17327.48,32742.666666666664,14189929389.666666,31.79815365517241,50.57241631034481,0.7143508155172414,9,45,6,138,5,0.7071067811865476,-0.7071067811865475,0.6932812268869777,-0.7206671495538609
2020-05-17 10:00:00,15965.435714285713,15616.679047619047,36918.37619047619,14189933565.37619,32.372193566666674,52.08409933333333,0.6756343696666666,10,0,6,138,5,0.49999999999999994,-0.8660254037844387,0.6932812268869777,-0.7206671495538609
2020-05-17 10:15:00,13423.970476190476,13140.551904761904,40525.74761904762,14189937172.74762,32.30568233333333,49.34352216666668,0.5722676586666666,10,15,6,138,5,0.49999999999999994,-0.8660254037844387,0.6932812268869777,-0.7206671495538609
2020-05-17 10:30:00,17289.507619047617,16912.12857142857,44121.89523809524,14189940768.895239,32.44208482758621,48.37232193103448,0.6707603986206897,10,30,6,138,5,0.49999999999999994,-0.8660254037844387,0.6932812268869777,-0.7206671495538609
2020-05-17 10:45:00,16788.320952380953,16411.396666666667,48313.59523809524,14189944960.595238,32.98318686666667,50.800837966666656,0.7487384033333335,10,45,6,138,5,0.49999999999999994,-0.8660254037844387,0.6932812268869777,-0.7206671495538609
2020-05-17 11:00:00,15127.646666666667,14787.346666666666,52241.26666666666,14189948888.266666,33.59000886206896,51.39774210344827,0.744102428275862,11,0,6,138,5,0.258819045102521,-0.9659258262890682,0.6932812268869777,-0.7206671495538609
2020-05-17 11:15:00,13797.64238095238,13496.586666666666,55927.37619047619,14189952574.37619,33.80211653333333,51.108978366666655,0.681933306,11,15,6,138,5,0.258819045102521,-0.9659258262890682,0.6932812268869777,-0.7206671495538609
2020-05-17 11:30:00,12095.34,11845.550476190476,59024.30476190476,14189955671.304762,33.97323479310345,47.9988477586207,0.4981052958620688,11,30,6,138,5,0.258819045102521,-0.9659258262890682,0.6932812268869777,-0.7206671495538609
2020-05-17 11:45:00,14267.708571428571,13976.182380952381,62185.89047619048,14189958832.890474,33.6794626,44.84200643333333,0.4553650786666666,11,45,6,138,5,0.258819045102521,-0.9659258262890682,0.6932812268869777,-0.7206671495538609
2020-05-17 12:00:00,16429.01619047619,16085.063809523808,65862.81904761905,14189962509.819048,33.770686966666666,46.61196483333334,0.5253698983333334,12,0,6,138,5,1.2246467991473532e-16,-1.0,0.6932812268869777,-0.7206671495538609
2020-05-17 12:15:00,17958.74,17576.47333333333,70129.2,14189966776.2,34.136448310344825,48.85399431034482,0.5782548813793102,12,15,6,138,5,1.2246467991473532e-16,-1.0,0.6932812268869777,-0.7206671495538609
2020-05-17 12:30:00,18671.429523809522,18270.28619047619,74635.39523809524,14189971282.395237,34.32172226666668,50.20386160000001,0.6100332046666667,12,30,6,138,5,1.2246467991473532e-16,-1.0,0.6932812268869777,-0.7206671495538609
2020-05-17 12:45:00,18492.44238095238,18082.356666666667,79240.59047619048,14189975887.590477,34.64678210344827,51.27062162068966,0.7156156220689655,12,45,6,138,5,1.2246467991473532e-16,-1.0,0.6932812268869777,-0.7206671495538609
2020-05-17 13:00:00,18502.626666666667,18087.148095238095,83683.62857142858,14189980330.628572,35.0309509,53.76064456666667,0.754738481,13,0,6,138,5,-0.2588190451025208,-0.9659258262890683,0.6932812268869777,-0.7206671495538609
2020-05-17 13:15:00,14833.030476190475,14492.764285714286,79785.9,13033189077.790478,35.52410268965517,56.54186906896551,0.7998285427586208,13,15,6,138,5,-0.2588190451025208,-0.9659258262890683,0.6932812268869777,-0.7206671495538609
2020-05-17 13:30:00,9830.653333333334,9615.733333333334,48143.46666666667,11111254503.066668,36.10341906666667,59.100529966666656,0.6887480663333334,13,30,6,138,5,-0.2588190451025208,-0.9659258262890683,0.6932812268869777,-0.7206671495538609
2020-05-17 13:45:00,17951.210952380952,17538.796666666665,94124.9761904762,14189990771.97619,36.21466379310345,55.30187886206895,0.7612834286206895,13,45,6,138,5,-0.2588190451025208,-0.9659258262890683,0.6932812268869777,-0.7206671495538609
2020-05-17 14:00:00,16154.867142857143,15788.772380952381,98327.41904761904,14189994974.419046,36.4980315,54.589568,0.7789892303333334,14,0,6,138,5,-0.4999999999999997,-0.8660254037844388,0.6932812268869777,-0.7206671495538609
2020-05-17 14:15:00,17191.741904761904,16807.926666666666,102088.7,14189839704.699999,36.60296943333335,52.846333866666654,0.732283932,14,15,6,138,5,-0.4999999999999997,-0.8660254037844388,0.6932812268869777,-0.7206671495538609
2020-05-17 14:30:00,14813.366666666667,14498.411428571428,106383.01904761905,14190003030.019047,36.83124206896552,51.13231051724138,0.5855804424137931,14,30,6,138,5,-0.4999999999999997,-0.8660254037844388,0.6932812268869777,-0.7206671495538609
2020-05-17 14:45:00,14521.96,14224.36,109948.4,14190006595.4,36.53318553333334,49.36536973333334,0.492684559,14,45,6,138,5,-0.4999999999999997,-0.8660254037844388,0.6932812268869777,-0.7206671495538609
2020-05-17 15:00:00,9389.083809523809,9218.361428571428,112935.18095238095,14190009582.180952,36.10952948275863,45.67703886206896,0.3013766968965517,15,0,6,138,5,-0.7071067811865471,-0.7071067811865479,0.6932812268869777,-0.7206671495538609
2020-05-17 15:15:00,7986.613333333333,7849.193333333334,114969.28571428571,14190011616.285715,35.419343399999995,40.62791256666667,0.2451468573333333,15,15,6,138,5,-0.7071067811865471,-0.7071067811865479,0.6932812268869777,-0.7206671495538609
2020-05-17 15:30:00,9297.790476190477,9132.170476190477,117069.76190476191,14190013716.761906,35.6123197,40.969849633333325,0.283091291,15,30,6,138,5,-0.7071067811865471,-0.7071067811865479,0.6932812268869777,-0.7206671495538609
2020-05-17 15:45:00,9066.5,8906.853333333333,119361.06666666667,14190016008.066666,35.5120261724138,41.27848017241379,0.2785615713793103,15,45,6,138,5,-0.7071067811865471,-0.7071067811865479,0.6932812268869777,-0.7206671495538609
2020-05-17 16:00:00,9112.459523809523,8950.80380952381,121563.94285714286,14190018210.942858,35.33530586666666,40.34242463333332,0.2795773376666665,16,0,6,138,5,-0.8660254037844384,-0.5000000000000004,0.6932812268869777,-0.7206671495538609
2020-05-17 16:15:00,14004.575824175823,13719.603296703297,124431.57692307692,14190021078.576921,35.821209925925935,42.76871762962963,0.4279635396296296,16,15,6,138,5,-0.8660254037844384,-0.5000000000000004,0.6932812268869777,-0.7206671495538609
2020-05-17 16:30:00,13119.66238095238,12855.625714285714,127740.80476190476,14190024387.804762,36.07769153333333,44.569872033333326,0.4045281216666666,16,30,6,138,5,-0.8660254037844384,-0.5000000000000004,0.6932812268869777,-0.7206671495538609
2020-05-17 16:45:00,9941.61238095238,9753.74238095238,130619.96666666666,14190027266.966665,36.44374493333334,43.57221573333334,0.3040243293333332,16,45,6,138,5,-0.8660254037844384,-0.5000000000000004,0.6932812268869777,-0.7206671495538609
2020-05-17 17:00:00,2960.6,2887.7533333333336,132159.93333333332,14190028806.933332,35.507159172413786,38.92884879310344,0.093825594,17,0,6,138,5,-0.9659258262890683,-0.25881904510252063,0.6932812268869777,-0.7206671495538609
2020-05-17 17:15:00,3484.299523809524,3406.6266666666666,132366.6,14076156013.4,35.09537646666667,36.100673466666656,0.1124340208999999,17,15,6,138,5,-0.9659258262890683,-0.25881904510252063,0.6932812268869777,-0.7206671495538609
2020-05-17 17:30:00,4954.152857142857,4857.433333333333,133468.19523809524,14182063698.909523,35.30165672413793,37.281979379310336,0.157049409137931,17,30,6,138,5,-0.9659258262890683,-0.25881904510252063,0.6932812268869777,-0.7206671495538609
2020-05-17 17:45:00,2556.2395238095237,2488.805238095238,134888.34285714285,14190031535.342855,35.0653644,36.49970813333333,0.0815178720666666,17,45,6,138,5,-0.9659258262890683,-0.25881904510252063,0.6932812268869777,-0.7206671495538609
2020-05-17 18:00:00,2253.3366666666666,2189.615714285714,135451.89047619049,14190032098.890476,34.57465116666667,35.23109946666666,0.0685123559666666,18,0,6,138,5,-1.0,-1.8369701987210297e-16,0.6932812268869777,-0.7206671495538609
2020-05-17 18:15:00,845.96,818.02,135844.6,14190032491.599998,34.26270155172412,33.82328855172414,0.0252637653448275,18,15,6,138,5,-1.0,-1.8369701987210297e-16,0.6932812268869777,-0.7206671495538609
2020-05-17 18:30:00,157.09857142857143,151.56857142857143,135953.0095238095,14190032600.009523,33.82243973333334,31.868562866666664,0.0048542384033333,18,30,6,138,5,-1.0,-1.8369701987210297e-16,0.6932812268869777,-0.7206671495538609
2020-05-17 18:45:00,0.0,0.0,135962.0,14190032609.0,32.505662655172415,30.871878793103445,0.0,18,45,6,138,5,-1.0,-1.8369701987210297e-16,0.6932812268869777,-0.7206671495538609
2020-05-17 19:00:00,0.0,0.0,135962.0,14190032609.0,31.5056082,30.328579666666656,0.0,19,0,6,138,5,-0.9659258262890684,0.2588190451025203,0.6932812268869777,-0.7206671495538609
2020-05-17 19:15:00,0.0,0.0,135962.0,14190032609.0,31.155717000000003,29.985616,0.0,19,15,6,138,5,-0.9659258262890684,0.2588190451025203,0.6932812268869777,-0.7206671495538609
2020-05-17 19:30:00,0.0,0.0,135962.0,14190032609.0,30.802734275862075,29.77499903448276,0.0,19,30,6,138,5,-0.9659258262890684,0.2588190451025203,0.6932812268869777,-0.7206671495538609
2020-05-17 19:45:00,0.0,0.0,135962.0,14190032609.0,30.547670433333337,29.623739566666664,0.0,19,45,6,138,5,-0.9659258262890684,0.2588190451025203,0.6932812268869777,-0.7206671495538609
2020-05-17 20:00:00,0.0,0.0,135962.0,14190032609.0,30.300568827586208,29.35396499999999,0.0,20,0,6,138,5,-0.8660254037844386,0.5000000000000001,0.6932812268869777,-0.7206671495538609
2020-05-17 20:15:00,0.0,0.0,135962.0,14190032609.0,29.811618933333328,29.0146261,0.0,20,15,6,138,5,-0.8660254037844386,0.5000000000000001,0.6932812268869777,-0.7206671495538609
2020-05-17 20:30:00,0.0,0.0,135962.0,14190032609.0,29.1945903,28.482287666666664,0.0,20,30,6,138,5,-0.8660254037844386,0.5000000000000001,0.6932812268869777,-0.7206671495538609
2020-05-17 20:45:00,0.0,0.0,135962.0,14190032609.0,28.808170689655167,28.060144827586203,0.0,20,45,6,138,5,-0.8660254037844386,0.5000000000000001,0.6932812268869777,-0.7206671495538609
2020-05-17 21:00:00,0.0,0.0,135962.0,14190032609.0,28.49680176666666,27.806913200000004,0.0,21,0,6,138,5,-0.7071067811865477,0.7071067811865474,0.6932812268869777,-0.7206671495538609
2020-05-17 21:15:00,0.0,0.0,135962.0,14190032609.0,28.221233689655172,27.64579282758621,0.0,21,15,6,138,5,-0.7071067811865477,0.7071067811865474,0.6932812268869777,-0.7206671495538609
2020-05-17 21:30:00,0.0,0.0,135962.0,14190032609.0,27.908858133333336,27.563309933333333,0.0,21,30,6,138,5,-0.7071067811865477,0.7071067811865474,0.6932812268869777,-0.7206671495538609
2020-05-17 21:45:00,0.0,0.0,135962.0,14190032609.0,27.756202166666665,27.456904133333328,0.0,21,45,6,138,5,-0.7071067811865477,0.7071067811865474,0.6932812268869777,-0.7206671495538609
2020-05-17 22:00:00,0.0,0.0,135962.0,14190032609.0,26.50748420689656,25.221006344827583,0.0,22,0,6,138,5,-0.5000000000000004,0.8660254037844384,0.6932812268869777,-0.7206671495538609
2020-05-17 22:15:00,0.0,0.0,135492.6,14182596817.733334,26.322783466666664,24.444667433333333,0.0016489731516666,22,15,6,138,5,-0.5000000000000004,0.8660254037844384,0.6932812268869777,-0.7206671495538609
2020-05-17 22:30:00,0.0,0.0,135962.0,14190032609.0,26.622738586206893,24.977245482758615,0.0019374660551724,22,30,6,138,5,-0.5000000000000004,0.8660254037844384,0.6932812268869777,-0.7206671495538609
2020-05-17 22:45:00,0.0,0.0,135962.0,14190032609.0,26.2797891,25.81025786666667,0.0010388260513333,22,45,6,138,5,-0.5000000000000004,0.8660254037844384,0.6932812268869777,-0.7206671495538609
2020-05-17 23:00:00,0.0,0.0,135962.0,14190032609.0,26.047402966666663,25.58270970000001,0.0007459025993333,23,0,6,138,5,-0.25881904510252157,0.9659258262890681,0.6932812268869777,-0.7206671495538609
2020-05-17 23:15:00,0.0,0.0,135962.0,14190032609.0,25.51867668965517,25.40204179310345,0.0001429450220689,23,15,6,138,5,-0.25881904510252157,0.9659258262890681,0.6932812268869777,-0.7206671495538609
2020-05-17 23:30:00,0.0,0.0,135962.0,14190032609.0,24.4731607,24.721717233333333,0.0,23,30,6,138,5,-0.25881904510252157,0.9659258262890681,0.6932812268869777,-0.7206671495538609
2020-05-17 23:45:00,0.0,0.0,123897.33333333333,14190032609.0,23.42992334482759,23.82487224137931,0.0,23,45,6,138,5,-0.25881904510252157,0.9659258262890681,0.6932812268869777,-0.7206671495538609
2020-05-18 00:00:00,0.0,0.0,40793.828571428574,14190032609.0,23.44159966666668,23.655607233333328,0.0,0,0,0,139,5,0.0,1.0,0.6807734094770161,-0.7324940716135789
2020-05-18 00:15:00,0.0,0.0,22704.0,14190032609.0,23.88182434482759,23.5995621724138,0.0,0,15,0,139,5,0.0,1.0,0.6807734094770161,-0.7324940716135789
2020-05-18 00:30:00,0.0,0.0,22704.0,14190032609.0,24.515677933333333,23.709772966666662,0.0,0,30,0,139,5,0.0,1.0,0.6807734094770161,-0.7324940716135789
2020-05-18 00:45:00,0.0,0.0,22704.0,14190032609.0,25.033409566666663,23.981148333333337,0.0,0,45,0,139,5,0.0,1.0,0.6807734094770161,-0.7324940716135789
2020-05-18 01:00:00,0.0,0.0,22704.0,14190032609.0,25.385702,24.332798310344828,0.0,1,0,0,139,5,0.25881904510252074,0.9659258262890683,0.6807734094770161,-0.7324940716135789
2020-05-18 01:15:00,0.0,0.0,17207.6,14190032609.0,25.497522799999995,24.42722153333333,0.0,1,15,0,139,5,0.25881904510252074,0.9659258262890683,0.6807734094770161,-0.7324940716135789
2020-05-18 01:30:00,0.0,0.0,16362.0,14190032609.0,25.53473610344828,24.604394172413794,0.0,1,30,0,139,5,0.25881904510252074,0.9659258262890683,0.6807734094770161,-0.7324940716135789
2020-05-18 01:45:00,0.0,0.0,16362.0,14190032609.0,25.494532066666668,24.99542026666667,0.0,1,45,0,139,5,0.25881904510252074,0.9659258262890683,0.6807734094770161,-0.7324940716135789
2020-05-18 02:00:00,0.0,0.0,16362.0,14190032609.0,24.92512503333333,24.870464266666666,0.0,2,0,0,139,5,0.49999999999999994,0.8660254037844387,0.6807734094770161,-0.7324940716135789
2020-05-18 02:15:00,0.0,0.0,16362.0,14190032609.0,24.694614724137935,24.69655734482759,0.0,2,15,0,139,5,0.49999999999999994,0.8660254037844387,0.6807734094770161,-0.7324940716135789
2020-05-18 02:30:00,0.0,0.0,16362.0,14190032609.0,24.847948,24.7925,0.0,2,30,0,139,5,0.49999999999999994,0.8660254037844387,0.6807734094770161,-0.7324940716135789
2020-05-18 02:45:00,0.0,0.0,16362.0,14190032609.0,24.940317,24.90185237931034,0.0,2,45,0,139,5,0.49999999999999994,0.8660254037844387,0.6807734094770161,-0.7324940716135789
2020-05-18 03:00:00,0.0,0.0,16362.0,14190032609.0,25.032384133333327,24.974565533333333,0.0,3,0,0,139,5,0.7071067811865475,0.7071067811865476,0.6807734094770161,-0.7324940716135789
2020-05-18 03:15:00,0.0,0.0,16362.0,14190032609.0,24.9947755,24.7240641,0.0,3,15,0,139,5,0.7071067811865475,0.7071067811865476,0.6807734094770161,-0.7324940716135789
2020-05-18 03:30:00,0.0,0.0,16362.0,14190032609.0,24.698266310344827,24.10419668965517,3.044425379310345e-05,3,30,0,139,5,0.7071067811865475,0.7071067811865476,0.6807734094770161,-0.7324940716135789
2020-05-18 03:45:00,0.0,0.0,16362.0,14190032609.0,24.366484666666672,23.8283082,9.724493333333331e-05,3,45,0,139,5,0.7071067811865475,0.7071067811865476,0.6807734094770161,-0.7324940716135789
2020-05-18 04:00:00,0.0,0.0,13574.285714285714,14190032609.0,23.957140689655173,23.491908793103445,0.0,4,0,0,139,5,0.8660254037844386,0.5000000000000001,0.6807734094770161,-0.7324940716135789
2020-05-18 04:15:00,0.0,0.0,12814.0,14190032609.0,23.24427496666667,22.8459626,0.0003083751808666,4,15,0,139,5,0.8660254037844386,0.5000000000000001,0.6807734094770161,-0.7324940716135789
2020-05-18 04:30:00,0.0,0.0,12814.0,14190032609.0,20.942384766666667,20.78624756666667,0.0,4,30,0,139,5,0.8660254037844386,0.5000000000000001,0.6807734094770161,-0.7324940716135789
2020-05-18 04:45:00,0.0,0.0,12814.0,14190032609.0,20.95653134482759,20.93981193103448,0.0,4,45,0,139,5,0.8660254037844386,0.5000000000000001,0.6807734094770161,-0.7324940716135789
2020-05-18 05:00:00,0.0,0.0,12814.0,14190032609.0,20.963444933333328,21.0104237,0.0,5,0,0,139,5,0.9659258262890683,0.25881904510252074,0.6807734094770161,-0.7324940716135789
2020-05-18 05:15:00,0.0,0.0,12814.0,14190032609.0,21.226854034482763,21.11130072413793,2.779975665517241e-05,5,15,0,139,5,0.9659258262890683,0.25881904510252074,0.6807734094770161,-0.7324940716135789
2020-05-18 05:30:00,0.0,0.0,2362.333333333333,14190032609.0,21.544671666666677,21.298067133333337,0.0,5,30,0,139,5,0.9659258262890683,0.25881904510252074,0.6807734094770161,-0.7324940716135789
2020-05-18 05:45:00,0.0,0.0,0.0,14181967146.066668,21.69882520689656,21.302836379310342,0.0,5,45,0,139,5,0.9659258262890683,0.25881904510252074,0.6807734094770161,-0.7324940716135789
2020-05-18 06:00:00,0.0,0.0,0.0,14190032609.0,21.56733580000001,21.031936566666666,0.0002661739907,6,0,0,139,5,1.0,6.123233995736766e-17,0.6807734094770161,-0.7324940716135789
2020-05-18 06:15:00,0.0,0.0,0.0,14190032609.0,21.769482433333323,21.18667396666666,0.0008433108796666,6,15,0,139,5,1.0,6.123233995736766e-17,0.6807734094770161,-0.7324940716135789
2020-05-18 06:30:00,0.0,0.0,0.0,14190032609.0,22.012576241379307,21.32534503448276,0.0015422382517241,6,30,0,139,5,1.0,6.123233995736766e-17,0.6807734094770161,-0.7324940716135789
2020-05-18 06:45:00,0.0,0.0,0.0,14190032609.0,22.117356600000004,21.35921143333333,0.0034551432533333,6,45,0,139,5,1.0,6.123233995736766e-17,0.6807734094770161,-0.7324940716135789
2020-05-18 07:00:00,82.74666666666667,79.84,5.3999999999999995,14190032614.4,22.266623413793106,21.529330586206893,0.0066534674275862,7,0,0,139,5,0.9659258262890683,-0.25881904510252063,0.6807734094770161,-0.7324940716135789
2020-05-18 07:15:00,318.20619047619044,306.9557142857143,56.042857142857144,14190032665.042856,22.6920623,21.737910933333332,0.0111933843666666,7,15,0,139,5,0.9659258262890683,-0.25881904510252063,0.6807734094770161,-0.7324940716135789
2020-05-18 07:30:00,593.2871428571428,573.0171428571429,160.27142857142857,14190032769.271427,22.9404184,22.058558200000004,0.0198939469666666,7,30,0,139,5,0.9659258262890683,-0.25881904510252063,0.6807734094770161,-0.7324940716135789
2020-05-18 07:45:00,1322.6414285714286,1280.8804761904762,374.6952380952381,14190032983.695238,23.156025344827587,22.699053551724138,0.0399777279655172,7,45,0,139,5,0.9659258262890683,-0.25881904510252063,0.6807734094770161,-0.7324940716135789
2020-05-18 08:00:00,3743.65,3661.5666666666666,927.1333333333333,14190033536.133333,23.4337169,24.26010233333333,0.1108077218666666,8,0,0,139,5,0.8660254037844387,-0.4999999999999998,0.6807734094770161,-0.7324940716135789
2020-05-18 08:15:00,7122.7071428571435,6998.562857142857,2283.385714285714,14190034892.385712,24.188384034482755,26.959184310344824,0.2145577755172414,8,15,0,139,5,0.8660254037844387,-0.4999999999999998,0.6807734094770161,-0.7324940716135789
2020-05-18 08:30:00,9356.278095238094,9185.917142857143,4282.728571428572,14190036891.72857,25.09011933333333,29.4129538,0.286081037,8,30,0,139,5,0.8660254037844387,-0.4999999999999998,0.6807734094770161,-0.7324940716135789
2020-05-18 08:45:00,12306.028095238094,12061.288571428571,6973.238095238095,14190039582.238094,26.415036066666666,34.17802436666666,0.3953201403333334,8,45,0,139,5,0.8660254037844387,-0.4999999999999998,0.6807734094770161,-0.7324940716135789
2020-05-18 09:00:00,13168.936666666666,12903.672857142858,10064.971428571429,14190042673.971428,26.551281137931035,34.97463162068965,0.4229210006896552,9,0,0,139,5,0.7071067811865476,-0.7071067811865475,0.6807734094770161,-0.7324940716135789
2020-05-18 09:15:00,14446.750952380951,14151.030476190475,13431.747619047619,14103239428.961905,27.0270212,36.77487683333332,0.4732118349999999,9,15,0,139,5,0.7071067811865476,-0.7071067811865475,0.6807734094770161,-0.7324940716135789
2020-05-18 09:30:00,17334.654285714285,16965.243333333332,17298.20952380952,14190049907.209524,27.32489017241379,37.78216986206897,0.5877528527586208,9,30,0,139,5,0.7071067811865476,-0.7071067811865475,0.6807734094770161,-0.7324940716135789
2020-05-18 09:45:00,17378.552857142855,16994.854761904764,21700.157142857144,14190054309.157143,27.701905379310343,40.01903634482758,0.6936572341379309,9,45,0,139,5,0.7071067811865476,-0.7071067811865475,0.6807734094770161,-0.7324940716135789
2020-05-18 10:00:00,15700.525714285714,15357.569047619047,25697.180952380953,14190058306.180954,27.856152266666676,40.04020273333332,0.6619857259999999,10,0,0,139,5,0.49999999999999994,-0.8660254037844387,0.6807734094770161,-0.7324940716135789
2020-05-18 10:15:00,15725.287619047618,15371.218571428572,29657.8,14190062266.8,28.33403603448276,41.74061737931036,0.6871823993103447,10,15,0,139,5,0.49999999999999994,-0.8660254037844387,0.6807734094770161,-0.7324940716135789
2020-05-18 10:30:00,10860.010476190477,10635.972857142857,32733.861904761907,14190065342.861904,28.277725233333328,38.94443266666667,0.457640915,10,30,0,139,5,0.49999999999999994,-0.8660254037844387,0.6807734094770161,-0.7324940716135789
2020-05-18 10:45:00,13576.18857142857,13299.558095238095,35611.561904761904,14190068220.561905,28.130790266666665,37.07710153333334,0.4531049243333333,10,45,0,139,5,0.49999999999999994,-0.8660254037844387,0.6807734094770161,-0.7324940716135789
2020-05-18 11:00:00,17502.057619047617,17114.22761904762,39551.79047619047,14190072160.790476,28.949897448275863,41.61910062068966,0.6689661120689653,11,0,0,139,5,0.258819045102521,-0.9659258262890682,0.6807734094770161,-0.7324940716135789
2020-05-18 11:15:00,17018.78523809524,16633.34761904762,43822.78571428572,14190076431.785713,29.270029633333337,44.4611593,0.7330176780000001,11,15,0,139,5,0.258819045102521,-0.9659258262890682,0.6807734094770161,-0.7324940716135789
2020-05-18 11:30:00,17112.14,16710.66,47994.6,14190080603.6,29.42511820689656,45.57827120689655,0.7727462144827584,11,30,0,139,5,0.258819045102521,-0.9659258262890682,0.6807734094770161,-0.7324940716135789
2020-05-18 11:45:00,17561.54095238095,17132.396666666664,52199.07142857143,14190084808.071428,29.8037496,47.60093166666666,0.8346098513333335,11,45,0,139,5,0.258819045102521,-0.9659258262890682,0.6807734094770161,-0.7324940716135789
2020-05-18 12:00:00,17315.75857142857,16884.27380952381,56421.62857142857,14190089030.628572,30.22423048275862,49.63103317241378,0.8786557337931034,12,0,0,139,5,1.2246467991473532e-16,-1.0,0.6807734094770161,-0.7324940716135789
2020-05-18 12:15:00,15981.88095238095,15600.797619047618,60496.81428571429,14190093105.814285,30.198338766666662,48.785755133333325,0.8129037663333335,12,15,0,139,5,1.2246467991473532e-16,-1.0,0.6807734094770161,-0.7324940716135789
2020-05-18 12:30:00,17892.292857142857,17450.61380952381,64625.18095238095,14190097234.180954,30.60646463333333,49.40591829999999,0.876769936,12,30,0,139,5,1.2246467991473532e-16,-1.0,0.6807734094770161,-0.7324940716135789
2020-05-18 12:45:00,14861.566666666666,14506.186666666666,68465.46666666666,14182665283.2,30.55539796551724,48.349171655172405,0.74495337,12,45,0,139,5,1.2246467991473532e-16,-1.0,0.6807734094770161,-0.7324940716135789
2020-05-18 13:00:00,15050.046666666667,14689.093333333334,72324.59999999999,14190104933.6,30.690965866666676,46.304233,0.7598188213333331,13,0,0,139,5,-0.2588190451025208,-0.9659258262890683,0.6807734094770161,-0.7324940716135789
2020-05-18 13:15:00,15465.539999999999,15092.814285714287,76095.78571428571,14190108704.785715,31.4158641724138,49.11488696551722,0.8388255679310344,13,15,0,139,5,-0.2588190451025208,-0.9659258262890683,0.6807734094770161,-0.7324940716135789
2020-05-18 13:30:00,16775.294761904763,16362.933809523809,79896.94761904763,14190112505.947618,32.053389366666664,50.11713053333334,0.8313699896666666,13,30,0,139,5,-0.2588190451025208,-0.9659258262890683,0.6807734094770161,-0.7324940716135789
2020-05-18 13:45:00,16369.834761904762,15979.515238095239,83971.86666666667,14190116580.866667,32.3029751,50.82574513333334,0.7953829,13,45,0,139,5,-0.2588190451025208,-0.9659258262890683,0.6807734094770161,-0.7324940716135789
2020-05-18 14:00:00,16919.540476190476,16533.730952380953,88009.87619047618,14190120618.87619,32.429869551724146,50.336128,0.7585735186206896,14,0,0,139,5,-0.4999999999999997,-0.8660254037844388,0.6807734094770161,-0.7324940716135789
2020-05-18 14:15:00,17007.04,16623.013333333332,92240.2,14190124849.199999,33.168809033333325,50.7588666,0.7463281493333334,14,15,0,139,5,-0.4999999999999997,-0.8660254037844388,0.6807734094770161,-0.7324940716135789
2020-05-18 14:30:00,16974.10523809524,16595.72238095238,96415.7,14190129024.7,33.362330931034485,50.32767351724139,0.7109748358620688,14,30,0,139,5,-0.4999999999999997,-0.8660254037844388,0.6807734094770161,-0.7324940716135789
2020-05-18 14:45:00,17422.714285714286,17039.24142857143,100514.22857142857,14190133123.228573,33.482829466666665,49.369564,0.6675782790000002,14,45,0,139,5,-0.4999999999999997,-0.8660254037844388,0.6807734094770161,-0.7324940716135789
2020-05-18 15:00:00,17164.501904761906,16790.788571428573,104850.78571428571,14190137459.785715,33.88921465517242,49.1997121724138,0.6223585434482761,15,0,0,139,5,-0.7071067811865471,-0.7071067811865479,0.6807734094770161,-0.7324940716135789
2020-05-18 15:15:00,14748.004285714287,14440.97238095238,108450.0238095238,14096000662.823809,33.72917989999999,46.27826336666665,0.481245819,15,15,0,139,5,-0.7071067811865471,-0.7071067811865479,0.6807734094770161,-0.7324940716135789
2020-05-18 15:30:00,11489.74857142857,11266.753809523809,112037.74761904762,14190144646.74762,33.613372500000004,43.14834789999999,0.3532313366666666,15,30,0,139,5,-0.7071067811865471,-0.7071067811865479,0.6807734094770161,-0.7324940716135789
2020-05-18 15:45:00,10882.764761904762,10675.909047619047,114659.67142857143,14190147268.671429,33.40481962068966,40.65085562068965,0.3397950134482759,15,45,0,139,5,-0.7071067811865471,-0.7071067811865479,0.6807734094770161,-0.7324940716135789
2020-05-18 16:00:00,13491.690476190475,13218.83,117671.7,14190150280.7,34.07618586666667,42.393848766666665,0.4168387116666666,16,0,0,139,5,-0.8660254037844384,-0.5000000000000004,0.6807734094770161,-0.7324940716135789
2020-05-18 16:15:00,12289.881904761904,12045.251428571428,120858.20952380952,14190153467.209524,34.20788975862068,42.55650703448276,0.3776245151724137,16,15,0,139,5,-0.8660254037844384,-0.5000000000000004,0.6807734094770161,-0.7324940716135789
2020-05-18 16:30:00,8492.772380952381,8340.515238095239,123474.55238095237,14190156083.552382,33.34700529999999,40.1755146,0.2632670296666666,16,30,0,139,5,-0.8660254037844384,-0.5000000000000004,0.6807734094770161,-0.7324940716135789
2020-05-18 16:45:00,5862.802380952381,5751.407619047619,124638.02857142857,14188731082.242857,32.58227827586207,36.7663142413793,0.1800321872413792,16,45,0,139,5,-0.8660254037844384,-0.5000000000000004,0.6807734094770161,-0.7324940716135789
2020-05-18 17:00:00,5481.2,5375.12,126569.19999999998,14190159178.199999,32.15728253333334,35.155683233333335,0.1679854803333333,17,0,0,139,5,-0.9659258262890683,-0.25881904510252063,0.6807734094770161,-0.7324940716135789
2020-05-18 17:15:00,4248.7585714285715,4163.998571428571,127791.9857142857,14190160400.985714,31.96495755172414,34.34314610344827,0.1303982456551724,17,15,0,139,5,-0.9659258262890683,-0.25881904510252063,0.6807734094770161,-0.7324940716135789
2020-05-18 17:30:00,2751.1957142857145,2677.177142857143,128635.87619047619,14190161244.87619,31.54798583333333,32.76274516666666,0.0845372788333333,17,30,0,139,5,-0.9659258262890683,-0.25881904510252063,0.6807734094770161,-0.7324940716135789
2020-05-18 17:45:00,1740.1204761904762,1688.5361904761905,129175.29999999999,14190161784.300001,31.191822,31.46601924137931,0.0564699078275862,17,45,0,139,5,-0.9659258262890683,-0.25881904510252063,0.6807734094770161,-0.7324940716135789
2020-05-18 18:00:00,1150.6138095238096,1113.1895238095237,129527.54761904762,14190162136.547619,30.79789016666667,30.466209933333328,0.0366922300333333,18,0,0,139,5,-1.0,-1.8369701987210297e-16,0.6807734094770161,-0.7324940716135789
2020-05-18 18:15:00,579.0600000000001,559.1866666666667,129734.46666666666,14190162343.466667,30.541903827586207,29.610186310344815,0.019040468137931,18,15,0,139,5,-1.0,-1.8369701987210297e-16,0.6807734094770161,-0.7324940716135789
2020-05-18 18:30:00,133.97095238095238,129.21190476190475,129321.63809523809,14040312385.50476,30.34277076666667,29.031971233333334,0.0062312298316666,18,30,0,139,5,-1.0,-1.8369701987210297e-16,0.6807734094770161,-0.7324940716135789
2020-05-18 18:45:00,0.0,0.0,129832.0,14190162441.0,30.05953873333333,28.599336766666667,4.477383166666667e-05,18,45,0,139,5,-1.0,-1.8369701987210297e-16,0.6807734094770161,-0.7324940716135789
2020-05-18 19:00:00,0.0,0.0,129832.0,14190162441.0,29.33382027586207,28.254738689655177,0.0,19,0,0,139,5,-0.9659258262890684,0.2588190451025203,0.6807734094770161,-0.7324940716135789
2020-05-18 19:15:00,0.0,0.0,129832.0,14190162441.0,28.6457164,27.8103148,0.0,19,15,0,139,5,-0.9659258262890684,0.2588190451025203,0.6807734094770161,-0.7324940716135789
2020-05-18 19:30:00,0.0,0.0,129832.0,14190162441.0,28.33395286206897,27.492270620689656,0.0,19,30,0,139,5,-0.9659258262890684,0.2588190451025203,0.6807734094770161,-0.7324940716135789
2020-05-18 19:45:00,0.0,0.0,129832.0,14190162441.0,28.03039053333333,27.14371329999999,0.0,19,45,0,139,5,-0.9659258262890684,0.2588190451025203,0.6807734094770161,-0.7324940716135789
2020-05-18 20:00:00,0.0,0.0,129832.0,14190162441.0,27.82547393333333,26.870435566666664,0.0,20,0,0,139,5,-0.8660254037844386,0.5000000000000001,0.6807734094770161,-0.7324940716135789
2020-05-18 20:15:00,0.0,0.0,129832.0,14190162441.0,27.588050482758625,26.46023665517241,0.0,20,15,0,139,5,-0.8660254037844386,0.5000000000000001,0.6807734094770161,-0.7324940716135789
2020-05-18 20:30:00,0.0,0.0,129491.53333333333,14168079252.066668,27.29808046666667,26.04421686666667,0.0,20,30,0,139,5,-0.8660254037844386,0.5000000000000001,0.6807734094770161,-0.7324940716135789
2020-05-18 20:45:00,0.0,0.0,129832.0,14190162441.0,27.068115,25.48158756666667,0.0,20,45,0,139,5,-0.8660254037844386,0.5000000000000001,0.6807734094770161,-0.7324940716135789
2020-05-18 21:00:00,0.0,0.0,129832.0,14190162441.0,26.90030103448276,24.896495862068964,0.0,21,0,0,139,5,-0.7071067811865477,0.7071067811865474,0.6807734094770161,-0.7324940716135789
2020-05-18 21:15:00,0.0,0.0,129832.0,14190162441.0,26.78260506666667,24.8998698,0.0,21,15,0,139,5,-0.7071067811865477,0.7071067811865474,0.6807734094770161,-0.7324940716135789
2020-05-18 21:30:00,0.0,0.0,129832.0,14190162441.0,26.301334758620687,24.567905689655174,0.0,21,30,0,139,5,-0.7071067811865477,0.7071067811865474,0.6807734094770161,-0.7324940716135789
2020-05-18 21:45:00,0.0,0.0,129832.0,14190162441.0,26.547206666666668,24.842730733333333,0.0,21,45,0,139,5,-0.7071067811865477,0.7071067811865474,0.6807734094770161,-0.7324940716135789
2020-05-18 22:00:00,0.0,0.0,129832.0,14190162441.0,26.305780033333328,24.966904633333336,0.0,22,0,0,139,5,-0.5000000000000004,0.8660254037844384,0.6807734094770161,-0.7324940716135789
2020-05-18 22:15:00,0.0,0.0,129832.0,14190162441.0,26.015667137931043,24.688852310344828,0.0,22,15,0,139,5,-0.5000000000000004,0.8660254037844384,0.6807734094770161,-0.7324940716135789
2020-05-18 22:30:00,0.0,0.0,129832.0,14190162441.0,26.02266536666666,24.672434466666672,0.0,22,30,0,139,5,-0.5000000000000004,0.8660254037844384,0.6807734094770161,-0.7324940716135789
2020-05-18 22:45:00,0.0,0.0,129832.0,14190162441.0,25.952140137931032,24.654015896551726,0.0,22,45,0,139,5,-0.5000000000000004,0.8660254037844384,0.6807734094770161,-0.7324940716135789
2020-05-18 23:00:00,0.0,0.0,129551.0,14182096697.066668,25.955106766666667,24.724001166666667,0.0,23,0,0,139,5,-0.25881904510252157,0.9659258262890681,0.6807734094770161,-0.7324940716135789
2020-05-18 23:15:00,0.0,0.0,129832.0,14190162441.0,25.8418743,24.6029246,0.0,23,15,0,139,5,-0.25881904510252157,0.9659258262890681,0.6807734094770161,-0.7324940716135789
2020-05-18 23:30:00,0.0,0.0,129832.0,14190162441.0,25.74263996551724,24.49737855172414,0.0,23,30,0,139,5,-0.25881904510252157,0.9659258262890681,0.6807734094770161,-0.7324940716135789
2020-05-18 23:45:00,0.0,0.0,118922.64285714286,14190162441.0,25.765357533333336,24.498939866666667,0.0,23,45,0,139,5,-0.25881904510252157,0.9659258262890681,0.6807734094770161,-0.7324940716135789
2020-05-19 00:00:00,0.0,0.0,39738.8,14190162441.0,25.826530862068964,24.66096231034483,0.0,0,0,1,140,5,0.0,1.0,0.6680638642135335,-0.7441039398713607
2020-05-19 00:15:00,0.0,0.0,22285.0,14190162441.0,25.762284399999995,24.583375966666665,0.0,0,15,1,140,5,0.0,1.0,0.6680638642135335,-0.7441039398713607
2020-05-19 00:30:00,0.0,0.0,22285.0,14190162441.0,25.6613575,24.37365103333333,0.0,0,30,1,140,5,0.0,1.0,0.6680638642135335,-0.7441039398713607
2020-05-19 00:45:00,0.0,0.0,22285.0,14190162441.0,25.58436624137932,24.250307275862077,0.0,0,45,1,140,5,0.0,1.0,0.6680638642135335,-0.7441039398713607
2020-05-19 01:00:00,0.0,0.0,22285.0,14190162441.0,25.5382362,24.188482600000004,0.0,1,0,1,140,5,0.25881904510252074,0.9659258262890683,0.6680638642135335,-0.7441039398713607
2020-05-19 01:15:00,0.0,0.0,15662.8,14190162441.0,25.485765965517245,24.089658551724135,0.0,1,15,1,140,5,0.25881904510252074,0.9659258262890683,0.6680638642135335,-0.7441039398713607
2020-05-19 01:30:00,0.0,0.0,14644.0,14190162441.0,25.3748421,23.869368566666665,0.0,1,30,1,140,5,0.25881904510252074,0.9659258262890683,0.6680638642135335,-0.7441039398713607
2020-05-19 01:45:00,0.0,0.0,14644.0,14190162441.0,25.354532700000004,23.893946300000007,0.0,1,45,1,140,5,0.25881904510252074,0.9659258262890683,0.6680638642135335,-0.7441039398713607
2020-05-19 02:00:00,0.0,0.0,14644.0,14190162441.0,25.325819275862067,23.844329931034483,0.0,2,0,1,140,5,0.49999999999999994,0.8660254037844387,0.6680638642135335,-0.7441039398713607
2020-05-19 02:15:00,0.0,0.0,14644.0,14190162441.0,25.229304866666656,23.758779,0.0,2,15,1,140,5,0.49999999999999994,0.8660254037844387,0.6680638642135335,-0.7441039398713607
2020-05-19 02:30:00,0.0,0.0,14644.0,14190162441.0,25.145670034482755,23.728196793103443,0.0,2,30,1,140,5,0.49999999999999994,0.8660254037844387,0.6680638642135335,-0.7441039398713607
2020-05-19 02:45:00,0.0,0.0,14644.0,14190162441.0,25.137797166666665,23.72291670000001,0.0,2,45,1,140,5,0.49999999999999994,0.8660254037844387,0.6680638642135335,-0.7441039398713607
2020-05-19 03:00:00,0.0,0.0,14644.0,14190162441.0,25.1428428,23.86679076666666,0.0,3,0,1,140,5,0.7071067811865475,0.7071067811865476,0.6680638642135335,-0.7441039398713607
2020-05-19 03:15:00,0.0,0.0,14644.0,14190162441.0,25.161872724137933,23.892513862068967,0.0,3,15,1,140,5,0.7071067811865475,0.7071067811865476,0.6680638642135335,-0.7441039398713607
2020-05-19 03:30:00,0.0,0.0,14644.0,14190162441.0,25.132742466666667,23.860702433333337,0.0,3,30,1,140,5,0.7071067811865475,0.7071067811865476,0.6680638642135335,-0.7441039398713607
2020-05-19 03:45:00,0.0,0.0,14644.0,14190162441.0,25.07153855172413,23.784706793103453,0.0,3,45,1,140,5,0.7071067811865475,0.7071067811865476,0.6680638642135335,-0.7441039398713607
2020-05-19 04:00:00,0.0,0.0,12454.214285714286,14190162441.0,25.0843009,23.905414966666665,0.0,4,0,1,140,5,0.8660254037844386,0.5000000000000001,0.6680638642135335,-0.7441039398713607
2020-05-19 04:15:00,0.0,0.0,11857.0,14190162441.0,25.120121466666664,24.0431886,0.0,4,15,1,140,5,0.8660254037844386,0.5000000000000001,0.6680638642135335,-0.7441039398713607
2020-05-19 04:30:00,0.0,0.0,11857.0,14190162441.0,25.10805341379309,23.9891051724138,0.0,4,30,1,140,5,0.8660254037844386,0.5000000000000001,0.6680638642135335,-0.7441039398713607
2020-05-19 04:45:00,0.0,0.0,11579.6,14190138278.333334,25.09842243333333,23.912918933333334,0.0,4,45,1,140,5,0.8660254037844386,0.5000000000000001,0.6680638642135335,-0.7441039398713607
2020-05-19 05:00:00,0.0,0.0,11857.0,14190162441.0,25.01160706896552,23.79802844827586,0.0,5,0,1,140,5,0.9659258262890683,0.25881904510252074,0.6680638642135335,-0.7441039398713607
2020-05-19 05:15:00,0.0,0.0,11857.0,14190162441.0,24.96392923333333,23.693600433333334,0.0,5,15,1,140,5,0.9659258262890683,0.25881904510252074,0.6680638642135335,-0.7441039398713607
2020-05-19 05:30:00,0.0,0.0,3025.971428571429,14190162441.0,24.875560466666663,23.604404766666665,0.0,5,30,1,140,5,0.9659258262890683,0.25881904510252074,0.6680638642135335,-0.7441039398713607
2020-05-19 05:45:00,0.0,0.0,0.0,14190162441.0,24.855137137931035,23.588394655172408,0.0003547446068965,5,45,1,140,5,0.9659258262890683,0.25881904510252074,0.6680638642135335,-0.7441039398713607
2020-05-19 06:00:00,182.73285714285714,176.41285714285715,7.995238095238094,14190162448.995237,24.819869,23.79692286666667,0.0088200197566666,6,0,1,140,5,1.0,6.123233995736766e-17,0.6680638642135335,-0.7441039398713607
2020-05-19 06:15:00,1082.182857142857,1046.7938095238096,158.71428571428572,14190162599.714289,24.827134655172415,24.33462103448276,0.0355508631724138,6,15,1,140,5,1.0,6.123233995736766e-17,0.6680638642135335,-0.7441039398713607
2020-05-19 06:30:00,1811.04,1757.1599999999999,502.0,14190162942.999998,24.917694,24.800521900000003,0.0578894304333333,6,30,1,140,5,1.0,6.123233995736766e-17,0.6680638642135335,-0.7441039398713607
2020-05-19 06:45:00,2623.6680952380952,2551.4438095238093,1047.4761904761904,14190163488.47619,25.0238301,25.534048433333336,0.0836488363333333,6,45,1,140,5,1.0,6.123233995736766e-17,0.6680638642135335,-0.7441039398713607
2020-05-19 07:00:00,3232.983809523809,3154.3061904761903,1740.8095238095236,14190164181.809523,25.170778517241374,26.24912437931035,0.1025722453448275,7,0,1,140,5,0.9659258262890683,-0.25881904510252063,0.6680638642135335,-0.7441039398713607
2020-05-19 07:15:00,7209.74619047619,7081.259523809524,2913.3,14190165354.300001,25.621686733333338,28.534140033333337,0.2387451663333333,7,15,1,140,5,0.9659258262890683,-0.25881904510252063,0.6680638642135335,-0.7441039398713607
2020-05-19 07:30:00,10247.57,10052.331904761904,5178.280952380952,14190167619.280952,26.388763413793104,32.45415948275862,0.3529456655172413,7,30,1,140,5,0.9659258262890683,-0.25881904510252063,0.6680638642135335,-0.7441039398713607
2020-05-19 07:45:00,9801.866666666667,9619.6,7614.133333333333,14190170055.133333,26.525773066666662,32.451766133333344,0.3446251163333333,7,45,1,140,5,0.9659258262890683,-0.25881904510252063,0.6680638642135335,-0.7441039398713607
2020-05-19 08:00:00,9588.923333333334,9410.369523809524,10112.819047619048,14190172553.819048,26.654752586206893,32.383876379310344,0.3126744565517241,8,0,1,140,5,0.8660254037844387,-0.4999999999999998,0.6680638642135335,-0.7441039398713607
2020-05-19 08:15:00,10127.865714285714,9936.558571428572,12339.97619047619,14190174780.97619,26.52682696666667,31.77521156666667,0.3516789246666667,8,15,1,140,5,0.8660254037844387,-0.4999999999999998,0.6680638642135335,-0.7441039398713607
2020-05-19 08:30:00,10981.003333333332,10769.661428571428,15108.914285714285,14190177549.914286,26.875693633333334,33.99969796666668,0.3633468526666667,8,30,1,140,5,0.8660254037844387,-0.4999999999999998,0.6680638642135335,-0.7441039398713607
2020-05-19 08:45:00,7208.878571428571,7078.862857142857,17216.966666666667,14190179657.966665,26.747689,32.03219493103448,0.2290580524137931,8,45,1,140,5,0.8660254037844387,-0.4999999999999998,0.6680638642135335,-0.7441039398713607
2020-05-19 09:00:00,13999.2,13713.406666666666,19792.333333333332,14188850625.0,27.435730933333332,35.84101773333334,0.4922465099999999,9,0,1,140,5,0.7071067811865476,-0.7071067811865475,0.6680638642135335,-0.7441039398713607
2020-05-19 09:15:00,9204.340952380953,9037.463333333333,22641.219047619048,14190185082.219048,27.386309241379315,34.54598362068967,0.2753400410344827,9,15,1,140,5,0.7071067811865476,-0.7071067811865475,0.6680638642135335,-0.7441039398713607
2020-05-19 09:30:00,7470.413333333334,7342.032857142857,24763.176190476188,14190187204.17619,27.299538166666665,32.5958526,0.2372463603333332,9,30,1,140,5,0.7071067811865476,-0.7071067811865475,0.6680638642135335,-0.7441039398713607
2020-05-19 09:45:00,7226.421904761904,7101.947619047619,26583.985714285714,14190189024.985714,27.278511793103448,31.882327413793107,0.2245894565517241,9,45,1,140,5,0.7071067811865476,-0.7071067811865475,0.6680638642135335,-0.7441039398713607
2020-05-19 10:00:00,8244.935714285715,8101.325714285714,28351.814285714285,14182754489.74762,27.565809133333328,32.14256796666667,0.2635695233333332,10,0,1,140,5,0.49999999999999994,-0.8660254037844387,0.6680638642135335,-0.7441039398713607
2020-05-19 10:15:00,3434.0280952380954,3355.3661904761907,7931.842857142857,6788327916.209524,28.93706556666666,41.523643,0.7757806623333334,10,15,1,140,5,0.49999999999999994,-0.8660254037844387,0.6680638642135335,-0.7441039398713607
2020-05-19 10:30:00,16801.760000000002,16401.146666666667,32384.6,14190194920.199999,29.899837965517246,47.6299161724138,0.7823134841379311,10,30,1,140,5,0.49999999999999994,-0.8660254037844387,0.6680638642135335,-0.7441039398713607
2020-05-19 10:45:00,15637.740952380953,15258.736666666668,36447.23809523809,14190198888.238094,30.44308386666667,48.417112166666655,0.883623795,10,45,1,140,5,0.49999999999999994,-0.8660254037844387,0.6680638642135335,-0.7441039398713607
2020-05-19 11:00:00,15965.454285714286,15573.375238095237,40122.97619047619,14190202563.97619,30.64996444827586,49.40851693103448,0.9527868706896552,11,0,1,140,5,0.258819045102521,-0.9659258262890682,0.6680638642135335,-0.7441039398713607
2020-05-19 11:15:00,16617.298095238097,16205.442857142856,44016.75714285714,14076332538.290476,30.9685251,50.26547433333333,0.9542261986666664,11,15,1,140,5,0.258819045102521,-0.9659258262890682,0.6680638642135335,-0.7441039398713607
2020-05-19 11:30:00,15487.084285714285,15104.705238095237,48083.038095238095,14190210524.038095,31.455090862068964,51.00279793103448,0.9315328379310344,11,30,1,140,5,0.258819045102521,-0.9659258262890682,0.6680638642135335,-0.7441039398713607
2020-05-19 11:45:00,16128.946666666667,15728.153333333332,51932.933333333334,14190214373.933334,31.76743353333333,50.95129696666665,0.9472872033333332,11,45,1,140,5,0.258819045102521,-0.9659258262890682,0.6680638642135335,-0.7441039398713607
2020-05-19 12:00:00,16176.573333333334,15773.602380952381,55782.433333333334,14190218223.433334,32.061154310344826,51.70768065517242,0.9674634931034484,12,0,1,140,5,1.2246467991473532e-16,-1.0,0.6680638642135335,-0.7441039398713607
2020-05-19 12:15:00,16606.14285714286,16194.75857142857,59815.07619047619,14190222256.07619,32.56087253333334,52.5582591,0.922836151,12,15,1,140,5,1.2246467991473532e-16,-1.0,0.6680638642135335,-0.7441039398713607
2020-05-19 12:30:00,15211.246666666668,14843.233333333334,63734.066666666666,14190226175.066668,32.68662231034483,52.33079479310344,0.8343676568965516,12,30,1,140,5,1.2246467991473532e-16,-1.0,0.6680638642135335,-0.7441039398713607
2020-05-19 12:45:00,16089.254761904762,15697.970952380952,67503.66666666666,14190229944.666666,32.76796153333333,50.572105,0.8438206080000001,12,45,1,140,5,1.2246467991473532e-16,-1.0,0.6680638642135335,-0.7441039398713607
2020-05-19 13:00:00,16216.727619047619,15824.035238095239,71504.43333333333,14190233945.433334,33.02636206896551,50.010879206896554,0.7695755772413791,13,0,1,140,5,-0.2588190451025208,-0.9659258262890683,0.6680638642135335,-0.7441039398713607
2020-05-19 13:15:00,17283.327619047617,16858.007142857143,75360.06190476191,14190237801.061905,33.465824399999995,51.61920369999999,0.90615994,13,15,1,140,5,-0.2588190451025208,-0.9659258262890683,0.6680638642135335,-0.7441039398713607
2020-05-19 13:30:00,16774.86904761905,16368.121428571429,79666.06666666667,14190242107.066668,33.95278820689655,53.399306620689664,0.839523890689655,13,30,1,140,5,-0.2588190451025208,-0.9659258262890683,0.6680638642135335,-0.7441039398713607
2020-05-19 13:45:00,15151.646666666667,14811.953333333333,83438.13333333333,14190245879.133333,33.5244263,50.37124133333332,0.6888711973333332,13,45,1,140,5,-0.2588190451025208,-0.9659258262890683,0.6680638642135335,-0.7441039398713607
2020-05-19 14:00:00,16012.000952380951,15658.530476190475,87322.55714285714,14190249763.557142,33.976512896551725,49.866708,0.6510980537931034,14,0,1,140,5,-0.4999999999999997,-0.8660254037844388,0.6680638642135335,-0.7441039398713607
2020-05-19 14:15:00,18221.23,17812.551904761905,91542.48095238095,14190253983.480951,34.40232743333333,50.24767436666668,0.7018116086666665,14,15,1,140,5,-0.4999999999999997,-0.8660254037844388,0.6680638642135335,-0.7441039398713607
2020-05-19 14:30:00,15697.357619047618,15356.188095238094,95718.09523809524,14190258159.095238,34.51084996666668,49.6829406,0.6089637913333333,14,30,1,140,5,-0.4999999999999997,-0.8660254037844388,0.6680638642135335,-0.7441039398713607
2020-05-19 14:45:00,14694.96,14389.110476190477,99443.69523809524,14190261884.695238,34.437600862068955,46.93042603448275,0.4982356875862069,14,45,1,140,5,-0.4999999999999997,-0.8660254037844388,0.6680638642135335,-0.7441039398713607
2020-05-19 15:00:00,11953.06,11715.866666666667,102606.2,14190265047.2,33.798010433333324,42.3022998,0.369271392,15,0,1,140,5,-0.7071067811865471,-0.7071067811865479,0.6680638642135335,-0.7441039398713607
2020-05-19 15:15:00,7654.924761904762,7512.06238095238,105278.0380952381,14190267719.038095,33.23434548275863,40.04291196551724,0.23340347,15,15,1,140,5,-0.7071067811865471,-0.7071067811865479,0.6680638642135335,-0.7441039398713607
2020-05-19 15:30:00,3610.6266666666666,3531.9366666666665,106486.18095238095,14190268927.180954,27.055305866666664,29.508684366666667,0.0971562772666666,15,30,1,140,5,-0.7071067811865471,-0.7071067811865479,0.6680638642135335,-0.7441039398713607
2020-05-19 15:45:00,1813.8615384615382,1764.4796703296704,107220.94505494506,14190269661.945055,24.55274310714285,24.52630835714285,0.0441190209678571,15,45,1,140,5,-0.7071067811865471,-0.7071067811865479,0.6680638642135335,-0.7441039398713607
2020-05-19 16:15:00,730.475,705.9625,107611.0,14190270052.0,22.933313250000005,21.12170025,0.02300295125,16,15,1,140,5,-0.8660254037844384,-0.5000000000000004,0.6680638642135335,-0.7441039398713607
2020-05-19 16:30:00,1793.742857142857,1740.9571428571428,107865.71428571429,14190270306.714285,23.387061931034484,21.8203125862069,0.054725162,16,30,1,140,5,-0.8660254037844384,-0.5000000000000004,0.6680638642135335,-0.7441039398713607
2020-05-19 16:45:00,814.04,787.2266666666667,108202.93333333333,14190270643.933332,24.308211266666667,22.346285166666664,0.0275732674333333,16,45,1,140,5,-0.8660254037844384,-0.5000000000000004,0.6680638642135335,-0.7441039398713607
2020-05-19 17:00:00,474.0733333333333,457.70666666666665,108341.13333333333,14190270782.133333,23.701372896551725,21.968187,0.0159814222241379,17,0,1,140,5,-0.9659258262890683,-0.25881904510252063,0.6680638642135335,-0.7441039398713607
2020-05-19 17:15:00,145.90666666666667,140.77333333333334,108422.86666666667,14190270863.866665,23.62663786666667,21.9704834,0.0078289189366666,17,15,1,140,5,-0.9659258262890683,-0.25881904510252063,0.6680638642135335,-0.7441039398713607
2020-05-19 17:30:00,0.0,0.0,108435.0,14190270876.0,23.32891844827586,21.96210255172414,0.004388399575862,17,30,1,140,5,-0.9659258262890683,-0.25881904510252063,0.6680638642135335,-0.7441039398713607
2020-05-19 17:45:00,0.0,0.0,108435.0,14190270876.0,22.905833206896556,21.970494827586204,0.0046015545931034,17,45,1,140,5,-0.9659258262890683,-0.25881904510252063,0.6680638642135335,-0.7441039398713607
2020-05-19 18:00:00,0.0,0.0,108435.0,14190270876.0,22.59090876666666,21.751172866666664,0.00270012998,18,0,1,140,5,-1.0,-1.8369701987210297e-16,0.6680638642135335,-0.7441039398713607
2020-05-19 18:15:00,36.61333333333333,35.331428571428575,108435.40952380953,14190270876.409525,22.781149333333328,21.412376,0.0057227409633333,18,15,1,140,5,-1.0,-1.8369701987210297e-16,0.6680638642135335,-0.7441039398713607
2020-05-19 18:30:00,17.1,16.493333333333332,108442.46666666666,14190270883.466667,23.769236517241374,21.45997579310345,0.0063741435275862,18,30,1,140,5,-1.0,-1.8369701987210297e-16,0.6680638642135335,-0.7441039398713607
2020-05-19 18:45:00,0.0,0.0,108443.0,14190270884.0,23.401081366666663,21.83125313333333,0.0022560805666666,18,45,1,140,5,-1.0,-1.8369701987210297e-16,0.6680638642135335,-0.7441039398713607
2020-05-19 19:00:00,0.0,0.0,108443.0,14190270884.0,24.668545379310345,22.740741689655174,0.0023246097586206,19,0,1,140,5,-0.9659258262890684,0.2588190451025203,0.6680638642135335,-0.7441039398713607
2020-05-19 19:15:00,0.0,0.0,108309.73333333334,14076396831.266666,21.648595166666667,20.295639066666663,6.3984133333333324e-06,19,15,1,140,5,-0.9659258262890684,0.2588190451025203,0.6680638642135335,-0.7441039398713607
2020-05-19 19:30:00,0.0,0.0,108443.0,14190270884.0,21.893734620689653,20.521611724137934,5.427619586206896e-05,19,30,1,140,5,-0.9659258262890684,0.2588190451025203,0.6680638642135335,-0.7441039398713607
2020-05-19 19:45:00,0.0,0.0,108443.0,14190270884.0,22.465216933333338,20.90105176666667,0.0002508178,19,45,1,140,5,-0.9659258262890684,0.2588190451025203,0.6680638642135335,-0.7441039398713607
2020-05-19 20:00:00,0.0,0.0,108443.0,14190270884.0,23.660331999999997,21.273469103448274,0.0025417144999999,20,0,1,140,5,-0.8660254037844386,0.5000000000000001,0.6680638642135335,-0.7441039398713607
2020-05-19 20:15:00,0.0,0.0,108443.0,14190270884.0,24.39279383333333,22.762568133333332,0.0028690485799999,20,15,1,140,5,-0.8660254037844386,0.5000000000000001,0.6680638642135335,-0.7441039398713607
2020-05-19 20:30:00,0.0,0.0,108443.0,14190270884.0,24.279873655172413,23.061630758620687,0.0017487525344827,20,30,1,140,5,-0.8660254037844386,0.5000000000000001,0.6680638642135335,-0.7441039398713607
2020-05-19 20:45:00,0.0,0.0,108443.0,14190270884.0,23.86325173333333,22.95575250000001,0.0008765826303333,20,45,1,140,5,-0.8660254037844386,0.5000000000000001,0.6680638642135335,-0.7441039398713607
2020-05-19 21:00:00,0.0,0.0,108443.0,14190270884.0,24.10814589655172,23.08405286206896,0.0003561047920689,21,0,1,140,5,-0.7071067811865477,0.7071067811865474,0.6680638642135335,-0.7441039398713607
2020-05-19 21:15:00,0.0,0.0,108443.0,14190270884.0,24.047049099999995,23.071009333333336,3.839048e-06,21,15,1,140,5,-0.7071067811865477,0.7071067811865474,0.6680638642135335,-0.7441039398713607
2020-05-19 21:30:00,0.0,0.0,108443.0,14190270884.0,24.31994936666667,23.2351491,2.5593588666666667e-06,21,30,1,140,5,-0.7071067811865477,0.7071067811865474,0.6680638642135335,-0.7441039398713607
2020-05-19 21:45:00,0.0,0.0,108443.0,14190270884.0,24.345729620689657,23.295026206896548,0.0,21,45,1,140,5,-0.7071067811865477,0.7071067811865474,0.6680638642135335,-0.7441039398713607
2020-05-19 22:00:00,0.0,0.0,108443.0,14190270884.0,24.287572678571426,23.22814078571428,0.0,22,0,1,140,5,-0.5000000000000004,0.8660254037844384,0.6680638642135335,-0.7441039398713607
2020-05-19 22:15:00,0.0,0.0,59143.0,10523775869.0,24.207670200000003,23.11916696666667,0.0,22,15,1,140,5,-0.5000000000000004,0.8660254037844384,0.6680638642135335,-0.7441039398713607
2020-05-19 22:30:00,0.0,0.0,59143.0,10523775869.0,24.172946310344827,22.996127517241376,0.0,22,30,1,140,5,-0.5000000000000004,0.8660254037844384,0.6680638642135335,-0.7441039398713607
2020-05-19 22:45:00,0.0,0.0,59009.73333333334,10409901816.266666,23.983647666666663,22.873686533333327,0.0,22,45,1,140,5,-0.5000000000000004,0.8660254037844384,0.6680638642135335,-0.7441039398713607
2020-05-19 23:00:00,0.0,0.0,59143.0,10523775869.0,23.764134793103445,22.499025586206898,0.0,23,0,1,140,5,-0.25881904510252157,0.9659258262890681,0.6680638642135335,-0.7441039398713607
2020-05-19 23:15:00,0.0,0.0,59143.0,10523775869.0,23.48484706666666,21.763374766666665,0.0,23,15,1,140,5,-0.25881904510252157,0.9659258262890681,0.6680638642135335,-0.7441039398713607
2020-05-19 23:30:00,0.0,0.0,59143.0,10523775869.0,23.018634966666667,20.832572366666668,0.0,23,30,1,140,5,-0.25881904510252157,0.9659258262890681,0.6680638642135335,-0.7441039398713607
2020-05-19 23:45:00,0.0,0.0,47049.666666666664,10523775869.0,22.96248424137931,20.819839,0.0,23,45,1,140,5,-0.25881904510252157,0.9659258262890681,0.6680638642135335,-0.7441039398713607
2020-05-20 00:00:00,0.0,0.0,9272.147619047619,10363221789.928572,22.8691498,20.88145033333333,0.0,0,0,2,141,5,0.0,1.0,0.6551563572090853,-0.7554933140726803
2020-05-20 00:15:00,0.0,0.0,2825.0,10523775869.0,23.50438506896552,21.389197034482763,2.779999882758621e-05,0,15,2,141,5,0.0,1.0,0.6551563572090853,-0.7554933140726803
2020-05-20 00:30:00,0.0,0.0,2825.0,10523775869.0,24.69240406666667,22.599083466666656,0.0001420447746666,0,30,2,141,5,0.0,1.0,0.6551563572090853,-0.7554933140726803
2020-05-20 00:45:00,0.0,0.0,2825.0,10523775869.0,24.773829033333335,23.075260433333334,0.0,0,45,2,141,5,0.0,1.0,0.6551563572090853,-0.7554933140726803
2020-05-20 01:00:00,0.0,0.0,2825.0,10523775869.0,24.6177441724138,22.88777313793103,0.0,1,0,2,141,5,0.25881904510252074,0.9659258262890683,0.6551563572090853,-0.7554933140726803
2020-05-20 01:15:00,0.0,0.0,2825.0,10523775869.0,24.450394766666665,22.722356066666663,0.0,1,15,2,141,5,0.25881904510252074,0.9659258262890683,0.6551563572090853,-0.7554933140726803
2020-05-20 01:30:00,0.0,0.0,2825.0,10523775869.0,24.319342133333333,22.55997093333333,0.0,1,30,2,141,5,0.25881904510252074,0.9659258262890683,0.6551563572090853,-0.7554933140726803
2020-05-20 01:45:00,0.0,0.0,2825.0,10523775869.0,24.39755568965517,22.59517368965517,0.0,1,45,2,141,5,0.25881904510252074,0.9659258262890683,0.6551563572090853,-0.7554933140726803
2020-05-20 02:00:00,0.0,0.0,2825.0,10523775869.0,24.487008866666667,22.7013214,0.0,2,0,2,141,5,0.49999999999999994,0.8660254037844387,0.6551563572090853,-0.7554933140726803
2020-05-20 02:15:00,0.0,0.0,2825.0,10523775869.0,24.398595482758623,22.730788517241376,0.0,2,15,2,141,5,0.49999999999999994,0.8660254037844387,0.6551563572090853,-0.7554933140726803
2020-05-20 02:30:00,0.0,0.0,2825.0,10523775869.0,24.248618633333336,22.4012268,0.0,2,30,2,141,5,0.49999999999999994,0.8660254037844387,0.6551563572090853,-0.7554933140726803
2020-05-20 02:45:00,0.0,0.0,2825.0,10523775869.0,24.087829733333336,22.237516399999997,0.0,2,45,2,141,5,0.49999999999999994,0.8660254037844387,0.6551563572090853,-0.7554933140726803
2020-05-20 03:00:00,0.0,0.0,2825.0,10523775869.0,23.977405448275864,22.20281693103448,0.0,3,0,2,141,5,0.7071067811865475,0.7071067811865476,0.6551563572090853,-0.7554933140726803
2020-05-20 03:15:00,0.0,0.0,2825.0,10523775869.0,23.88355383333333,22.140261866666663,0.0,3,15,2,141,5,0.7071067811865475,0.7071067811865476,0.6551563572090853,-0.7554933140726803
2020-05-20 03:30:00,0.0,0.0,2825.0,10523775869.0,23.85213686206896,22.3865651724138,0.0,3,30,2,141,5,0.7071067811865475,0.7071067811865476,0.6551563572090853,-0.7554933140726803
2020-05-20 03:45:00,0.0,0.0,2825.0,10523775869.0,24.005214566666663,22.449035666666667,0.0,3,45,2,141,5,0.7071067811865475,0.7071067811865476,0.6551563572090853,-0.7554933140726803
2020-05-20 04:00:00,0.0,0.0,2825.0,10523775869.0,23.995881333333333,22.497091633333334,0.0,4,0,2,141,5,0.8660254037844386,0.5000000000000001,0.6551563572090853,-0.7554933140726803
2020-05-20 04:15:00,0.0,0.0,2825.0,10523775869.0,24.191343172413795,23.287200793103445,3.309451227586207e-05,4,15,2,141,5,0.8660254037844386,0.5000000000000001,0.6551563572090853,-0.7554933140726803
2020-05-20 04:30:00,0.0,0.0,2825.0,10523775869.0,24.16128653333333,22.910397333333336,0.0,4,30,2,141,5,0.8660254037844386,0.5000000000000001,0.6551563572090853,-0.7554933140726803
2020-05-20 04:45:00,0.0,0.0,2825.0,10523775869.0,24.00179234482759,22.33704875862069,0.0,4,45,2,141,5,0.8660254037844386,0.5000000000000001,0.6551563572090853,-0.7554933140726803
2020-05-20 05:00:00,0.0,0.0,2825.0,10523775869.0,23.918817933333333,22.176272733333327,0.0,5,0,2,141,5,0.9659258262890683,0.25881904510252074,0.6551563572090853,-0.7554933140726803
2020-05-20 05:15:00,0.0,0.0,2825.0,10523775869.0,23.893834166666668,22.186045566666667,0.0,5,15,2,141,5,0.9659258262890683,0.25881904510252074,0.6551563572090853,-0.7554933140726803
2020-05-20 05:30:00,0.0,0.0,188.3333333333333,10523775869.0,23.86936775862069,22.12683337931034,0.0,5,30,2,141,5,0.9659258262890683,0.25881904510252074,0.6551563572090853,-0.7554933140726803
2020-05-20 05:45:00,0.0,0.0,0.0,10523775869.0,23.686161400000003,21.987447133333337,0.0004734719072,5,45,2,141,5,0.9659258262890683,0.25881904510252074,0.6551563572090853,-0.7554933140726803
2020-05-20 06:00:00,182.55333333333334,176.22,13.6,10523775882.6,23.641993137931035,22.08829268965517,0.0131981180620689,6,0,2,141,5,1.0,6.123233995736766e-17,0.6551563572090853,-0.7554933140726803
2020-05-20 06:15:00,500.8880952380953,484.27952380952377,98.92857142857142,10523775967.928572,23.659280599999995,22.604933600000003,0.0329641202333333,6,15,2,141,5,1.0,6.123233995736766e-17,0.6551563572090853,-0.7554933140726803
2020-05-20 06:30:00,858.43,832.0352380952381,251.7857142857143,10523776120.785715,23.731026266666667,23.105738333333328,0.0532596423333333,6,30,2,141,5,1.0,6.123233995736766e-17,0.6551563572090853,-0.7554933140726803
2020-05-20 06:45:00,1333.5066666666667,1296.2466666666667,524.0,10523776393.0,24.00944055172413,24.11705706896552,0.0815247817241379,6,45,2,141,5,1.0,6.123233995736766e-17,0.6551563572090853,-0.7554933140726803
2020-05-20 07:00:00,1758.6933333333334,1716.5333333333333,891.0,10523776760.0,24.19482623333333,25.095684733333336,0.1068528692333333,7,0,2,141,5,0.9659258262890683,-0.25881904510252063,0.6551563572090853,-0.7554933140726803
2020-05-20 07:15:00,2833.2066666666665,2779.02,1448.6000000000001,10523777317.6,24.43605424137931,26.56041113793103,0.174225292413793,7,15,2,141,5,0.9659258262890683,-0.25881904510252063,0.6551563572090853,-0.7554933140726803
2020-05-20 07:30:00,4510.639047619047,4432.33,2343.152380952381,10523778212.15238,24.89542023333333,29.149282866666667,0.2957842996666666,7,30,2,141,5,0.9659258262890683,-0.25881904510252063,0.6551563572090853,-0.7554933140726803
2020-05-20 07:45:00,5527.206666666667,5423.176666666666,3554.3761904761905,10523779423.37619,25.45767420689655,31.8375128275862,0.3489275079310345,7,45,2,141,5,0.9659258262890683,-0.25881904510252063,0.6551563572090853,-0.7554933140726803
2020-05-20 08:00:00,6064.193333333334,5946.213333333333,4989.733333333333,10523780858.733334,25.69534393333333,32.733932200000005,0.3844719883333333,8,0,2,141,5,0.8660254037844387,-0.4999999999999998,0.6551563572090853,-0.7554933140726803
2020-05-20 08:15:00,6473.313333333333,6346.419999999999,6517.066666666667,10523782386.066666,26.174195366666662,34.1762287,0.3966988159999999,8,15,2,141,5,0.8660254037844387,-0.4999999999999998,0.6551563572090853,-0.7554933140726803
2020-05-20 08:30:00,8116.49,7949.153333333333,8262.742857142857,10404118680.609522,26.49222537931035,35.83274265517242,0.4990015193103448,8,30,2,141,5,0.8660254037844387,-0.4999999999999998,0.6551563572090853,-0.7554933140726803
2020-05-20 08:45:00,8362.254761904762,8189.094285714285,10314.67619047619,10523786183.67619,26.776749666666667,36.66196696666668,0.501239439,8,45,2,141,5,0.8660254037844387,-0.4999999999999998,0.6551563572090853,-0.7554933140726803
2020-05-20 09:00:00,9232.468571428572,9037.607142857141,12393.757142857143,10523762172.4,27.25867220689656,38.37599344827586,0.5697500368965517,9,0,2,141,5,0.7071067811865476,-0.7071067811865475,0.6551563572090853,-0.7554933140726803
2020-05-20 09:15:00,9161.866666666667,8964.253333333332,14763.466666666667,10523790632.466667,27.7584269,40.67017606666668,0.6406315396666667,9,15,2,141,5,0.7071067811865476,-0.7071067811865475,0.6551563572090853,-0.7554933140726803
2020-05-20 09:30:00,8876.193333333333,8683.806666666667,16978.466666666667,10523792847.466667,28.255152206896557,42.38117079310345,0.6470725131034483,9,30,2,141,5,0.7071067811865476,-0.7071067811865475,0.6551563572090853,-0.7554933140726803
2020-05-20 09:45:00,8603.323809523808,8415.08238095238,19173.004761904762,10523795042.004763,28.474303266666663,43.55698946666667,0.6862952536666667,9,45,2,141,5,0.7071067811865476,-0.7071067811865475,0.6551563572090853,-0.7554933140726803
2020-05-20 10:00:00,7963.170952380951,7785.319523809524,21178.59523809524,10523797047.595238,28.602340733333328,44.166997499999994,0.747509839,10,0,2,141,5,0.49999999999999994,-0.8660254037844387,0.6551563572090853,-0.7554933140726803
2020-05-20 10:15:00,5480.660000000001,5346.84,22770.533333333333,10523798639.533333,28.900173896551724,45.35204320689655,0.8641144379310344,10,15,2,141,5,0.49999999999999994,-0.8660254037844387,0.6551563572090853,-0.7554933140726803
2020-05-20 10:30:00,3585.3333333333335,3496.6466666666665,23875.2,10523799744.2,29.477747666666662,46.90938813333333,0.8492220146666665,10,30,2,141,5,0.49999999999999994,-0.8660254037844387,0.6551563572090853,-0.7554933140726803
2020-05-20 10:45:00,3763.546666666666,3669.4266666666667,24775.13333333333,10523800644.133333,30.04928175862069,48.90987755172413,0.9121699306896552,10,45,2,141,5,0.49999999999999994,-0.8660254037844387,0.6551563572090853,-0.7554933140726803
2020-05-20 11:00:00,3647.7242857142855,3557.437142857143,25679.461904761905,10523801548.461905,30.170891333333334,48.8913961,0.8782139643333335,11,0,2,141,5,0.258819045102521,-0.9659258262890682,0.6551563572090853,-0.7554933140726803
2020-05-20 11:15:00,3774.4604761904766,3680.0761904761903,26562.642857142855,10523802431.642857,30.52978934482759,49.119193172413794,0.9002838820689654,11,15,2,141,5,0.258819045102521,-0.9659258262890682,0.6551563572090853,-0.7554933140726803
2020-05-20 11:30:00,3796.386666666667,3701.4733333333334,27486.066666666666,10523803355.066668,31.04592693333333,51.21273570000001,0.904425871,11,30,2,141,5,0.258819045102521,-0.9659258262890682,0.6551563572090853,-0.7554933140726803
2020-05-20 11:45:00,3941.533333333333,3843.0133333333333,28425.666666666664,10523804294.666666,31.343127399999997,52.38038843333334,0.892504974,11,45,2,141,5,0.258819045102521,-0.9659258262890682,0.6551563572090853,-0.7554933140726803
2020-05-20 12:00:00,5259.153333333334,5127.686666666667,29554.4,10523805423.4,31.557537206896555,51.59497410344829,0.8887461020689656,12,0,2,141,5,1.2246467991473532e-16,-1.0,0.6551563572090853,-0.7554933140726803
2020-05-20 12:15:00,5713.85,5570.975238095239,30945.27142857143,10523806814.271427,31.916929933333336,52.51163343333333,0.9234582183333332,12,15,2,141,5,1.2246467991473532e-16,-1.0,0.6551563572090853,-0.7554933140726803
2020-05-20 12:30:00,5155.554761904762,5026.708095238095,32223.085714285713,10523808092.085714,32.014409620689655,52.1759842413793,0.9023842899999998,12,30,2,141,5,1.2246467991473532e-16,-1.0,0.6551563572090853,-0.7554933140726803
2020-05-20 12:45:00,5156.593333333334,5027.66,33477.0,10523809346.0,32.36966773333334,52.110103166666654,0.9005759923333334,12,45,2,141,5,1.2246467991473532e-16,-1.0,0.6551563572090853,-0.7554933140726803
2020-05-20 13:00:00,5101.346666666667,4973.773333333333,34735.46666666667,10523810604.466667,32.85877673333334,53.1356262,0.8902271979999999,13,0,2,141,5,-0.2588190451025208,-0.9659258262890683,0.6551563572090853,-0.7554933140726803
2020-05-20 13:15:00,5056.78,4930.326666666666,35993.066666666666,10523811862.066668,33.052698620689654,53.0448231724138,0.8847205834482758,13,15,2,141,5,-0.2588190451025208,-0.9659258262890683,0.6551563572090853,-0.7554933140726803
2020-05-20 13:30:00,4815.88,4697.182380952381,37180.961904761905,10523813049.961905,33.2762693,52.4341836,0.843018139,13,30,2,141,5,-0.2588190451025208,-0.9659258262890683,0.6551563572090853,-0.7554933140726803
2020-05-20 13:45:00,4723.733333333333,4608.08,38332.33333333333,10523814201.333334,33.618522931034484,52.44284375862068,0.827689449310345,13,45,2,141,5,-0.2588190451025208,-0.9659258262890683,0.6551563572090853,-0.7554933140726803
2020-05-20 14:00:00,4726.183333333333,4610.5,39008.0,10523814877.0,33.5427245,52.00774616666667,0.8284374166666665,14,0,2,141,5,-0.4999999999999997,-0.8660254037844388,0.6551563572090853,-0.7554933140726803
2020-05-20 14:15:00,15629.225,15265.65,102360.0,14190373244.0,34.32369355555555,52.94268122222222,0.7792082066666665,14,15,2,141,5,-0.4999999999999997,-0.8660254037844388,0.6551563572090853,-0.7554933140726803
2020-05-20 14:30:00,16738.68666666667,16360.106666666667,104974.4,14190375858.4,34.165522233333334,51.36092636666666,0.740106457,14,30,2,141,5,-0.4999999999999997,-0.8660254037844388,0.6551563572090853,-0.7554933140726803
2020-05-20 14:45:00,16854.62,16479.213333333333,109085.86666666667,14190379969.866667,34.68678010344828,50.583098310344816,0.698653132413793,14,45,2,141,5,-0.4999999999999997,-0.8660254037844388,0.6551563572090853,-0.7554933140726803
2020-05-20 15:00:00,19627.95333333333,19196.88,113511.93333333332,14190384395.933332,34.696256433333346,49.871641,0.6510247456666666,15,0,2,141,5,-0.7071067811865471,-0.7071067811865479,0.6551563572090853,-0.7554933140726803
2020-05-20 15:15:00,19083.02666666667,18671.693333333333,118392.93333333333,14190389276.933332,34.74052886206896,49.13013541379309,0.5921279251724137,15,15,2,141,5,-0.7071067811865471,-0.7071067811865479,0.6551563572090853,-0.7554933140726803
2020-05-20 15:30:00,18739.246666666666,18336.806666666667,123104.59999999999,14190393988.6,34.91765323333333,48.48633400000001,0.5751749540000001,15,30,2,141,5,-0.7071067811865471,-0.7071067811865479,0.6551563572090853,-0.7554933140726803
2020-05-20 15:45:00,17126.277619047618,16765.018095238094,127487.46666666667,14190398371.466667,35.11777689655172,47.44648613793103,0.522234634137931,15,45,2,141,5,-0.7071067811865471,-0.7071067811865479,0.6551563572090853,-0.7554933140726803
2020-05-20 16:00:00,13306.342857142856,13037.862380952381,131230.1761904762,14190402114.17619,34.88353173333334,45.30406083333333,0.4040271739999999,16,0,2,141,5,-0.8660254037844384,-0.5000000000000004,0.6551563572090853,-0.7554933140726803
2020-05-20 16:15:00,9878.44,9695.44,133977.2666666667,14190404861.266668,34.4421722413793,41.43351058620691,0.296182354137931,16,15,2,141,5,-0.8660254037844384,-0.5000000000000004,0.6551563572090853,-0.7554933140726803
2020-05-20 16:30:00,8025.853333333333,7886.786666666667,135652.26666666666,14096265371.666668,34.001508766666674,39.39245916666666,0.244076448,16,30,2,141,5,-0.8660254037844384,-0.5000000000000004,0.6551563572090853,-0.7554933140726803
2020-05-20 16:45:00,7874.98,7739.733333333334,138164.06666666665,14190409048.066668,33.72384234482759,37.97408410344828,0.2356485999999999,16,45,2,141,5,-0.8660254037844384,-0.5000000000000004,0.6551563572090853,-0.7554933140726803
2020-05-20 17:00:00,6788.992380952381,6667.336666666666,140020.05714285714,14190410904.057144,33.62940656666667,37.57149436666667,0.2062742293333333,17,0,2,141,5,-0.9659258262890683,-0.25881904510252063,0.6551563572090853,-0.7554933140726803
2020-05-20 17:15:00,6023.786666666667,5908.103809523809,141545.6238095238,14190412429.62381,33.378233517241384,36.39362724137931,0.1821361048275861,17,15,2,141,5,-0.9659258262890683,-0.25881904510252063,0.6551563572090853,-0.7554933140726803
2020-05-20 17:30:00,5189.380952380952,5088.523809523809,142953.33809523808,14190413837.338095,33.276536,35.80599556666667,0.1589812296666666,17,30,2,141,5,-0.9659258262890683,-0.25881904510252063,0.6551563572090853,-0.7554933140726803
2020-05-20 17:45:00,3634.9666666666667,3556.122380952381,144030.93333333332,14190414914.933332,32.67218623333333,34.304395666666665,0.1115232662999999,17,45,2,141,5,-0.9659258262890683,-0.25881904510252063,0.6551563572090853,-0.7554933140726803
2020-05-20 18:00:00,2302.1666666666665,2237.480952380952,144766.49047619046,14190415650.490477,32.12889024137931,32.75317803448276,0.0717149450344827,18,0,2,141,5,-1.0,-1.8369701987210297e-16,0.6551563572090853,-0.7554933140726803
2020-05-20 18:15:00,1154.8785714285714,1117.4090476190477,145174.20476190475,14190416058.20476,31.585428766666677,31.28490096666667,0.0360787077333333,18,15,2,141,5,-1.0,-1.8369701987210297e-16,0.6551563572090853,-0.7554933140726803
2020-05-20 18:30:00,338.43666666666667,326.64190476190475,145357.49523809523,14190416241.49524,31.0309585862069,29.939957137931035,0.0110565051413793,18,30,2,141,5,-1.0,-1.8369701987210297e-16,0.6551563572090853,-0.7554933140726803
2020-05-20 18:45:00,0.0,0.0,145383.0,14190416267.0,30.5501171,28.829000933333337,0.0003645842063333,18,45,2,141,5,-1.0,-1.8369701987210297e-16,0.6551563572090853,-0.7554933140726803
2020-05-20 19:00:00,0.0,0.0,145383.0,14190416267.0,30.13735451724138,28.26681206896552,0.0,19,0,2,141,5,-0.9659258262890684,0.2588190451025203,0.6551563572090853,-0.7554933140726803
2020-05-20 19:15:00,0.0,0.0,145383.0,14190416267.0,29.7821186,27.898326600000004,0.0,19,15,2,141,5,-0.9659258262890684,0.2588190451025203,0.6551563572090853,-0.7554933140726803
2020-05-20 19:30:00,0.0,0.0,145383.0,14190416267.0,29.3896393,27.706148266666663,0.0,19,30,2,141,5,-0.9659258262890684,0.2588190451025203,0.6551563572090853,-0.7554933140726803
2020-05-20 19:45:00,0.0,0.0,145383.0,14190416267.0,29.00532396551724,27.35719882758621,0.0,19,45,2,141,5,-0.9659258262890684,0.2588190451025203,0.6551563572090853,-0.7554933140726803
2020-05-20 20:00:00,0.0,0.0,145383.0,14190416267.0,28.620362333333336,26.8948649,0.0,20,0,2,141,5,-0.8660254037844386,0.5000000000000001,0.6551563572090853,-0.7554933140726803
2020-05-20 20:15:00,0.0,0.0,145383.0,14190416267.0,28.3833875,26.593303233333337,0.0,20,15,2,141,5,-0.8660254037844386,0.5000000000000001,0.6551563572090853,-0.7554933140726803
2020-05-20 20:30:00,0.0,0.0,145383.0,14190416267.0,28.08839475862069,26.90782748275862,0.0,20,30,2,141,5,-0.8660254037844386,0.5000000000000001,0.6551563572090853,-0.7554933140726803
2020-05-20 20:45:00,0.0,0.0,145383.0,14190416267.0,27.42665943333333,26.8379731,0.0,20,45,2,141,5,-0.8660254037844386,0.5000000000000001,0.6551563572090853,-0.7554933140726803
2020-05-20 21:00:00,0.0,0.0,145383.0,14190416267.0,27.427721862068967,26.25202579310345,0.0,21,0,2,141,5,-0.7071067811865477,0.7071067811865474,0.6551563572090853,-0.7554933140726803
2020-05-20 21:15:00,0.0,0.0,145383.0,14190416267.0,27.547032833333333,25.841535366666665,0.0,21,15,2,141,5,-0.7071067811865477,0.7071067811865474,0.6551563572090853,-0.7554933140726803
2020-05-20 21:30:00,0.0,0.0,145383.0,14190416267.0,27.466087551724147,26.006621000000003,0.0,21,30,2,141,5,-0.7071067811865477,0.7071067811865474,0.6551563572090853,-0.7554933140726803
2020-05-20 21:45:00,0.0,0.0,145383.0,14190416267.0,27.16962063333333,25.819460933333332,0.0,21,45,2,141,5,-0.7071067811865477,0.7071067811865474,0.6551563572090853,-0.7554933140726803
2020-05-20 22:00:00,0.0,0.0,108033.0,13358532637.0,26.8102366,25.4684804,0.0,22,0,2,141,5,-0.5000000000000004,0.8660254037844384,0.6551563572090853,-0.7554933140726803
2020-05-20 22:15:00,0.0,0.0,108033.0,13358532637.0,26.517158275862077,24.998898206896552,0.0,22,15,2,141,5,-0.5000000000000004,0.8660254037844384,0.6551563572090853,-0.7554933140726803
2020-05-20 22:30:00,0.0,0.0,107197.33333333333,13244508164.8,26.3451751,24.654283666666664,0.0,22,30,2,141,5,-0.5000000000000004,0.8660254037844384,0.6551563572090853,-0.7554933140726803
2020-05-20 22:45:00,0.0,0.0,108033.0,13358532637.0,26.07077975862069,24.29676868965517,0.0,22,45,2,141,5,-0.5000000000000004,0.8660254037844384,0.6551563572090853,-0.7554933140726803
2020-05-20 23:00:00,0.0,0.0,108033.0,13358532637.0,25.79210823333333,23.759390233333328,0.0,23,0,2,141,5,-0.25881904510252157,0.9659258262890681,0.6551563572090853,-0.7554933140726803
2020-05-20 23:15:00,0.0,0.0,108033.0,13358532637.0,25.69977813333333,23.434327233333327,0.0,23,15,2,141,5,-0.25881904510252157,0.9659258262890681,0.6551563572090853,-0.7554933140726803
2020-05-20 23:30:00,0.0,0.0,108033.0,13358532637.0,25.704486655172413,23.516461793103456,0.0,23,30,2,141,5,-0.25881904510252157,0.9659258262890681,0.6551563572090853,-0.7554933140726803
2020-05-20 23:45:00,0.0,0.0,94176.73333333334,13358532637.0,25.51383043333333,23.45196050000001,0.0,23,45,2,141,5,-0.25881904510252157,0.9659258262890681,0.6551563572090853,-0.7554933140726803
2020-05-21 00:00:00,0.0,0.0,28723.933333333334,13358532637.0,25.318034700000005,23.365838666666665,0.0,0,0,3,142,5,0.0,1.0,0.6420547132365637,-0.766658819300159
2020-05-21 00:15:00,0.0,0.0,15904.0,13358532637.0,25.137857448275856,23.122347034482758,0.0,0,15,3,142,5,0.0,1.0,0.6420547132365637,-0.766658819300159
2020-05-21 00:30:00,0.0,0.0,15904.0,13358532637.0,24.896141400000005,22.891414566666665,0.0,0,30,3,142,5,0.0,1.0,0.6420547132365637,-0.766658819300159
2020-05-21 00:45:00,0.0,0.0,15904.0,13358532637.0,24.814705620689647,22.888990689655177,0.0,0,45,3,142,5,0.0,1.0,0.6420547132365637,-0.766658819300159
2020-05-21 01:00:00,0.0,0.0,15904.0,13358532637.0,24.72378326666667,22.647266700000003,0.0,1,0,3,142,5,0.25881904510252074,0.9659258262890683,0.6420547132365637,-0.766658819300159
2020-05-21 01:15:00,0.0,0.0,13391.2,13358532637.0,24.570636,22.4875092,0.0,1,15,3,142,5,0.25881904510252074,0.9659258262890683,0.6420547132365637,-0.766658819300159
2020-05-21 01:30:00,0.0,0.0,6481.0,13358532637.0,24.436040517241373,22.384284862068963,0.0,1,30,3,142,5,0.25881904510252074,0.9659258262890683,0.6420547132365637,-0.766658819300159
2020-05-21 01:45:00,0.0,0.0,6481.0,13358532637.0,24.333214466666668,22.284662133333327,0.0,1,45,3,142,5,0.25881904510252074,0.9659258262890683,0.6420547132365637,-0.766658819300159
2020-05-21 02:00:00,0.0,0.0,6481.0,13358532637.0,24.05332268965517,22.017030862068964,0.0,2,0,3,142,5,0.49999999999999994,0.8660254037844387,0.6420547132365637,-0.766658819300159
2020-05-21 02:15:00,0.0,0.0,6481.0,13358532637.0,23.89200113333333,21.74873963333333,0.0,2,15,3,142,5,0.49999999999999994,0.8660254037844387,0.6420547132365637,-0.766658819300159
2020-05-21 02:30:00,0.0,0.0,6481.0,13358532637.0,23.998843466666663,22.40360516666667,0.0,2,30,3,142,5,0.49999999999999994,0.8660254037844387,0.6420547132365637,-0.766658819300159
2020-05-21 02:45:00,0.0,0.0,6481.0,13358532637.0,23.87595310344827,22.37518951724138,0.0,2,45,3,142,5,0.49999999999999994,0.8660254037844387,0.6420547132365637,-0.766658819300159
2020-05-21 03:00:00,0.0,0.0,6481.0,13208681896.933332,23.766126166666677,22.278221800000004,0.0,3,0,3,142,5,0.7071067811865475,0.7071067811865476,0.6420547132365637,-0.766658819300159
2020-05-21 03:15:00,0.0,0.0,6481.0,13358532637.0,23.701200533333328,22.14907433333333,0.0,3,15,3,142,5,0.7071067811865475,0.7071067811865476,0.6420547132365637,-0.766658819300159
2020-05-21 03:30:00,0.0,0.0,6481.0,13358532637.0,23.608773103448275,21.999887379310348,0.0,3,30,3,142,5,0.7071067811865475,0.7071067811865476,0.6420547132365637,-0.766658819300159
2020-05-21 03:45:00,0.0,0.0,6481.0,13358532637.0,23.428441699999997,21.779378366666663,0.0,3,45,3,142,5,0.7071067811865475,0.7071067811865476,0.6420547132365637,-0.766658819300159
2020-05-21 04:00:00,0.0,0.0,5674.666666666667,13358532637.0,23.419859,21.85795237931034,0.0,4,0,3,142,5,0.8660254037844386,0.5000000000000001,0.6420547132365637,-0.766658819300159
2020-05-21 04:15:00,0.0,0.0,4062.0,13358532637.0,23.546890133333328,22.0455058,0.0,4,15,3,142,5,0.8660254037844386,0.5000000000000001,0.6420547132365637,-0.766658819300159
2020-05-21 04:30:00,0.0,0.0,4062.0,13358532637.0,23.666124566666664,22.18126123333333,0.0,4,30,3,142,5,0.8660254037844386,0.5000000000000001,0.6420547132365637,-0.766658819300159
2020-05-21 04:45:00,0.0,0.0,4062.0,13358417377.6,23.743891206896556,22.01769706896552,0.0,4,45,3,142,5,0.8660254037844386,0.5000000000000001,0.6420547132365637,-0.766658819300159
2020-05-21 05:00:00,0.0,0.0,4062.0,13358532637.0,23.792037733333338,22.0929973,0.0,5,0,3,142,5,0.9659258262890683,0.25881904510252074,0.6420547132365637,-0.766658819300159
2020-05-21 05:15:00,0.0,0.0,4062.0,13358532637.0,23.766128827586204,21.99099851724138,0.0,5,15,3,142,5,0.9659258262890683,0.25881904510252074,0.6420547132365637,-0.766658819300159
2020-05-21 05:30:00,0.0,0.0,0.0,13358532637.0,23.6753734,21.821995066666663,0.0,5,30,3,142,5,0.9659258262890683,0.25881904510252074,0.6420547132365637,-0.766658819300159
2020-05-21 05:45:00,0.0,0.0,0.0,13358532637.0,23.698282,21.852598200000003,0.0004171757465333,5,45,3,142,5,0.9659258262890683,0.25881904510252074,0.6420547132365637,-0.766658819300159
2020-05-21 06:00:00,221.89142857142858,214.14857142857144,16.04285714285714,13358532653.042858,23.62991651724138,21.697624551724136,0.0099153282689655,6,0,3,142,5,1.0,6.123233995736766e-17,0.6420547132365637,-0.766658819300159
2020-05-21 06:15:00,806.4642857142857,779.9257142857143,136.29999999999998,13358532773.300001,23.748148566666664,22.19340626666667,0.0319293617666666,6,15,3,142,5,1.0,6.123233995736766e-17,0.6420547132365637,-0.766658819300159
2020-05-21 06:30:00,1559.0885714285714,1513.4490476190476,418.65238095238095,13264391275.25238,24.054223517241383,22.877097275862067,0.0615359128965517,6,30,3,142,5,1.0,6.123233995736766e-17,0.6420547132365637,-0.766658819300159
2020-05-21 06:45:00,2341.4133333333334,2281.1466666666665,886.7333333333333,13358533523.733332,24.3392457,23.469086766666663,0.0912944973666667,6,45,3,142,5,1.0,6.123233995736766e-17,0.6420547132365637,-0.766658819300159
2020-05-21 07:00:00,3229.7457142857143,3165.3090476190473,1547.1571428571428,13034452514.82381,24.7259083,25.596747766666667,0.1323661420999999,7,0,3,142,5,0.9659258262890683,-0.25881904510252063,0.6420547132365637,-0.766658819300159
2020-05-21 07:15:00,4282.948095238095,4201.012380952381,2363.1047619047617,12143228740.104761,25.1307951724138,27.652967793103446,0.1916870813793104,7,15,3,142,5,0.9659258262890683,-0.25881904510252063,0.6420547132365637,-0.766658819300159
2020-05-21 07:30:00,6068.366666666667,5963.951428571429,3625.133333333333,12143230002.133333,25.6293538,30.21505633333333,0.2804657803333333,7,30,3,142,5,0.9659258262890683,-0.25881904510252063,0.6420547132365637,-0.766658819300159
2020-05-21 07:45:00,7157.799999999999,7030.54,5264.333333333333,12143231641.333334,26.114782965517243,32.13542331034482,0.330876642413793,7,45,3,142,5,0.9659258262890683,-0.25881904510252063,0.6420547132365637,-0.766658819300159
2020-05-21 08:00:00,8137.653333333334,7982.753333333333,7134.266666666666,12143233511.266666,26.42889406666666,33.528763966666666,0.3646174746666666,8,0,3,142,5,0.8660254037844387,-0.4999999999999998,0.6420547132365637,-0.766658819300159
2020-05-21 08:15:00,10203.871428571429,9998.276666666667,9383.295238095237,12143235760.295238,27.0080363,36.20038943333332,0.4523513453333334,8,15,3,142,5,0.8660254037844387,-0.4999999999999998,0.6420547132365637,-0.766658819300159
2020-05-21 08:30:00,11612.730476190476,11373.477619047619,12022.666666666666,12143238399.666666,27.568994,38.0886988275862,0.5087915496551723,8,30,3,142,5,0.8660254037844387,-0.4999999999999998,0.6420547132365637,-0.766658819300159
2020-05-21 08:45:00,12101.907142857142,11850.83238095238,14925.438095238094,12143241302.438095,27.91441243333333,39.03520423333334,0.527344807,8,45,3,142,5,0.8660254037844387,-0.4999999999999998,0.6420547132365637,-0.766658819300159
2020-05-21 09:00:00,13120.173333333332,12843.906666666666,18019.4,12143244396.4,28.497674310344827,40.98327006896552,0.5712185906896551,9,0,3,142,5,0.7071067811865476,-0.7071067811865475,0.6420547132365637,-0.766658819300159
2020-05-21 09:15:00,13883.106666666667,13586.913333333334,21370.0,12143247747.0,28.8905872,42.63647043333332,0.6130063813333334,9,15,3,142,5,0.7071067811865476,-0.7071067811865475,0.6420547132365637,-0.766658819300159
2020-05-21 09:30:00,13496.185238095239,13201.900476190476,26008.2,13277538227.866667,29.26914473333333,44.30564853333334,0.6787978413333333,9,30,3,142,5,0.7071067811865476,-0.7071067811865475,0.6420547132365637,-0.766658819300159
2020-05-21 09:45:00,8501.933333333334,8309.880000000001,20710.800000000003,9607056433.2,29.860123103448277,48.23675210344828,0.7990305310344827,9,45,3,142,5,0.7071067811865476,-0.7071067811865475,0.6420547132365637,-0.766658819300159
2020-05-21 10:00:00,2450.982857142857,2393.7861904761903,5667.976190476191,5325793624.585713,30.530053833333337,52.767174,0.8282022053333332,10,0,3,142,5,0.49999999999999994,-0.8660254037844387,0.6420547132365637,-0.766658819300159
2020-05-21 10:15:00,9945.47238095238,9702.734761904761,29931.35238095238,13358537810.995237,30.639095,52.03794556666666,0.869698526,10,15,3,142,5,0.49999999999999994,-0.8660254037844387,0.6420547132365637,-0.766658819300159
2020-05-21 10:30:00,9307.733333333334,9075.140000000001,32296.2,13358566681.2,30.81421317241379,51.59807182758621,0.8919624448275862,10,30,3,142,5,0.49999999999999994,-0.8660254037844387,0.6420547132365637,-0.766658819300159
2020-05-21 10:45:00,8134.406666666668,7946.713333333333,34397.0,13358568782.0,30.956570366666668,50.37744846666666,0.777137033,10,45,3,142,5,0.49999999999999994,-0.8660254037844387,0.6420547132365637,-0.766658819300159
2020-05-21 11:00:00,9435.158095238095,9207.779523809524,36519.938095238096,13358570904.938095,31.183037068965525,50.54957334482759,0.8626964131034482,11,0,3,142,5,0.258819045102521,-0.9659258262890682,0.6420547132365637,-0.766658819300159
2020-05-21 11:15:00,12296.933333333334,11992.413333333334,39112.13333333333,13358573497.133333,31.7292979,53.648289866666666,0.9679210946666666,11,15,3,142,5,0.258819045102521,-0.9659258262890682,0.6420547132365637,-0.766658819300159
2020-05-21 11:30:00,12625.806666666667,12315.293333333333,42189.6,13358576574.6,32.08981006666667,54.79509786666667,0.9191237226666666,11,30,3,142,5,0.258819045102521,-0.9659258262890682,0.6420547132365637,-0.766658819300159
2020-05-21 11:45:00,12716.126666666667,12403.713333333333,45358.6,13358579743.6,32.471466241379325,54.038198655172415,0.9089151193103449,11,45,3,142,5,0.258819045102521,-0.9659258262890682,0.6420547132365637,-0.766658819300159
2020-05-21 12:00:00,12320.380000000001,12015.446666666667,48449.53333333333,13358582834.533333,32.87360940000001,54.70988666666666,0.9256855569999995,12,0,3,142,5,1.2246467991473532e-16,-1.0,0.6420547132365637,-0.766658819300159
2020-05-21 12:15:00,11713.757142857143,11421.007142857143,51299.642857142855,13358585684.642857,33.46413631034482,57.893448413793095,0.9373386224137932,12,15,3,142,5,1.2246467991473532e-16,-1.0,0.6420547132365637,-0.766658819300159
2020-05-21 12:30:00,11634.293333333331,11343.846666666666,54093.799999999996,13358588478.800001,33.841558799999994,57.90181983333333,0.9231444756666664,12,30,3,142,5,1.2246467991473532e-16,-1.0,0.6420547132365637,-0.766658819300159
2020-05-21 12:45:00,11611.833333333334,11322.22,56951.26666666666,13358591336.266666,34.14877648275862,57.34146855172413,0.9149018331034484,12,45,3,142,5,1.2246467991473532e-16,-1.0,0.6420547132365637,-0.766658819300159
2020-05-21 13:00:00,12146.973333333333,11846.566666666668,59738.0,13264452342.6,34.03666283333334,57.12523916666666,0.904509487,13,0,3,142,5,-0.2588190451025208,-0.9659258262890683,0.6420547132365637,-0.766658819300159
2020-05-21 13:15:00,12063.133333333333,11766.913333333334,62860.933333333334,13358597245.933332,34.20353676666667,55.519519900000006,0.8704650123333332,13,15,3,142,5,-0.2588190451025208,-0.9659258262890683,0.6420547132365637,-0.766658819300159
2020-05-21 13:30:00,19292.7,18816.69714285714,67857.18095238095,13358600843.780952,34.3404424137931,55.405979689655176,0.8783041982758619,13,30,3,142,5,-0.2588190451025208,-0.9659258262890683,0.6420547132365637,-0.766658819300159
2020-05-21 13:45:00,20291.684761904762,19810.111904761907,73160.18095238095,13358605797.180952,34.94132503333332,57.3582947,0.8235497586666666,13,45,3,142,5,-0.2588190451025208,-0.9659258262890683,0.6420547132365637,-0.766658819300159
2020-05-21 14:00:00,19733.29333333333,19278.68666666667,78049.13333333333,13358610686.133333,34.928457413793105,55.53873186206898,0.7924297686206895,14,0,3,142,5,-0.4999999999999997,-0.8660254037844388,0.6420547132365637,-0.766658819300159
2020-05-21 14:15:00,19320.586666666666,18881.266666666666,82873.8,13358615510.8,35.249380366666664,56.173416133333326,0.7762209313333333,14,15,3,142,5,-0.4999999999999997,-0.8660254037844388,0.6420547132365637,-0.766658819300159
2020-05-21 14:30:00,19021.700476190475,18591.08952380952,87617.22380952381,13358620254.22381,35.47774553333333,55.6046551,0.7614740259999999,14,30,3,142,5,-0.4999999999999997,-0.8660254037844388,0.6420547132365637,-0.766658819300159
2020-05-21 14:45:00,17699.147142857142,17306.57,92054.54761904762,13358624691.547619,35.62312793103448,52.90307186206896,0.6975825462068966,14,45,3,142,5,-0.4999999999999997,-0.8660254037844388,0.6420547132365637,-0.766658819300159
2020-05-21 15:00:00,17098.910476190475,16722.845238095237,96210.7238095238,13358628847.72381,35.5592145,51.371613700000005,0.6634513303333333,15,0,3,142,5,-0.7071067811865471,-0.7071067811865479,0.6420547132365637,-0.766658819300159
2020-05-21 15:15:00,15663.113333333333,15324.766666666666,100352.59999999999,13358632989.6,35.80841389655173,51.32030410344827,0.6050661937931034,15,15,3,142,5,-0.7071067811865471,-0.7071067811865479,0.6420547132365637,-0.766658819300159
2020-05-21 15:30:00,11706.166666666666,11466.893333333333,103728.0,13358636365.0,35.614079733333334,48.27868333333334,0.4435466976666667,15,30,3,142,5,-0.7071067811865471,-0.7071067811865479,0.6420547132365637,-0.766658819300159
2020-05-21 15:45:00,11755.599047619047,11515.284285714286,106553.69047619047,13358639190.690477,35.53067965517241,46.37265427586206,0.4402719755172414,15,45,3,142,5,-0.7071067811865471,-0.7071067811865479,0.6420547132365637,-0.766658819300159
2020-05-21 16:00:00,11482.14,11248.299047619048,109383.07619047619,13358642020.07619,35.64163303333333,45.98237203333333,0.4321853633333334,16,0,3,142,5,-0.8660254037844384,-0.5000000000000004,0.6420547132365637,-0.766658819300159
2020-05-21 16:15:00,9616.770952380954,9426.838095238096,111959.08571428571,13358644596.085714,35.794751166666664,45.00151576666666,0.3604990543333334,16,15,3,142,5,-0.8660254037844384,-0.5000000000000004,0.6420547132365637,-0.766658819300159
2020-05-21 16:30:00,9457.220000000001,9271.073333333332,114284.46666666666,13358646921.466667,35.93014420689656,43.8989605862069,0.3515134220689655,16,30,3,142,5,-0.8660254037844384,-0.5000000000000004,0.6420547132365637,-0.766658819300159
2020-05-21 16:45:00,7486.259999999999,7353.38,116410.66666666667,13358649047.666666,35.85598156666667,42.702622266666665,0.2784560696666667,16,45,3,142,5,-0.8660254037844384,-0.5000000000000004,0.6420547132365637,-0.766658819300159
2020-05-21 17:00:00,6387.045714285714,6277.251428571429,118138.90000000001,13358650775.9,35.75847879310346,41.00935848275862,0.2381099286206896,17,0,3,142,5,-0.9659258262890683,-0.25881904510252063,0.6420547132365637,-0.766658819300159
2020-05-21 17:15:00,4960.467142857143,4868.1238095238095,119524.05714285714,13358652161.057144,35.11375726666666,39.076770100000005,0.1875920766666666,17,15,3,142,5,-0.9659258262890683,-0.25881904510252063,0.6420547132365637,-0.766658819300159
2020-05-21 17:30:00,3534.27619047619,3464.165714285714,120557.5142857143,13358653194.514286,34.842693551724146,37.10937710344828,0.1358204227931034,17,30,3,142,5,-0.9659258262890683,-0.25881904510252063,0.6420547132365637,-0.766658819300159
2020-05-21 17:45:00,2265.3733333333334,2205.6266666666666,121270.26666666666,13358653907.266666,34.46411540000001,35.105866400000004,0.0886679892,17,45,3,142,5,-0.9659258262890683,-0.25881904510252063,0.6420547132365637,-0.766658819300159
2020-05-21 18:00:00,1334.6133333333332,1294.0533333333333,121154.6,13247986466.066666,33.8088268,33.25552273333333,0.0529919840333333,18,0,3,142,5,-1.0,-1.8369701987210297e-16,0.6420547132365637,-0.766658819300159
2020-05-21 18:15:00,691.9300000000001,668.8138095238096,121956.95714285714,13358654593.957142,33.11641393103449,31.822438,0.0275458502413793,18,15,3,142,5,-1.0,-1.8369701987210297e-16,0.6420547132365637,-0.766658819300159
2020-05-21 18:30:00,184.99190476190478,178.53,122061.35238095238,13358654698.35238,32.4825041,30.666963733333336,0.00828100051,18,30,3,142,5,-1.0,-1.8369701987210297e-16,0.6420547132365637,-0.766658819300159
2020-05-21 18:45:00,0.0,0.0,121502.66666666666,13277633722.333334,32.057482166666674,29.9940937,0.000276297903,18,45,3,142,5,-1.0,-1.8369701987210297e-16,0.6420547132365637,-0.766658819300159
2020-05-21 19:00:00,0.0,0.0,122074.0,13358654711.0,31.57672868965517,29.450249000000003,0.0,19,0,3,142,5,-0.9659258262890684,0.2588190451025203,0.6420547132365637,-0.766658819300159
2020-05-21 19:15:00,0.0,0.0,122074.0,13358654711.0,31.25591933333333,29.04394843333333,0.0,19,15,3,142,5,-0.9659258262890684,0.2588190451025203,0.6420547132365637,-0.766658819300159
2020-05-21 19:30:00,0.0,0.0,122074.0,13358654711.0,30.977107482758623,28.795829172413796,0.0,19,30,3,142,5,-0.9659258262890684,0.2588190451025203,0.6420547132365637,-0.766658819300159
2020-05-21 19:45:00,0.0,0.0,122074.0,13358654711.0,30.550292100000004,28.455880800000003,0.0,19,45,3,142,5,-0.9659258262890684,0.2588190451025203,0.6420547132365637,-0.766658819300159
2020-05-21 20:00:00,0.0,0.0,122074.0,13358654711.0,30.003459666666668,28.12197983333333,0.0,20,0,3,142,5,-0.8660254037844386,0.5000000000000001,0.6420547132365637,-0.766658819300159
2020-05-21 20:15:00,0.0,0.0,122074.0,13358654711.0,29.51438727586207,27.67549913793104,0.0,20,15,3,142,5,-0.8660254037844386,0.5000000000000001,0.6420547132365637,-0.766658819300159
2020-05-21 20:30:00,0.0,0.0,122074.0,13358654711.0,29.050989866666672,27.293773466666668,0.0,20,30,3,142,5,-0.8660254037844386,0.5000000000000001,0.6420547132365637,-0.766658819300159
2020-05-21 20:45:00,0.0,0.0,122074.0,13358654711.0,28.75883103448276,26.977796827586204,0.0,20,45,3,142,5,-0.8660254037844386,0.5000000000000001,0.6420547132365637,-0.766658819300159
2020-05-21 21:00:00,0.0,0.0,122074.0,13358654711.0,28.3369395,26.6307382,0.0,21,0,3,142,5,-0.7071067811865477,0.7071067811865474,0.6420547132365637,-0.766658819300159
2020-05-21 21:15:00,0.0,0.0,122074.0,13358654711.0,28.085361966666667,26.3725992,0.0,21,15,3,142,5,-0.7071067811865477,0.7071067811865474,0.6420547132365637,-0.766658819300159
2020-05-21 21:30:00,0.0,0.0,122074.0,13358654711.0,27.949096758620687,26.246206344827588,0.0,21,30,3,142,5,-0.7071067811865477,0.7071067811865474,0.6420547132365637,-0.766658819300159
2020-05-21 21:45:00,0.0,0.0,122074.0,13358654711.0,27.632276166666667,25.878340466666668,0.0,21,45,3,142,5,-0.7071067811865477,0.7071067811865474,0.6420547132365637,-0.766658819300159
2020-05-21 22:00:00,0.0,0.0,122074.0,13358654711.0,27.514004666666665,25.730857066666665,0.0,22,0,3,142,5,-0.5000000000000004,0.8660254037844384,0.6420547132365637,-0.766658819300159
2020-05-21 22:15:00,0.0,0.0,122074.0,13358654711.0,27.29016837931034,25.48178410344828,0.0,22,15,3,142,5,-0.5000000000000004,0.8660254037844384,0.6420547132365637,-0.766658819300159
2020-05-21 22:30:00,0.0,0.0,122074.0,13358654711.0,26.98126303333333,25.008386133333325,0.0,22,30,3,142,5,-0.5000000000000004,0.8660254037844384,0.6420547132365637,-0.766658819300159
2020-05-21 22:45:00,0.0,0.0,122074.0,13358654711.0,26.77157196551724,24.67034910344828,0.0,22,45,3,142,5,-0.5000000000000004,0.8660254037844384,0.6420547132365637,-0.766658819300159
2020-05-21 23:00:00,0.0,0.0,122074.0,13358654711.0,26.574941966666668,24.570593333333328,0.0,23,0,3,142,5,-0.25881904510252157,0.9659258262890681,0.6420547132365637,-0.766658819300159
2020-05-21 23:15:00,0.0,0.0,122074.0,13358654711.0,26.40247083333333,24.3771219,0.0,23,15,3,142,5,-0.25881904510252157,0.9659258262890681,0.6420547132365637,-0.766658819300159
2020-05-21 23:30:00,0.0,0.0,122074.0,13358654711.0,26.296492,24.223027758620685,0.0,23,30,3,142,5,-0.25881904510252157,0.9659258262890681,0.6420547132365637,-0.766658819300159
2020-05-21 23:45:00,0.0,0.0,109003.17142857143,13358654711.0,26.206535933333328,24.350091533333337,0.0,23,45,3,142,5,-0.25881904510252157,0.9659258262890681,0.6420547132365637,-0.766658819300159
2020-05-22 00:00:00,0.0,0.0,37515.228571428575,13358654711.0,25.994852137931037,24.166761793103444,0.0,0,0,4,143,5,0.0,1.0,0.6287628145958344,-0.777597146973627
2020-05-22 00:15:00,0.0,0.0,18891.0,13358654711.0,25.83828143333333,23.9945465,0.0,0,15,4,143,5,0.0,1.0,0.6287628145958344,-0.777597146973627
2020-05-22 00:30:00,0.0,0.0,18891.0,13358654711.0,25.670603366666665,24.014672933333337,0.0,0,30,4,143,5,0.0,1.0,0.6287628145958344,-0.777597146973627
2020-05-22 00:45:00,0.0,0.0,18891.0,13358654711.0,25.446779241379318,23.89589393103448,0.0,0,45,4,143,5,0.0,1.0,0.6287628145958344,-0.777597146973627
2020-05-22 01:00:00,0.0,0.0,18891.0,13358654711.0,25.227821766666665,23.655807633333332,0.0,1,0,4,143,5,0.25881904510252074,0.9659258262890683,0.6287628145958344,-0.777597146973627
2020-05-22 01:15:00,0.0,0.0,18891.0,13358654711.0,25.062640366666667,23.2972891,0.0,1,15,4,143,5,0.25881904510252074,0.9659258262890683,0.6287628145958344,-0.777597146973627
2020-05-22 01:30:00,0.0,0.0,15230.6,13346537818.533333,24.878541,22.97140606896552,0.0,1,30,4,143,5,0.25881904510252074,0.9659258262890683,0.6287628145958344,-0.777597146973627
2020-05-22 01:45:00,0.0,0.0,9740.0,13358654711.0,24.82188206666667,22.935877500000004,0.0,1,45,4,143,5,0.25881904510252074,0.9659258262890683,0.6287628145958344,-0.777597146973627
2020-05-22 02:00:00,0.0,0.0,9740.0,13358654711.0,24.76963206896552,22.937171724137933,0.0,2,0,4,143,5,0.49999999999999994,0.8660254037844387,0.6287628145958344,-0.777597146973627
2020-05-22 02:15:00,0.0,0.0,9740.0,13358654711.0,24.59553123333333,22.7131093,0.0,2,15,4,143,5,0.49999999999999994,0.8660254037844387,0.6287628145958344,-0.777597146973627
2020-05-22 02:30:00,0.0,0.0,9740.0,13358654711.0,24.56362903333333,22.73851293333333,0.0,2,30,4,143,5,0.49999999999999994,0.8660254037844387,0.6287628145958344,-0.777597146973627
2020-05-22 02:45:00,0.0,0.0,9740.0,13358654711.0,24.40930920689655,22.607190448275855,0.0,2,45,4,143,5,0.49999999999999994,0.8660254037844387,0.6287628145958344,-0.777597146973627
2020-05-22 03:00:00,0.0,0.0,9740.0,13358654711.0,24.281303,22.438980066666662,0.0,3,0,4,143,5,0.7071067811865475,0.7071067811865476,0.6287628145958344,-0.777597146973627
2020-05-22 03:15:00,0.0,0.0,9740.0,13358654711.0,24.142280241379307,22.20255896551724,0.0,3,15,4,143,5,0.7071067811865475,0.7071067811865476,0.6287628145958344,-0.777597146973627
2020-05-22 03:30:00,0.0,0.0,9740.0,13358654711.0,24.0494489,22.219565933333328,0.0,3,30,4,143,5,0.7071067811865475,0.7071067811865476,0.6287628145958344,-0.777597146973627
2020-05-22 03:45:00,0.0,0.0,9740.0,13358654711.0,23.964467366666668,22.411711633333333,0.0,3,45,4,143,5,0.7071067811865475,0.7071067811865476,0.6287628145958344,-0.777597146973627
2020-05-22 04:00:00,0.0,0.0,9740.0,13358654711.0,23.787370000000003,22.20228948275863,0.0,4,0,4,143,5,0.8660254037844386,0.5000000000000001,0.6287628145958344,-0.777597146973627
2020-05-22 04:15:00,0.0,0.0,7128.8,13358654711.0,23.615461266666667,21.958758733333333,0.0,4,15,4,143,5,0.8660254037844386,0.5000000000000001,0.6287628145958344,-0.777597146973627
2020-05-22 04:30:00,0.0,0.0,4844.0,13358654711.0,23.491023,21.728594866666665,0.0,4,30,4,143,5,0.8660254037844386,0.5000000000000001,0.6287628145958344,-0.777597146973627
2020-05-22 04:45:00,0.0,0.0,4844.0,13358654711.0,23.501643689655165,21.673350482758625,0.0,4,45,4,143,5,0.8660254037844386,0.5000000000000001,0.6287628145958344,-0.777597146973627
2020-05-22 05:00:00,0.0,0.0,4844.0,13358654711.0,23.441046433333337,21.604836033333335,0.0,5,0,4,143,5,0.9659258262890683,0.25881904510252074,0.6287628145958344,-0.777597146973627
2020-05-22 05:15:00,0.0,0.0,4844.0,13302591724.666668,23.344786689655177,21.351205724137927,0.0,5,15,4,143,5,0.9659258262890683,0.25881904510252074,0.6287628145958344,-0.777597146973627
2020-05-22 05:30:00,0.0,0.0,322.93333333333334,13358654711.0,23.216699333333334,21.19199323333333,0.0,5,30,4,143,5,0.9659258262890683,0.25881904510252074,0.6287628145958344,-0.777597146973627
2020-05-22 05:45:00,3.6533333333333333,3.533333333333333,0.0,13358654711.0,23.207561233333337,21.154133166666668,0.0018504192289999,5,45,4,143,5,0.9659258262890683,0.25881904510252074,0.6287628145958344,-0.777597146973627
2020-05-22 06:00:00,368.2266666666667,355.5133333333333,36.13333333333333,13358654747.133333,23.224341172413794,21.23008989655172,0.0150464187413793,6,0,4,143,5,1.0,6.123233995736766e-17,0.6287628145958344,-0.777597146973627
2020-05-22 06:15:00,917.9580952380952,888.1095238095237,183.33333333333334,13358654894.333332,23.412565133333327,21.6428325,0.0364440829333333,6,15,4,143,5,1.0,6.123233995736766e-17,0.6287628145958344,-0.777597146973627
2020-05-22 06:30:00,1881.14,1828.2133333333334,509.6,13358655220.6,23.731374896551724,22.332524862068965,0.0682039968275862,6,30,4,143,5,1.0,6.123233995736766e-17,0.6287628145958344,-0.777597146973627
2020-05-22 06:45:00,2979.9009523809523,2915.945238095238,1098.6571428571428,13358504995.190477,24.2926026,23.7948202,0.1043299106666666,6,45,4,143,5,1.0,6.123233995736766e-17,0.6287628145958344,-0.777597146973627
2020-05-22 07:00:00,3494.735714285714,3425.3790476190475,1915.1809523809525,13277635637.514284,24.837042200000003,26.701679566666662,0.1522340403333332,7,0,4,143,5,0.9659258262890683,-0.25881904510252063,0.6287628145958344,-0.777597146973627
2020-05-22 07:15:00,4939.266666666666,4848.493333333334,2874.133333333333,13115594619.133333,25.161568413793105,28.02738165517241,0.2235164524137931,7,15,4,143,5,0.9659258262890683,-0.25881904510252063,0.6287628145958344,-0.777597146973627
2020-05-22 07:30:00,7134.977142857143,7009.609523809523,4405.652380952381,13358659116.65238,25.86289676666667,31.2285116,0.3315709863333333,7,30,4,143,5,0.9659258262890683,-0.25881904510252063,0.6287628145958344,-0.777597146973627
2020-05-22 07:45:00,8471.41,8308.887619047619,6329.071428571428,13358661040.071428,26.552562793103448,34.14181817241379,0.3869112479310344,7,45,4,143,5,0.9659258262890683,-0.25881904510252063,0.6287628145958344,-0.777597146973627
2020-05-22 08:00:00,9668.130000000001,9477.212857142857,8556.257142857143,13358663267.257145,27.161824433333337,35.93253889999999,0.4244252026666666,8,0,4,143,5,0.8660254037844387,-0.4999999999999998,0.6287628145958344,-0.777597146973627
2020-05-22 08:15:00,11018.011428571428,10795.281904761905,11056.090476190477,13358665767.090477,27.541916000000004,36.8019186,0.4674810996666666,8,15,4,143,5,0.8660254037844387,-0.4999999999999998,0.6287628145958344,-0.777597146973627
2020-05-22 08:30:00,12664.146666666667,12401.88,13967.133333333333,13358668678.133333,27.82692844827586,38.308498275862064,0.5250420731034483,8,30,4,143,5,0.8660254037844387,-0.4999999999999998,0.6287628145958344,-0.777597146973627
2020-05-22 08:45:00,13796.141904761904,13503.898095238095,17238.457142857143,13358671949.457144,28.18195803333333,40.66426703333333,0.5898400813333334,8,45,4,143,5,0.8660254037844387,-0.4999999999999998,0.6287628145958344,-0.777597146973627
2020-05-22 09:00:00,12985.117619047618,12704.272857142856,20421.790476190476,13344730240.457142,28.84968306896552,43.654425413793085,0.6501507796551723,9,0,4,143,5,0.7071067811865476,-0.7071067811865475,0.6287628145958344,-0.777597146973627
2020-05-22 09:15:00,12854.32,12571.3,23676.2,13358678387.2,29.2417327,47.507954666666656,0.7139103179999999,9,15,4,143,5,0.7071067811865476,-0.7071067811865475,0.6287628145958344,-0.777597146973627
2020-05-22 09:30:00,12496.496190476191,12217.949523809522,26796.85714285714,13358681507.857141,29.783513433333336,49.5048544,0.7607933420000002,9,30,4,143,5,0.7071067811865476,-0.7071067811865475,0.6287628145958344,-0.777597146973627
2020-05-22 09:45:00,12764.625714285716,12476.745714285715,29819.466666666667,13358684530.466667,30.145207965517237,51.536908413793114,0.802964108275862,9,45,4,143,5,0.7071067811865476,-0.7071067811865475,0.6287628145958344,-0.777597146973627
2020-05-22 10:00:00,12559.706666666667,12269.733333333334,32967.46666666667,13358687678.466667,30.632145200000004,54.14784453333334,0.8434504773333334,10,0,4,143,5,0.49999999999999994,-0.8660254037844387,0.6287628145958344,-0.777597146973627
2020-05-22 10:15:00,12763.088571428572,12454.109047619047,36023.752380952385,13358690734.75238,31.01010031034483,55.509167999999995,0.8787097734482758,10,15,4,143,5,0.49999999999999994,-0.8660254037844387,0.6287628145958344,-0.777597146973627
2020-05-22 10:30:00,12457.58,12149.306666666667,39161.933333333334,13358693872.933334,31.450413966666662,56.60856536666666,0.9044473933333332,10,30,4,143,5,0.49999999999999994,-0.8660254037844387,0.6287628145958344,-0.777597146973627
2020-05-22 10:45:00,12357.363333333331,12048.417142857143,42170.72857142857,13358696881.72857,31.712303448275865,56.49571617241379,0.9310419879310344,10,45,4,143,5,0.49999999999999994,-0.8660254037844387,0.6287628145958344,-0.777597146973627
2020-05-22 11:00:00,12502.980952380953,12190.55380952381,45149.08571428571,13358699860.085714,31.70868323333333,56.65728056666668,0.9389363266666668,11,0,4,143,5,0.258819045102521,-0.9659258262890682,0.6287628145958344,-0.777597146973627
2020-05-22 11:15:00,12651.853333333333,12335.94,48232.26666666667,13358702943.266666,32.242335166666656,57.71978933333334,0.948619885,11,15,4,143,5,0.258819045102521,-0.9659258262890682,0.6287628145958344,-0.777597146973627
2020-05-22 11:30:00,12865.693333333333,12544.24,51262.066666666666,13277684984.4,32.77925151724137,59.33700803448276,0.9552498431034484,11,30,4,143,5,0.258819045102521,-0.9659258262890682,0.6287628145958344,-0.777597146973627
2020-05-22 11:45:00,12922.66619047619,12600.010476190477,54289.580952380944,13263743119.580952,33.20048229999999,60.91322110000001,0.9528012313333332,11,45,4,143,5,0.258819045102521,-0.9659258262890682,0.6287628145958344,-0.777597146973627
2020-05-22 12:00:00,12874.127619047618,12552.449047619048,57560.92380952381,13277691283.257143,33.58039268965517,61.8809381724138,0.9440981024137932,12,0,4,143,5,1.2246467991473532e-16,-1.0,0.6287628145958344,-0.777597146973627
2020-05-22 12:15:00,12885.256666666666,12563.500952380953,60749.52380952381,13358715460.52381,34.01334813333334,62.70936686666667,0.937828005,12,15,4,143,5,1.2246467991473532e-16,-1.0,0.6287628145958344,-0.777597146973627
2020-05-22 12:30:00,12825.153333333334,12504.726666666666,63892.799999999996,13358718603.800001,33.95082383333333,60.745529,0.929320679,12,30,4,143,5,1.2246467991473532e-16,-1.0,0.6287628145958344,-0.777597146973627
2020-05-22 12:45:00,12801.92,12482.9,67054.93333333333,13358721765.933334,34.40181331034483,61.769346103448285,0.9196886072413792,12,45,4,143,5,1.2246467991473532e-16,-1.0,0.6287628145958344,-0.777597146973627
2020-05-22 13:00:00,13574.155238095238,13237.46923076923,69322.06007326007,13215917800.417217,34.976118482758615,63.80456327586207,0.9072182727586204,13,0,4,143,5,-0.2588190451025208,-0.9659258262890683,0.6287628145958344,-0.777597146973627
2020-05-22 13:15:00,13308.623333333333,12979.090952380951,73567.3619047619,13358728278.361906,34.83037393103448,61.95494127586206,0.8938536562068966,13,15,4,143,5,-0.2588190451025208,-0.9659258262890683,0.6287628145958344,-0.777597146973627
2020-05-22 13:30:00,11795.806666666667,11504.906666666668,76616.4,13358731327.4,34.964687966666666,62.981750666666656,0.8757099556666667,13,30,4,143,5,-0.2588190451025208,-0.9659258262890683,0.6287628145958344,-0.777597146973627
2020-05-22 13:45:00,12196.110952380952,11899.500476190477,79508.5,13358734219.5,35.293674633333325,63.429100433333325,0.8573449146666666,13,45,4,143,5,-0.2588190451025208,-0.9659258262890683,0.6287628145958344,-0.777597146973627
2020-05-22 14:00:00,12374.34,12080.04,82519.33333333334,13358737230.333334,35.30012999999999,60.322807482758634,0.8319279393103448,14,0,4,143,5,-0.4999999999999997,-0.8660254037844388,0.6287628145958344,-0.777597146973627
2020-05-22 14:15:00,12784.864285714286,12493.268571428573,85575.40476190476,13358740286.404762,35.97692966666666,62.5950286,0.7988914876666666,14,15,4,143,5,-0.4999999999999997,-0.8660254037844388,0.6287628145958344,-0.777597146973627
2020-05-22 14:30:00,13742.522380952381,13434.319523809525,88463.83333333333,13310275604.966667,35.95554637931035,60.3234254137931,0.757962963448276,14,30,4,143,5,-0.4999999999999997,-0.8660254037844388,0.6287628145958344,-0.777597146973627
2020-05-22 14:45:00,15130.033333333333,14794.499999999998,91081.13333333333,13176992405.133333,36.15517973333333,59.44070023333334,0.712892354,14,45,4,143,5,-0.4999999999999997,-0.8660254037844388,0.6287628145958344,-0.777597146973627
2020-05-22 15:00:00,15872.06619047619,15524.225714285714,94958.59999999999,13176996282.6,36.203579833333336,57.10282613333333,0.6639036466666666,15,0,4,143,5,-0.7071067811865471,-0.7071067811865479,0.6287628145958344,-0.777597146973627
2020-05-22 15:15:00,14856.404285714285,14535.485238095238,98688.45714285714,13177000012.457144,36.53600855172413,54.92006168965517,0.6136021413793104,15,15,4,143,5,-0.7071067811865471,-0.7071067811865479,0.6287628145958344,-0.777597146973627
2020-05-22 15:30:00,13926.50619047619,13629.679523809522,102208.42380952381,13177003532.423811,36.4829009,53.35857623333335,0.566235797,15,30,4,143,5,-0.7071067811865471,-0.7071067811865479,0.6287628145958344,-0.777597146973627
2020-05-22 15:45:00,12783.110952380952,12515.073333333334,105475.14761904762,13177006799.14762,36.51623772413792,50.82568079310345,0.5137632668965518,15,45,4,143,5,-0.7071067811865471,-0.7071067811865479,0.6287628145958344,-0.777597146973627
2020-05-22 16:00:00,11563.253333333334,11325.293333333333,108468.06666666667,13177009792.066668,36.495479266666656,48.6366159,0.4619180646666666,16,0,4,143,5,-0.8660254037844384,-0.5000000000000004,0.6287628145958344,-0.777597146973627
2020-05-22 16:15:00,10239.534285714286,10033.02380952381,111166.07619047619,13177012490.07619,36.90676475862068,48.01077582758621,0.4072016037931034,16,15,4,143,5,-0.8660254037844384,-0.5000000000000004,0.6287628145958344,-0.777597146973627
2020-05-22 16:30:00,8904.04476190476,8729.007142857143,113510.9619047619,13177014834.961905,36.86410623333334,46.2538929,0.351029381,16,30,4,143,5,-0.8660254037844384,-0.5000000000000004,0.6287628145958344,-0.777597146973627
2020-05-22 16:45:00,7473.671428571429,7336.501904761904,115524.43809523809,13177016848.438095,36.90602689655172,44.56530331034482,0.291662732413793,16,45,4,143,5,-0.8660254037844384,-0.5000000000000004,0.6287628145958344,-0.777597146973627
2020-05-22 17:00:00,6015.310476190476,5911.764761904762,116971.63333333333,13177018499.833334,36.889153933333326,43.03815289999999,0.237599299,17,0,4,143,5,-0.9659258262890683,-0.25881904510252063,0.6287628145958344,-0.777597146973627
2020-05-22 17:15:00,4665.106666666667,4577.913333333333,118496.33333333333,13177019820.333332,36.57830536666666,40.440850833333336,0.1854702793333333,17,15,4,143,5,-0.9659258262890683,-0.25881904510252063,0.6287628145958344,-0.777597146973627
2020-05-22 17:30:00,3353.6280952380953,3287.2033333333334,119486.55714285714,13177020810.557142,36.53098717241378,38.56217789655173,0.1359976352068965,17,30,4,143,5,-0.9659258262890683,-0.25881904510252063,0.6287628145958344,-0.777597146973627
2020-05-22 17:45:00,2218.0428571428574,2160.95,120166.30952380953,13177021490.309525,36.01259269999999,36.65240663333333,0.0913657824666666,17,45,4,143,5,-0.9659258262890683,-0.25881904510252063,0.6287628145958344,-0.777597146973627
2020-05-22 18:00:00,778.6442857142857,753.4904761904762,120915.41428571427,13201256024.34762,34.713825862068965,34.0462762413793,0.0304520288965517,18,0,4,143,5,-1.0,-1.8369701987210297e-16,0.6287628145958344,-0.777597146973627
2020-05-22 18:15:00,235.7995238095238,227.52142857142857,120643.4,13177021967.4,33.565036133333344,31.3863639,0.0084263664133333,18,15,4,143,5,-1.0,-1.8369701987210297e-16,0.6287628145958344,-0.777597146973627
2020-05-22 18:30:00,14.1,13.600000000000001,120672.66666666666,13177021996.666666,33.05054237931034,30.11554696551724,0.0024452188362068,18,30,4,143,5,-1.0,-1.8369701987210297e-16,0.6287628145958344,-0.777597146973627
2020-05-22 18:45:00,0.0,0.0,120673.0,13177021997.0,32.84936956666666,29.884103366666665,6.139619366666667e-05,18,45,4,143,5,-1.0,-1.8369701987210297e-16,0.6287628145958344,-0.777597146973627
2020-05-22 19:00:00,0.0,0.0,120673.0,13177021997.0,32.577243,29.541916966666665,0.0,19,0,4,143,5,-0.9659258262890684,0.2588190451025203,0.6287628145958344,-0.777597146973627
2020-05-22 19:15:00,0.0,0.0,120673.0,13177021997.0,32.24653451724138,29.283911275862067,0.0,19,15,4,143,5,-0.9659258262890684,0.2588190451025203,0.6287628145958344,-0.777597146973627
2020-05-22 19:30:00,0.0,0.0,120673.0,13177021997.0,31.647290966666663,29.4522431,0.0,19,30,4,143,5,-0.9659258262890684,0.2588190451025203,0.6287628145958344,-0.777597146973627
2020-05-22 19:45:00,0.0,0.0,120673.0,13177021997.0,30.91984043333333,29.248356266666665,0.0,19,45,4,143,5,-0.9659258262890684,0.2588190451025203,0.6287628145958344,-0.777597146973627
2020-05-22 20:00:00,0.0,0.0,120673.0,13177021997.0,30.412124275862062,28.66433403448276,0.0,20,0,4,143,5,-0.8660254037844386,0.5000000000000001,0.6287628145958344,-0.777597146973627
2020-05-22 20:15:00,0.0,0.0,120673.0,13177021997.0,30.16422013333333,28.157295733333328,0.0,20,15,4,143,5,-0.8660254037844386,0.5000000000000001,0.6287628145958344,-0.777597146973627
2020-05-22 20:30:00,0.0,0.0,120673.0,13177021997.0,29.983647793103447,27.917840413793105,0.0,20,30,4,143,5,-0.8660254037844386,0.5000000000000001,0.6287628145958344,-0.777597146973627
2020-05-22 20:45:00,0.0,0.0,120673.0,13177021997.0,29.9975493,28.12562353333333,0.0,20,45,4,143,5,-0.8660254037844386,0.5000000000000001,0.6287628145958344,-0.777597146973627
2020-05-22 21:00:00,0.0,0.0,120673.0,13177021997.0,29.6879445,27.79396453333333,0.0,21,0,4,143,5,-0.7071067811865477,0.7071067811865474,0.6287628145958344,-0.777597146973627
2020-05-22 21:15:00,0.0,0.0,120673.0,13177021997.0,29.530937482758628,27.591031793103447,0.0,21,15,4,143,5,-0.7071067811865477,0.7071067811865474,0.6287628145958344,-0.777597146973627
2020-05-22 21:30:00,0.0,0.0,120673.0,13177021997.0,29.26959126666667,27.34383643333334,0.0,21,30,4,143,5,-0.7071067811865477,0.7071067811865474,0.6287628145958344,-0.777597146973627
2020-05-22 21:45:00,0.0,0.0,120673.0,13177021997.0,28.94984596551724,26.888740275862062,0.0,21,45,4,143,5,-0.7071067811865477,0.7071067811865474,0.6287628145958344,-0.777597146973627
2020-05-22 22:00:00,0.0,0.0,120673.0,13177021997.0,28.6407368,26.4522593,0.0,22,0,4,143,5,-0.5000000000000004,0.8660254037844384,0.6287628145958344,-0.777597146973627
2020-05-22 22:15:00,0.0,0.0,120673.0,13177021997.0,28.326372366666668,25.970764066666664,0.0,22,15,4,143,5,-0.5000000000000004,0.8660254037844384,0.6287628145958344,-0.777597146973627
2020-05-22 22:30:00,0.0,0.0,120673.0,13177021997.0,28.08963337931035,25.651714448275865,0.0,22,30,4,143,5,-0.5000000000000004,0.8660254037844384,0.6287628145958344,-0.777597146973627
2020-05-22 22:45:00,0.0,0.0,120673.0,13177021997.0,27.973987866666665,25.81418643333333,0.0,22,45,4,143,5,-0.5000000000000004,0.8660254037844384,0.6287628145958344,-0.777597146973627
2020-05-22 23:00:00,0.0,0.0,120673.0,13177021997.0,27.65889544827586,25.563916310344823,0.0,23,0,4,143,5,-0.25881904510252157,0.9659258262890681,0.6287628145958344,-0.777597146973627
2020-05-22 23:15:00,0.0,0.0,120673.0,13177021997.0,27.41701873333333,25.288167199999997,0.0,23,15,4,143,5,-0.25881904510252157,0.9659258262890681,0.6287628145958344,-0.777597146973627
2020-05-22 23:30:00,0.0,0.0,120673.0,13177021997.0,27.38874326666667,25.531736033333335,0.0,23,30,4,143,5,-0.25881904510252157,0.9659258262890681,0.6287628145958344,-0.777597146973627
2020-05-22 23:45:00,0.0,0.0,110969.93333333333,13177021997.0,27.014191448275856,25.30840106896552,0.0,23,45,4,143,5,-0.25881904510252157,0.9659258262890681,0.6287628145958344,-0.777597146973627
2020-05-23 00:00:00,0.0,0.0,44383.02380952381,13177021997.0,26.720194766666665,24.93793233333333,0.0,0,0,5,144,5,0.0,1.0,0.6152845999633276,-0.7883050558305255
2020-05-23 00:15:00,0.0,0.0,22883.0,13177021997.0,26.4556884,24.550320333333328,0.0,0,15,5,144,5,0.0,1.0,0.6152845999633276,-0.7883050558305255
2020-05-23 00:30:00,0.0,0.0,22883.0,13177021997.0,26.211620310344827,24.194504241379303,0.0,0,30,5,144,5,0.0,1.0,0.6152845999633276,-0.7883050558305255
2020-05-23 00:45:00,0.0,0.0,22883.0,13027054522.133333,26.107979466666677,24.0992696,0.0,0,45,5,144,5,0.0,1.0,0.6152845999633276,-0.7883050558305255
2020-05-23 01:00:00,0.0,0.0,22883.0,13177021997.0,25.871246482758625,23.85640748275862,0.0,1,0,5,144,5,0.25881904510252074,0.9659258262890683,0.6152845999633276,-0.7883050558305255
2020-05-23 01:15:00,0.0,0.0,22883.0,13177021997.0,25.814145100000005,23.765325833333332,0.0,1,15,5,144,5,0.25881904510252074,0.9659258262890683,0.6152845999633276,-0.7883050558305255
2020-05-23 01:30:00,0.0,0.0,18937.8,13066353457.133333,25.837760566666667,24.232896966666665,0.0,1,30,5,144,5,0.25881904510252074,0.9659258262890683,0.6152845999633276,-0.7883050558305255
2020-05-23 01:45:00,0.0,0.0,13020.0,13177021997.0,25.81694824137931,24.5491331724138,0.0,1,45,5,144,5,0.25881904510252074,0.9659258262890683,0.6152845999633276,-0.7883050558305255
2020-05-23 02:00:00,0.0,0.0,13020.0,13177021997.0,25.700773966666663,24.362688066666674,0.0,2,0,5,144,5,0.49999999999999994,0.8660254037844387,0.6152845999633276,-0.7883050558305255
2020-05-23 02:15:00,0.0,0.0,13020.0,13177021997.0,25.590836333333336,24.136146066666665,0.0,2,15,5,144,5,0.49999999999999994,0.8660254037844387,0.6152845999633276,-0.7883050558305255
2020-05-23 02:30:00,0.0,0.0,13020.0,13177021997.0,25.44831779310345,23.78755879310345,0.0,2,30,5,144,5,0.49999999999999994,0.8660254037844387,0.6152845999633276,-0.7883050558305255
2020-05-23 02:45:00,0.0,0.0,13020.0,13177021997.0,25.415001333333333,23.583281600000003,0.0,2,45,5,144,5,0.49999999999999994,0.8660254037844387,0.6152845999633276,-0.7883050558305255
2020-05-23 03:00:00,0.0,0.0,13020.0,13177021997.0,25.22627310344828,23.231575793103445,0.0,3,0,5,144,5,0.7071067811865475,0.7071067811865476,0.6152845999633276,-0.7883050558305255
2020-05-23 03:15:00,0.0,0.0,13020.0,13177021997.0,24.98559566666667,22.74414273333333,0.0,3,15,5,144,5,0.7071067811865475,0.7071067811865476,0.6152845999633276,-0.7883050558305255
2020-05-23 03:30:00,0.0,0.0,13020.0,13177021997.0,24.79134396666667,22.508908,0.0,3,30,5,144,5,0.7071067811865475,0.7071067811865476,0.6152845999633276,-0.7883050558305255
2020-05-23 03:45:00,0.0,0.0,12397.8,13176996430.066668,24.651769103448277,22.246350517241375,0.0,3,45,5,144,5,0.7071067811865475,0.7071067811865476,0.6152845999633276,-0.7883050558305255
2020-05-23 04:00:00,0.0,0.0,13020.0,13177021997.0,24.4721009,21.9592774,0.0,4,0,5,144,5,0.8660254037844386,0.5000000000000001,0.6152845999633276,-0.7883050558305255
2020-05-23 04:15:00,0.0,0.0,11053.6,13177021997.0,24.21784606896552,21.940328862068963,0.0,4,15,5,144,5,0.8660254037844386,0.5000000000000001,0.6152845999633276,-0.7883050558305255
2020-05-23 04:30:00,0.0,0.0,9333.0,13177021997.0,24.31587946666667,21.950208633333336,0.0,4,30,5,144,5,0.8660254037844386,0.5000000000000001,0.6152845999633276,-0.7883050558305255
2020-05-23 04:45:00,0.0,0.0,9333.0,13177021997.0,24.316370799999994,21.891620866666667,0.0,4,45,5,144,5,0.8660254037844386,0.5000000000000001,0.6152845999633276,-0.7883050558305255
2020-05-23 05:00:00,0.0,0.0,9333.0,13177021997.0,24.02792989655172,21.66462337931035,0.0,5,0,5,144,5,0.9659258262890683,0.25881904510252074,0.6152845999633276,-0.7883050558305255
2020-05-23 05:15:00,0.0,0.0,9333.0,13177021997.0,23.813047033333334,21.8106323,0.0,5,15,5,144,5,0.9659258262890683,0.25881904510252074,0.6152845999633276,-0.7883050558305255
2020-05-23 05:30:00,0.0,0.0,0.0,13177021997.0,23.84403503448276,21.93014427586207,0.0,5,30,5,144,5,0.9659258262890683,0.25881904510252074,0.6152845999633276,-0.7883050558305255
2020-05-23 05:45:00,0.0,0.0,0.0,13177021997.0,23.707536033333334,21.791834533333336,0.0014383581393333,5,45,5,144,5,0.9659258262890683,0.25881904510252074,0.6152845999633276,-0.7883050558305255
2020-05-23 06:00:00,312.48857142857145,301.6738095238095,26.814285714285713,13177022023.814285,23.836609733333333,21.784125766666676,0.0141595838133333,6,0,5,144,5,1.0,6.123233995736766e-17,0.6152845999633276,-0.7883050558305255
2020-05-23 06:15:00,830.6933333333333,803.46,159.2,13177022156.2,23.965293,22.39798713793104,0.0352355902413793,6,15,5,144,5,1.0,6.123233995736766e-17,0.6152845999633276,-0.7883050558305255
2020-05-23 06:30:00,1539.1485714285714,1494.4852380952382,442.247619047619,13177022439.247618,24.5411042,23.30528673333333,0.058712884,6,30,5,144,5,1.0,6.123233995736766e-17,0.6152845999633276,-0.7883050558305255
2020-05-23 06:45:00,2438.5642857142857,2379.6890476190474,918.452380952381,13177022915.452381,24.972080400000007,24.083968033333335,0.0874251922333333,6,45,5,144,5,1.0,6.123233995736766e-17,0.6152845999633276,-0.7883050558305255
2020-05-23 07:00:00,3532.3942857142856,3462.7261904761904,1637.8428571428572,13177023634.842855,25.369075275862077,24.992333827586204,0.1645789924137931,7,0,5,144,5,0.9659258262890683,-0.25881904510252063,0.6152845999633276,-0.7883050558305255
2020-05-23 07:15:00,4809.708571428571,4720.984761904762,2641.242857142857,13177024638.242857,26.0042399,27.742071500000005,0.2418249106666667,7,15,5,144,5,0.9659258262890683,-0.25881904510252063,0.6152845999633276,-0.7883050558305255
2020-05-23 07:30:00,6230.953333333333,6123.36,3997.8,13177025994.800001,26.917700241379308,32.55195479310345,0.3148570596551724,7,30,5,144,5,0.9659258262890683,-0.25881904510252063,0.6152845999633276,-0.7883050558305255
2020-05-23 07:45:00,7646.271428571428,7504.2152380952375,5708.385714285714,13177027705.385714,27.429699566666663,35.60990889999999,0.3793576726666666,7,45,5,144,5,0.9659258262890683,-0.25881904510252063,0.6152845999633276,-0.7883050558305255
2020-05-23 08:00:00,9119.64,8939.553333333333,7763.333333333333,13177029760.333332,27.988890533333333,38.3060976,0.4341270063333333,8,0,5,144,5,0.8660254037844387,-0.4999999999999998,0.6152845999633276,-0.7883050558305255
2020-05-23 08:15:00,10552.950476190475,10338.867619047618,10139.695238095239,13176864378.361904,28.67064903448276,40.821387965517246,0.4836398434482758,8,15,5,144,5,0.8660254037844387,-0.4999999999999998,0.6152845999633276,-0.7883050558305255
2020-05-23 08:30:00,11903.494761904762,11657.077619047619,12861.833333333332,13168967487.9,29.2585235,43.078069000000006,0.5337677543333335,8,30,5,144,5,0.8660254037844387,-0.4999999999999998,0.6152845999633276,-0.7883050558305255
2020-05-23 08:45:00,13216.06380952381,12937.260476190475,15963.314285714285,13177037960.314285,29.82619924137931,45.5783502413793,0.5889204568965518,8,45,5,144,5,0.8660254037844387,-0.4999999999999998,0.6152845999633276,-0.7883050558305255
2020-05-23 09:00:00,14370.288571428571,14062.088095238096,19354.938095238096,13177041351.938097,30.426238066666667,47.827062100000006,0.6451150216666667,9,0,5,144,5,0.7071067811865476,-0.7071067811865475,0.6152845999633276,-0.7883050558305255
2020-05-23 09:15:00,15256.64,14924.366666666665,22923.333333333332,13087151912.866667,31.15696106666666,49.68050939999999,0.7018423813333332,9,15,5,144,5,0.7071067811865476,-0.7071067811865475,0.6152845999633276,-0.7883050558305255
2020-05-23 09:30:00,13195.028095238094,12903.364761904762,26582.58095238095,13177048579.580952,31.65189851724138,51.29599096551725,0.7519769720689654,9,30,5,144,5,0.7071067811865476,-0.7071067811865475,0.6152845999633276,-0.7883050558305255
2020-05-23 09:45:00,12424.32,12145.103809523811,29654.69523809524,13177051651.695238,31.959610933333327,52.2273416,0.791683317,9,45,5,144,5,0.7071067811865476,-0.7071067811865475,0.6152845999633276,-0.7883050558305255
2020-05-23 10:00:00,12994.733333333334,12697.793333333331,32768.799999999996,13177054765.8,32.56005868965518,53.39805979310346,0.8298047317241377,10,0,5,144,5,0.49999999999999994,-0.8660254037844387,0.6152845999633276,-0.7883050558305255
2020-05-23 10:15:00,12964.89619047619,12660.28,35936.399999999994,13177057933.4,32.90432746666666,55.08873696666666,0.8577585426666665,10,15,5,144,5,0.49999999999999994,-0.8660254037844387,0.6152845999633276,-0.7883050558305255
2020-05-23 10:30:00,12704.653333333334,12394.346666666666,39018.86666666667,13177061015.866667,33.65044886666667,56.9404368,0.8960065056666665,10,30,5,144,5,0.49999999999999994,-0.8660254037844387,0.6152845999633276,-0.7883050558305255
2020-05-23 10:45:00,12212.28,11906.953333333333,42094.53333333333,13177064091.533333,33.529896620689655,55.78548137931034,0.9227391144827584,10,45,5,144,5,0.49999999999999994,-0.8660254037844387,0.6152845999633276,-0.7883050558305255
2020-05-23 11:00:00,12487.858095238094,12175.625714285716,45100.142857142855,13177067097.142857,33.776356233333345,57.2085926,0.938062118,11,0,5,144,5,0.258819045102521,-0.9659258262890682,0.6152845999633276,-0.7883050558305255
2020-05-23 11:15:00,12732.553333333335,12414.206666666667,48165.26666666666,13177070162.266666,34.1564585862069,56.55521031034483,0.9489915310344827,11,15,5,144,5,0.258819045102521,-0.9659258262890682,0.6152845999633276,-0.7883050558305255
2020-05-23 11:30:00,12847.410476190476,12526.244761904762,51290.84761904762,13177073287.847618,34.1468976,56.966335833333325,0.953267991,11,30,5,144,5,0.258819045102521,-0.9659258262890682,0.6152845999633276,-0.7883050558305255
2020-05-23 11:45:00,12878.313333333334,12556.326666666668,54258.066666666666,13027224721.466667,34.264609448275856,57.884599068965514,0.9497544024137932,11,45,5,144,5,0.258819045102521,-0.9659258262890682,0.6152845999633276,-0.7883050558305255
2020-05-23 12:00:00,12813.176666666666,12492.816190476191,57287.41904761905,13063204043.285713,34.852522833333325,58.916664633333326,0.939489804,12,0,5,144,5,1.2246467991473532e-16,-1.0,0.6152845999633276,-0.7883050558305255
2020-05-23 12:15:00,12727.671904761904,12409.487619047619,60059.01904761905,13015039642.819046,35.171084566666664,58.822551633333326,0.9247430913333334,12,15,5,144,5,1.2246467991473532e-16,-1.0,0.6152845999633276,-0.7883050558305255
2020-05-23 12:30:00,13367.746666666666,13033.548095238095,66196.07142857142,12959680337.642859,35.31690075862069,59.86130489655172,0.9124897296551724,12,30,5,144,5,1.2246467991473532e-16,-1.0,0.6152845999633276,-0.7883050558305255
2020-05-23 12:45:00,13360.105238095239,13026.060476190476,69929.02380952382,12791699721.82381,35.353965233333334,58.1058104,0.8985497946666666,12,45,5,144,5,1.2246467991473532e-16,-1.0,0.6152845999633276,-0.7883050558305255
2020-05-23 13:00:00,12262.02,11955.613333333333,68856.06666666667,11981258326.466667,35.96277151724138,58.698997724137925,0.8877546427586208,13,0,5,144,5,-0.2588190451025208,-0.9659258262890683,0.6152845999633276,-0.7883050558305255
2020-05-23 13:15:00,13678.993333333334,13339.151904761904,77940.41904761906,13098430872.490477,36.29276526666667,57.50219543333333,0.8630840616666667,13,15,5,144,5,-0.2588190451025208,-0.9659258262890683,0.6152845999633276,-0.7883050558305255
2020-05-23 13:30:00,14127.809523809523,13778.849047619047,82622.93809523809,13358860861.938095,36.44097606666667,55.83034573333333,0.8493076746666667,13,30,5,144,5,-0.2588190451025208,-0.9659258262890683,0.6152845999633276,-0.7883050558305255
2020-05-23 13:45:00,13787.26,13447.513333333334,84729.2,13115799348.4,36.76474110344827,56.15993317241379,0.8451140272413794,13,45,5,144,5,-0.2588190451025208,-0.9659258262890683,0.6152845999633276,-0.7883050558305255
2020-05-23 14:00:00,12771.946666666667,12470.52,82649.13333333333,12143542789.133333,37.34248639999999,58.3555124,0.8151929123333334,14,0,5,144,5,-0.4999999999999997,-0.8660254037844388,0.6152845999633276,-0.7883050558305255
2020-05-23 14:15:00,13294.570476190476,12990.819523809525,86288.28095238094,12224567634.880953,37.497076448275855,58.33965862068965,0.7900291168965516,14,15,5,144,5,-0.4999999999999997,-0.8660254037844388,0.6152845999633276,-0.7883050558305255
2020-05-23 14:30:00,14374.414761904762,14051.833809523809,96398.75714285714,13358874637.757143,37.63767076666666,56.476443666666654,0.7452246323333332,14,30,5,144,5,-0.4999999999999997,-0.8660254037844388,0.6152845999633276,-0.7883050558305255
2020-05-23 14:45:00,15014.742857142857,14682.027142857141,95871.5380952381,12710704457.738094,37.5318053,54.732021066666654,0.7034089543333332,14,45,5,144,5,-0.4999999999999997,-0.8660254037844388,0.6152845999633276,-0.7883050558305255
2020-05-23 15:00:00,15510.773333333333,15172.6,96119.53333333333,12143556259.533333,37.63801317241379,55.340708655172406,0.6494585644827586,15,0,5,144,5,-0.7071067811865471,-0.7071067811865479,0.6152845999633276,-0.7883050558305255
2020-05-23 15:15:00,14523.606666666667,14211.393333333333,99854.06666666667,12143559994.066666,37.9939015,55.50677996666667,0.603796347,15,15,5,144,5,-0.7071067811865471,-0.7071067811865479,0.6152845999633276,-0.7883050558305255
2020-05-23 15:30:00,13541.646666666667,13254.599999999999,103345.73333333334,12143563485.733334,37.99130351724138,53.36105868965516,0.5547324962068965,15,30,5,144,5,-0.7071067811865471,-0.7071067811865479,0.6152845999633276,-0.7883050558305255
2020-05-23 15:45:00,12455.34857142857,12195.368571428571,105956.58571428571,12053673089.11905,37.81119796666666,50.44492493333334,0.5077070613333333,15,45,5,144,5,-0.7071067811865471,-0.7071067811865479,0.6152845999633276,-0.7883050558305255
2020-05-23 16:00:00,10972.588095238096,10748.592857142858,109344.34285714285,12143569484.34286,37.853689633333325,49.362306666666655,0.4419189286666667,16,0,5,144,5,-0.8660254037844384,-0.5000000000000004,0.6152845999633276,-0.7883050558305255
2020-05-23 16:15:00,9792.950476190475,9597.034285714286,111885.49523809523,12143572025.495237,37.979447931034485,48.62139141379311,0.3923041048275861,16,15,5,144,5,-0.8660254037844384,-0.5000000000000004,0.6152845999633276,-0.7883050558305255
2020-05-23 16:30:00,8560.9,8394.42,115945.79999999999,12386639705.6,38.01695633333334,46.89483423333333,0.3365806126666666,16,30,5,144,5,-0.8660254037844384,-0.5000000000000004,0.6152845999633276,-0.7883050558305255
2020-05-23 16:45:00,7446.1866666666665,7313.553333333332,125117.46666666665,13358903356.466667,38.271593066666654,45.333284500000005,0.277961291,16,45,5,144,5,-0.8660254037844384,-0.5000000000000004,0.6152845999633276,-0.7883050558305255
2020-05-23 17:00:00,6008.685714285714,5905.174285714285,126771.12857142858,13358905010.12857,38.68598265517242,44.41159051724138,0.2240962596551724,17,0,5,144,5,-0.9659258262890683,-0.25881904510252063,0.6152845999633276,-0.7883050558305255
2020-05-23 17:15:00,4623.875714285714,4535.034285714286,128067.09999999999,13358906306.1,38.21357223333335,42.65903836666667,0.1742070463333333,17,15,5,144,5,-0.9659258262890683,-0.25881904510252063,0.6152845999633276,-0.7883050558305255
2020-05-23 17:30:00,3336.122380952381,3269.1266666666666,129043.20476190475,13358907282.204762,37.20869589655173,39.7458832413793,0.1285143323448275,17,30,5,144,5,-0.9659258262890683,-0.25881904510252063,0.6152845999633276,-0.7883050558305255
2020-05-23 17:45:00,2248.7604761904763,2188.599523809524,129728.14761904761,13358907967.14762,36.82153546666666,37.669591033333326,0.0879022486666666,17,45,5,144,5,-0.9659258262890683,-0.25881904510252063,0.6152845999633276,-0.7883050558305255
2020-05-23 18:00:00,1362.1666666666667,1320.96,130169.0,13358908408.0,36.055505413793114,35.59737096551724,0.0541260664482758,18,0,5,144,5,-1.0,-1.8369701987210297e-16,0.6152845999633276,-0.7883050558305255
2020-05-23 18:15:00,600.8461904761905,580.6661904761904,130410.78095238094,13358908649.780952,35.323333666666656,33.78148493333333,0.0232463271333333,18,15,5,144,5,-1.0,-1.8369701987210297e-16,0.6152845999633276,-0.7883050558305255
2020-05-23 18:30:00,57.03285714285714,55.09285714285714,130478.69047619046,13358908717.690475,34.50162689999999,32.10442206666666,0.0038204958,18,30,5,144,5,-1.0,-1.8369701987210297e-16,0.6152845999633276,-0.7883050558305255
2020-05-23 18:45:00,0.0,0.0,129841.4,13303009330.2,34.227281482758606,31.297140241379303,0.0001720098631034,18,45,5,144,5,-1.0,-1.8369701987210297e-16,0.6152845999633276,-0.7883050558305255
2020-05-23 19:00:00,0.0,0.0,130481.0,13358908720.0,33.81844083333333,30.73789153333333,0.0,19,0,5,144,5,-0.9659258262890684,0.2588190451025203,0.6152845999633276,-0.7883050558305255
2020-05-23 19:15:00,0.0,0.0,130481.0,13358908720.0,33.624554633333325,30.704173833333336,0.0,19,15,5,144,5,-0.9659258262890684,0.2588190451025203,0.6152845999633276,-0.7883050558305255
2020-05-23 19:30:00,0.0,0.0,130481.0,13358908720.0,33.44275720689656,31.280739517241383,0.0,19,30,5,144,5,-0.9659258262890684,0.2588190451025203,0.6152845999633276,-0.7883050558305255
2020-05-23 19:45:00,0.0,0.0,130481.0,13358908720.0,33.057945833333335,31.0951711,0.0,19,45,5,144,5,-0.9659258262890684,0.2588190451025203,0.6152845999633276,-0.7883050558305255
2020-05-23 20:00:00,0.0,0.0,130481.0,13358908720.0,32.32888055172415,30.570153655172412,0.0,20,0,5,144,5,-0.8660254037844386,0.5000000000000001,0.6152845999633276,-0.7883050558305255
2020-05-23 20:15:00,0.0,0.0,130481.0,13358908720.0,31.585262033333336,30.234904000000004,0.0,20,15,5,144,5,-0.8660254037844386,0.5000000000000001,0.6152845999633276,-0.7883050558305255
2020-05-23 20:30:00,0.0,0.0,130481.0,13358908720.0,30.911041166666667,29.6288493,0.0,20,30,5,144,5,-0.8660254037844386,0.5000000000000001,0.6152845999633276,-0.7883050558305255
2020-05-23 20:45:00,0.0,0.0,130481.0,13358908720.0,30.352885379310347,29.1147734137931,0.0,20,45,5,144,5,-0.8660254037844386,0.5000000000000001,0.6152845999633276,-0.7883050558305255
2020-05-23 21:00:00,0.0,0.0,130481.0,13358908720.0,29.79706316666667,28.539672933333332,0.0,21,0,5,144,5,-0.7071067811865477,0.7071067811865474,0.6152845999633276,-0.7883050558305255
2020-05-23 21:15:00,0.0,0.0,130481.0,13358908720.0,29.37549027586207,28.162750379310346,0.0,21,15,5,144,5,-0.7071067811865477,0.7071067811865474,0.6152845999633276,-0.7883050558305255
2020-05-23 21:30:00,0.0,0.0,130481.0,13358908720.0,28.980200233333328,27.7605824,0.0,21,30,5,144,5,-0.7071067811865477,0.7071067811865474,0.6152845999633276,-0.7883050558305255
2020-05-23 21:45:00,0.0,0.0,130481.0,13358908720.0,28.529278600000005,27.305844233333328,0.0,21,45,5,144,5,-0.7071067811865477,0.7071067811865474,0.6152845999633276,-0.7883050558305255
2020-05-23 22:00:00,0.0,0.0,130481.0,13358908720.0,28.255185,26.978490551724136,0.0,22,0,5,144,5,-0.5000000000000004,0.8660254037844384,0.6152845999633276,-0.7883050558305255
2020-05-23 22:15:00,0.0,0.0,130481.0,13358908720.0,27.946787566666668,26.5799976,0.0,22,15,5,144,5,-0.5000000000000004,0.8660254037844384,0.6152845999633276,-0.7883050558305255
2020-05-23 22:30:00,0.0,0.0,130481.0,13358908720.0,27.5781544137931,25.918446448275866,0.0,22,30,5,144,5,-0.5000000000000004,0.8660254037844384,0.6152845999633276,-0.7883050558305255
2020-05-23 22:45:00,0.0,0.0,130481.0,13358908720.0,27.3795706,25.467831533333328,0.0,22,45,5,144,5,-0.5000000000000004,0.8660254037844384,0.6152845999633276,-0.7883050558305255
2020-05-23 23:00:00,0.0,0.0,130481.0,13358908720.0,27.4245355,25.86614666666667,0.0,23,0,5,144,5,-0.25881904510252157,0.9659258262890681,0.6152845999633276,-0.7883050558305255
2020-05-23 23:15:00,0.0,0.0,130481.0,13358908720.0,27.187055793103443,25.807518137931037,0.0,23,15,5,144,5,-0.25881904510252157,0.9659258262890681,0.6152845999633276,-0.7883050558305255
2020-05-23 23:30:00,0.0,0.0,130248.57142857142,13358881094.428572,26.945311366666665,25.5226807,0.0,23,30,5,144,5,-0.25881904510252157,0.9659258262890681,0.6152845999633276,-0.7883050558305255
2020-05-23 23:45:00,0.0,0.0,112188.14285714286,13358908720.0,26.75863146666667,25.31033193333333,0.0,23,45,5,144,5,-0.25881904510252157,0.9659258262890681,0.6152845999633276,-0.7883050558305255
2020-05-24 00:00:00,0.0,0.0,36423.21428571428,13358908720.0,26.402938222222225,24.869211851851848,0.0,0,0,6,145,5,0.0,1.0,0.6016240632249226,-0.7987793728863649
2020-05-24 00:15:00,0.0,0.0,16940.0,13358908720.0,26.13339755172414,24.372671103448276,0.0,0,15,6,145,5,0.0,1.0,0.6016240632249226,-0.7987793728863649
2020-05-24 00:30:00,0.0,0.0,16940.0,13358908720.0,25.986046366666663,23.951500466666666,0.0,0,30,6,145,5,0.0,1.0,0.6016240632249226,-0.7987793728863649
2020-05-24 00:45:00,0.0,0.0,16940.0,13358908720.0,25.982040896551723,23.87191668965517,0.0,0,45,6,145,5,0.0,1.0,0.6016240632249226,-0.7987793728863649
2020-05-24 01:00:00,0.0,0.0,16940.0,13358908720.0,25.891755433333337,23.89785863333333,0.0,1,0,6,145,5,0.25881904510252074,0.9659258262890683,0.6016240632249226,-0.7987793728863649
2020-05-24 01:15:00,0.0,0.0,16940.0,13358908720.0,25.795194586206904,24.100080862068964,0.0,1,15,6,145,5,0.25881904510252074,0.9659258262890683,0.6016240632249226,-0.7987793728863649
2020-05-24 01:30:00,0.0,0.0,13064.8,13358908720.0,25.6424488,24.4022807,0.0,1,30,6,145,5,0.25881904510252074,0.9659258262890683,0.6016240632249226,-0.7987793728863649
2020-05-24 01:45:00,0.0,0.0,7252.0,13358908720.0,25.72024116666667,25.170368466666677,0.0,1,45,6,145,5,0.25881904510252074,0.9659258262890683,0.6016240632249226,-0.7987793728863649
2020-05-24 02:00:00,0.0,0.0,7252.0,13358908720.0,25.841424655172418,25.445594482758622,0.0,2,0,6,145,5,0.49999999999999994,0.8660254037844387,0.6016240632249226,-0.7987793728863649
2020-05-24 02:15:00,0.0,0.0,7252.0,13358908720.0,25.82490973333333,25.211149033333335,0.0,2,15,6,145,5,0.49999999999999994,0.8660254037844387,0.6016240632249226,-0.7987793728863649
2020-05-24 02:30:00,0.0,0.0,7252.0,13358908720.0,25.820132517241383,25.46969706896552,0.0,2,30,6,145,5,0.49999999999999994,0.8660254037844387,0.6016240632249226,-0.7987793728863649
2020-05-24 02:45:00,0.0,0.0,7252.0,13358908720.0,25.820789566666665,25.576496966666667,0.0,2,45,6,145,5,0.49999999999999994,0.8660254037844387,0.6016240632249226,-0.7987793728863649
2020-05-24 03:00:00,0.0,0.0,7252.0,13358908720.0,25.818536137931037,25.57257344827586,0.0,3,0,6,145,5,0.7071067811865475,0.7071067811865476,0.6016240632249226,-0.7987793728863649
2020-05-24 03:15:00,0.0,0.0,7252.0,13358908720.0,25.8033478,25.360295433333327,0.0,3,15,6,145,5,0.7071067811865475,0.7071067811865476,0.6016240632249226,-0.7987793728863649
2020-05-24 03:30:00,0.0,0.0,7252.0,13358908720.0,25.6260894,24.39922586666666,0.0,3,30,6,145,5,0.7071067811865475,0.7071067811865476,0.6016240632249226,-0.7987793728863649
2020-05-24 03:45:00,0.0,0.0,7252.0,13358908720.0,25.460413517241378,23.8510911724138,0.0,3,45,6,145,5,0.7071067811865475,0.7071067811865476,0.6016240632249226,-0.7987793728863649
2020-05-24 04:00:00,0.0,0.0,7252.0,13358908720.0,25.295731566666667,23.512646533333335,0.0,4,0,6,145,5,0.8660254037844386,0.5000000000000001,0.6016240632249226,-0.7987793728863649
2020-05-24 04:15:00,0.0,0.0,5253.0,13358908720.0,25.30538189655173,23.366563655172417,0.0,4,15,6,145,5,0.8660254037844386,0.5000000000000001,0.6016240632249226,-0.7987793728863649
2020-05-24 04:30:00,0.0,0.0,3254.0,13358908720.0,25.317015466666664,23.4218121,0.0,4,30,6,145,5,0.8660254037844386,0.5000000000000001,0.6016240632249226,-0.7987793728863649
2020-05-24 04:45:00,0.0,0.0,3254.0,13262594126.571428,25.217163,23.224318466666663,0.0,4,45,6,145,5,0.8660254037844386,0.5000000000000001,0.6016240632249226,-0.7987793728863649
2020-05-24 05:00:00,0.0,0.0,3254.0,13358908720.0,25.227784068965512,23.253832551724145,0.0,5,0,6,145,5,0.9659258262890683,0.25881904510252074,0.6016240632249226,-0.7987793728863649
2020-05-24 05:15:00,0.0,0.0,3254.0,13358908720.0,25.201992766666663,23.33053903333333,0.0,5,15,6,145,5,0.9659258262890683,0.25881904510252074,0.6016240632249226,-0.7987793728863649
2020-05-24 05:30:00,0.0,0.0,0.0,13358908720.0,25.03676106896552,23.232833448275866,0.0,5,30,6,145,5,0.9659258262890683,0.25881904510252074,0.6016240632249226,-0.7987793728863649
2020-05-24 05:45:00,0.0,0.0,0.0,13358908720.0,24.86051013333333,23.04596746666667,0.0013345879423333,5,45,6,145,5,0.9659258262890683,0.25881904510252074,0.6016240632249226,-0.7987793728863649
2020-05-24 06:00:00,252.25809523809522,243.3895238095238,21.06190476190476,13358908741.061905,25.047056000000005,23.39000346666667,0.01217407527,6,0,6,145,5,1.0,6.123233995736766e-17,0.6016240632249226,-0.7987793728863649
2020-05-24 06:15:00,832.7733333333333,805.58,143.86666666666667,13358908863.866667,25.28124058620689,24.041390206896548,0.0350899675172413,6,15,6,145,5,1.0,6.123233995736766e-17,0.6016240632249226,-0.7987793728863649
2020-05-24 06:30:00,1659.775238095238,1611.8323809523808,442.31904761904764,13358909162.319048,25.47712886666667,24.976963266666665,0.0653380148999999,6,30,6,145,5,1.0,6.123233995736766e-17,0.6016240632249226,-0.7987793728863649
2020-05-24 06:45:00,2584.9333333333334,2522.0666666666666,956.1999999999999,13358909676.199999,25.85121734482759,26.208415034482755,0.097212624275862,6,45,6,145,5,1.0,6.123233995736766e-17,0.6016240632249226,-0.7987793728863649
2020-05-24 07:00:00,3495.9638095238092,3426.494285714286,1696.6190476190475,13358910416.619047,26.308291633333333,27.890579166666665,0.1540659488,7,0,6,145,5,0.9659258262890683,-0.25881904510252063,0.6016240632249226,-0.7987793728863649
2020-05-24 07:15:00,4573.213809523809,4485.1,2663.0523809523806,13358911383.05238,26.727254896551724,29.838664206896556,0.2099217168965517,7,15,6,145,5,0.9659258262890683,-0.25881904510252063,0.6016240632249226,-0.7987793728863649
2020-05-24 07:30:00,5993.366666666667,5890.04,3935.6,13245036779.800001,27.275140500000003,32.053650966666666,0.277260079,7,30,6,145,5,0.9659258262890683,-0.25881904510252063,0.6016240632249226,-0.7987793728863649
2020-05-24 07:45:00,7596.593333333333,7459.88,5637.0,13358914357.0,27.691247533333332,33.9516184,0.345086497,7,45,6,145,5,0.9659258262890683,-0.25881904510252063,0.6016240632249226,-0.7987793728863649
2020-05-24 08:00:00,9199.762857142856,9019.699999999999,7705.685714285713,13358916425.685715,28.09962306896552,36.22155120689655,0.4045691006896551,8,0,6,145,5,0.8660254037844387,-0.4999999999999998,0.6016240632249226,-0.7987793728863649
2020-05-24 08:15:00,10670.965714285714,10456.368095238096,10119.966666666667,13358918839.966667,28.69885456666667,38.32156473333334,0.455819775,8,15,6,145,5,0.8660254037844387,-0.4999999999999998,0.6016240632249226,-0.7987793728863649
2020-05-24 08:30:00,12011.170952380953,11764.720952380952,12849.390476190474,13358921569.390476,29.101366862068968,40.631425517241375,0.5044863772413792,8,30,6,145,5,0.8660254037844387,-0.4999999999999998,0.6016240632249226,-0.7987793728863649
2020-05-24 08:45:00,13275.366666666667,12998.166666666666,15946.4,13358924666.4,29.76086726666667,43.5098734,0.556928267,8,45,6,145,5,0.8660254037844387,-0.4999999999999998,0.6016240632249226,-0.7987793728863649
2020-05-24 09:00:00,14532.946666666667,14224.173333333332,19367.466666666667,13358928087.466667,30.223874862068968,45.577474655172416,0.6137585389655172,9,0,6,145,5,0.7071067811865476,-0.7071067811865475,0.6016240632249226,-0.7987793728863649
2020-05-24 09:15:00,15767.413333333332,15426.586666666666,23130.13333333333,13358931850.133333,30.7511668,48.79332576666668,0.671353908,9,15,6,145,5,0.7071067811865476,-0.7071067811865475,0.6016240632249226,-0.7987793728863649
2020-05-24 09:30:00,14688.032857142856,14365.951904761905,26908.290476190476,13358935628.290476,31.119518999999997,50.53276903333334,0.7204940260000001,9,30,6,145,5,0.7071067811865476,-0.7071067811865475,0.6016240632249226,-0.7987793728863649
2020-05-24 09:45:00,14305.61380952381,13986.509999999998,30343.290476190476,13358939063.290476,31.453297551724138,51.940889620689646,0.7742790772413792,9,45,6,145,5,0.7071067811865476,-0.7071067811865475,0.6016240632249226,-0.7987793728863649
2020-05-24 10:00:00,13620.240000000002,13313.140000000001,33339.933333333334,13115876573.533333,32.016924233333334,54.5020254,0.8106055340000001,10,0,6,145,5,0.49999999999999994,-0.8660254037844387,0.6016240632249226,-0.7987793728863649
2020-05-24 10:15:00,13316.653333333334,13011.740000000002,36139.066666666666,12791792057.466667,32.350063862068964,54.18066510344827,0.844439604137931,10,15,6,145,5,0.49999999999999994,-0.8660254037844387,0.6016240632249226,-0.7987793728863649
2020-05-24 10:30:00,11444.566666666666,11172.133333333335,37895.799999999996,12143619183.8,32.85800903333334,55.97336833333334,0.8759719593333332,10,30,6,145,5,0.49999999999999994,-0.8660254037844387,0.6016240632249226,-0.7987793728863649
2020-05-24 10:45:00,11811.56142857143,11519.885238095238,40747.880952380954,12143622035.880953,33.199514866666654,56.135431966666665,0.897621417,10,45,6,145,5,0.49999999999999994,-0.8660254037844387,0.6016240632249226,-0.7987793728863649
2020-05-24 11:00:00,12767.568095238095,12448.370476190477,45653.79047619047,12924908862.361904,33.41826031034483,55.3901491724138,0.9150036986206896,11,0,6,145,5,0.258819045102521,-0.9659258262890682,0.6016240632249226,-0.7987793728863649
2020-05-24 11:15:00,10237.78,9982.300000000001,46327.8,12143627615.800001,33.41838490000001,55.189324933333324,0.9247903596666665,11,15,6,145,5,0.258819045102521,-0.9659258262890682,0.6016240632249226,-0.7987793728863649
2020-05-24 11:30:00,9841.49142857143,9596.067142857142,48748.46666666667,12143630036.466665,33.95821510344827,58.21003693103448,0.9284057110344828,11,30,6,145,5,0.258819045102521,-0.9659258262890682,0.6016240632249226,-0.7987793728863649
2020-05-24 11:45:00,9953.199999999999,9704.773333333334,51175.933333333334,12143632463.933334,34.242837333333334,57.994688100000005,0.9262770653333332,11,45,6,145,5,0.258819045102521,-0.9659258262890682,0.6016240632249226,-0.7987793728863649
2020-05-24 12:00:00,9972.22,9723.08,53622.8,12143634910.8,34.49443766666667,56.83340373333333,0.9128928013333332,12,0,6,145,5,1.2246467991473532e-16,-1.0,0.6016240632249226,-0.7987793728863649
2020-05-24 12:15:00,10834.233333333334,10566.372857142856,56149.485714285714,12143637437.485714,34.92356531034483,57.05526503448276,0.906127996551724,12,15,6,145,5,1.2246467991473532e-16,-1.0,0.6016240632249226,-0.7987793728863649
2020-05-24 12:30:00,10942.450952380952,10672.144285714287,58807.85238095238,12143640095.85238,35.02100123333334,56.94017953333333,0.8972975103333333,12,30,6,145,5,1.2246467991473532e-16,-1.0,0.6016240632249226,-0.7987793728863649
2020-05-24 12:45:00,10821.66,10553.953333333333,61443.333333333336,12143642731.333332,35.59846348275862,59.70246931034482,0.8916655068965518,12,45,6,145,5,1.2246467991473532e-16,-1.0,0.6016240632249226,-0.7987793728863649
2020-05-24 13:00:00,11060.380000000001,10788.033333333333,64111.26666666666,12143645399.266666,35.69947006666667,57.66288356666667,0.8822624380000001,13,0,6,145,5,-0.2588190451025208,-0.9659258262890683,0.6016240632249226,-0.7987793728863649
2020-05-24 13:15:00,11624.798571428571,11339.728095238097,66908.40476190476,12143648196.404762,35.65648383333333,56.96130673333333,0.8682732336666668,13,15,6,145,5,-0.2588190451025208,-0.9659258262890683,0.6016240632249226,-0.7987793728863649
2020-05-24 13:30:00,11846.63380952381,11562.621904761903,69705.15714285715,12143650993.157143,36.1507882413793,58.844781448275846,0.851252400689655,13,30,6,145,5,-0.2588190451025208,-0.9659258262890683,0.6016240632249226,-0.7987793728863649
2020-05-24 13:45:00,12139.844285714285,11859.340476190475,72665.92857142858,12143653953.928572,36.4210002,56.72288319999999,0.825711697333333,13,45,6,145,5,-0.2588190451025208,-0.9659258262890683,0.6016240632249226,-0.7987793728863649
2020-05-24 14:00:00,12454.586666666666,12172.666666666666,76957.4,12386723731.8,36.75481344827586,57.150470620689646,0.8011764662068966,14,0,6,145,5,-0.4999999999999997,-0.8660254037844388,0.6016240632249226,-0.7987793728863649
2020-05-24 14:15:00,12737.953333333333,12452.813333333334,79582.59999999999,12305704528.2,37.07135226666667,57.42612313333333,0.7703641123333332,14,15,6,145,5,-0.4999999999999997,-0.8660254037844388,0.6016240632249226,-0.7987793728863649
2020-05-24 14:30:00,13827.324285714287,13520.666190476191,81918.79523809523,12143663206.795238,37.2610419,56.476959333333326,0.7298151716666667,14,30,6,145,5,-0.4999999999999997,-0.8660254037844388,0.6016240632249226,-0.7987793728863649
2020-05-24 14:45:00,14126.843809523809,13816.695238095237,86884.08571428571,12404095478.942858,37.33837655172415,55.58946293103448,0.6869518420689655,14,45,6,145,5,-0.4999999999999997,-0.8660254037844388,0.6016240632249226,-0.7987793728863649
2020-05-24 15:00:00,16127.507619047617,15777.090476190475,96485.8238095238,13359005205.823809,37.3177489,52.49230353333333,0.6405311346666664,15,0,6,145,5,-0.7071067811865471,-0.7071067811865479,0.6016240632249226,-0.7987793728863649
2020-05-24 15:15:00,15019.199999999999,14697.878095238095,100309.09523809524,13359009029.095238,37.8558788275862,53.01968789655172,0.5906654517241378,15,15,6,145,5,-0.7071067811865471,-0.7071067811865479,0.6016240632249226,-0.7987793728863649
2020-05-24 15:30:00,13904.126666666667,13611.22,103892.93333333333,13359012612.933334,37.629669266666674,52.48177703333332,0.5408719786666665,15,30,6,145,5,-0.7071067811865471,-0.7071067811865479,0.6016240632249226,-0.7987793728863649
2020-05-24 15:45:00,12651.28619047619,12389.385238095238,107169.64285714286,13359015889.642859,37.87520046666666,51.82158226666667,0.4885721723333333,15,45,6,145,5,-0.7071067811865471,-0.7071067811865479,0.6016240632249226,-0.7987793728863649
2020-05-24 16:00:00,11414.186666666666,11181.83,109538.11428571428,13345072476.84762,37.89913620689654,49.538368068965525,0.4384419389655172,16,0,6,145,5,-0.8660254037844384,-0.5000000000000004,0.6016240632249226,-0.7987793728863649
2020-05-24 16:15:00,10114.771904761905,9913.263333333332,112721.74761904762,13359021441.74762,38.77518216666667,49.99135630000001,0.385321908,16,15,6,145,5,-0.8660254037844384,-0.5000000000000004,0.6016240632249226,-0.7987793728863649
2020-05-24 16:30:00,8793.273333333333,8623.24,115053.2,13359023773.2,38.987169,47.90914286206896,0.3314760710344827,16,30,6,145,5,-0.8660254037844384,-0.5000000000000004,0.6016240632249226,-0.7987793728863649
2020-05-24 16:45:00,7271.121428571429,7143.070476190476,117052.02857142857,13359025772.028572,38.97873133333332,45.854651066666655,0.273803273,16,45,6,145,5,-0.8660254037844384,-0.5000000000000004,0.6016240632249226,-0.7987793728863649
2020-05-24 17:00:00,5576.665238095238,5480.172857142857,110372.55714285714,12224713489.357143,38.56486116666667,43.506722933333336,0.2209424236666666,17,0,6,145,5,-0.9659258262890683,-0.25881904510252063,0.6016240632249226,-0.7987793728863649
2020-05-24 17:15:00,4233.003333333333,4151.151428571428,110980.51428571428,12143692268.514286,38.470518758620685,41.95445324137931,0.1709687255172413,17,15,6,145,5,-0.9659258262890683,-0.25881904510252063,0.6016240632249226,-0.7987793728863649
2020-05-24 17:30:00,3085.905714285714,3023.558571428571,111869.31904761905,12143693157.319048,39.18163776666666,40.44253733333333,0.1248783890666666,17,30,6,145,5,-0.9659258262890683,-0.25881904510252063,0.6016240632249226,-0.7987793728863649
2020-05-24 17:45:00,2097.5066666666667,2041.1933333333332,112502.4,12143693790.4,37.96452296551725,38.272174689655166,0.0853814388965517,17,45,6,145,5,-0.9659258262890683,-0.25881904510252063,0.6016240632249226,-0.7987793728863649
2020-05-24 18:00:00,1264.0933333333332,1225.64,112913.8,12143694201.8,37.2827514,36.2624694,0.0514484753666666,18,0,6,145,5,-1.0,-1.8369701987210297e-16,0.6016240632249226,-0.7987793728863649
2020-05-24 18:15:00,674.7090476190475,652.1295238095238,113148.37619047619,12143694436.37619,35.638953733333324,34.168562566666665,0.0265587502,18,15,6,145,5,-1.0,-1.8369701987210297e-16,0.6016240632249226,-0.7987793728863649
2020-05-24 18:30:00,244.0395238095238,235.53,121143.53809523808,13196986205.938095,34.93608875862069,32.78154768965517,0.0094392373896551,18,30,6,145,5,-1.0,-1.8369701987210297e-16,0.6016240632249226,-0.7987793728863649
2020-05-24 18:45:00,0.0,0.0,119775.0,13011792085.857143,34.5740123,32.09254563333334,0.0006638190729999,18,45,6,145,5,-1.0,-1.8369701987210297e-16,0.6016240632249226,-0.7987793728863649
2020-05-24 19:00:00,0.0,0.0,113275.0,12143694563.0,34.27799579310344,31.822861206896548,0.0,19,0,6,145,5,-0.9659258262890684,0.2588190451025203,0.6016240632249226,-0.7987793728863649
2020-05-24 19:15:00,0.0,0.0,115701.66666666667,12467784304.866667,33.65466803333334,31.721485366666663,0.0,19,15,6,145,5,-0.9659258262890684,0.2588190451025203,0.6016240632249226,-0.7987793728863649
2020-05-24 19:30:00,0.0,0.0,122375.0,13359031095.0,32.58645563333333,31.16104836666667,0.0,19,30,6,145,5,-0.9659258262890684,0.2588190451025203,0.6016240632249226,-0.7987793728863649
2020-05-24 19:45:00,0.0,0.0,122375.0,13359031095.0,32.134470724137934,30.82447768965517,0.0,19,45,6,145,5,-0.9659258262890684,0.2588190451025203,0.6016240632249226,-0.7987793728863649
2020-05-24 20:00:00,0.0,0.0,122375.0,13359031095.0,31.5436025,30.237124566666665,0.0,20,0,6,145,5,-0.8660254037844386,0.5000000000000001,0.6016240632249226,-0.7987793728863649
2020-05-24 20:15:00,0.0,0.0,122375.0,13359031095.0,31.09390031034483,29.804957827586204,0.0,20,15,6,145,5,-0.8660254037844386,0.5000000000000001,0.6016240632249226,-0.7987793728863649
2020-05-24 20:30:00,0.0,0.0,122375.0,13359031095.0,30.6486756,29.33413483333333,0.0,20,30,6,145,5,-0.8660254037844386,0.5000000000000001,0.6016240632249226,-0.7987793728863649
2020-05-24 20:45:00,0.0,0.0,119948.33333333333,13034941353.133333,30.32377653333333,29.057456500000004,0.0,20,45,6,145,5,-0.8660254037844386,0.5000000000000001,0.6016240632249226,-0.7987793728863649
2020-05-24 21:00:00,0.0,0.0,113275.0,12143694563.0,29.870062379310344,28.62210596551724,0.0,21,0,6,145,5,-0.7071067811865477,0.7071067811865474,0.6016240632249226,-0.7987793728863649
2020-05-24 21:15:00,0.0,0.0,113275.0,12143694563.0,29.493515933333335,28.2586864,0.0,21,15,6,145,5,-0.7071067811865477,0.7071067811865474,0.6016240632249226,-0.7987793728863649
2020-05-24 21:30:00,0.0,0.0,113275.0,12143694563.0,29.129352766666663,27.972218800000004,0.0,21,30,6,145,5,-0.7071067811865477,0.7071067811865474,0.6016240632249226,-0.7987793728863649
2020-05-24 21:45:00,0.0,0.0,113275.0,12143694563.0,28.813397620689656,27.683126379310345,0.0,21,45,6,145,5,-0.7071067811865477,0.7071067811865474,0.6016240632249226,-0.7987793728863649
2020-05-24 22:00:00,0.0,0.0,113275.0,12143694563.0,28.480264433333332,27.3468169,0.0,22,0,6,145,5,-0.5000000000000004,0.8660254037844384,0.6016240632249226,-0.7987793728863649
2020-05-24 22:15:00,0.0,0.0,113275.0,12143694563.0,28.15289306896552,27.024714,0.0,22,15,6,145,5,-0.5000000000000004,0.8660254037844384,0.6016240632249226,-0.7987793728863649
2020-05-24 22:30:00,0.0,0.0,113275.0,12143694563.0,27.8130096,26.48564356666667,0.0,22,30,6,145,5,-0.5000000000000004,0.8660254037844384,0.6016240632249226,-0.7987793728863649
2020-05-24 22:45:00,0.0,0.0,112626.07142857143,11983138375.0,27.5779439,26.069362333333327,0.0,22,45,6,145,5,-0.5000000000000004,0.8660254037844384,0.6016240632249226,-0.7987793728863649
2020-05-24 23:00:00,0.0,0.0,113275.0,12143694563.0,27.270795068965523,25.918397,0.0,23,0,6,145,5,-0.25881904510252157,0.9659258262890681,0.6016240632249226,-0.7987793728863649
2020-05-24 23:15:00,0.0,0.0,113275.0,12143694563.0,27.093005166666664,25.6847971,0.0,23,15,6,145,5,-0.25881904510252157,0.9659258262890681,0.6016240632249226,-0.7987793728863649
2020-05-24 23:30:00,0.0,0.0,113275.0,12143694563.0,26.94672872413793,25.54129548275862,0.0,23,30,6,145,5,-0.25881904510252157,0.9659258262890681,0.6016240632249226,-0.7987793728863649
2020-05-24 23:45:00,0.0,0.0,98405.98095238095,12143694563.0,26.781771833333337,25.295773199999992,0.0,23,45,6,145,5,-0.25881904510252157,0.9659258262890681,0.6016240632249226,-0.7987793728863649
2020-05-25 00:00:00,0.0,0.0,38351.00476190476,12143694563.0,26.598948266666667,25.094320600000003,0.0,0,0,0,146,5,0.0,1.0,0.5877852522924732,-0.8090169943749473
2020-05-25 00:15:00,0.0,0.0,18323.0,12143694563.0,26.496553517241374,25.05504517241379,0.0,0,15,0,146,5,0.0,1.0,0.5877852522924732,-0.8090169943749473
2020-05-25 00:30:00,0.0,0.0,18323.0,12143694563.0,26.375868733333327,24.945605333333333,0.0,0,30,0,146,5,0.0,1.0,0.5877852522924732,-0.8090169943749473
2020-05-25 00:45:00,0.0,0.0,18323.0,12143694563.0,26.233414866666667,24.790601666666664,0.0,0,45,0,146,5,0.0,1.0,0.5877852522924732,-0.8090169943749473
2020-05-25 01:00:00,0.0,0.0,18323.0,12143694563.0,26.08462213793104,24.53372089655172,0.0,1,0,0,146,5,0.25881904510252074,0.9659258262890683,0.5877852522924732,-0.8090169943749473
2020-05-25 01:15:00,0.0,0.0,18323.0,12143694563.0,25.9386293,24.3438151,0.0,1,15,0,146,5,0.25881904510252074,0.9659258262890683,0.5877852522924732,-0.8090169943749473
2020-05-25 01:30:00,0.0,0.0,16469.0,12129748176.333334,25.747982620689655,24.061103586206897,0.0,1,30,0,146,5,0.25881904510252074,0.9659258262890683,0.5877852522924732,-0.8090169943749473
2020-05-25 01:45:00,0.0,0.0,13688.0,12143694563.0,25.6685404,23.945862000000005,0.0,1,45,0,146,5,0.25881904510252074,0.9659258262890683,0.5877852522924732,-0.8090169943749473
2020-05-25 02:00:00,0.0,0.0,13688.0,12143694563.0,25.6219767,24.035473733333333,0.0,2,0,0,146,5,0.49999999999999994,0.8660254037844387,0.5877852522924732,-0.8090169943749473
2020-05-25 02:15:00,0.0,0.0,13688.0,12143694563.0,25.496240931034485,23.91696686206896,0.0,2,15,0,146,5,0.49999999999999994,0.8660254037844387,0.5877852522924732,-0.8090169943749473
2020-05-25 02:30:00,0.0,0.0,13688.0,12143694563.0,25.4765594,23.853684533333336,0.0,2,30,0,146,5,0.49999999999999994,0.8660254037844387,0.5877852522924732,-0.8090169943749473
2020-05-25 02:45:00,0.0,0.0,13688.0,12143694563.0,25.58928316666666,24.11022853333333,0.0,2,45,0,146,5,0.49999999999999994,0.8660254037844387,0.5877852522924732,-0.8090169943749473
2020-05-25 03:00:00,0.0,0.0,13688.0,12143694563.0,25.491499137931037,24.09814568965517,0.0,3,0,0,146,5,0.7071067811865475,0.7071067811865476,0.5877852522924732,-0.8090169943749473
2020-05-25 03:15:00,0.0,0.0,13688.0,12143694563.0,25.484710600000003,24.117967733333334,0.0,3,15,0,146,5,0.7071067811865475,0.7071067811865476,0.5877852522924732,-0.8090169943749473
2020-05-25 03:30:00,0.0,0.0,13688.0,12143694563.0,25.516807586206887,24.24836575862069,0.0,3,30,0,146,5,0.7071067811865475,0.7071067811865476,0.5877852522924732,-0.8090169943749473
2020-05-25 03:45:00,0.0,0.0,13688.0,12143694563.0,25.50256333333333,24.087815366666668,0.0,3,45,0,146,5,0.7071067811865475,0.7071067811865476,0.5877852522924732,-0.8090169943749473
2020-05-25 04:00:00,0.0,0.0,13688.0,12143694563.0,25.38500763333333,23.88479713333333,0.0,4,0,0,146,5,0.8660254037844386,0.5000000000000001,0.5877852522924732,-0.8090169943749473
2020-05-25 04:15:00,0.0,0.0,11119.466666666667,12143694563.0,25.25344955172413,23.613887517241377,0.0,4,15,0,146,5,0.8660254037844386,0.5000000000000001,0.5877852522924732,-0.8090169943749473
2020-05-25 04:30:00,0.0,0.0,8872.0,12143694563.0,25.22475063333333,23.563341266666665,0.0,4,30,0,146,5,0.8660254037844386,0.5000000000000001,0.5877852522924732,-0.8090169943749473
2020-05-25 04:45:00,0.0,0.0,8872.0,12143694563.0,25.20791424137931,23.592037965517243,0.0,4,45,0,146,5,0.8660254037844386,0.5000000000000001,0.5877852522924732,-0.8090169943749473
2020-05-25 05:00:00,0.0,0.0,8872.0,12143694563.0,25.1196219,23.583761666666664,0.0,5,0,0,146,5,0.9659258262890683,0.25881904510252074,0.5877852522924732,-0.8090169943749473
2020-05-25 05:15:00,0.0,0.0,8872.0,12143694563.0,25.25614423333333,24.01270663333333,0.0,5,15,0,146,5,0.9659258262890683,0.25881904510252074,0.5877852522924732,-0.8090169943749473
2020-05-25 05:30:00,0.0,0.0,0.0,12049550639.933334,25.23564296551724,24.11748327586207,0.0,5,30,0,146,5,0.9659258262890683,0.25881904510252074,0.5877852522924732,-0.8090169943749473
2020-05-25 05:45:00,0.0,0.0,0.0,12143694563.0,25.09642653333333,23.864661666666677,0.0018656662596666,5,45,0,146,5,0.9659258262890683,0.25881904510252074,0.5877852522924732,-0.8090169943749473
2020-05-25 06:00:00,291.28761904761905,281.21476190476193,27.314285714285713,12143694590.314285,25.07477113333333,23.767200733333333,0.0135406322366666,6,0,0,146,5,1.0,6.123233995736766e-17,0.5877852522924732,-0.8090169943749473
2020-05-25 06:15:00,946.8542857142857,916.6652380952381,166.86190476190475,12143694729.861904,25.33059148275862,24.42353882758621,0.0409569667586206,6,15,0,146,5,1.0,6.123233995736766e-17,0.5877852522924732,-0.8090169943749473
2020-05-25 06:30:00,2020.8719047619047,1965.4766666666667,513.5857142857143,12143695076.585714,25.7025726,25.900403833333336,0.0827299857,6,30,0,146,5,1.0,6.123233995736766e-17,0.5877852522924732,-0.8090169943749473
2020-05-25 06:45:00,2623.713333333333,2564.9533333333334,1082.2666666666667,12129749258.6,26.17526551724137,27.515106241379307,0.107661149,6,45,0,146,5,1.0,6.123233995736766e-17,0.5877852522924732,-0.8090169943749473
2020-05-25 07:00:00,3539.42,3469.3399999999997,1899.0,12953920816.666668,26.657475766666664,28.97328396666667,0.1572406776666666,7,0,0,146,5,0.9659258262890683,-0.25881904510252063,0.5877852522924732,-0.8090169943749473
2020-05-25 07:15:00,4747.360000000001,4656.466666666666,2959.4666666666667,13359034054.466665,27.24854133333333,31.0637054,0.215982752,7,15,0,146,5,0.9659258262890683,-0.25881904510252063,0.5877852522924732,-0.8090169943749473
2020-05-25 07:30:00,6050.516666666666,5946.650476190476,4266.952380952381,13359035361.952381,27.645486655172416,32.8367784137931,0.2775579717241379,7,30,0,146,5,0.9659258262890683,-0.25881904510252063,0.5877852522924732,-0.8090169943749473
2020-05-25 07:45:00,7533.07380952381,7398.573333333333,5902.114285714286,13359036997.114286,28.04843343333333,34.35977076666667,0.3435005653333333,7,45,0,146,5,0.9659258262890683,-0.25881904510252063,0.5877852522924732,-0.8090169943749473
2020-05-25 08:00:00,8678.88,8511.733333333334,7885.0,13359038980.0,28.199119758620693,35.124880137931044,0.3852337089655172,8,0,0,146,5,0.8660254037844387,-0.4999999999999998,0.5877852522924732,-0.8090169943749473
2020-05-25 08:15:00,10058.633333333333,9858.486666666666,10204.333333333332,13359041299.333334,28.42741916666666,36.41876936666667,0.4291123916666667,8,15,0,146,5,0.8660254037844387,-0.4999999999999998,0.5877852522924732,-0.8090169943749473
2020-05-25 08:30:00,11352.16,11121.473333333333,12856.0,13359043951.0,28.85279133333333,38.169011266666665,0.4764366303333333,8,30,0,146,5,0.8660254037844387,-0.4999999999999998,0.5877852522924732,-0.8090169943749473
2020-05-25 08:45:00,12397.271904761905,12141.597142857143,15743.890476190476,13359046838.890478,29.553459206896548,40.767891620689674,0.5185651593103447,8,45,0,146,5,0.8660254037844387,-0.4999999999999998,0.5877852522924732,-0.8090169943749473
2020-05-25 09:00:00,14098.064285714285,13800.155714285713,18906.45238095238,13359050001.45238,29.628590799999994,41.979558366666666,0.5930232706666668,9,0,0,146,5,0.7071067811865476,-0.7071067811865475,0.5877852522924732,-0.8090169943749473
2020-05-25 09:15:00,15274.666666666666,14946.76,22501.4,13359053596.4,30.05585455172413,44.41280589655172,0.6412408689655172,9,15,0,146,5,0.7071067811865476,-0.7071067811865475,0.5877852522924732,-0.8090169943749473
2020-05-25 09:30:00,15880.719999999998,15532.186666666666,26399.533333333333,13359057494.533333,30.467728699999995,46.11891973333335,0.710985943,9,30,0,146,5,0.7071067811865476,-0.7071067811865475,0.5877852522924732,-0.8090169943749473
2020-05-25 09:45:00,15692.093333333332,15344.453333333333,30287.133333333335,13359061382.133333,30.640335000000007,47.74636040000001,0.7467538503333334,9,45,0,146,5,0.7071067811865476,-0.7071067811865475,0.5877852522924732,-0.8090169943749473
2020-05-25 10:00:00,15370.66857142857,15030.235714285714,34028.59523809524,13359065123.59524,31.24525617241379,49.34420779310346,0.7555059558620689,10,0,0,146,5,0.49999999999999994,-0.8660254037844387,0.5877852522924732,-0.8090169943749473
2020-05-25 10:15:00,17254.90380952381,16861.33380952381,38009.25238095238,13359069104.25238,31.5482981,50.3546928,0.8140237236666666,10,15,0,146,5,0.49999999999999994,-0.8660254037844387,0.5877852522924732,-0.8090169943749473
2020-05-25 10:30:00,17729.48238095238,17317.448095238095,42285.07619047619,13359073380.07619,31.9778925862069,51.87954624137932,0.845634558275862,10,30,0,146,5,0.49999999999999994,-0.8660254037844387,0.5877852522924732,-0.8090169943749473
2020-05-25 10:45:00,17857.63333333333,17431.72,46644.93333333333,13359077739.933332,32.2193849,52.1838337,0.8138235590000001,10,45,0,146,5,0.49999999999999994,-0.8660254037844387,0.5877852522924732,-0.8090169943749473
2020-05-25 11:00:00,18091.753333333334,17646.766666666666,50885.799999999996,13209229538.666668,32.46989949999999,52.15331013333333,0.9013854026666666,11,0,0,146,5,0.258819045102521,-0.9659258262890682,0.5877852522924732,-0.8090169943749473
2020-05-25 11:15:00,16905.486190476193,16486.051428571427,55411.276190476194,13359086506.27619,33.09682786206896,53.99734386206896,0.9101380644827584,11,15,0,146,5,0.258819045102521,-0.9659258262890682,0.5877852522924732,-0.8090169943749473
2020-05-25 11:30:00,16681.492857142857,16270.109999999999,59436.23333333333,13359090531.233334,33.35838830000001,53.1043416,0.8306483269999999,11,30,0,146,5,0.258819045102521,-0.9659258262890682,0.5877852522924732,-0.8090169943749473
2020-05-25 11:45:00,17365.29714285714,16933.932857142856,63577.28571428571,13359094672.285713,33.84070462068965,55.51189951724138,0.9172781244827586,11,45,0,146,5,0.258819045102521,-0.9659258262890682,0.5877852522924732,-0.8090169943749473
2020-05-25 12:00:00,17528.093333333334,17092.593333333334,67861.2,13359098956.199999,33.85287566666668,55.435443033333335,0.90696158,12,0,0,146,5,1.2246467991473532e-16,-1.0,0.5877852522924732,-0.8090169943749473
2020-05-25 12:15:00,17673.04666666667,17233.946666666667,72200.4,13359103295.400002,34.03098175862068,55.33183975862069,0.9077990237931032,12,15,0,146,5,1.2246467991473532e-16,-1.0,0.5877852522924732,-0.8090169943749473
2020-05-25 12:30:00,17576.486666666668,17139.745714285717,76494.78571428571,13359107589.785715,34.60776683333333,57.03127543333334,0.9001118993333334,12,30,0,146,5,1.2246467991473532e-16,-1.0,0.5877852522924732,-0.8090169943749473
2020-05-25 12:45:00,17534.542857142857,17098.922857142858,80734.15238095238,13359111829.15238,34.84495056666667,57.04478966666666,0.8978923863333333,12,45,0,146,5,1.2246467991473532e-16,-1.0,0.5877852522924732,-0.8090169943749473
2020-05-25 13:00:00,17218.210952380952,16790.5,84958.74285714285,13359116053.742857,35.04155441379311,57.14433331034482,0.884031485862069,13,0,0,146,5,-0.2588190451025208,-0.9659258262890683,0.5877852522924732,-0.8090169943749473
2020-05-25 13:15:00,17334.63857142857,16904.286666666667,88719.85714285714,13346135871.785713,35.411487586206896,56.247193379310346,0.8647803196551723,13,15,0,146,5,-0.2588190451025208,-0.9659258262890683,0.5877852522924732,-0.8090169943749473
2020-05-25 13:30:00,17633.840952380953,17200.122857142855,93501.56666666667,13359124596.566666,35.661075896551715,57.11944141379311,0.8537382513793103,13,30,0,146,5,-0.2588190451025208,-0.9659258262890683,0.5877852522924732,-0.8090169943749473
2020-05-25 13:45:00,17802.39619047619,17379.430952380953,97799.83333333333,13359128894.833334,36.27135023333333,58.391761133333326,0.828360965,13,45,0,146,5,-0.2588190451025208,-0.9659258262890683,0.5877852522924732,-0.8090169943749473
2020-05-25 14:00:00,17425.5,17024.173333333332,102094.43333333333,13359133189.433334,36.14197313793103,57.50238355172414,0.7983531075862069,14,0,0,146,5,-0.4999999999999997,-0.8660254037844388,0.5877852522924732,-0.8090169943749473
2020-05-25 14:15:00,18164.615714285716,17754.39476190476,106361.18571428572,13359137456.185715,36.43180633333333,56.28563356666666,0.7657678813333334,14,15,0,146,5,-0.4999999999999997,-0.8660254037844388,0.5877852522924732,-0.8090169943749473
2020-05-25 14:30:00,18134.31333333333,17729.76,110861.73333333332,13359141956.733332,36.685085066666666,54.934546733333335,0.7321732966666668,14,30,0,146,5,-0.4999999999999997,-0.8660254037844388,0.5877852522924732,-0.8090169943749473
2020-05-25 14:45:00,17105.266666666666,16729.02,115214.4,13359146309.4,37.17701862068966,56.5918145862069,0.6885375613793103,14,45,0,146,5,-0.4999999999999997,-0.8660254037844388,0.5877852522924732,-0.8090169943749473
2020-05-25 15:00:00,16266.488095238095,15912.644761904761,119301.79047619046,13359150396.790476,37.03174523333334,53.851719133333326,0.644651987,15,0,0,146,5,-0.7071067811865471,-0.7071067811865479,0.5877852522924732,-0.8090169943749473
2020-05-25 15:15:00,15189.502380952381,14863.877619047618,123102.73809523808,13359154197.738094,37.240537399999994,52.91991370000001,0.5943967366666667,15,15,0,146,5,-0.7071067811865471,-0.7071067811865479,0.5877852522924732,-0.8090169943749473
2020-05-25 15:30:00,14008.324761904762,13712.781904761905,126681.29999999999,13359157776.3,37.39873517241379,51.745568724137925,0.5421353327586205,15,30,0,146,5,-0.7071067811865471,-0.7071067811865479,0.5877852522924732,-0.8090169943749473
2020-05-25 15:45:00,12828.86,12562.646666666666,129983.93333333332,13359161078.933334,37.532655666666656,50.829609366666666,0.4949797946666665,15,45,0,146,5,-0.7071067811865471,-0.7071067811865479,0.5877852522924732,-0.8090169943749473
2020-05-25 16:00:00,12306.346666666666,12052.886666666665,133062.06666666665,13359164157.066666,37.87244606896552,50.33469896551724,0.4748157786206896,16,0,0,146,5,-0.8660254037844384,-0.5000000000000004,0.5877852522924732,-0.8090169943749473
2020-05-25 16:15:00,11316.370476190476,11086.669047619047,136113.7380952381,13359167208.738096,38.03672389999999,50.688926266666655,0.4429608533333333,16,15,0,146,5,-0.8660254037844384,-0.5000000000000004,0.5877852522924732,-0.8090169943749473
2020-05-25 16:30:00,5662.079047619047,5557.9823809523805,138132.9380952381,13359169227.938095,37.39374793333332,46.0385316,0.2183944863333333,16,30,0,146,5,-0.8660254037844384,-0.5000000000000004,0.5877852522924732,-0.8090169943749473
2020-05-25 16:45:00,6778.63,6661.3557142857135,139555.17142857143,13359170650.171429,37.130947827586205,42.81054062068965,0.2564901431034483,16,45,0,146,5,-0.8660254037844384,-0.5000000000000004,0.5877852522924732,-0.8090169943749473
2020-05-25 17:00:00,5132.866666666667,5038.686666666667,141121.93333333332,13359172216.933332,36.98203236666667,41.7511568,0.1912531276666666,17,0,0,146,5,-0.9659258262890683,-0.25881904510252063,0.5877852522924732,-0.8090169943749473
2020-05-25 17:15:00,2158.733333333333,2102.8133333333335,142005.53333333333,13359173100.533333,36.69451575862069,39.069836827586215,0.0776011656206896,17,15,0,146,5,-0.9659258262890683,-0.25881904510252063,0.5877852522924732,-0.8090169943749473
2020-05-25 17:30:00,857.655238095238,829.47,142352.21904761903,13359173447.219048,36.00379930000001,35.96322700000001,0.0296054164,17,30,0,146,5,-0.9659258262890683,-0.25881904510252063,0.5877852522924732,-0.8090169943749473
2020-05-25 17:45:00,452.7009523809524,437.23333333333335,142505.05714285714,13359173600.057142,35.52824183333334,34.22728683333333,0.01476777235,17,45,0,146,5,-0.9659258262890683,-0.25881904510252063,0.5877852522924732,-0.8090169943749473
2020-05-25 18:00:00,242.07142857142858,233.5609523809524,142586.15714285715,13359173681.157143,35.27715700000001,33.420349275862065,0.0084153075896551,18,0,0,146,5,-1.0,-1.8369701987210297e-16,0.5877852522924732,-0.8090169943749473
2020-05-25 18:15:00,13.453333333333333,12.966666666666667,142614.8,13359173709.8,34.82022003333333,32.71644093333334,0.0035430156366666,18,15,0,146,5,-1.0,-1.8369701987210297e-16,0.5877852522924732,-0.8090169943749473
2020-05-25 18:30:00,0.0,0.0,142615.0,13359173710.0,34.42703462068965,32.08817193103449,0.0028885420862068,18,30,0,146,5,-1.0,-1.8369701987210297e-16,0.5877852522924732,-0.8090169943749473
2020-05-25 18:45:00,0.0,0.0,142615.0,13359173710.0,34.163541566666666,31.61218263333333,0.0006920051126666,18,45,0,146,5,-1.0,-1.8369701987210297e-16,0.5877852522924732,-0.8090169943749473
2020-05-25 19:00:00,0.0,0.0,142615.0,13359173710.0,33.94068846666667,31.27500096666667,0.0,19,0,0,146,5,-0.9659258262890684,0.2588190451025203,0.5877852522924732,-0.8090169943749473
2020-05-25 19:15:00,0.0,0.0,142615.0,13359173710.0,33.98035275862069,31.38765320689655,0.0,19,15,0,146,5,-0.9659258262890684,0.2588190451025203,0.5877852522924732,-0.8090169943749473
2020-05-25 19:30:00,0.0,0.0,142615.0,13359173710.0,33.921566000000006,31.59614653333333,0.0,19,30,0,146,5,-0.9659258262890684,0.2588190451025203,0.5877852522924732,-0.8090169943749473
2020-05-25 19:45:00,0.0,0.0,142615.0,13359173710.0,33.827981900000005,31.6019428,0.0,19,45,0,146,5,-0.9659258262890684,0.2588190451025203,0.5877852522924732,-0.8090169943749473
2020-05-25 20:00:00,0.0,0.0,142615.0,13359173710.0,33.81912886206898,31.76890503448276,0.0,20,0,0,146,5,-0.8660254037844386,0.5000000000000001,0.5877852522924732,-0.8090169943749473
2020-05-25 20:15:00,0.0,0.0,142615.0,13359173710.0,33.83254853333333,31.55258583333333,0.0,20,15,0,146,5,-0.8660254037844386,0.5000000000000001,0.5877852522924732,-0.8090169943749473
2020-05-25 20:30:00,0.0,0.0,142615.0,13359173710.0,33.42381403448276,30.88576741379311,0.0,20,30,0,146,5,-0.8660254037844386,0.5000000000000001,0.5877852522924732,-0.8090169943749473
2020-05-25 20:45:00,0.0,0.0,142615.0,13359173710.0,33.11771426666667,30.938583566666665,0.0,20,45,0,146,5,-0.8660254037844386,0.5000000000000001,0.5877852522924732,-0.8090169943749473
2020-05-25 21:00:00,0.0,0.0,142615.0,13359173710.0,32.3061685,30.91641446666667,0.0,21,0,0,146,5,-0.7071067811865477,0.7071067811865474,0.5877852522924732,-0.8090169943749473
2020-05-25 21:15:00,0.0,0.0,142615.0,13359173710.0,31.464322724137933,30.363739931034484,0.0,21,15,0,146,5,-0.7071067811865477,0.7071067811865474,0.5877852522924732,-0.8090169943749473
2020-05-25 21:30:00,0.0,0.0,142615.0,13359173710.0,30.9443297,30.07848716666668,0.0,21,30,0,146,5,-0.7071067811865477,0.7071067811865474,0.5877852522924732,-0.8090169943749473
2020-05-25 21:45:00,0.0,0.0,142615.0,13359173710.0,30.527473166666667,29.7056731,0.0,21,45,0,146,5,-0.7071067811865477,0.7071067811865474,0.5877852522924732,-0.8090169943749473
2020-05-25 22:00:00,0.0,0.0,142615.0,13359173710.0,30.17515310344828,29.125274620689652,0.0,22,0,0,146,5,-0.5000000000000004,0.8660254037844384,0.5877852522924732,-0.8090169943749473
2020-05-25 22:15:00,0.0,0.0,142615.0,13359173710.0,29.845425366666664,28.7142355,0.0,22,15,0,146,5,-0.5000000000000004,0.8660254037844384,0.5877852522924732,-0.8090169943749473
2020-05-25 22:30:00,0.0,0.0,142615.0,13359173710.0,29.52575586206897,28.399838344827582,0.0,22,30,0,146,5,-0.5000000000000004,0.8660254037844384,0.5877852522924732,-0.8090169943749473
2020-05-25 22:45:00,0.0,0.0,142615.0,13359173710.0,28.848941000000007,27.76683043333333,0.0,22,45,0,146,5,-0.5000000000000004,0.8660254037844384,0.5877852522924732,-0.8090169943749473
2020-05-25 23:00:00,0.0,0.0,142615.0,13359173710.0,28.36594346666667,27.074339833333333,0.0,23,0,0,146,5,-0.25881904510252157,0.9659258262890681,0.5877852522924732,-0.8090169943749473
2020-05-25 23:15:00,0.0,0.0,142615.0,13359173710.0,28.17704706896552,26.731218758620688,0.0,23,15,0,146,5,-0.25881904510252157,0.9659258262890681,0.5877852522924732,-0.8090169943749473
2020-05-25 23:30:00,0.0,0.0,142615.0,13359173710.0,28.059218566666665,26.648860599999995,0.0,23,30,0,146,5,-0.25881904510252157,0.9659258262890681,0.5877852522924732,-0.8090169943749473
2020-05-25 23:45:00,0.0,0.0,124003.46666666667,13359173710.0,28.20533268965517,27.197260379310347,0.0,23,45,0,146,5,-0.25881904510252157,0.9659258262890681,0.5877852522924732,-0.8090169943749473
2020-05-26 00:00:00,0.0,0.0,39760.81428571429,13359173710.0,28.342236633333336,27.489857900000004,0.0,0,0,1,147,5,0.0,1.0,0.5737722679043246,-0.8190148866680801
2020-05-26 00:15:00,0.0,0.0,18711.0,13359173710.0,28.330767,27.96586293333333,0.0,0,15,1,147,5,0.0,1.0,0.5737722679043246,-0.8190148866680801
2020-05-26 00:30:00,0.0,0.0,18711.0,13359173710.0,26.956657689655177,27.15537851724138,0.0,0,30,1,147,5,0.0,1.0,0.5737722679043246,-0.8190148866680801
2020-05-26 00:45:00,0.0,0.0,18711.0,13359173710.0,25.448591033333333,25.536963900000003,0.0,0,45,1,147,5,0.0,1.0,0.5737722679043246,-0.8190148866680801
2020-05-26 01:00:00,0.0,0.0,18711.0,13359173710.0,24.655147172413795,24.86020213793104,0.0,1,0,1,147,5,0.25881904510252074,0.9659258262890683,0.5737722679043246,-0.8190148866680801
2020-05-26 01:15:00,0.0,0.0,18711.0,13359173710.0,24.426945133333334,24.16675193333333,0.0,1,15,1,147,5,0.25881904510252074,0.9659258262890683,0.5737722679043246,-0.8190148866680801
2020-05-26 01:30:00,0.0,0.0,15416.714285714286,13359173710.0,24.272991933333333,23.955192066666665,0.0,1,30,1,147,5,0.25881904510252074,0.9659258262890683,0.5737722679043246,-0.8190148866680801
2020-05-26 01:45:00,0.0,0.0,9487.0,13359173710.0,23.917083586206896,23.412220999999995,0.0,1,45,1,147,5,0.25881904510252074,0.9659258262890683,0.5737722679043246,-0.8190148866680801
2020-05-26 02:00:00,0.0,0.0,9487.0,13359173710.0,23.914464199999998,23.141306566666668,0.0,2,0,1,147,5,0.49999999999999994,0.8660254037844387,0.5737722679043246,-0.8190148866680801
2020-05-26 02:15:00,0.0,0.0,9487.0,13359173710.0,24.3156373,23.46102403333333,0.0,2,15,1,147,5,0.49999999999999994,0.8660254037844387,0.5737722679043246,-0.8190148866680801
2020-05-26 02:30:00,0.0,0.0,9487.0,13359173710.0,24.750189344827582,23.78225075862069,0.0,2,30,1,147,5,0.49999999999999994,0.8660254037844387,0.5737722679043246,-0.8190148866680801
2020-05-26 02:45:00,0.0,0.0,9487.0,13359173710.0,25.1728576,24.225251233333328,0.0,2,45,1,147,5,0.49999999999999994,0.8660254037844387,0.5737722679043246,-0.8190148866680801
2020-05-26 03:00:00,0.0,0.0,9487.0,13359173710.0,25.45304903448275,24.545279551724136,0.0,3,0,1,147,5,0.7071067811865475,0.7071067811865476,0.5737722679043246,-0.8190148866680801
2020-05-26 03:15:00,0.0,0.0,9487.0,13302936944.933332,25.338595533333336,24.509605933333336,0.0,3,15,1,147,5,0.7071067811865475,0.7071067811865476,0.5737722679043246,-0.8190148866680801
2020-05-26 03:30:00,0.0,0.0,9487.0,13359173710.0,24.867053066666667,23.70800986666667,0.0,3,30,1,147,5,0.7071067811865475,0.7071067811865476,0.5737722679043246,-0.8190148866680801
2020-05-26 03:45:00,0.0,0.0,9487.0,13359173710.0,24.683298068965517,22.948253793103447,0.0,3,45,1,147,5,0.7071067811865475,0.7071067811865476,0.5737722679043246,-0.8190148866680801
2020-05-26 04:00:00,0.0,0.0,9487.0,13359173710.0,24.555170766666667,22.6975231,0.0,4,0,1,147,5,0.8660254037844386,0.5000000000000001,0.5737722679043246,-0.8190148866680801
2020-05-26 04:15:00,0.0,0.0,7842.0,13359173710.0,24.32685389655173,22.39847658620689,0.0,4,15,1,147,5,0.8660254037844386,0.5000000000000001,0.5737722679043246,-0.8190148866680801
2020-05-26 04:30:00,0.0,0.0,6197.0,13359173710.0,24.26740726666667,22.155735233333328,0.0,4,30,1,147,5,0.8660254037844386,0.5000000000000001,0.5737722679043246,-0.8190148866680801
2020-05-26 04:45:00,0.0,0.0,6197.0,13359173710.0,24.230326533333333,21.9190888,0.0,4,45,1,147,5,0.8660254037844386,0.5000000000000001,0.5737722679043246,-0.8190148866680801
2020-05-26 05:00:00,0.0,0.0,6197.0,13359173710.0,24.10113010344827,21.67725248275863,0.0,5,0,1,147,5,0.9659258262890683,0.25881904510252074,0.5737722679043246,-0.8190148866680801
2020-05-26 05:15:00,0.0,0.0,6197.0,13359173710.0,23.952657033333335,21.39651183333333,0.0,5,15,1,147,5,0.9659258262890683,0.25881904510252074,0.5737722679043246,-0.8190148866680801
2020-05-26 05:30:00,0.0,0.0,0.0,13359173710.0,23.605529633333333,21.3432689,0.0,5,30,1,147,5,0.9659258262890683,0.25881904510252074,0.5737722679043246,-0.8190148866680801
2020-05-26 05:45:00,0.0,0.0,0.0,13359173710.0,23.60175417241379,21.20069506896552,0.0014217668682758,5,45,1,147,5,0.9659258262890683,0.25881904510252074,0.5737722679043246,-0.8190148866680801
2020-05-26 06:00:00,309.00666666666666,298.29333333333335,28.46666666666667,13359173738.466667,23.248244166666662,21.408766666666665,0.01306554796,6,0,1,147,5,1.0,6.123233995736766e-17,0.5737722679043246,-0.8190148866680801
2020-05-26 06:15:00,884.875238095238,855.9538095238096,166.7095238095238,13209294055.909523,23.36390234482759,21.92561724137931,0.0345209819310344,6,15,1,147,5,1.0,6.123233995736766e-17,0.5737722679043246,-0.8190148866680801
2020-05-26 06:30:00,1625.3347619047618,1578.0866666666666,466.5857142857143,13359174176.585714,23.820372633333328,23.0798798,0.0596383301333333,6,30,1,147,5,1.0,6.123233995736766e-17,0.5737722679043246,-0.8190148866680801
2020-05-26 06:45:00,2508.930476190476,2446.794761904762,957.6476190476191,13359174667.64762,24.676736466666668,24.9631765,0.0955279817666666,6,45,1,147,5,1.0,6.123233995736766e-17,0.5737722679043246,-0.8190148866680801
2020-05-26 07:00:00,3577.6657142857143,3506.848571428571,1685.5809523809523,13359175395.580954,25.71168996551724,27.316039000000004,0.1609921791724138,7,0,1,147,5,0.9659258262890683,-0.25881904510252063,0.5737722679043246,-0.8190148866680801
2020-05-26 07:15:00,4856.986666666667,4765.26,2714.6,13359176424.6,26.537083033333328,30.19405516666666,0.229912392,7,15,1,147,5,0.9659258262890683,-0.25881904510252063,0.5737722679043246,-0.8190148866680801
2020-05-26 07:30:00,6254.0,6146.9,4095.333333333333,13359177805.333334,27.06469403448276,33.83034337931035,0.2940933110344827,7,30,1,147,5,0.9659258262890683,-0.25881904510252063,0.5737722679043246,-0.8190148866680801
2020-05-26 07:45:00,7769.71380952381,7628.56238095238,5813.519047619047,13359179523.519047,27.74542343333334,37.048123366666665,0.3591600466666666,7,45,1,147,5,0.9659258262890683,-0.25881904510252063,0.5737722679043246,-0.8190148866680801
2020-05-26 08:00:00,9283.019047619047,9100.953333333333,7884.290476190476,13359181594.290476,28.37274386206897,39.79584986206896,0.4144524720689655,8,0,1,147,5,0.8660254037844387,-0.4999999999999998,0.5737722679043246,-0.8190148866680801
2020-05-26 08:15:00,10807.656190476191,10589.797142857144,10306.27619047619,13359184016.27619,29.114463266666668,42.41866956666666,0.4670698486666666,8,15,1,147,5,0.8660254037844387,-0.4999999999999998,0.5737722679043246,-0.8190148866680801
2020-05-26 08:30:00,12149.119999999999,11899.426666666666,13119.666666666666,13359186829.666668,29.479894833333333,43.39231353333332,0.5148884359999998,8,30,1,147,5,0.8660254037844387,-0.4999999999999998,0.5737722679043246,-0.8190148866680801
2020-05-26 08:45:00,13557.96,13273.573333333334,16257.6,13347071012.466667,29.250902965517245,41.69375503448276,0.5685772948275861,8,45,1,147,5,0.8660254037844387,-0.4999999999999998,0.5737722679043246,-0.8190148866680801
2020-05-26 09:00:00,14912.540952380952,14594.092857142858,19810.190476190477,13359193520.190475,29.43369843333333,42.97400699999999,0.6259876306666667,9,0,1,147,5,0.7071067811865476,-0.7071067811865475,0.5737722679043246,-0.8190148866680801
2020-05-26 09:15:00,16030.836190476191,15683.190476190475,23572.128571428573,13359197282.128572,30.01162086206897,45.39386427586206,0.6809812241379309,9,15,1,147,5,0.7071067811865476,-0.7071067811865475,0.5737722679043246,-0.8190148866680801
2020-05-26 09:30:00,17000.40095238095,16626.942857142858,27549.461904761905,13359201259.461905,31.118697033333337,48.9055509,0.7296872236666668,9,30,1,147,5,0.7071067811865476,-0.7071067811865475,0.5737722679043246,-0.8190148866680801
2020-05-26 09:45:00,16240.486666666668,15878.353333333333,31623.266666666666,13347086378.133333,31.270243689655167,48.96429320689655,0.7733682055172415,9,45,1,147,5,0.7071067811865476,-0.7071067811865475,0.5737722679043246,-0.8190148866680801
2020-05-26 10:00:00,15844.859999999999,15485.92,35648.933333333334,13359209358.933334,31.42967723333333,49.56611956666666,0.8099763006666665,10,0,1,147,5,0.49999999999999994,-0.8660254037844387,0.5737722679043246,-0.8190148866680801
2020-05-26 10:15:00,16322.097142857143,15946.645714285714,39371.64285714286,13346228486.857143,31.98654983333333,51.735156,0.8409387246666667,10,15,1,147,5,0.49999999999999994,-0.8660254037844387,0.5737722679043246,-0.8190148866680801
2020-05-26 10:30:00,17038.53476190476,16628.588571428572,43561.04285714286,13359217271.042858,31.981309517241368,51.08637396551724,0.8708299762068966,10,30,1,147,5,0.49999999999999994,-0.8660254037844387,0.5737722679043246,-0.8190148866680801
2020-05-26 10:45:00,18309.7,17861.94,47895.73333333333,13359221605.733334,32.71930446666667,52.434899833333326,0.8921483193333333,10,45,1,147,5,0.49999999999999994,-0.8660254037844387,0.5737722679043246,-0.8190148866680801
2020-05-26 11:00:00,17949.176666666666,17507.024761904762,52360.933333333334,13359226070.933332,32.877126724137945,52.64238758620688,0.9120311520689653,11,0,1,147,5,0.258819045102521,-0.9659258262890682,0.5737722679043246,-0.8190148866680801
2020-05-26 11:15:00,17690.132380952382,17253.537142857145,56272.728571428575,13266088001.461905,33.28965223333333,53.12096660000001,0.9223363586666667,11,15,1,147,5,0.258819045102521,-0.9659258262890682,0.5737722679043246,-0.8190148866680801
2020-05-26 11:30:00,15942.34,15549.373333333335,57206.171428571426,12143885524.171429,33.292132034482755,53.4798983448276,0.9279103813793104,11,30,1,147,5,0.258819045102521,-0.9659258262890682,0.5737722679043246,-0.8190148866680801
2020-05-26 11:45:00,16026.385714285714,15631.268095238096,61116.938095238096,12143889434.938095,33.788357466666675,54.01042590000001,0.9206189096666668,11,45,1,147,5,0.258819045102521,-0.9659258262890682,0.5737722679043246,-0.8190148866680801
2020-05-26 12:00:00,16173.673333333332,15774.78,65047.46666666666,12143893365.466667,34.13226224137932,53.987062379310345,0.9187599279310344,12,0,1,147,5,1.2246467991473532e-16,-1.0,0.5737722679043246,-0.8190148866680801
2020-05-26 12:15:00,16186.07142857143,15785.48142857143,69062.1857142857,12143897380.185715,34.20905173333334,53.7587892,0.8841375929999998,12,15,1,147,5,1.2246467991473532e-16,-1.0,0.5737722679043246,-0.8190148866680801
2020-05-26 12:30:00,16263.636666666667,15860.725238095236,72947.01428571428,12143901265.014286,34.99182436666668,55.36570216666665,0.9052871096666664,12,30,1,147,5,1.2246467991473532e-16,-1.0,0.5737722679043246,-0.8190148866680801
2020-05-26 12:45:00,16108.409523809523,15710.013333333332,76859.56666666667,12143905177.566666,35.052430241379305,56.085830103448274,0.8976051606896552,12,45,1,147,5,1.2246467991473532e-16,-1.0,0.5737722679043246,-0.8190148866680801
2020-05-26 13:00:00,15916.179999999998,15522.686666666666,80780.53333333333,12143909098.533333,35.18206683333334,56.01871870000001,0.8801019616666667,13,0,1,147,5,-0.2588190451025208,-0.9659258262890683,0.5737722679043246,-0.8190148866680801
2020-05-26 13:15:00,15654.226666666666,15275.346666666666,84644.26666666666,12143912962.266666,35.11403779310345,54.24776093103447,0.7367161268965517,13,15,1,147,5,-0.2588190451025208,-0.9659258262890683,0.5737722679043246,-0.8190148866680801
2020-05-26 13:30:00,15843.439047619046,15460.34380952381,88459.41428571429,12143916777.414286,34.84871736666668,49.844618366666666,0.7406371426666668,13,30,1,147,5,-0.2588190451025208,-0.9659258262890683,0.5737722679043246,-0.8190148866680801
2020-05-26 13:45:00,17481.529523809524,17053.92095238095,92587.94285714286,12143920905.942858,35.276455896551724,52.93590996551725,0.8554158268965517,13,45,1,147,5,-0.2588190451025208,-0.9659258262890683,0.5737722679043246,-0.8190148866680801
2020-05-26 14:00:00,16922.141904761906,16518.301904761905,96740.44761904761,12143925058.447618,35.58944219999999,53.72626433333332,0.8205244800000001,14,0,1,147,5,-0.4999999999999997,-0.8660254037844388,0.5737722679043246,-0.8190148866680801
2020-05-26 14:15:00,15888.286666666665,15529.819999999998,100754.26666666666,12143929072.266666,35.851493034482765,52.710907793103445,0.6559813148275863,14,15,1,147,5,-0.4999999999999997,-0.8660254037844388,0.5737722679043246,-0.8190148866680801
2020-05-26 14:30:00,17724.273333333334,17324.253333333334,104855.46666666666,12143933173.466667,35.536838,51.79687606666668,0.7535172576666666,14,30,1,147,5,-0.4999999999999997,-0.8660254037844388,0.5737722679043246,-0.8190148866680801
2020-05-26 14:45:00,17139.95380952381,16757.5,109180.47142857143,12143937498.471428,35.52243240000001,52.3770518,0.7243150323333335,14,45,1,147,5,-0.4999999999999997,-0.8660254037844388,0.5737722679043246,-0.8190148866680801
2020-05-26 15:00:00,15908.048095238093,15559.263809523809,113215.16666666667,12143941533.166666,35.69397924137931,51.18871013793104,0.6602756279310344,15,0,1,147,5,-0.7071067811865471,-0.7071067811865479,0.5737722679043246,-0.8190148866680801
2020-05-26 15:15:00,14816.986666666666,14497.114285714286,116940.9857142857,12143945258.985714,35.67794563333332,49.94267583333334,0.608282797,15,15,1,147,5,-0.7071067811865471,-0.7071067811865479,0.5737722679043246,-0.8190148866680801
2020-05-26 15:30:00,13146.726666666666,12868.94,120352.93333333333,12143948670.933334,35.71428710344828,48.47235203448275,0.5435938762068965,15,30,1,147,5,-0.7071067811865471,-0.7071067811865479,0.5737722679043246,-0.8190148866680801
2020-05-26 15:45:00,12448.647142857142,12189.014761904762,123497.5380952381,12143951815.538095,35.899236233333326,47.2197897,0.5014666836666666,15,45,1,147,5,-0.7071067811865471,-0.7071067811865479,0.5737722679043246,-0.8190148866680801
2020-05-26 16:00:00,11201.34,10972.140000000001,126416.66666666666,12143954734.666666,35.93234362068964,46.234041620689645,0.4523626286206896,16,0,1,147,5,-0.8660254037844384,-0.5000000000000004,0.5737722679043246,-0.8190148866680801
2020-05-26 16:15:00,9993.772857142856,9793.207142857143,128999.7761904762,12143957317.776192,35.85735566666667,45.09171560000001,0.4015102666666665,16,15,1,147,5,-0.8660254037844384,-0.5000000000000004,0.5737722679043246,-0.8190148866680801
2020-05-26 16:30:00,9170.422857142856,8989.041428571429,131325.11428571428,12143959643.114285,36.129733133333325,44.49659299999999,0.36875262,16,30,1,147,5,-0.8660254037844384,-0.5000000000000004,0.5737722679043246,-0.8190148866680801
2020-05-26 16:45:00,7735.673333333333,7589.833333333333,133491.13333333333,12143961809.133333,36.31928237931035,44.1855354137931,0.3133076403448276,16,45,1,147,5,-0.8660254037844384,-0.5000000000000004,0.5737722679043246,-0.8190148866680801
2020-05-26 17:00:00,3714.1709523809523,3641.758571428571,134611.5285714286,12015747697.171429,35.64510623333332,40.699245066666656,0.1544300921666666,17,0,1,147,5,-0.9659258262890683,-0.25881904510252063,0.5737722679043246,-0.8190148866680801
2020-05-26 17:15:00,2846.9161904761904,2788.752380952381,135658.34285714285,12143963976.342857,35.023723517241386,37.51514403448276,0.1153053336896551,17,15,1,147,5,-0.9659258262890683,-0.25881904510252063,0.5737722679043246,-0.8190148866680801
2020-05-26 17:30:00,2279.8514285714286,2221.102380952381,136289.40476190473,12143964607.404762,34.622871999999994,36.126862733333326,0.0905732479333333,17,30,1,147,5,-0.9659258262890683,-0.25881904510252063,0.5737722679043246,-0.8190148866680801
2020-05-26 17:45:00,1326.4066666666665,1286.58,136210.93333333332,12135896353.4,34.1636985862069,34.68681917241379,0.0522844154827586,17,45,1,147,5,-0.9659258262890683,-0.25881904510252063,0.5737722679043246,-0.8190148866680801
2020-05-26 18:00:00,778.3666666666667,752.6933333333333,136977.93333333332,12143965295.933334,33.8638795,33.452122066666675,0.0313217537333333,18,0,1,147,5,-1.0,-1.8369701987210297e-16,0.5737722679043246,-0.8190148866680801
2020-05-26 18:15:00,629.3885714285714,608.2319047619047,130259.62857142856,11529055283.49524,33.747506566666665,32.907039433333324,0.0271783938333333,18,15,1,147,5,-1.0,-1.8369701987210297e-16,0.5737722679043246,-0.8190148866680801
2020-05-26 18:30:00,406.75333333333333,392.81333333333333,127893.53333333331,11305451719.533333,33.429941000000014,32.58182196551724,0.0181047242413793,18,30,1,147,5,-1.0,-1.8369701987210297e-16,0.5737722679043246,-0.8190148866680801
2020-05-26 18:45:00,23.03761904761905,22.245714285714286,127940.30476190476,11844496401.519047,32.90912056666667,31.7251761,0.0027898978513333,18,45,1,147,5,-1.0,-1.8369701987210297e-16,0.5737722679043246,-0.8190148866680801
2020-05-26 19:00:00,0.0,0.0,127941.0,12143965644.0,32.57301940000001,31.0817933,0.0,19,0,1,147,5,-0.9659258262890684,0.2588190451025203,0.5737722679043246,-0.8190148866680801
2020-05-26 19:15:00,0.0,0.0,127941.0,12143965644.0,32.22199196551724,30.624296,0.0,19,15,1,147,5,-0.9659258262890684,0.2588190451025203,0.5737722679043246,-0.8190148866680801
2020-05-26 19:30:00,0.0,0.0,127941.0,12143965644.0,32.0799193,30.424236099999995,0.0,19,30,1,147,5,-0.9659258262890684,0.2588190451025203,0.5737722679043246,-0.8190148866680801
2020-05-26 19:45:00,0.0,0.0,127941.0,12143965644.0,31.80501475862069,30.09996089655173,0.0,19,45,1,147,5,-0.9659258262890684,0.2588190451025203,0.5737722679043246,-0.8190148866680801
2020-05-26 20:00:00,0.0,0.0,127941.0,12143965644.0,31.45492246666667,30.05427043333334,0.0,20,0,1,147,5,-0.8660254037844386,0.5000000000000001,0.5737722679043246,-0.8190148866680801
2020-05-26 20:15:00,0.0,0.0,127941.0,12143965644.0,31.126100566666665,29.75645233333333,0.0,20,15,1,147,5,-0.8660254037844386,0.5000000000000001,0.5737722679043246,-0.8190148866680801
2020-05-26 20:30:00,0.0,0.0,127941.0,12143965644.0,30.858330896551724,29.46983806896552,0.0,20,30,1,147,5,-0.8660254037844386,0.5000000000000001,0.5737722679043246,-0.8190148866680801
2020-05-26 20:45:00,0.0,0.0,127941.0,12143965644.0,30.67841600000001,29.306706600000005,0.0,20,45,1,147,5,-0.8660254037844386,0.5000000000000001,0.5737722679043246,-0.8190148866680801
2020-05-26 21:00:00,0.0,0.0,127941.0,12143965644.0,30.486038333333337,29.092833533333337,0.0,21,0,1,147,5,-0.7071067811865477,0.7071067811865474,0.5737722679043246,-0.8190148866680801
2020-05-26 21:15:00,0.0,0.0,127941.0,12143965644.0,30.262353379310344,28.856250758620693,0.0,21,15,1,147,5,-0.7071067811865477,0.7071067811865474,0.5737722679043246,-0.8190148866680801
2020-05-26 21:30:00,0.0,0.0,127941.0,12143965644.0,30.004433033333328,28.625546266666667,0.0,21,30,1,147,5,-0.7071067811865477,0.7071067811865474,0.5737722679043246,-0.8190148866680801
2020-05-26 21:45:00,0.0,0.0,127941.0,12143965644.0,29.73663531034483,28.47653510344828,0.0,21,45,1,147,5,-0.7071067811865477,0.7071067811865474,0.5737722679043246,-0.8190148866680801
2020-05-26 22:00:00,0.0,0.0,127941.0,12143965644.0,29.409286366666677,28.10703326666667,0.0,22,0,1,147,5,-0.5000000000000004,0.8660254037844384,0.5737722679043246,-0.8190148866680801
2020-05-26 22:15:00,0.0,0.0,127941.0,12143965644.0,29.19312466666667,27.9139822,0.0,22,15,1,147,5,-0.5000000000000004,0.8660254037844384,0.5737722679043246,-0.8190148866680801
2020-05-26 22:30:00,0.0,0.0,127941.0,12143965644.0,28.909453172413787,27.65186386206896,0.0,22,30,1,147,5,-0.5000000000000004,0.8660254037844384,0.5737722679043246,-0.8190148866680801
2020-05-26 22:45:00,0.0,0.0,127941.0,12143965644.0,28.729790133333328,27.43372276666667,0.0,22,45,1,147,5,-0.5000000000000004,0.8660254037844384,0.5737722679043246,-0.8190148866680801
2020-05-26 23:00:00,0.0,0.0,127941.0,12143965644.0,28.394730206896547,27.17892455172414,0.0,23,0,1,147,5,-0.25881904510252157,0.9659258262890681,0.5737722679043246,-0.8190148866680801
2020-05-26 23:15:00,0.0,0.0,127941.0,12143965644.0,28.08758353333333,26.901304100000004,0.0,23,15,1,147,5,-0.25881904510252157,0.9659258262890681,0.5737722679043246,-0.8190148866680801
2020-05-26 23:30:00,0.0,0.0,127941.0,12143965644.0,27.919102966666667,26.765421533333345,0.0,23,30,1,147,5,-0.25881904510252157,0.9659258262890681,0.5737722679043246,-0.8190148866680801
2020-05-26 23:45:00,0.0,0.0,113394.06666666667,12143965644.0,27.749124413793112,26.54149862068965,0.0,23,45,1,147,5,-0.25881904510252157,0.9659258262890681,0.5737722679043246,-0.8190148866680801
2020-05-27 00:00:00,0.0,0.0,42731.619047619046,12143965644.0,27.54517020000001,26.290302733333327,0.0,0,0,2,148,5,0.0,1.0,0.5595892624101765,-0.8287700871745038
2020-05-27 00:15:00,0.0,0.0,20850.0,12143965644.0,27.3088651724138,25.93619079310345,0.0,0,15,2,148,5,0.0,1.0,0.5595892624101765,-0.8287700871745038
2020-05-27 00:30:00,0.0,0.0,20850.0,12143965644.0,27.243481233333338,25.818330900000003,0.0,0,30,2,148,5,0.0,1.0,0.5595892624101765,-0.8287700871745038
2020-05-27 00:45:00,0.0,0.0,20850.0,12143965644.0,27.037514333333338,25.7874807,0.0,0,45,2,148,5,0.0,1.0,0.5595892624101765,-0.8287700871745038
2020-05-27 01:00:00,0.0,0.0,20850.0,12143965644.0,26.721017896551725,25.61978475862069,0.0,1,0,2,148,5,0.25881904510252074,0.9659258262890683,0.5595892624101765,-0.8287700871745038
2020-05-27 01:15:00,0.0,0.0,20850.0,12143965644.0,26.4405285,25.53565873333333,0.0,1,15,2,148,5,0.25881904510252074,0.9659258262890683,0.5595892624101765,-0.8287700871745038
2020-05-27 01:30:00,0.0,0.0,17049.6,12143965644.0,26.336817137931032,25.409315517241385,0.0,1,30,2,148,5,0.25881904510252074,0.9659258262890683,0.5595892624101765,-0.8287700871745038
2020-05-27 01:45:00,0.0,0.0,11349.0,12143965644.0,26.302457966666665,25.441988166666675,0.0,1,45,2,148,5,0.25881904510252074,0.9659258262890683,0.5595892624101765,-0.8287700871745038
2020-05-27 02:00:00,0.0,0.0,11349.0,12143965644.0,26.29570036666667,25.482374166666677,0.0,2,0,2,148,5,0.49999999999999994,0.8660254037844387,0.5595892624101765,-0.8287700871745038
2020-05-27 02:15:00,0.0,0.0,11349.0,12143965644.0,26.32174162068965,25.656483517241384,0.0,2,15,2,148,5,0.49999999999999994,0.8660254037844387,0.5595892624101765,-0.8287700871745038
2020-05-27 02:30:00,0.0,0.0,11349.0,12143965644.0,26.358147999999996,25.897240100000005,0.0,2,30,2,148,5,0.49999999999999994,0.8660254037844387,0.5595892624101765,-0.8287700871745038
2020-05-27 02:45:00,0.0,0.0,11349.0,12143965644.0,26.346510068965515,25.92935379310345,0.0,2,45,2,148,5,0.49999999999999994,0.8660254037844387,0.5595892624101765,-0.8287700871745038
2020-05-27 03:00:00,0.0,0.0,11349.0,12143965644.0,26.33055106666666,25.81833503333333,0.0,3,0,2,148,5,0.7071067811865475,0.7071067811865476,0.5595892624101765,-0.8287700871745038
2020-05-27 03:15:00,0.0,0.0,11349.0,12143965644.0,26.293633066666665,25.58749793333333,0.0,3,15,2,148,5,0.7071067811865475,0.7071067811865476,0.5595892624101765,-0.8287700871745038
2020-05-27 03:30:00,0.0,0.0,11349.0,12143965644.0,26.139750413793102,25.266624482758615,0.0,3,30,2,148,5,0.7071067811865475,0.7071067811865476,0.5595892624101765,-0.8287700871745038
2020-05-27 03:45:00,0.0,0.0,11349.0,12143965644.0,25.990677766666664,24.988451099999995,0.0,3,45,2,148,5,0.7071067811865475,0.7071067811865476,0.5595892624101765,-0.8287700871745038
2020-05-27 04:00:00,0.0,0.0,11349.0,12143965644.0,25.853110586206896,24.63523813793103,0.0,4,0,2,148,5,0.8660254037844386,0.5000000000000001,0.5595892624101765,-0.8287700871745038
2020-05-27 04:15:00,0.0,0.0,7956.8,12143965644.0,25.72998553333333,24.491960533333334,0.0,4,15,2,148,5,0.8660254037844386,0.5000000000000001,0.5595892624101765,-0.8287700871745038
2020-05-27 04:30:00,0.0,0.0,4080.0,12143965644.0,25.6414103,24.403943,0.0,4,30,2,148,5,0.8660254037844386,0.5000000000000001,0.5595892624101765,-0.8287700871745038
2020-05-27 04:45:00,0.0,0.0,4080.0,12123774737.857143,25.632463206896556,24.421985482758625,0.0,4,45,2,148,5,0.8660254037844386,0.5000000000000001,0.5595892624101765,-0.8287700871745038
2020-05-27 05:00:00,0.0,0.0,4080.0,12143965644.0,25.662893466666667,24.5508331,0.0,5,0,2,148,5,0.9659258262890683,0.25881904510252074,0.5595892624101765,-0.8287700871745038
2020-05-27 05:15:00,0.0,0.0,4080.0,12143965644.0,25.65468393103448,24.54721051724137,0.0,5,15,2,148,5,0.9659258262890683,0.25881904510252074,0.5595892624101765,-0.8287700871745038
2020-05-27 05:30:00,0.0,0.0,272.0,12143965644.0,25.67775883333333,24.7202515,8.957014266666669e-06,5,30,2,148,5,0.9659258262890683,0.25881904510252074,0.5595892624101765,-0.8287700871745038
2020-05-27 05:45:00,0.0,0.0,0.0,12143965644.0,25.8521579,25.229091366666665,0.0010940335161666,5,45,2,148,5,0.9659258262890683,0.25881904510252074,0.5595892624101765,-0.8287700871745038
2020-05-27 06:00:00,253.4819047619048,244.78714285714284,15.161904761904761,12143965659.161905,25.866408896551725,25.49740079310345,0.013587657275862,6,0,2,148,5,1.0,6.123233995736766e-17,0.5595892624101765,-0.8287700871745038
2020-05-27 06:15:00,706.7104761904762,683.1995238095237,133.86666666666667,12143965777.866669,25.87323526666667,25.523671366666665,0.0311494365,6,15,2,148,5,1.0,6.123233995736766e-17,0.5595892624101765,-0.8287700871745038
2020-05-27 06:30:00,1387.1057142857142,1345.6714285714286,376.56190476190477,12404399132.633333,25.858954275862068,25.846911,0.0565350018275862,6,30,2,148,5,1.0,6.123233995736766e-17,0.5595892624101765,-0.8287700871745038
2020-05-27 06:45:00,2176.08,2117.62,805.6,12143966449.6,26.015494833333324,26.7628153,0.0924335526333333,6,45,2,148,5,1.0,6.123233995736766e-17,0.5595892624101765,-0.8287700871745038
2020-05-27 07:00:00,3139.4133333333334,3076.4733333333334,1449.2,12143967093.199999,26.345866766666663,28.121514933333334,0.1447626058666667,7,0,2,148,5,0.9659258262890683,-0.25881904510252063,0.5595892624101765,-0.8287700871745038
2020-05-27 07:15:00,4176.7814285714285,4096.091428571429,2330.8142857142857,12131848394.280952,26.68681624137931,29.731587344827584,0.2032806665517241,7,15,2,148,5,0.9659258262890683,-0.25881904510252063,0.5595892624101765,-0.8287700871745038
2020-05-27 07:30:00,5534.891428571429,5438.863809523809,3497.0857142857144,12130983876.228573,27.126970233333328,31.624971533333333,0.2717896166666667,7,30,2,148,5,0.9659258262890683,-0.25881904510252063,0.5595892624101765,-0.8287700871745038
2020-05-27 07:45:00,6972.373333333333,6848.608095238095,5003.590476190476,12131851067.057142,27.6012014,33.841401999999995,0.3388386143333332,7,45,2,148,5,0.9659258262890683,-0.25881904510252063,0.5595892624101765,-0.8287700871745038
2020-05-27 08:00:00,8480.699999999999,8315.26,6940.2,12143972584.2,27.946249172413797,35.547710517241384,0.3980809603448276,8,0,2,148,5,0.8660254037844387,-0.4999999999999998,0.5595892624101765,-0.8287700871745038
2020-05-27 08:15:00,9805.046666666667,9608.74,9196.866666666667,12143974840.866667,28.348582066666665,36.97313136666667,0.4448523619999999,8,15,2,148,5,0.8660254037844387,-0.4999999999999998,0.5595892624101765,-0.8287700871745038
2020-05-27 08:30:00,11243.5,11013.166666666666,11808.333333333332,12143977452.333334,28.668387482758625,38.95141403448275,0.4987673606896552,8,30,2,148,5,0.8660254037844387,-0.4999999999999998,0.5595892624101765,-0.8287700871745038
2020-05-27 08:45:00,12507.237619047619,12246.20619047619,14665.147619047619,12143980309.147621,29.114828566666667,40.6182475,0.5528661323333331,8,45,2,148,5,0.8660254037844387,-0.4999999999999998,0.5595892624101765,-0.8287700871745038
2020-05-27 09:00:00,13738.513333333332,13446.573333333334,17810.6,12143983454.6,29.509938137931037,42.32373655172415,0.6103561627586208,9,0,2,148,5,0.7071067811865476,-0.7071067811865475,0.5595892624101765,-0.8287700871745038
2020-05-27 09:15:00,14144.46,13838.893333333333,20187.533333333333,11495327433.6,30.09863990000001,44.7662934,0.6693973010000001,9,15,2,148,5,0.7071067811865476,-0.7071067811865475,0.5595892624101765,-0.8287700871745038
2020-05-27 09:30:00,12426.693333333333,12154.786666666665,20620.4,9712091409.4,30.5813742,46.6188518,0.718648328,9,30,2,148,5,0.7071067811865476,-0.7071067811865475,0.5595892624101765,-0.8287700871745038
2020-05-27 09:45:00,10937.683809523809,10694.811428571427,23437.428571428572,9712094226.428572,30.935180586206897,48.113867379310335,0.7639972810344828,9,45,2,148,5,0.7071067811865476,-0.7071067811865475,0.5595892624101765,-0.8287700871745038
2020-05-27 10:00:00,10630.061428571427,10391.484761904761,26044.185714285715,9712096833.185715,31.31298023333333,49.45657856666668,0.79805604,10,0,2,148,5,0.49999999999999994,-0.8660254037844387,0.5595892624101765,-0.8287700871745038
2020-05-27 10:15:00,10853.013333333332,10605.926666666666,28634.466666666667,9712099423.466667,31.922479241379317,51.56761858620689,0.8365737737931034,10,15,2,148,5,0.49999999999999994,-0.8660254037844387,0.5595892624101765,-0.8287700871745038
2020-05-27 10:30:00,11017.02,10753.193333333333,31379.13333333333,9712102168.133333,32.06901443333333,51.58849673333333,0.8668503409999999,10,30,2,148,5,0.49999999999999994,-0.8660254037844387,0.5595892624101765,-0.8287700871745038
2020-05-27 10:45:00,10394.0,10141.0,33992.066666666666,9712104781.066666,32.310293586206896,54.26625848275863,0.8864955837931034,10,45,2,148,5,0.49999999999999994,-0.8660254037844387,0.5595892624101765,-0.8287700871745038
2020-05-27 11:00:00,10247.499523809523,9996.518095238096,36531.28571428572,9712107320.285715,32.85389013333333,56.9974366,0.9083214753333332,11,0,2,148,5,0.258819045102521,-0.9659258262890682,0.5595892624101765,-0.8287700871745038
2020-05-27 11:15:00,9572.166666666668,9336.726666666667,38865.066666666666,9712109654.066668,33.18971146666667,57.36328196666668,0.922354443,11,15,2,148,5,0.258819045102521,-0.9659258262890682,0.5595892624101765,-0.8287700871745038
2020-05-27 11:30:00,9698.58,9459.286666666667,41253.666666666664,9712112042.666666,33.38143824137932,57.823421,0.9298871575862068,11,30,2,148,5,0.258819045102521,-0.9659258262890682,0.5595892624101765,-0.8287700871745038
2020-05-27 11:45:00,9723.566666666668,9483.66,43651.73333333333,9712114440.733334,33.659670966666674,59.5346814,0.9260495819999998,11,45,2,148,5,0.258819045102521,-0.9659258262890682,0.5595892624101765,-0.8287700871745038
2020-05-27 12:00:00,9824.152857142857,9581.570952380953,46031.51904761905,9712116820.519047,33.98225544827586,59.858907724137936,0.9195128537931032,12,0,2,148,5,1.2246467991473532e-16,-1.0,0.5595892624101765,-0.8287700871745038
2020-05-27 12:15:00,9953.925714285715,9708.235714285714,48388.25714285715,9712119177.257143,34.103615266666665,59.78954180000001,0.9092761316666667,12,15,2,148,5,1.2246467991473532e-16,-1.0,0.5595892624101765,-0.8287700871745038
2020-05-27 12:30:00,11058.553333333333,10784.82,50910.0,9712121699.0,34.4032065,61.01963693333333,0.9003745003333333,12,30,2,148,5,1.2246467991473532e-16,-1.0,0.5595892624101765,-0.8287700871745038
2020-05-27 12:45:00,10980.62,10709.086666666666,53645.46666666667,9712124434.466667,35.2097264137931,62.2064442413793,0.894425374137931,12,45,2,148,5,1.2246467991473532e-16,-1.0,0.5595892624101765,-0.8287700871745038
2020-05-27 13:00:00,10824.0,10556.86,55965.6,9711956799.0,34.87108163333334,59.03612156666667,0.8813539596666666,13,0,2,148,5,-0.2588190451025208,-0.9659258262890683,0.5595892624101765,-0.8287700871745038
2020-05-27 13:15:00,10753.619999999999,10490.066666666668,59017.13333333334,9712129806.133333,34.894239724137925,58.56227693103449,0.871650222413793,13,15,2,148,5,-0.2588190451025208,-0.9659258262890683,0.5595892624101765,-0.8287700871745038
2020-05-27 13:30:00,10375.480476190476,10124.268095238096,61586.47619047619,9712132375.47619,35.0906768,59.08446826666666,0.8556886543333331,13,30,2,148,5,-0.2588190451025208,-0.9659258262890683,0.5595892624101765,-0.8287700871745038
2020-05-27 13:45:00,11227.38,10960.513333333334,64163.066666666666,9712134952.066668,35.51851879310345,58.420965896551714,0.8315519148275862,13,45,2,148,5,-0.2588190451025208,-0.9659258262890683,0.5595892624101765,-0.8287700871745038
2020-05-27 14:00:00,11949.614761904762,11672.124761904763,67021.92380952381,9712137810.92381,35.476049966666665,56.9033244,0.8040098256666666,14,0,2,148,5,-0.4999999999999997,-0.8660254037844388,0.5595892624101765,-0.8287700871745038
2020-05-27 14:15:00,11604.84,11343.42,69932.93333333333,9712140721.933332,35.65742886666667,57.16079906666666,0.7707152826666666,14,15,2,148,5,-0.4999999999999997,-0.8660254037844388,0.5595892624101765,-0.8287700871745038
2020-05-27 14:30:00,12582.698095238095,12302.743333333334,72838.07619047619,9712143627.07619,35.912321000000006,56.77182734482759,0.727426555862069,14,30,2,148,5,-0.4999999999999997,-0.8660254037844388,0.5595892624101765,-0.8287700871745038
2020-05-27 14:45:00,13353.623076923077,13012.780476190477,76031.56666666667,9712146820.566666,36.235972448275874,57.29486737931035,0.6953102462068966,14,45,2,148,5,-0.4999999999999997,-0.8660254037844388,0.5595892624101765,-0.8287700871745038
2020-05-27 15:00:00,12614.214761904761,12340.388571428572,79165.02857142857,9712149954.028572,36.513027896551726,55.280168379310346,0.6456942672413793,15,0,2,148,5,-0.7071067811865471,-0.7071067811865479,0.5595892624101765,-0.8287700871745038
2020-05-27 15:15:00,14801.120476190477,14483.515238095239,100668.60476190476,12838385210.17619,36.57019083333334,52.36386706666666,0.6026225323333332,15,15,2,148,5,-0.7071067811865471,-0.7071067811865479,0.5595892624101765,-0.8287700871745038
2020-05-27 15:30:00,14171.606666666667,13872.066666666666,107321.46666666666,13359427488.466667,36.45769750000001,50.0452634,0.5468141826666665,15,30,2,148,5,-0.7071067811865471,-0.7071067811865479,0.5595892624101765,-0.8287700871745038
2020-05-27 15:45:00,12817.921428571428,12551.959047619048,110648.34761904762,13359430815.347618,36.80793193103448,50.016385896551725,0.4925972475862069,15,45,2,148,5,-0.7071067811865471,-0.7071067811865479,0.5595892624101765,-0.8287700871745038
2020-05-27 16:00:00,11513.823333333334,11279.345238095237,113632.10476190476,13359433799.104761,36.71518786666666,48.349578,0.441205682,16,0,2,148,5,-0.8660254037844384,-0.5000000000000004,0.5595892624101765,-0.8287700871745038
2020-05-27 16:15:00,9868.545714285714,9671.76761904762,114665.84285714285,13281523243.699999,36.964430766666666,46.67871173333333,0.383355916,16,15,2,148,5,-0.8660254037844384,-0.5000000000000004,0.5595892624101765,-0.8287700871745038
2020-05-27 16:30:00,8713.986666666666,8545.046666666667,117721.00000000001,13266294672.6,36.576483275862074,44.791317793103445,0.3314189710344827,16,30,2,148,5,-0.8660254037844384,-0.5000000000000004,0.5595892624101765,-0.8287700871745038
2020-05-27 16:45:00,7252.44,7124.54,119782.66666666666,13323081208.066668,36.52530409999999,42.988296433333325,0.2773934323333332,16,45,2,148,5,-0.8660254037844384,-0.5000000000000004,0.5595892624101765,-0.8287700871745038
2020-05-27 17:00:00,5874.993333333334,5773.526666666667,121967.93333333332,13209588495.066668,36.38729220689656,41.35595913793104,0.2247577820689655,17,0,2,148,5,-0.9659258262890683,-0.25881904510252063,0.5595892624101765,-0.8287700871745038
2020-05-27 17:15:00,4622.20619047619,4533.225714285714,123245.22857142857,13347323831.695236,36.1450072,39.7874309,0.1787798223333333,17,15,2,148,5,-0.9659258262890683,-0.25881904510252063,0.5595892624101765,-0.8287700871745038
2020-05-27 17:30:00,3346.3999999999996,3279.9195238095235,123589.93333333332,13320487962.361904,35.660515200000006,37.96012950000001,0.1312430646666667,17,30,2,148,5,-0.9659258262890683,-0.25881904510252063,0.5595892624101765,-0.8287700871745038
2020-05-27 17:45:00,2421.537619047619,2360.5380952380956,121382.01428571428,12917885579.14762,35.27785006896551,36.45135282758619,0.0984507385172413,17,45,2,148,5,-0.9659258262890683,-0.25881904510252063,0.5595892624101765,-0.8287700871745038
2020-05-27 18:00:00,1682.7199999999998,1634.5133333333333,123938.6,13173157674.8,34.87930386666667,35.163087999999995,0.0688152109333333,18,0,2,148,5,-1.0,-1.8369701987210297e-16,0.5595892624101765,-0.8287700871745038
2020-05-27 18:15:00,1037.4066666666668,1004.22,124922.46666666666,13310966767.333334,34.3074077586207,33.987224655172405,0.0424576224137931,18,15,2,148,5,-1.0,-1.8369701987210297e-16,0.5595892624101765,-0.8287700871745038
2020-05-27 18:30:00,425.1295238095238,410.5733333333333,125666.55238095237,13335206672.485714,33.31375693333333,32.678836133333334,0.0170757014,18,30,2,148,5,-1.0,-1.8369701987210297e-16,0.5595892624101765,-0.8287700871745038
2020-05-27 18:45:00,17.60809523809524,16.980476190476192,125671.87619047618,13333475309.161903,32.73957140000001,31.609019900000003,0.00277697229,18,45,2,148,5,-1.0,-1.8369701987210297e-16,0.5595892624101765,-0.8287700871745038
2020-05-27 19:00:00,0.0,0.0,125712.73333333334,13335206718.666666,32.29425027586207,30.93356203448276,0.0001495296034482,19,0,2,148,5,-0.9659258262890684,0.2588190451025203,0.5595892624101765,-0.8287700871745038
2020-05-27 19:15:00,0.0,0.0,126279.0,13359446446.0,31.976751533333335,30.487788933333327,0.0,19,15,2,148,5,-0.9659258262890684,0.2588190451025203,0.5595892624101765,-0.8287700871745038
2020-05-27 19:30:00,0.0,0.0,125712.73333333334,13335206718.666666,31.72019262068965,30.12918627586207,0.0,19,30,2,148,5,-0.9659258262890684,0.2588190451025203,0.5595892624101765,-0.8287700871745038
2020-05-27 19:45:00,0.0,0.0,125146.46666666667,13310966991.333334,31.482985366666675,29.89566446666667,0.0,19,45,2,148,5,-0.9659258262890684,0.2588190451025203,0.5595892624101765,-0.8287700871745038
2020-05-27 20:00:00,0.0,0.0,125065.57142857142,13307504173.142857,31.1700011,29.667542366666662,0.0,20,0,2,148,5,-0.8660254037844386,0.5000000000000001,0.5595892624101765,-0.8287700871745038
2020-05-27 20:15:00,0.0,0.0,124580.2,13286727264.0,30.763200344827585,29.45844158620689,0.0,20,15,2,148,5,-0.8660254037844386,0.5000000000000001,0.5595892624101765,-0.8287700871745038
2020-05-27 20:30:00,0.0,0.0,124580.2,13286727264.0,30.48431633333333,29.160376966666668,0.0,20,30,2,148,5,-0.8660254037844386,0.5000000000000001,0.5595892624101765,-0.8287700871745038
2020-05-27 20:45:00,0.0,0.0,125995.86666666667,13347326582.333334,30.26717013793104,28.934176793103447,0.0,20,45,2,148,5,-0.8660254037844386,0.5000000000000001,0.5595892624101765,-0.8287700871745038
2020-05-27 21:00:00,0.0,0.0,124297.06666666667,13274607400.333334,29.836890533333328,28.655800300000003,0.0,21,0,2,148,5,-0.7071067811865477,0.7071067811865474,0.5595892624101765,-0.8287700871745038
2020-05-27 21:15:00,0.0,0.0,125065.57142857143,13307504173.142857,29.4307483,28.27520563333333,0.0,21,15,2,148,5,-0.7071067811865477,0.7071067811865474,0.5595892624101765,-0.8287700871745038
2020-05-27 21:30:00,0.0,0.0,124863.33333333333,13298847127.666666,29.027173344827585,27.961456172413797,0.0,21,30,2,148,5,-0.7071067811865477,0.7071067811865474,0.5595892624101765,-0.8287700871745038
2020-05-27 21:45:00,0.0,0.0,124013.93333333333,13262487536.666666,28.65424503333333,27.580540966666664,0.0,21,45,2,148,5,-0.7071067811865477,0.7071067811865474,0.5595892624101765,-0.8287700871745038
2020-05-27 22:00:00,0.0,0.0,123730.8,13250367673.0,28.21444182758621,27.12730151724138,0.0,22,0,2,148,5,-0.5000000000000004,0.8660254037844384,0.5595892624101765,-0.8287700871745038
2020-05-27 22:15:00,0.0,0.0,122245.2,13093404456.266666,27.881787100000004,26.8362142,0.0,22,15,2,148,5,-0.5000000000000004,0.8660254037844384,0.5595892624101765,-0.8287700871745038
2020-05-27 22:30:00,0.0,0.0,123245.42857142858,13229590763.857143,27.655378033333328,26.557822666666667,0.0,22,30,2,148,5,-0.5000000000000004,0.8660254037844384,0.5595892624101765,-0.8287700871745038
2020-05-27 22:45:00,0.0,0.0,122315.13333333333,13189768354.666666,27.54581510344828,26.455545448275863,0.0,22,45,2,148,5,-0.5000000000000004,0.8660254037844384,0.5595892624101765,-0.8287700871745038
2020-05-27 23:00:00,0.0,0.0,124580.2,13286727264.0,27.433627633333334,26.35103059999999,0.0,23,0,2,148,5,-0.25881904510252157,0.9659258262890681,0.5595892624101765,-0.8287700871745038
2020-05-27 23:15:00,0.0,0.0,126279.0,13359446446.0,27.2775927,26.15223796666667,0.0,23,15,2,148,5,-0.25881904510252157,0.9659258262890681,0.5595892624101765,-0.8287700871745038
2020-05-27 23:30:00,0.0,0.0,126279.0,13359446446.0,27.151248275862077,26.124452758620688,0.0,23,30,2,148,5,-0.25881904510252157,0.9659258262890681,0.5595892624101765,-0.8287700871745038
2020-05-27 23:45:00,0.0,0.0,114614.56190476191,13198888696.5,27.031506266666668,26.02319926666667,0.0,23,45,2,148,5,-0.25881904510252157,0.9659258262890681,0.5595892624101765,-0.8287700871745038
2020-05-28 00:00:00,0.0,0.0,43424.89523809524,13359446446.0,26.95437820689655,25.935048896551727,0.0,0,0,3,149,5,0.0,1.0,0.545240438540651,-0.8382797052177744
2020-05-28 00:15:00,0.0,0.0,25887.0,13359446446.0,26.77435536666667,25.772069266666666,0.0,0,15,3,149,5,0.0,1.0,0.545240438540651,-0.8382797052177744
2020-05-28 00:30:00,0.0,0.0,25887.0,13359446446.0,26.6561134,25.659902,0.0,0,30,3,149,5,0.0,1.0,0.545240438540651,-0.8382797052177744
2020-05-28 00:45:00,0.0,0.0,25887.0,13359446446.0,26.550078275862067,25.492629448275864,0.0,0,45,3,149,5,0.0,1.0,0.545240438540651,-0.8382797052177744
2020-05-28 01:00:00,0.0,0.0,25887.0,13359446446.0,26.52567636666667,25.465288200000003,0.0,1,0,3,149,5,0.25881904510252074,0.9659258262890683,0.545240438540651,-0.8382797052177744
2020-05-28 01:15:00,0.0,0.0,25887.0,13359446446.0,26.47003672413793,25.33668044827586,0.0,1,15,3,149,5,0.25881904510252074,0.9659258262890683,0.545240438540651,-0.8382797052177744
2020-05-28 01:30:00,0.0,0.0,22086.6,13359446446.0,26.33213006666666,25.194514000000005,0.0,1,30,3,149,5,0.25881904510252074,0.9659258262890683,0.545240438540651,-0.8382797052177744
2020-05-28 01:45:00,0.0,0.0,16386.0,13359446446.0,26.23442876666667,25.040356366666668,0.0,1,45,3,149,5,0.25881904510252074,0.9659258262890683,0.545240438540651,-0.8382797052177744
2020-05-28 02:00:00,0.0,0.0,16386.0,13359446446.0,26.130086,24.88745427586207,0.0,2,0,3,149,5,0.49999999999999994,0.8660254037844387,0.545240438540651,-0.8382797052177744
2020-05-28 02:15:00,0.0,0.0,16386.0,13359446446.0,26.052109866666665,24.724460933333333,0.0,2,15,3,149,5,0.49999999999999994,0.8660254037844387,0.545240438540651,-0.8382797052177744
2020-05-28 02:30:00,0.0,0.0,16386.0,13359446446.0,25.994292206896557,24.62203037931035,0.0,2,30,3,149,5,0.49999999999999994,0.8660254037844387,0.545240438540651,-0.8382797052177744
2020-05-28 02:45:00,0.0,0.0,16386.0,13359446446.0,25.821884333333333,24.59615866666667,0.0,2,45,3,149,5,0.49999999999999994,0.8660254037844387,0.545240438540651,-0.8382797052177744
2020-05-28 03:00:00,0.0,0.0,16386.0,13359446446.0,25.6450083,24.3678171,0.0,3,0,3,149,5,0.7071067811865475,0.7071067811865476,0.545240438540651,-0.8382797052177744
2020-05-28 03:15:00,0.0,0.0,16386.0,13347326582.333334,25.4630914137931,24.147175793103443,0.0,3,15,3,149,5,0.7071067811865475,0.7071067811865476,0.545240438540651,-0.8382797052177744
2020-05-28 03:30:00,0.0,0.0,16386.0,13359446446.0,25.396689766666665,24.162099200000004,0.0,3,30,3,149,5,0.7071067811865475,0.7071067811865476,0.545240438540651,-0.8382797052177744
2020-05-28 03:45:00,0.0,0.0,16386.0,13333475309.571428,25.322547366666665,24.118665499999995,0.0,3,45,3,149,5,0.7071067811865475,0.7071067811865476,0.545240438540651,-0.8382797052177744
2020-05-28 04:00:00,0.0,0.0,16386.0,13359446446.0,25.22778513793103,24.03553620689655,0.0,4,0,3,149,5,0.8660254037844386,0.5000000000000001,0.545240438540651,-0.8382797052177744
2020-05-28 04:15:00,0.0,0.0,12455.333333333332,13359446446.0,25.1873179,23.98497623333333,0.0,4,15,3,149,5,0.8660254037844386,0.5000000000000001,0.545240438540651,-0.8382797052177744
2020-05-28 04:30:00,0.0,0.0,9016.0,13359446446.0,25.09606627586207,23.83145458620689,0.0,4,30,3,149,5,0.8660254037844386,0.5000000000000001,0.545240438540651,-0.8382797052177744
2020-05-28 04:45:00,0.0,0.0,9016.0,13347326582.333334,25.066149966666664,23.708615333333334,0.0,4,45,3,149,5,0.8660254037844386,0.5000000000000001,0.545240438540651,-0.8382797052177744
2020-05-28 05:00:00,0.0,0.0,9016.0,13359446446.0,24.957902033333333,23.6192252,0.0,5,0,3,149,5,0.9659258262890683,0.25881904510252074,0.545240438540651,-0.8382797052177744
2020-05-28 05:15:00,0.0,0.0,9016.0,13359446446.0,24.824542758620687,23.394589137931035,0.0,5,15,3,149,5,0.9659258262890683,0.25881904510252074,0.545240438540651,-0.8382797052177744
2020-05-28 05:30:00,0.0,0.0,601.0666666666667,13335206718.666666,24.733798100000005,23.3999888,0.0,5,30,3,149,5,0.9659258262890683,0.25881904510252074,0.545240438540651,-0.8382797052177744
2020-05-28 05:45:00,0.0,0.0,0.0,13347326582.333334,24.625941517241376,23.330337000000004,0.0007518960316206,5,45,3,149,5,0.9659258262890683,0.25881904510252074,0.545240438540651,-0.8382797052177744
2020-05-28 06:00:00,252.4495238095238,243.6338095238095,18.63809523809524,13185352837.77143,24.53575763333334,23.220302499999995,0.0113989684833333,6,0,3,149,5,1.0,6.123233995736766e-17,0.545240438540651,-0.8382797052177744
2020-05-28 06:15:00,655.3085714285714,633.4738095238096,125.37142857142857,13320489866.72857,24.444755166666667,23.26247773333333,0.0275119194,6,15,3,149,5,1.0,6.123233995736766e-17,0.545240438540651,-0.8382797052177744
2020-05-28 06:30:00,1224.6,1186.84,340.6666666666667,13322916610.466667,24.534789137931035,23.769572344827584,0.0502204798965517,6,30,3,149,5,1.0,6.123233995736766e-17,0.545240438540651,-0.8382797052177744
2020-05-28 06:45:00,2105.275238095238,2047.6085714285714,740.847619047619,13286728004.847618,24.850560400000003,24.952828933333333,0.0845067319333333,6,45,3,149,5,1.0,6.123233995736766e-17,0.545240438540651,-0.8382797052177744
2020-05-28 07:00:00,2811.9,2751.04,1361.1999999999998,13310968352.533333,25.183908448275865,26.435457310344827,0.1236372101724137,7,0,3,149,5,0.9659258262890683,-0.25881904510252063,0.545240438540651,-0.8382797052177744
2020-05-28 07:15:00,4147.82,4066.939523809524,2124.6761904761906,13286729388.67619,25.478246866666662,27.74035556666666,0.1933547477,7,15,3,149,5,0.9659258262890683,-0.25881904510252063,0.545240438540651,-0.8382797052177744
2020-05-28 07:30:00,6509.301904761905,6396.803809523809,3428.0285714285715,13268550896.528572,26.05972793333333,30.890153033333327,0.3130934316666667,7,30,3,149,5,0.9659258262890683,-0.25881904510252063,0.545240438540651,-0.8382797052177744
2020-05-28 07:45:00,7862.16619047619,7716.2733333333335,5157.980952380953,13250372830.980951,26.61136382758621,33.25964879310344,0.3736760334482758,7,45,3,149,5,0.9659258262890683,-0.25881904510252063,0.545240438540651,-0.8382797052177744
2020-05-28 08:00:00,9085.473333333333,8906.306666666667,7194.733333333334,13214015276.733334,27.2177164,35.41308373333333,0.4216330299999999,8,0,3,149,5,0.8660254037844387,-0.4999999999999998,0.545240438540651,-0.8382797052177744
2020-05-28 08:15:00,10636.220000000001,10421.693333333333,9862.6,13298856990.266666,27.694369551724133,36.99113927586206,0.4630431651724139,8,15,3,149,5,0.8660254037844387,-0.4999999999999998,0.545240438540651,-0.8382797052177744
2020-05-28 08:30:00,12014.546666666667,11767.285238095237,12631.742857142857,13298859759.409523,27.866249533333328,38.409922400000006,0.5144629306666667,8,30,3,149,5,0.8660254037844387,-0.4999999999999998,0.545240438540651,-0.8382797052177744
2020-05-28 08:45:00,13722.342857142858,13433.653809523808,15887.823809523808,13333491197.395239,28.35388803333333,40.10097536666666,0.5767309066666667,8,45,3,149,5,0.8660254037844387,-0.4999999999999998,0.545240438540651,-0.8382797052177744
2020-05-28 09:00:00,14996.16238095238,14675.06238095238,19366.92380952381,13335226085.590477,28.817779586206896,42.35615389655172,0.6353010537931034,9,0,3,149,5,0.7071067811865476,-0.7071067811865475,0.545240438540651,-0.8382797052177744
2020-05-28 09:15:00,16001.473333333332,15653.586666666666,23014.866666666665,13310990006.199999,29.13839216666667,43.758472733333335,0.689092685,9,15,3,149,5,0.7071067811865476,-0.7071067811865475,0.545240438540651,-0.8382797052177744
2020-05-28 09:30:00,17047.399999999998,16671.626666666667,27192.533333333333,13323114047.533333,29.812256862068967,45.42635168965517,0.7303585513793102,9,30,3,149,5,0.7071067811865476,-0.7071067811865475,0.545240438540651,-0.8382797052177744
2020-05-28 09:45:00,15596.063333333334,15244.860952380952,31673.399999999998,13359478119.400002,29.883147066666655,47.08923636666668,0.7954705493333332,9,45,3,149,5,0.7071067811865476,-0.7071067811865475,0.545240438540651,-0.8382797052177744
2020-05-28 10:00:00,13857.900952380953,13542.851904761905,35146.6619047619,13359481592.661903,30.26816117241379,48.527451137931045,0.8190595527586207,10,0,3,149,5,0.49999999999999994,-0.8660254037844387,0.545240438540651,-0.8382797052177744
2020-05-28 10:15:00,13712.165238095238,13396.615714285716,38502.47142857143,13359484948.471426,30.916080633333333,50.25051286666666,0.8502744063333334,10,15,3,149,5,0.49999999999999994,-0.8660254037844387,0.545240438540651,-0.8382797052177744
2020-05-28 10:30:00,13940.739523809523,13601.325238095238,41821.490476190476,13359488267.490477,31.428188,51.578083333333325,0.8928550653333334,10,30,3,149,5,0.49999999999999994,-0.8660254037844387,0.545240438540651,-0.8382797052177744
2020-05-28 10:45:00,13776.766666666666,13435.673333333332,45064.6,13347371646.933332,31.867666034482763,53.97435779310345,0.944926685862069,10,45,3,149,5,0.49999999999999994,-0.8660254037844387,0.545240438540651,-0.8382797052177744
2020-05-28 11:00:00,13565.814285714287,13227.46238095238,48392.12857142857,13346509269.914286,32.250002933333334,54.972528033333326,0.950091591,11,0,3,149,5,0.258819045102521,-0.9659258262890682,0.545240438540651,-0.8382797052177744
2020-05-28 11:15:00,13402.76380952381,13068.488095238095,51615.566666666666,13347378197.9,32.65010024137931,55.2399158275862,0.9295386206896552,11,15,3,149,5,0.258819045102521,-0.9659258262890682,0.545240438540651,-0.8382797052177744
2020-05-28 11:30:00,13763.02,13418.946666666667,55187.73333333333,13359501633.733334,33.2425792,55.32797343333333,0.9395630633333332,11,30,3,149,5,0.258819045102521,-0.9659258262890682,0.545240438540651,-0.8382797052177744
2020-05-28 11:45:00,13773.36,13429.033333333335,58333.0,13347384915.333334,33.30460926666666,55.940555800000006,0.9374205993333332,11,45,3,149,5,0.258819045102521,-0.9659258262890682,0.545240438540651,-0.8382797052177744
2020-05-28 12:00:00,13967.489047619047,13618.281904761905,62026.81904761905,13359508472.819046,33.82084693103447,57.21688717241379,0.9325944065517242,12,0,3,149,5,1.2246467991473532e-16,-1.0,0.545240438540651,-0.8382797052177744
2020-05-28 12:15:00,14028.457619047618,13677.759523809524,65427.5,13359511873.499998,33.921571300000004,54.12072936666668,0.9208775076666667,12,15,3,149,5,1.2246467991473532e-16,-1.0,0.545240438540651,-0.8382797052177744
2020-05-28 12:30:00,13821.926666666666,13476.513333333332,68469.33333333333,13347395051.666666,34.537515655172406,56.04204586206897,0.9164318455172416,12,30,3,149,5,1.2246467991473532e-16,-1.0,0.545240438540651,-0.8382797052177744
2020-05-28 12:45:00,13813.906190476191,13468.565714285714,66129.37142857142,11734006637.038095,34.8263913,56.65080976666666,0.9112355296666667,12,45,3,149,5,1.2246467991473532e-16,-1.0,0.545240438540651,-0.8382797052177744
2020-05-28 13:00:00,13773.714761904761,13429.349523809526,66997.55714285714,10855834582.557142,34.803477833333346,55.043299133333335,0.908015837,13,0,3,149,5,-0.2588190451025208,-0.9659258262890683,0.545240438540651,-0.8382797052177744
2020-05-28 13:15:00,13694.47,13358.264285714286,69952.6761904762,10843717674.009523,35.44179665517242,56.94153217241378,0.8661959731034484,13,15,3,149,5,-0.2588190451025208,-0.9659258262890683,0.545240438540651,-0.8382797052177744
2020-05-28 13:30:00,1948.2133333333334,1899.7399999999998,17778.4,2626877956.7333336,35.42169006666666,57.171374533333335,0.8731674043333335,13,30,3,149,5,-0.2588190451025208,-0.9659258262890683,0.545240438540651,-0.8382797052177744
2020-05-28 13:45:00,6171.892857142857,6022.9423809523805,38043.69047619047,10299904677.42381,35.62051265517242,58.288988,0.8494377324137931,13,45,3,149,5,-0.2588190451025208,-0.9659258262890683,0.545240438540651,-0.8382797052177744
2020-05-28 14:00:00,11072.336190476191,10812.42,76583.51904761905,13335289796.185715,35.9137401,55.18969333333333,0.825664062,14,0,3,149,5,-0.4999999999999997,-0.8660254037844388,0.545240438540651,-0.8382797052177744
2020-05-28 14:15:00,11196.253333333332,10940.439999999999,78360.26666666666,13311051845.599998,35.939725800000005,54.244008533333336,0.7929243776666665,14,15,3,149,5,-0.4999999999999997,-0.8660254037844388,0.545240438540651,-0.8382797052177744
2020-05-28 14:30:00,12015.805238095238,11745.310476190476,83119.65238095238,13359536059.652382,36.14210455172413,53.37273834482759,0.756161510689655,14,30,3,149,5,-0.4999999999999997,-0.8660254037844388,0.545240438540651,-0.8382797052177744
2020-05-28 14:45:00,12799.89087912088,12512.992747252747,80600.2663003663,12613632692.821245,36.355113499999995,52.16838669999999,0.7166423916666665,14,45,3,149,5,-0.4999999999999997,-0.8660254037844388,0.545240438540651,-0.8382797052177744
2020-05-28 15:00:00,16618.490952380955,16253.250952380951,95818.81904761904,13359542877.35238,36.45796251724138,52.2840965862069,0.678660646551724,15,0,3,149,5,-0.7071067811865471,-0.7071067811865479,0.545240438540651,-0.8382797052177744
2020-05-28 15:15:00,15936.966666666667,15591.051428571427,98901.79047619048,13323185756.790476,36.6095683,52.34130329999999,0.6340104356666667,15,15,3,149,5,-0.7071067811865471,-0.7071067811865479,0.545240438540651,-0.8382797052177744
2020-05-28 15:30:00,14512.293333333331,14202.846666666666,101590.33333333333,13298948718.0,36.39649043333333,49.668291966666665,0.5767240336666666,15,30,3,149,5,-0.7071067811865471,-0.7071067811865479,0.545240438540651,-0.8382797052177744
2020-05-28 15:45:00,13171.858095238094,12896.4,105568.2619047619,13311072559.595238,36.59087493103448,49.00247848275863,0.5181575251724136,15,45,3,149,5,-0.7071067811865471,-0.7071067811865479,0.545240438540651,-0.8382797052177744
2020-05-28 16:00:00,11621.94380952381,11384.488095238094,109129.68095238095,13323195984.680952,36.38811346666667,46.913487800000006,0.4516247826666666,16,0,3,149,5,-0.8660254037844384,-0.5000000000000004,0.545240438540651,-0.8382797052177744
2020-05-28 16:15:00,10047.572857142857,9847.245714285715,112277.40952380953,13333587586.980953,36.4456671724138,45.08533996551724,0.3893451389655172,16,15,3,149,5,-0.8660254037844384,-0.5000000000000004,0.545240438540651,-0.8382797052177744
2020-05-28 16:30:00,8557.681904761905,8392.395714285714,112899.67142857143,13298960027.338095,36.29604069999999,43.555332433333355,0.3311419660000001,16,30,3,149,5,-0.8660254037844384,-0.5000000000000004,0.545240438540651,-0.8382797052177744
2020-05-28 16:45:00,6287.973333333333,6177.386666666667,114531.46666666666,13298791073.933334,36.0796324,41.75067123333333,0.2460547723333333,16,45,3,149,5,-0.8660254037844384,-0.5000000000000004,0.545240438540651,-0.8382797052177744
2020-05-28 17:00:00,5765.273809523809,5665.291428571429,115635.30476190476,13286842899.304762,36.11797693103448,40.400126379310336,0.2249348289655172,17,0,3,149,5,-0.9659258262890683,-0.25881904510252063,0.545240438540651,-0.8382797052177744
2020-05-28 17:15:00,4618.219743589743,4529.433296703297,117083.4956043956,13289641239.110989,35.92730935714287,39.34080710714285,0.1816261371428571,17,15,3,149,5,-0.9659258262890683,-0.25881904510252063,0.545240438540651,-0.8382797052177744
2020-05-28 17:30:00,3525.307619047619,3455.6857142857143,120323.60476190476,13335327042.27143,35.61566613793104,37.97406434482759,0.1379701603448275,17,30,3,149,5,-0.9659258262890683,-0.25881904510252063,0.545240438540651,-0.8382797052177744
2020-05-28 17:45:00,2494.286666666667,2432.6,119844.86666666665,13311086836.2,35.353067933333335,36.5165201,0.1007002154999999,17,45,3,149,5,-0.9659258262890683,-0.25881904510252063,0.545240438540651,-0.8382797052177744
2020-05-28 18:00:00,1656.1399999999999,1608.3600000000001,121575.0,13335328293.666666,34.86090699999999,35.0129935,0.0671790305666666,18,0,3,149,5,-1.0,-1.8369701987210297e-16,0.545240438540651,-0.8382797052177744
2020-05-28 18:15:00,996.8747619047618,964.7647619047619,117975.87619047618,13073627439.390476,34.393154724137936,33.77010365517242,0.0407689018275862,18,15,3,149,5,-1.0,-1.8369701987210297e-16,0.545240438540651,-0.8382797052177744
2020-05-28 18:30:00,434.06619047619046,419.18380952380954,115326.8619047619,13202003545.195238,33.86342440000001,32.70471503333333,0.0176701960233333,18,30,3,149,5,-1.0,-1.8369701987210297e-16,0.545240438540651,-0.8382797052177744
2020-05-28 18:45:00,23.693333333333335,22.826666666666668,120901.93333333332,13311087893.266666,33.303918310344834,31.744157379310344,0.0030869890448275,18,45,3,149,5,-1.0,-1.8369701987210297e-16,0.545240438540651,-0.8382797052177744
2020-05-28 19:00:00,0.0,0.0,120902.53333333333,13311087893.866667,32.856109499999995,31.145240266666665,4.860614666666669e-05,19,0,3,149,5,-0.9659258262890684,0.2588190451025203,0.545240438540651,-0.8382797052177744
2020-05-28 19:15:00,0.0,0.0,120902.53333333333,13311087893.866667,32.498491433333335,30.71850893333333,0.0,19,15,3,149,5,-0.9659258262890684,0.2588190451025203,0.545240438540651,-0.8382797052177744
2020-05-28 19:30:00,0.0,0.0,120069.42857142858,13294638674.357143,32.20801506896552,30.300052,0.0,19,30,3,149,5,-0.9659258262890684,0.2588190451025203,0.545240438540651,-0.8382797052177744
2020-05-28 19:45:00,0.0,0.0,120306.06666666667,13230063053.333334,31.991269033333328,30.080726266666662,0.0,19,45,3,149,5,-0.9659258262890684,0.2588190451025203,0.545240438540651,-0.8382797052177744
2020-05-28 20:00:00,0.0,0.0,120288.66666666667,13298967416.333334,31.82494913793104,30.073990482758617,0.0,20,0,3,149,5,-0.8660254037844386,0.5000000000000001,0.545240438540651,-0.8382797052177744
2020-05-28 20:15:00,0.0,0.0,120902.53333333333,13311087893.866667,31.52625613333333,29.97868233333333,0.0,20,15,3,149,5,-0.8660254037844386,0.5000000000000001,0.545240438540651,-0.8382797052177744
2020-05-28 20:30:00,0.0,0.0,119060.93333333333,13274726461.266666,30.8956166,29.62035006666667,0.0,20,30,3,149,5,-0.8660254037844386,0.5000000000000001,0.545240438540651,-0.8382797052177744
2020-05-28 20:45:00,0.0,0.0,120727.14285714286,13307624900.285715,30.473426862068965,29.367228517241376,0.0,20,45,3,149,5,-0.8660254037844386,0.5000000000000001,0.545240438540651,-0.8382797052177744
2020-05-28 21:00:00,0.0,0.0,120902.53333333333,13311087893.866667,30.115943400000003,28.95356143333333,0.0,21,0,3,149,5,-0.7071067811865477,0.7071067811865474,0.545240438540651,-0.8382797052177744
2020-05-28 21:15:00,0.0,0.0,118973.23809523809,13272994964.47619,29.71401663414634,28.57717970731707,0.0,21,15,3,149,5,-0.7071067811865477,0.7071067811865474,0.545240438540651,-0.8382797052177744
2020-05-28 21:30:00,0.0,0.0,119060.93333333333,13274726461.266666,29.253361999999992,28.184445299999997,0.0,21,30,3,149,5,-0.7071067811865477,0.7071067811865474,0.545240438540651,-0.8382797052177744
2020-05-28 21:45:00,0.0,0.0,117833.2,13250485506.2,28.92670510344827,27.78877189655172,0.0,21,45,3,149,5,-0.7071067811865477,0.7071067811865474,0.545240438540651,-0.8382797052177744
2020-05-28 22:00:00,0.0,0.0,116780.85714285714,13229707544.714285,28.64024146666668,27.478933666666663,0.0,22,0,3,149,5,-0.5000000000000004,0.8660254037844384,0.545240438540651,-0.8382797052177744
2020-05-28 22:15:00,0.0,0.0,115377.73333333334,13202003596.066666,28.329109766666665,27.1190949,0.0,22,15,3,149,5,-0.5000000000000004,0.8660254037844384,0.545240438540651,-0.8382797052177744
2020-05-28 22:30:00,0.0,0.0,115377.73333333334,13202003596.066666,28.081277724137934,26.831408241379314,0.0,22,30,3,149,5,-0.5000000000000004,0.8660254037844384,0.545240438540651,-0.8382797052177744
2020-05-28 22:45:00,0.0,0.0,114807.46666666667,13112107521.6,27.772994866666664,26.534714800000003,0.0,22,45,3,149,5,-0.5000000000000004,0.8660254037844384,0.545240438540651,-0.8382797052177744
2020-05-28 23:00:00,0.0,0.0,116605.46666666667,13226244551.133333,27.59085896551724,26.317582896551727,0.0,23,0,3,149,5,-0.25881904510252157,0.9659258262890681,0.545240438540651,-0.8382797052177744
2020-05-28 23:15:00,0.0,0.0,114807.71428571429,13190748866.928572,27.441112433333327,26.10953556666668,0.0,23,15,3,149,5,-0.25881904510252157,0.9659258262890681,0.545240438540651,-0.8382797052177744
2020-05-28 23:30:00,0.0,0.0,115377.73333333334,13202003596.066666,27.3101562,25.97653576666666,0.0,23,30,3,149,5,-0.25881904510252157,0.9659258262890681,0.545240438540651,-0.8382797052177744
2020-05-28 23:45:00,0.0,0.0,102363.6,13079211469.933334,27.138604379310344,25.851081517241376,0.0,23,45,3,149,5,-0.25881904510252157,0.9659258262890681,0.545240438540651,-0.8382797052177744
2020-05-29 00:00:00,0.0,0.0,33841.961904761905,13177762641.0,26.99076313333333,25.722065133333327,0.0,0,0,4,150,5,0.0,1.0,0.5307300481619334,-0.8475409228928311
2020-05-29 00:15:00,0.0,0.0,16391.0,13177762641.0,26.80260293103448,25.374184413793103,0.0,0,15,4,150,5,0.0,1.0,0.5307300481619334,-0.8475409228928311
2020-05-29 00:30:00,0.0,0.0,16391.0,13189883118.533333,26.681321433333327,25.323287766666667,0.0,0,30,4,150,5,0.0,1.0,0.5307300481619334,-0.8475409228928311
2020-05-29 00:45:00,0.0,0.0,16391.0,13255679996.571428,26.4969411,25.2111663,0.0,0,45,4,150,5,0.0,1.0,0.5307300481619334,-0.8475409228928311
2020-05-29 01:00:00,0.0,0.0,16391.0,13359569804.0,26.38262417241379,24.972103793103447,0.0,1,0,4,150,5,0.25881904510252074,0.9659258262890683,0.5307300481619334,-0.8475409228928311
2020-05-29 01:15:00,0.0,0.0,16391.0,13359415469.6,26.30350463333333,24.84053763333333,0.0,1,15,4,150,5,0.25881904510252074,0.9659258262890683,0.5307300481619334,-0.8475409228928311
2020-05-29 01:30:00,0.0,0.0,16391.0,13359569804.0,26.22506880000001,24.94512823333333,0.0,1,30,4,150,5,0.25881904510252074,0.9659258262890683,0.5307300481619334,-0.8475409228928311
2020-05-29 01:45:00,0.0,0.0,16391.0,13359569804.0,26.097451068965515,24.802712379310343,0.0,1,45,4,150,5,0.25881904510252074,0.9659258262890683,0.5307300481619334,-0.8475409228928311
2020-05-29 02:00:00,0.0,0.0,16391.0,13359569804.0,25.955143300000003,24.5328807,0.0,2,0,4,150,5,0.49999999999999994,0.8660254037844387,0.5307300481619334,-0.8475409228928311
2020-05-29 02:15:00,0.0,0.0,16391.0,13359569804.0,25.833975034482755,24.36486489655173,0.0,2,15,4,150,5,0.49999999999999994,0.8660254037844387,0.5307300481619334,-0.8475409228928311
2020-05-29 02:30:00,0.0,0.0,14650.8,13359569804.0,25.680298733333327,24.188002566666665,0.0,2,30,4,150,5,0.49999999999999994,0.8660254037844387,0.5307300481619334,-0.8475409228928311
2020-05-29 02:45:00,0.0,0.0,12662.0,13359569804.0,25.56937136666667,24.0352417,0.0,2,45,4,150,5,0.49999999999999994,0.8660254037844387,0.5307300481619334,-0.8475409228928311
2020-05-29 03:00:00,0.0,0.0,12662.0,13359569804.0,25.465695000000004,24.06939603448276,0.0,3,0,4,150,5,0.7071067811865475,0.7071067811865476,0.5307300481619334,-0.8475409228928311
2020-05-29 03:15:00,0.0,0.0,12662.0,13359569804.0,25.375859299999995,24.17657473333333,0.0,3,15,4,150,5,0.7071067811865475,0.7071067811865476,0.5307300481619334,-0.8475409228928311
2020-05-29 03:30:00,0.0,0.0,12662.0,13359569804.0,25.32109213793104,24.17932855172414,0.0,3,30,4,150,5,0.7071067811865475,0.7071067811865476,0.5307300481619334,-0.8475409228928311
2020-05-29 03:45:00,0.0,0.0,12662.0,13359569804.0,25.334724766666668,24.2521799,0.0,3,45,4,150,5,0.7071067811865475,0.7071067811865476,0.5307300481619334,-0.8475409228928311
2020-05-29 04:00:00,0.0,0.0,12662.0,13359569804.0,25.3367522,24.25311673333333,0.0,4,0,4,150,5,0.8660254037844386,0.5000000000000001,0.5307300481619334,-0.8475409228928311
2020-05-29 04:15:00,0.0,0.0,12662.0,13359569804.0,25.283853448275863,24.245465517241385,0.0,4,15,4,150,5,0.8660254037844386,0.5000000000000001,0.5307300481619334,-0.8475409228928311
2020-05-29 04:30:00,0.0,0.0,10392.6,13337598413.266666,25.236387966666666,24.3584523,0.0,4,30,4,150,5,0.8660254037844386,0.5000000000000001,0.5307300481619334,-0.8475409228928311
2020-05-29 04:45:00,0.0,0.0,7799.0,13359569804.0,25.271249724137935,24.652820586206897,0.0,4,45,4,150,5,0.8660254037844386,0.5000000000000001,0.5307300481619334,-0.8475409228928311
2020-05-29 05:00:00,0.0,0.0,7799.0,13359569804.0,25.226778066666668,24.49097596666667,0.0,5,0,4,150,5,0.9659258262890683,0.25881904510252074,0.5307300481619334,-0.8475409228928311
2020-05-29 05:15:00,0.0,0.0,7799.0,13359569804.0,24.964557866666667,23.727933766666663,0.0,5,15,4,150,5,0.9659258262890683,0.25881904510252074,0.5307300481619334,-0.8475409228928311
2020-05-29 05:30:00,0.0,0.0,519.9333333333335,13359569804.0,24.767082344827585,23.24329237931035,0.0,5,30,4,150,5,0.9659258262890683,0.25881904510252074,0.5307300481619334,-0.8475409228928311
2020-05-29 05:45:00,0.0,0.0,0.0,13359569804.0,24.619948399999995,23.00487673333333,0.0009392253286666,5,45,4,150,5,0.9659258262890683,0.25881904510252074,0.5307300481619334,-0.8475409228928311
2020-05-29 06:00:00,372.9657142857143,360.1452380952381,26.714285714285715,13347449353.180954,24.4827584137931,23.04052841379311,0.0161589714206896,6,0,4,150,5,1.0,6.123233995736766e-17,0.5307300481619334,-0.8475409228928311
2020-05-29 06:15:00,1103.28,1068.5733333333333,201.60000000000002,13311088095.466665,24.557709733333336,23.65191146666667,0.044439674,6,15,4,150,5,1.0,6.123233995736766e-17,0.5307300481619334,-0.8475409228928311
2020-05-29 06:30:00,1823.5266666666669,1771.98,565.2666666666667,13323208936.666664,24.892176199999994,24.824798566666665,0.0705033599333333,6,30,4,150,5,1.0,6.123233995736766e-17,0.5307300481619334,-0.8475409228928311
2020-05-29 06:45:00,2239.4328571428573,2178.5,1064.2952380952381,13335329913.22857,25.177636586206887,25.749839931034483,0.087852315137931,6,45,4,150,5,1.0,6.123233995736766e-17,0.5307300481619334,-0.8475409228928311
2020-05-29 07:00:00,2366.1066666666666,2302.4557142857143,1611.3857142857141,13307626511.671429,25.37383093333333,26.47309786666667,0.0993941285333333,7,0,4,150,5,0.9659258262890683,-0.25881904510252063,0.5307300481619334,-0.8475409228928311
2020-05-29 07:15:00,2647.7314285714288,2584.062857142857,2222.4,13335331071.333332,25.4577804137931,26.799945689655168,0.1120997714827586,7,15,4,150,5,0.9659258262890683,-0.25881904510252063,0.5307300481619334,-0.8475409228928311
2020-05-29 07:30:00,3350.76,3284.2799999999997,2896.4666666666667,13160850716.4,25.65482773333333,27.552905166666665,0.1492939266666666,7,30,4,150,5,0.9659258262890683,-0.25881904510252063,0.5307300481619334,-0.8475409228928311
2020-05-29 07:45:00,4007.2466666666664,3929.1133333333332,3845.9333333333334,13286850784.733334,25.902096551724135,28.66828651724138,0.1780584679310345,7,45,4,150,5,0.9659258262890683,-0.25881904510252063,0.5307300481619334,-0.8475409228928311
2020-05-29 08:00:00,5020.969047619048,4927.11619047619,4991.590476190477,13346588569.661903,26.17342826666667,29.33909613333333,0.218879112,8,0,4,150,5,0.8660254037844387,-0.4999999999999998,0.5307300481619334,-0.8475409228928311
2020-05-29 08:15:00,8687.833809523809,8521.36761904762,6518.890476190476,13311094412.757141,26.85397320689655,32.288299758620695,0.3768298110344826,8,15,4,150,5,0.8660254037844387,-0.4999999999999998,0.5307300481619334,-0.8475409228928311
2020-05-29 08:30:00,11963.52,11717.24,9022.933333333332,13286855961.733334,27.773820866666664,36.704646766666656,0.5176104069999999,8,30,4,150,5,0.8660254037844387,-0.4999999999999998,0.5307300481619334,-0.8475409228928311
2020-05-29 08:45:00,14357.653333333334,14051.58,12245.933333333332,13274738707.199999,28.271382566666663,39.75964049999999,0.6179401333333332,8,45,4,150,5,0.8660254037844387,-0.4999999999999998,0.5307300481619334,-0.8475409228928311
2020-05-29 09:00:00,16293.415714285713,15936.432857142856,16003.861904761903,13274742465.128572,28.4639881724138,41.575621448275854,0.7064269782758623,9,0,4,150,5,0.7071067811865476,-0.7071067811865475,0.5307300481619334,-0.8475409228928311
2020-05-29 09:15:00,15399.982857142857,15055.709523809524,20118.58095238095,13307526418.800001,29.08187056666668,44.60174056666665,0.79107714,9,15,4,150,5,0.7071067811865476,-0.7071067811865475,0.5307300481619334,-0.8475409228928311
2020-05-29 09:30:00,14398.516666666666,14074.45380952381,23637.485714285714,13298991053.819048,29.044031689655167,45.56511927586208,0.7860884686206897,9,30,4,150,5,0.7071067811865476,-0.7071067811865475,0.5307300481619334,-0.8475409228928311
2020-05-29 09:45:00,13548.22,13244.086666666666,26977.933333333334,13286873916.733335,29.62591830000001,46.888681133333336,0.775009372,9,45,4,150,5,0.7071067811865476,-0.7071067811865475,0.5307300481619334,-0.8475409228928311
2020-05-29 10:00:00,12696.673333333332,12414.493333333332,30224.466666666667,13286877163.266666,29.86575410344828,46.878901620689646,0.7475488296551724,10,0,4,150,5,0.49999999999999994,-0.8660254037844387,0.5307300481619334,-0.8475409228928311
2020-05-29 10:15:00,13185.05238095238,12894.626666666667,33755.12857142857,13323242126.528572,29.9178681,45.684719900000005,0.7135236940000002,10,15,4,150,5,0.49999999999999994,-0.8660254037844387,0.5307300481619334,-0.8475409228928311
2020-05-29 10:30:00,11856.645238095238,11596.761904761905,36418.60476190476,13294675092.961905,30.44296473333333,47.2638366,0.7075077343333332,10,30,4,150,5,0.49999999999999994,-0.8660254037844387,0.5307300481619334,-0.8475409228928311
2020-05-29 10:45:00,11977.514761904762,11712.922380952381,39413.76666666667,13299006830.099998,30.793403310344825,47.35266403448278,0.7067424499999999,10,45,4,150,5,0.49999999999999994,-0.8660254037844387,0.5307300481619334,-0.8475409228928311
2020-05-29 11:00:00,10582.933333333332,10344.173333333334,41784.53333333333,13274768245.8,31.1520284,47.61166263333334,0.713380371,11,0,4,150,5,0.258819045102521,-0.9659258262890682,0.5307300481619334,-0.8475409228928311
2020-05-29 11:15:00,11047.166666666666,10796.173333333332,44734.53333333333,13286891673.333334,31.570711344827583,48.41205858620688,0.7733386589655173,11,15,4,150,5,0.258819045102521,-0.9659258262890682,0.5307300481619334,-0.8475409228928311
2020-05-29 11:30:00,10791.015238095239,10550.441904761905,47543.7,13299014960.033333,31.9604165,49.445565866666655,0.7484819603333333,11,30,4,150,5,0.258819045102521,-0.9659258262890682,0.5307300481619334,-0.8475409228928311
2020-05-29 11:45:00,11843.967619047618,11570.62476190476,49962.795238095234,13281702411.22381,32.550793827586205,52.048067379310346,0.8196058627586209,11,45,4,150,5,0.258819045102521,-0.9659258262890682,0.5307300481619334,-0.8475409228928311
2020-05-29 12:00:00,10938.149047619048,10692.397619047619,52331.45714285714,13262658315.190475,33.23828616666666,53.1420321,0.7673453496666666,12,0,4,150,5,1.2246467991473532e-16,-1.0,0.5307300481619334,-0.8475409228928311
2020-05-29 12:15:00,11684.646666666667,11421.673333333332,54281.066666666666,13226298832.2,33.35098180000001,52.71200683333333,0.7658345263333333,12,15,4,150,5,1.2246467991473532e-16,-1.0,0.5307300481619334,-0.8475409228928311
2020-05-29 12:30:00,12515.521428571428,12239.604285714286,58141.35714285714,13262664125.090475,33.444806241379304,51.32947096551723,0.6826072096551725,12,30,4,150,5,1.2246467991473532e-16,-1.0,0.5307300481619334,-0.8475409228928311
2020-05-29 12:45:00,13116.263333333332,12830.88,59660.53333333333,13202063256.6,33.535686299999995,49.74276826666664,0.6423758776666665,12,45,4,150,5,1.2246467991473532e-16,-1.0,0.5307300481619334,-0.8475409228928311
2020-05-29 13:00:00,14079.005238095238,13774.26619047619,66894.8,13346650472.871428,34.05683744827586,50.4980903448276,0.6296979582758622,13,0,4,150,5,-0.2588190451025208,-0.9659258262890683,0.5307300481619334,-0.8475409228928311
2020-05-29 13:15:00,14592.581428571428,14279.151904761904,70598.59523809524,13278615562.061905,34.39466233333333,50.26856289999999,0.6084145303333333,13,15,4,150,5,-0.2588190451025208,-0.9659258262890683,0.5307300481619334,-0.8475409228928311
2020-05-29 13:30:00,14218.862380952381,13917.82,74354.60476190476,13359644158.604763,34.22270603448277,48.8906311724138,0.5674552231034483,13,30,4,150,5,-0.2588190451025208,-0.9659258262890683,0.5307300481619334,-0.8475409228928311
2020-05-29 13:45:00,14363.557619047619,14059.07380952381,77770.61904761904,13359647574.619047,34.6315206,47.54902343333334,0.5704880843333333,13,45,4,150,5,-0.2588190451025208,-0.9659258262890683,0.5307300481619334,-0.8475409228928311
2020-05-29 14:00:00,15103.16619047619,14779.769047619047,81412.5238095238,13359651216.52381,34.91430986666667,48.02034716666666,0.5952845136666665,14,0,4,150,5,-0.4999999999999997,-0.8660254037844388,0.5307300481619334,-0.8475409228928311
2020-05-29 14:15:00,14378.91,14074.19857142857,85018.91904761904,13359654822.919048,35.13401651724138,48.17732937931035,0.566209544137931,14,15,4,150,5,-0.4999999999999997,-0.8660254037844388,0.5307300481619334,-0.8475409228928311
2020-05-29 14:30:00,14172.260476190477,13872.737619047619,88507.4761904762,13359658311.47619,35.50521643333333,49.7864919,0.5634546516666668,14,30,4,150,5,-0.4999999999999997,-0.8660254037844388,0.5307300481619334,-0.8475409228928311
2020-05-29 14:45:00,13368.42619047619,13088.932380952381,91886.06190476191,13359661690.061907,35.610545172413794,48.46977710344827,0.5190474620689655,14,45,4,150,5,-0.4999999999999997,-0.8660254037844388,0.5307300481619334,-0.8475409228928311
2020-05-29 15:00:00,13224.851428571428,12949.002857142857,95135.45714285714,13359664939.457144,35.63542780000001,46.97482506666666,0.5135671423333333,15,0,4,150,5,-0.7071067811865471,-0.7071067811865479,0.5307300481619334,-0.8475409228928311
2020-05-29 15:15:00,14729.595238095237,14415.490952380951,98078.81428571428,13347547405.280952,36.10386876666665,48.93551656666667,0.5943270203333331,15,15,4,150,5,-0.7071067811865471,-0.7071067811865479,0.5307300481619334,-0.8475409228928311
2020-05-29 15:30:00,14596.163809523809,14285.810000000001,102174.22380952381,13359671978.22381,36.55113175862069,51.36411586206897,0.5697870562068967,15,30,4,150,5,-0.7071067811865471,-0.7071067811865479,0.5307300481619334,-0.8475409228928311
2020-05-29 15:45:00,13833.683516483516,13542.534615384615,105526.18681318681,13359675330.186813,36.71613210344827,50.76182420689655,0.5429974348275861,15,45,4,150,5,-0.7071067811865471,-0.7071067811865479,0.5307300481619334,-0.8475409228928311
2020-05-29 16:15:00,14224.163636363637,13934.054545454544,142108.72727272726,14191847242.727272,37.22775545454546,49.11258877272727,0.4472856822727273,16,15,4,150,5,-0.8660254037844384,-0.5000000000000004,0.5307300481619334,-0.8475409228928311
2020-05-29 16:30:00,12724.846666666668,12469.88,144997.86666666667,14191850131.866667,37.406764620689664,48.7054024137931,0.3995272593103447,16,30,4,150,5,-0.8660254037844384,-0.5000000000000004,0.5307300481619334,-0.8475409228928311
2020-05-29 16:45:00,11092.120952380952,10875.724285714286,147911.5380952381,14191853045.538094,37.3985575,47.04768986666667,0.3459329543333333,16,45,4,150,5,-0.8660254037844384,-0.5000000000000004,0.5307300481619334,-0.8475409228928311
2020-05-29 17:00:00,8883.21238095238,8726.887619047619,150304.2238095238,14191855438.22381,37.254791413793114,44.60627572413792,0.2746237575862069,17,0,4,150,5,-0.9659258262890683,-0.25881904510252063,0.5307300481619334,-0.8475409228928311
2020-05-29 17:15:00,7004.706666666667,6881.1866666666665,152257.06666666665,14191857391.066668,37.10092476666666,42.44847923333334,0.2182872136666667,17,15,4,150,5,-0.9659258262890683,-0.25881904510252063,0.5307300481619334,-0.8475409228928311
2020-05-29 17:30:00,5123.639999999999,5023.933333333333,153230.4,14135956545.400002,36.82863758620689,40.355844413793115,0.1616158465517241,17,30,4,150,5,-0.9659258262890683,-0.25881904510252063,0.5307300481619334,-0.8475409228928311
2020-05-29 17:45:00,3407.806666666667,3329.9,154287.86666666667,14179738944.333334,36.5074798,38.23906853333332,0.1109071405333333,17,45,4,150,5,-0.9659258262890683,-0.25881904510252063,0.5307300481619334,-0.8475409228928311
2020-05-29 18:00:00,2004.1114285714286,1945.9685714285715,155495.90952380953,14191860629.909523,35.970144433333324,36.182405566666645,0.0657276798666666,18,0,4,150,5,-1.0,-1.8369701987210297e-16,0.5307300481619334,-0.8475409228928311
2020-05-29 18:15:00,778.6838095238095,752.5352380952381,155824.99047619046,14191860958.990477,35.319178103448266,34.34450782758621,0.0246554272068965,18,15,4,150,5,-1.0,-1.8369701987210297e-16,0.5307300481619334,-0.8475409228928311
2020-05-29 18:30:00,338.1823809523809,326.38714285714286,155411.79523809522,14135958726.79524,34.86204663333333,33.104230699999995,0.0106390969,18,30,4,150,5,-1.0,-1.8369701987210297e-16,0.5307300481619334,-0.8475409228928311
2020-05-29 18:45:00,0.0,0.0,155986.0,14191861120.0,34.235506172413785,32.04101141379311,0.0003823935377241,18,45,4,150,5,-1.0,-1.8369701987210297e-16,0.5307300481619334,-0.8475409228928311
2020-05-29 19:00:00,0.0,0.0,155445.86666666667,14097714437.4,33.905494999999995,31.55852056666667,0.0,19,0,4,150,5,-0.9659258262890684,0.2588190451025203,0.5307300481619334,-0.8475409228928311
2020-05-29 19:15:00,0.0,0.0,155510.8,14077982003.466667,33.650812724137936,31.391802551724137,0.0,19,15,4,150,5,-0.9659258262890684,0.2588190451025203,0.5307300481619334,-0.8475409228928311
2020-05-29 19:30:00,0.0,0.0,155986.0,14191861120.0,33.35302726666668,31.184542700000005,0.0,19,30,4,150,5,-0.9659258262890684,0.2588190451025203,0.5307300481619334,-0.8475409228928311
2020-05-29 19:45:00,0.0,0.0,155986.0,14191861120.0,32.924453103448286,30.91584524137931,0.0,19,45,4,150,5,-0.9659258262890684,0.2588190451025203,0.5307300481619334,-0.8475409228928311
2020-05-29 20:00:00,0.0,0.0,155986.0,14191861120.0,32.6156241,30.895663566666663,0.0,20,0,4,150,5,-0.8660254037844386,0.5000000000000001,0.5307300481619334,-0.8475409228928311
2020-05-29 20:15:00,0.0,0.0,155986.0,14191861120.0,32.25608534482759,30.546981241379303,0.0,20,15,4,150,5,-0.8660254037844386,0.5000000000000001,0.5307300481619334,-0.8475409228928311
2020-05-29 20:30:00,0.0,0.0,155986.0,14191861120.0,31.889839700000003,30.27932726666667,0.0,20,30,4,150,5,-0.8660254037844386,0.5000000000000001,0.5307300481619334,-0.8475409228928311
2020-05-29 20:45:00,0.0,0.0,155986.0,14191861120.0,31.234285433333337,29.93442583333333,0.0,20,45,4,150,5,-0.8660254037844386,0.5000000000000001,0.5307300481619334,-0.8475409228928311
2020-05-29 21:00:00,0.0,0.0,155986.0,14191861120.0,30.585795517241376,29.47653296551724,0.0,21,0,4,150,5,-0.7071067811865477,0.7071067811865474,0.5307300481619334,-0.8475409228928311
2020-05-29 21:15:00,0.0,0.0,155986.0,14191861120.0,30.055038433333326,28.956928566666665,0.0,21,15,4,150,5,-0.7071067811865477,0.7071067811865474,0.5307300481619334,-0.8475409228928311
2020-05-29 21:30:00,0.0,0.0,155986.0,14191861120.0,29.67125813793103,28.56394379310344,0.0,21,30,4,150,5,-0.7071067811865477,0.7071067811865474,0.5307300481619334,-0.8475409228928311
2020-05-29 21:45:00,0.0,0.0,155986.0,14191861120.0,29.299063166666663,28.2344615,0.0,21,45,4,150,5,-0.7071067811865477,0.7071067811865474,0.5307300481619334,-0.8475409228928311
2020-05-29 22:00:00,0.0,0.0,155405.57142857142,14191679857.0,28.879126000000003,27.775134200000004,0.0,22,0,4,150,5,-0.5000000000000004,0.8660254037844384,0.5307300481619334,-0.8475409228928311
2020-05-29 22:15:00,0.0,0.0,155986.0,14191861120.0,28.595756827586204,27.47134503448276,0.0,22,15,4,150,5,-0.5000000000000004,0.8660254037844384,0.5307300481619334,-0.8475409228928311
2020-05-29 22:30:00,0.0,0.0,155986.0,14191861120.0,28.2120383,27.139359599999995,0.0,22,30,4,150,5,-0.5000000000000004,0.8660254037844384,0.5307300481619334,-0.8475409228928311
2020-05-29 22:45:00,0.0,0.0,155436.66666666666,14191689737.0,27.93107882758621,26.773745758620684,0.0,22,45,4,150,5,-0.5000000000000004,0.8660254037844384,0.5307300481619334,-0.8475409228928311
2020-05-29 23:00:00,0.0,0.0,155986.0,14191861120.0,27.75027870000001,26.60153193333333,0.0,23,0,4,150,5,-0.25881904510252157,0.9659258262890681,0.5307300481619334,-0.8475409228928311
2020-05-29 23:15:00,0.0,0.0,155986.0,14191861120.0,27.6048168,26.344863033333333,0.0,23,15,4,150,5,-0.25881904510252157,0.9659258262890681,0.5307300481619334,-0.8475409228928311
2020-05-29 23:30:00,0.0,0.0,155436.6,14179740093.066666,27.425482586206897,26.055791413793106,0.0,23,30,4,150,5,-0.25881904510252157,0.9659258262890681,0.5307300481619334,-0.8475409228928311
2020-05-29 23:45:00,0.0,0.0,143031.4,14191861120.0,27.23922823333333,25.907132866666668,0.0,23,45,4,150,5,-0.25881904510252157,0.9659258262890681,0.5307300481619334,-0.8475409228928311
2020-05-30 00:00:00,0.0,0.0,59839.333333333336,14086593904.8,27.099090413793107,25.72224062068966,0.0,0,0,5,151,5,0.0,1.0,0.5160623910158528,-0.8565509959010036
2020-05-30 00:15:00,0.0,0.0,30422.333333333332,14152900676.285713,26.999725266666665,25.630884,0.0,0,15,5,151,5,0.0,1.0,0.5160623910158528,-0.8565509959010036
2020-05-30 00:30:00,0.0,0.0,27674.0,14095543422.142857,26.9552894,25.73499136666667,0.0,0,30,5,151,5,0.0,1.0,0.5160623910158528,-0.8565509959010036
2020-05-30 00:45:00,0.0,0.0,27674.0,14155498039.2,27.073268344827586,26.24371324137931,0.0,0,45,5,151,5,0.0,1.0,0.5160623910158528,-0.8565509959010036
2020-05-30 01:00:00,0.0,0.0,27674.0,14119134958.4,26.92997463333333,26.3968119,0.0,1,0,5,151,5,0.25881904510252074,0.9659258262890683,0.5160623910158528,-0.8565509959010036
2020-05-30 01:15:00,0.0,0.0,27674.0,14119134958.4,26.07999410344828,25.75550365517241,0.0,1,15,5,151,5,0.25881904510252074,0.9659258262890683,0.5160623910158528,-0.8565509959010036
2020-05-30 01:30:00,0.0,0.0,27674.0,14113940232.571428,24.709818500000004,24.303867566666668,0.0,1,30,5,151,5,0.25881904510252074,0.9659258262890683,0.5160623910158528,-0.8565509959010036
2020-05-30 01:45:00,0.0,0.0,27674.0,14070650850.666666,24.5050355,23.77980353333333,0.0,1,45,5,151,5,0.25881904510252074,0.9659258262890683,0.5160623910158528,-0.8565509959010036
2020-05-30 02:00:00,0.0,0.0,27674.0,14119134958.4,24.03427651724138,23.420100793103448,0.0,2,0,5,151,5,0.49999999999999994,0.8660254037844387,0.5160623910158528,-0.8565509959010036
2020-05-30 02:15:00,0.0,0.0,27674.0,14155498039.2,23.561014833333328,23.014751166666667,0.0,2,15,5,151,5,0.49999999999999994,0.8660254037844387,0.5160623910158528,-0.8565509959010036
2020-05-30 02:30:00,0.0,0.0,23881.86666666667,14191861120.0,23.44592420689656,22.826087758620687,0.0,2,30,5,151,5,0.49999999999999994,0.8660254037844387,0.5160623910158528,-0.8565509959010036
2020-05-30 02:45:00,0.0,0.0,19548.0,14178874305.428572,23.590169300000007,23.091042100000003,0.0,2,45,5,151,5,0.49999999999999994,0.8660254037844387,0.5160623910158528,-0.8565509959010036
2020-05-30 03:00:00,0.0,0.0,19548.0,14191861120.0,23.707537586206893,23.256745620689657,0.0,3,0,5,151,5,0.7071067811865475,0.7071067811865476,0.5160623910158528,-0.8565509959010036
2020-05-30 03:15:00,0.0,0.0,19548.0,14191861120.0,23.60865073333333,22.961358666666666,0.0,3,15,5,151,5,0.7071067811865475,0.7071067811865476,0.5160623910158528,-0.8565509959010036
2020-05-30 03:30:00,0.0,0.0,19548.0,14191861120.0,23.66515603333333,22.8551992,0.0,3,30,5,151,5,0.7071067811865475,0.7071067811865476,0.5160623910158528,-0.8565509959010036
2020-05-30 03:45:00,0.0,0.0,19548.0,14179740093.066666,23.861258344827583,22.988277000000004,0.0,3,45,5,151,5,0.7071067811865475,0.7071067811865476,0.5160623910158528,-0.8565509959010036
2020-05-30 04:00:00,0.0,0.0,19548.0,14178874305.428572,24.001286,22.884807400000003,0.0,4,0,5,151,5,0.8660254037844386,0.5000000000000001,0.5160623910158528,-0.8565509959010036
2020-05-30 04:15:00,0.0,0.0,19548.0,14191861120.0,23.873749600000004,22.919100833333328,0.0,4,15,5,151,5,0.8660254037844386,0.5000000000000001,0.5160623910158528,-0.8565509959010036
2020-05-30 04:30:00,0.0,0.0,17659.86666666667,14167619066.133333,23.773719482758622,22.59231772413793,0.0,4,30,5,151,5,0.8660254037844386,0.5000000000000001,0.5160623910158528,-0.8565509959010036
2020-05-30 04:45:00,0.0,0.0,15502.0,14167619066.133333,23.838063233333333,22.527732333333336,0.0,4,45,5,151,5,0.8660254037844386,0.5000000000000001,0.5160623910158528,-0.8565509959010036
2020-05-30 05:00:00,0.0,0.0,15502.0,14167619066.133333,23.980964448275863,22.819694655172416,0.0,5,0,5,151,5,0.9659258262890683,0.25881904510252074,0.5160623910158528,-0.8565509959010036
2020-05-30 05:15:00,0.0,0.0,15502.0,14191861120.0,23.8346821,22.318359466666664,0.0,5,15,5,151,5,0.9659258262890683,0.25881904510252074,0.5160623910158528,-0.8565509959010036
2020-05-30 05:30:00,0.0,0.0,8588.8,14107013931.466667,23.58334133333333,21.981009,0.0,5,30,5,151,5,0.9659258262890683,0.25881904510252074,0.5160623910158528,-0.8565509959010036
2020-05-30 05:45:00,0.0,0.0,8095.0,14107013931.466667,23.672746482758615,22.420285000000007,0.00045009486,5,45,5,151,5,0.9659258262890683,0.25881904510252074,0.5160623910158528,-0.8565509959010036
2020-05-30 06:00:00,140.78666666666666,135.88,5404.133333333334,14131255992.800001,23.99907926666667,22.900317399999995,0.0073249025366666,6,0,5,151,5,1.0,6.123233995736766e-17,0.5160623910158528,-0.8565509959010036
2020-05-30 06:15:00,442.4480952380952,427.10238095238094,84.2047619047619,14143377096.471428,24.31754710344827,23.531919379310345,0.015087458775862,6,15,5,151,5,1.0,6.123233995736766e-17,0.5160623910158528,-0.8565509959010036
2020-05-30 06:30:00,560.7490476190476,541.4490476190476,204.47142857142856,14171432496.766666,24.369366633333332,23.945122266666665,0.0178093433666666,6,30,5,151,5,1.0,6.123233995736766e-17,0.5160623910158528,-0.8565509959010036
2020-05-30 06:45:00,1147.0585714285714,1110.452857142857,384.4095238095238,14155498423.609524,24.441856,24.456810500000003,0.0357170422333333,6,45,5,151,5,1.0,6.123233995736766e-17,0.5160623910158528,-0.8565509959010036
2020-05-30 07:00:00,3081.572857142857,3010.1919047619044,871.8809523809524,14119135830.28095,25.03589275862069,25.97868603448276,0.0985079377241379,7,0,5,151,5,0.9659258262890683,-0.25881904510252063,0.5160623910158528,-0.8565509959010036
2020-05-30 07:15:00,3450.6266666666666,3379.5466666666666,1701.2,14082773578.8,25.66914373333333,27.293509933333336,0.1114509436,7,15,5,151,5,0.9659258262890683,-0.25881904510252063,0.5160623910158528,-0.8565509959010036
2020-05-30 07:30:00,3217.1109523809523,3141.9009523809523,2562.595238095238,14119137520.995237,26.014155068965515,27.832418275862068,0.1039657008965517,7,30,5,151,5,0.9659258262890683,-0.25881904510252063,0.5160623910158528,-0.8565509959010036
2020-05-30 07:45:00,4497.111428571428,4402.691904761905,3388.2571428571428,14178708514.885715,26.21130173333333,27.5272562,0.1392150568333333,7,45,5,151,5,0.9659258262890683,-0.25881904510252063,0.5160623910158528,-0.8565509959010036
2020-05-30 08:00:00,7634.821428571428,7498.823333333334,5038.890476190476,14143382051.157143,27.117775466666664,30.8955617,0.2669899673333333,8,0,5,151,5,0.8660254037844387,-0.4999999999999998,0.5160623910158528,-0.8565509959010036
2020-05-30 08:15:00,6387.034761904762,6272.167619047619,6719.742857142857,14143383732.009523,26.781264655172407,30.040735758620688,0.2079072020689655,8,15,5,151,5,0.8660254037844387,-0.4999999999999998,0.5160623910158528,-0.8565509959010036
2020-05-30 08:30:00,4802.913333333333,4708.973333333333,8093.2,14167627159.333332,26.109615,28.208099366666666,0.1482772239999999,8,30,5,151,5,0.8660254037844387,-0.4999999999999998,0.5160623910158528,-0.8565509959010036
2020-05-30 08:45:00,7078.620476190476,6950.961428571429,9363.02380952381,14119144321.423811,25.788373344827583,28.674119586206896,0.2154493851724138,8,45,5,151,5,0.8660254037844387,-0.4999999999999998,0.5160623910158528,-0.8565509959010036
2020-05-30 09:00:00,10182.483333333334,9988.323333333334,11586.290476190476,14139925448.004763,26.106516633333335,31.08028253333333,0.3236861666666666,9,0,5,151,5,0.7071067811865476,-0.7071067811865475,0.5160623910158528,-0.8565509959010036
2020-05-30 09:15:00,10001.450476190475,9812.309523809523,13949.233333333334,14107027880.699999,26.51990468965517,31.456435586206897,0.3180073086206897,9,15,5,151,5,0.7071067811865476,-0.7071067811865475,0.5160623910158528,-0.8565509959010036
2020-05-30 09:30:00,12089.877142857144,11848.812380952382,16708.85714285714,14143393721.12381,26.940843566666672,32.851707000000005,0.3861781230000001,9,30,5,151,5,0.7071067811865476,-0.7071067811865475,0.5160623910158528,-0.8565509959010036
2020-05-30 09:45:00,17444.22,17060.57619047619,19901.690476190473,14082791779.290476,27.548072166666667,35.87183746666666,0.5942283216666666,9,45,5,151,5,0.7071067811865476,-0.7071067811865475,0.5160623910158528,-0.8565509959010036
2020-05-30 10:00:00,16845.880476190476,16485.474761904763,24111.190476190477,14062017085.47619,27.910501413793103,37.94116517241379,0.5691819124137932,10,0,5,151,5,0.49999999999999994,-0.8660254037844387,0.5160623910158528,-0.8565509959010036
2020-05-30 10:15:00,14549.608571428571,14249.540476190476,27953.12857142857,14046436749.92857,28.476782166666663,38.0192168,0.5079887003333332,10,15,5,151,5,0.49999999999999994,-0.8660254037844387,0.5160623910158528,-0.8565509959010036
2020-05-30 10:30:00,20916.294285714284,20440.841428571428,32286.152380952382,14082804163.75238,29.42414586206897,41.107080931034496,0.7076214027586208,10,30,5,151,5,0.49999999999999994,-0.8660254037844387,0.5160623910158528,-0.8565509959010036
2020-05-30 10:45:00,19676.33380952381,19203.737142857142,37889.03333333333,14094930793.566666,30.913739966666665,49.52102430000001,0.9369564706666664,10,45,5,151,5,0.49999999999999994,-0.8660254037844387,0.5160623910158528,-0.8565509959010036
2020-05-30 11:00:00,15049.711428571429,14703.964761904761,41696.561904761904,14082813574.161905,31.278098466666663,47.35640383333333,0.7625164443333335,11,0,5,151,5,0.258819045102521,-0.9659258262890682,0.5160623910158528,-0.8565509959010036
2020-05-30 11:15:00,20881.36619047619,20367.431904761906,46223.12380952381,14074406583.095238,31.905789172413787,51.048263137931045,0.987074708275862,11,15,5,151,5,0.258819045102521,-0.9659258262890682,0.5160623910158528,-0.8565509959010036
2020-05-30 11:30:00,19438.78,18969.486666666668,51217.86666666667,14107065149.333334,32.40038546666666,51.640188566666666,0.8328051736666665,11,30,5,151,5,0.258819045102521,-0.9659258262890682,0.5160623910158528,-0.8565509959010036
2020-05-30 11:45:00,18423.818571428572,17975.180952380953,56414.07142857143,14131312399.404762,32.96299803448276,54.69868941379311,1.0359709579310343,11,45,5,151,5,0.258819045102521,-0.9659258262890682,0.5160623910158528,-0.8565509959010036
2020-05-30 12:00:00,14204.161428571428,13900.590952380953,59412.719047619044,14082831290.319046,33.16402170000001,50.691745966666666,0.617782115333333,12,0,5,151,5,1.2246467991473532e-16,-1.0,0.5160623910158528,-0.8565509959010036
2020-05-30 12:15:00,19192.155238095238,18761.207142857143,64239.857142857145,14131320225.190475,33.14692303333333,47.62712613333333,0.6965329063333334,12,15,5,151,5,1.2246467991473532e-16,-1.0,0.5160623910158528,-0.8565509959010036
2020-05-30 12:30:00,19932.439523809524,19442.702857142856,68819.2,14114009051.77143,34.255510931034486,56.78703055172414,0.9960414413793102,12,30,5,151,5,1.2246467991473532e-16,-1.0,0.5160623910158528,-0.8565509959010036
2020-05-30 12:45:00,17585.426666666666,17166.886666666665,73325.0,14107087256.466667,34.49277953333333,57.077078333333354,0.884460836,12,45,5,151,5,1.2246467991473532e-16,-1.0,0.5160623910158528,-0.8565509959010036
2020-05-30 13:00:00,19048.171904761904,18589.575714285715,77144.68095238095,14082849022.280952,35.01506744827586,54.8516855862069,0.8438060293103448,13,0,5,151,5,-0.2588190451025208,-0.9659258262890683,0.5160623910158528,-0.8565509959010036
2020-05-30 13:15:00,20771.914285714283,20258.380952380954,82995.75714285714,14119217954.157143,35.57238653333333,57.65958873333334,0.9409397846666666,13,15,5,151,5,-0.2588190451025208,-0.9659258262890683,0.5160623910158528,-0.8565509959010036
2020-05-30 13:30:00,19014.211904761905,18558.680476190475,88182.2619047619,14131344167.59524,35.86465056666667,56.2409188,0.8167053623333334,13,30,5,151,5,-0.2588190451025208,-0.9659258262890683,0.5160623910158528,-0.8565509959010036
2020-05-30 13:45:00,19174.22476190476,18708.697142857145,91607.52857142857,14088058210.957144,36.170828896551726,55.448996655172415,0.8500879662068966,13,45,5,151,5,-0.2588190451025208,-0.9659258262890683,0.5160623910158528,-0.8565509959010036
2020-05-30 14:00:00,19405.666666666668,18949.14,96520.86666666667,14094989425.4,35.8791038,52.71295663333334,0.824260238,14,0,5,151,5,-0.4999999999999997,-0.8660254037844388,0.5160623910158528,-0.8565509959010036
2020-05-30 14:15:00,19942.599047619045,19488.42761904762,102059.38095238095,14119237017.780952,35.94459365517242,51.349900724137925,0.7934317486206895,14,15,5,151,5,-0.4999999999999997,-0.8660254037844388,0.5160623910158528,-0.8565509959010036
2020-05-30 14:30:00,20084.4,19634.126666666667,107306.40000000001,14131363291.733334,36.025648866666685,50.678597200000006,0.7504877179999999,14,30,5,151,5,-0.4999999999999997,-0.8660254037844388,0.5160623910158528,-0.8565509959010036
2020-05-30 14:45:00,19536.640952380953,19102.03619047619,110370.53333333333,13992985730.133333,36.46223937931035,49.67382806896551,0.7266899831034483,14,45,5,151,5,-0.4999999999999997,-0.8660254037844388,0.5160623910158528,-0.8565509959010036
2020-05-30 15:00:00,20499.79380952381,20049.105714285713,116577.27142857143,14114056809.842857,37.038291233333325,49.66475023333333,0.6808359306666665,15,0,5,151,5,-0.7071067811865471,-0.7071067811865479,0.5160623910158528,-0.8565509959010036
2020-05-30 15:15:00,19083.072857142855,18670.297142857144,121612.45714285714,14119256570.857143,37.428121,49.058924533333325,0.6243103806666666,15,15,5,151,5,-0.7071067811865471,-0.7071067811865479,0.5160623910158528,-0.8565509959010036
2020-05-30 15:30:00,17498.95619047619,17125.88380952381,123768.99523809523,14058653592.72857,36.871171517241365,48.76117779310345,0.5755358613793102,15,30,5,151,5,-0.7071067811865471,-0.7071067811865479,0.5160623910158528,-0.8565509959010036
2020-05-30 15:45:00,16600.78,16252.566666666668,132681.8,14179872774.866667,36.61823533333333,46.94166666666667,0.5236087176666666,15,45,5,151,5,-0.7071067811865471,-0.7071067811865479,0.5160623910158528,-0.8565509959010036
2020-05-30 16:00:00,14930.849523809524,14623.801428571429,137058.0619047619,14191998178.061905,36.55245013793103,45.959262,0.4692858168965516,16,0,5,151,5,-0.8660254037844384,-0.5000000000000004,0.5160623910158528,-0.8565509959010036
2020-05-30 16:15:00,13214.600476190477,12948.128571428571,140297.55238095237,14170029757.085714,36.426467133333325,43.91818623333333,0.4148623726666666,16,15,5,151,5,-0.8660254037844384,-0.5000000000000004,0.5160623910158528,-0.8565509959010036
2020-05-30 16:30:00,11642.917142857143,11413.139523809523,143562.2380952381,14192004682.238094,36.28947668965519,42.77483834482759,0.3615315610344827,16,30,5,151,5,-0.8660254037844384,-0.5000000000000004,0.5160623910158528,-0.8565509959010036
2020-05-30 16:45:00,10083.87619047619,9894.45476190476,146224.62380952382,14192007344.62381,36.38166093333334,41.71702763333334,0.3126336673333333,16,45,5,151,5,-0.8660254037844384,-0.5000000000000004,0.5160623910158528,-0.8565509959010036
2020-05-30 17:00:00,8212.715238095238,8070.860952380952,148480.01904761905,14192009600.019047,35.91564846666666,40.487598766666665,0.2525650936666666,17,0,5,151,5,-0.9659258262890683,-0.25881904510252063,0.5160623910158528,-0.8565509959010036
2020-05-30 17:15:00,6502.986666666667,6385.446666666667,150310.4,14192011430.4,35.45489910344828,38.62065175862069,0.2011415051724137,17,15,5,151,5,-0.9659258262890683,-0.25881904510252063,0.5160623910158528,-0.8565509959010036
2020-05-30 17:30:00,4823.068571428571,4728.778571428571,151720.01428571428,14192012840.014284,35.16447003571429,37.389189607142846,0.1528224096428571,17,30,5,151,5,-0.9659258262890683,-0.25881904510252063,0.5160623910158528,-0.8565509959010036
2020-05-30 17:45:00,3007.5095238095237,2934.8238095238094,152698.3523809524,14192013818.35238,34.806607931034485,35.957243862068964,0.0987987890689655,17,45,5,151,5,-0.9659258262890683,-0.25881904510252063,0.5160623910158528,-0.8565509959010036
2020-05-30 18:00:00,1488.4942857142858,1442.1861904761904,150303.7333333333,14127077350.87619,34.11661996666666,34.23459079999999,0.0489493161,18,0,5,151,5,-1.0,-1.8369701987210297e-16,0.5160623910158528,-0.8565509959010036
2020-05-30 18:15:00,811.8066666666666,784.6395238095238,146976.5761904762,14046555773.376188,33.7702291724138,33.27685844827586,0.0275617622068965,18,15,5,151,5,-1.0,-1.8369701987210297e-16,0.5160623910158528,-0.8565509959010036
2020-05-30 18:30:00,296.4866666666667,286.14,146021.66666666666,14022312764.6,33.38554473333334,32.382025000000006,0.0104004473599999,18,30,5,151,5,-1.0,-1.8369701987210297e-16,0.5160623910158528,-0.8565509959010036
2020-05-30 18:45:00,0.0,0.0,146593.53333333333,14034434363.4,32.99551386206897,31.721315551724143,0.000559735022931,18,45,5,151,5,-1.0,-1.8369701987210297e-16,0.5160623910158528,-0.8565509959010036
2020-05-30 19:00:00,0.0,0.0,145505.0,14010191221.0,32.823653166666666,31.564240400000003,0.0,19,0,5,151,5,-0.9659258262890684,0.2588190451025203,0.5160623910158528,-0.8565509959010036
2020-05-30 19:15:00,0.0,0.0,145505.0,14010191221.0,32.647284103448285,31.33284772413793,0.0,19,15,5,151,5,-0.9659258262890684,0.2588190451025203,0.5160623910158528,-0.8565509959010036
2020-05-30 19:30:00,0.0,0.0,145505.0,14010191221.0,32.1994953,30.375280733333337,0.0,19,30,5,151,5,-0.9659258262890684,0.2588190451025203,0.5160623910158528,-0.8565509959010036
2020-05-30 19:45:00,0.0,0.0,145242.86666666667,13988219298.4,31.74300303448276,29.323392827586208,0.0,19,45,5,151,5,-0.9659258262890684,0.2588190451025203,0.5160623910158528,-0.8565509959010036
2020-05-30 20:00:00,0.0,0.0,145505.0,14010191221.0,30.889555900000005,28.18157963333333,0.0,20,0,5,151,5,-0.8660254037844386,0.5000000000000001,0.5160623910158528,-0.8565509959010036
2020-05-30 20:15:00,0.0,0.0,145505.0,14010191221.0,29.999992586206904,27.5773935862069,0.0,20,15,5,151,5,-0.8660254037844386,0.5000000000000001,0.5160623910158528,-0.8565509959010036
2020-05-30 20:30:00,0.0,0.0,145505.0,14010191221.0,30.71953423333333,27.718881000000003,0.0,20,30,5,151,5,-0.8660254037844386,0.5000000000000001,0.5160623910158528,-0.8565509959010036
2020-05-30 20:45:00,0.0,0.0,145505.0,14010191221.0,30.1452219,27.410910966666663,0.0,20,45,5,151,5,-0.8660254037844386,0.5000000000000001,0.5160623910158528,-0.8565509959010036
2020-05-30 21:00:00,0.0,0.0,145505.0,14010191221.0,30.08647,27.061780275862077,0.0,21,0,5,151,5,-0.7071067811865477,0.7071067811865474,0.5160623910158528,-0.8565509959010036
2020-05-30 21:15:00,0.0,0.0,144968.4,13970610811.8,29.662378933333336,26.671178166666664,0.0,21,15,5,151,5,-0.7071067811865477,0.7071067811865474,0.5160623910158528,-0.8565509959010036
2020-05-30 21:30:00,0.0,0.0,145505.0,14010191221.0,29.786013103448276,26.178995000000004,0.0,21,30,5,151,5,-0.7071067811865477,0.7071067811865474,0.5160623910158528,-0.8565509959010036
2020-05-30 21:45:00,0.0,0.0,145505.0,14010191221.0,29.67955723333333,25.698066133333327,0.0,21,45,5,151,5,-0.7071067811865477,0.7071067811865474,0.5160623910158528,-0.8565509959010036
2020-05-30 22:00:00,0.0,0.0,145505.0,14010191221.0,29.0949584,25.20096026666667,0.0,22,0,5,151,5,-0.5000000000000004,0.8660254037844384,0.5160623910158528,-0.8565509959010036
2020-05-30 22:15:00,0.0,0.0,145505.0,14010191221.0,28.566172620689656,24.988610620689656,0.0,22,15,5,151,5,-0.5000000000000004,0.8660254037844384,0.5160623910158528,-0.8565509959010036
2020-05-30 22:30:00,0.0,0.0,145505.0,14010191221.0,28.682131833333337,25.62156166666667,0.0,22,30,5,151,5,-0.5000000000000004,0.8660254037844384,0.5160623910158528,-0.8565509959010036
2020-05-30 22:45:00,0.0,0.0,145505.0,14010191221.0,28.516374379310346,25.832993172413797,0.0,22,45,5,151,5,-0.5000000000000004,0.8660254037844384,0.5160623910158528,-0.8565509959010036
2020-05-30 23:00:00,0.0,0.0,145505.0,14010191221.0,28.163496933333334,25.648109866666665,0.0,23,0,5,151,5,-0.25881904510252157,0.9659258262890681,0.5160623910158528,-0.8565509959010036
2020-05-30 23:15:00,0.0,0.0,145505.0,14010191221.0,27.89965086206897,25.263016103448276,0.0,23,15,5,151,5,-0.25881904510252157,0.9659258262890681,0.5160623910158528,-0.8565509959010036
2020-05-30 23:30:00,0.0,0.0,145505.0,14010191221.0,27.798886966666664,25.04084273333333,0.0,23,30,5,151,5,-0.25881904510252157,0.9659258262890681,0.5160623910158528,-0.8565509959010036
2020-05-30 23:45:00,0.0,0.0,137015.5761904762,14010191221.0,27.731472633333336,24.894776399999994,0.0,23,45,5,151,5,-0.25881904510252157,0.9659258262890681,0.5160623910158528,-0.8565509959010036
2020-05-31 00:00:00,0.0,0.0,59165.219047619044,14010191221.0,27.2400891724138,24.326188655172416,0.0,0,0,6,152,5,0.0,1.0,0.5012418134457758,-0.865307254363206
2020-05-31 00:15:00,0.0,0.0,30775.666666666668,14022312792.2,27.180777933333328,24.19800923333333,0.0,0,15,6,152,5,0.0,1.0,0.5012418134457758,-0.865307254363206
2020-05-31 00:30:00,0.0,0.0,28033.0,14010191221.0,27.63067831034482,24.354256344827583,0.0,0,30,6,152,5,0.0,1.0,0.5012418134457758,-0.865307254363206
2020-05-31 00:45:00,0.0,0.0,28033.0,14010191221.0,27.532306,24.118866000000004,0.0,0,45,6,152,5,0.0,1.0,0.5012418134457758,-0.865307254363206
2020-05-31 01:00:00,0.0,0.0,28033.0,14010191221.0,27.24455036666667,24.198669433333336,0.0,1,0,6,152,5,0.25881904510252074,0.9659258262890683,0.5012418134457758,-0.865307254363206
2020-05-31 01:15:00,0.0,0.0,28033.0,14010191221.0,27.009202586206893,24.199347137931035,0.0,1,15,6,152,5,0.25881904510252074,0.9659258262890683,0.5012418134457758,-0.865307254363206
2020-05-31 01:30:00,0.0,0.0,28033.0,13779154978.733334,27.197297200000005,24.45462746666667,0.0,1,30,6,152,5,0.25881904510252074,0.9659258262890683,0.5012418134457758,-0.865307254363206
2020-05-31 01:45:00,0.0,0.0,28033.0,14010191221.0,27.05856948275862,24.34783824137931,0.0,1,45,6,152,5,0.25881904510252074,0.9659258262890683,0.5012418134457758,-0.865307254363206
2020-05-31 02:00:00,0.0,0.0,28033.0,14010025028.857143,26.798573966666662,24.09575603333333,0.0,2,0,6,152,5,0.49999999999999994,0.8660254037844387,0.5012418134457758,-0.865307254363206
2020-05-31 02:15:00,0.0,0.0,28033.0,14010191221.0,26.526500793103448,23.984698137931037,0.0,2,15,6,152,5,0.49999999999999994,0.8660254037844387,0.5012418134457758,-0.865307254363206
2020-05-31 02:30:00,0.0,0.0,24213.333333333336,14010191221.0,26.085212233333333,23.59523426666667,0.0,2,30,6,152,5,0.49999999999999994,0.8660254037844387,0.5012418134457758,-0.865307254363206
2020-05-31 02:45:00,0.0,0.0,19848.0,14010191221.0,26.013380900000005,23.499401866666663,0.0,2,45,6,152,5,0.49999999999999994,0.8660254037844387,0.5012418134457758,-0.865307254363206
2020-05-31 03:00:00,0.0,0.0,19848.0,14010191221.0,25.993267275862078,23.6857364137931,0.0,3,0,6,152,5,0.7071067811865475,0.7071067811865476,0.5012418134457758,-0.865307254363206
2020-05-31 03:15:00,0.0,0.0,19848.0,14010191221.0,26.08363966666667,23.89557200000001,0.0,3,15,6,152,5,0.7071067811865475,0.7071067811865476,0.5012418134457758,-0.865307254363206
2020-05-31 03:30:00,0.0,0.0,19848.0,14010191221.0,26.013526655172413,24.03578572413793,0.0,3,30,6,152,5,0.7071067811865475,0.7071067811865476,0.5012418134457758,-0.865307254363206
2020-05-31 03:45:00,0.0,0.0,19848.0,14010191221.0,25.885065966666662,23.884342399999998,0.0,3,45,6,152,5,0.7071067811865475,0.7071067811865476,0.5012418134457758,-0.865307254363206
2020-05-31 04:00:00,0.0,0.0,19848.0,14010191221.0,25.601646766666672,23.5670493,0.0,4,0,6,152,5,0.8660254037844386,0.5000000000000001,0.5012418134457758,-0.865307254363206
2020-05-31 04:15:00,0.0,0.0,19848.0,14010191221.0,25.317720620689656,23.214291310344823,0.0,4,15,6,152,5,0.8660254037844386,0.5000000000000001,0.5012418134457758,-0.865307254363206
2020-05-31 04:30:00,0.0,0.0,18013.066666666666,14010191221.0,25.169656433333337,23.081614133333336,0.0,4,30,6,152,5,0.8660254037844386,0.5000000000000001,0.5012418134457758,-0.865307254363206
2020-05-31 04:45:00,0.0,0.0,15916.0,13980776753.066668,25.6225405862069,23.55671224137932,0.0,4,45,6,152,5,0.8660254037844386,0.5000000000000001,0.5012418134457758,-0.865307254363206
2020-05-31 05:00:00,0.0,0.0,15916.0,14010191221.0,25.85061973333333,24.0697113,0.0,5,0,6,152,5,0.9659258262890683,0.25881904510252074,0.5012418134457758,-0.865307254363206
2020-05-31 05:15:00,0.0,0.0,15916.0,14010191221.0,25.946306103448272,24.6745931724138,0.0,5,15,6,152,5,0.9659258262890683,0.25881904510252074,0.5012418134457758,-0.865307254363206
2020-05-31 05:30:00,0.0,0.0,8614.533333333333,14010191221.0,26.212676827586204,25.184758551724144,0.0001694370140344,5,30,6,152,5,0.9659258262890683,0.25881904510252074,0.5012418134457758,-0.865307254363206
2020-05-31 05:45:00,0.0,0.0,8093.0,14010191221.0,26.250502333333337,25.325603066666677,0.0021765761446666,5,45,6,152,5,0.9659258262890683,0.25881904510252074,0.5012418134457758,-0.865307254363206
2020-05-31 06:00:00,399.27666666666664,385.42761904761903,5426.085714285714,14010191252.419048,26.293774862068965,25.354828896551727,0.0154248861724137,6,0,6,152,5,1.0,6.123233995736766e-17,0.5012418134457758,-0.865307254363206
2020-05-31 06:15:00,1216.1480952380953,1177.125238095238,222.04285714285714,14034434587.442856,26.47503153333333,25.98855486666666,0.0410410586333333,6,15,6,152,5,1.0,6.123233995736766e-17,0.5012418134457758,-0.865307254363206
2020-05-31 06:30:00,2194.3404761904762,2132.3347619047618,631.3095238095239,14107164423.909523,26.623247000000003,27.165574689655177,0.0711786957586207,6,30,6,152,5,1.0,6.123233995736766e-17,0.5012418134457758,-0.865307254363206
2020-05-31 06:45:00,2906.94,2829.0066666666667,1275.3333333333333,14119286639.133333,26.876637733333336,28.5874726,0.0953332493666666,6,45,6,152,5,1.0,6.123233995736766e-17,0.5012418134457758,-0.865307254363206
2020-05-31 07:00:00,2908.8014285714285,2830.9919047619046,2005.647619047619,14140067205.790476,27.106279366666666,29.493136633333325,0.0943534478333333,7,0,6,152,5,0.9659258262890683,-0.25881904510252063,0.5012418134457758,-0.865307254363206
2020-05-31 07:15:00,2648.2019047619046,2575.542380952381,2661.6809523809525,14131409596.680952,27.146846344827587,29.54309482758621,0.0838950156206896,7,15,6,152,5,0.9659258262890683,-0.25881904510252063,0.5012418134457758,-0.865307254363206
2020-05-31 07:30:00,2901.537619047619,2823.669523809524,3326.4142857142856,14017530898.94762,27.3117461,29.563504100000003,0.0903087209666666,7,30,6,152,5,0.9659258262890683,-0.25881904510252063,0.5012418134457758,-0.865307254363206
2020-05-31 07:45:00,3692.6428571428573,3612.208095238095,4124.9047619047615,14155654202.304762,27.38396910344828,29.679152862068968,0.1110246576551724,7,45,6,152,5,0.9659258262890683,-0.25881904510252063,0.5012418134457758,-0.865307254363206
2020-05-31 08:00:00,5785.7961904761905,5676.619047619048,5243.814285714286,14131412178.814285,27.74403266666667,31.240413499999995,0.1787927566666666,8,0,6,152,5,0.8660254037844387,-0.4999999999999998,0.5012418134457758,-0.865307254363206
2020-05-31 08:15:00,9557.34,9380.160476190476,6947.533333333333,14101109954.533333,28.15140893333333,33.575649966666674,0.301327223,8,15,6,152,5,0.8660254037844387,-0.4999999999999998,0.5012418134457758,-0.865307254363206
2020-05-31 08:30:00,10737.986190476191,10532.596666666666,9740.842857142858,14119125380.176191,28.85903086206897,38.49397013793104,0.3827413824137931,8,30,6,152,5,0.8660254037844387,-0.4999999999999998,0.5012418134457758,-0.865307254363206
2020-05-31 08:45:00,8889.230952380953,8732.084761904762,12076.952380952382,14131419011.95238,28.908792066666667,37.432584800000015,0.2893271926666666,8,45,6,152,5,0.8660254037844387,-0.4999999999999998,0.5012418134457758,-0.865307254363206
2020-05-31 09:00:00,8839.047619047618,8683.747142857143,14290.109523809524,14143542796.309525,29.230036206896543,37.51293513793103,0.293544414137931,9,0,6,152,5,0.7071067811865476,-0.7071067811865475,0.5012418134457758,-0.865307254363206
2020-05-31 09:15:00,13065.369047619048,12801.750952380953,16601.82857142857,14107180394.428572,29.5595477,39.40730686666668,0.4417368036666665,9,15,6,152,5,0.7071067811865476,-0.7071067811865475,0.5012418134457758,-0.865307254363206
2020-05-31 09:30:00,20546.405238095238,20092.902857142857,20822.47619047619,14101123829.47619,30.568175344827587,47.62321131034482,0.7581236731034483,9,30,6,152,5,0.7071067811865476,-0.7071067811865475,0.5012418134457758,-0.865307254363206
2020-05-31 09:45:00,17054.25857142857,16690.04857142857,25675.07619047619,14095067896.476189,31.156837966666668,51.43617453333332,0.6040004026666667,9,45,6,152,5,0.7071067811865476,-0.7071067811865475,0.5012418134457758,-0.865307254363206
2020-05-31 10:00:00,14979.090952380951,14667.30619047619,29207.47619047619,14082949857.676191,31.05239956666667,45.03242686666668,0.451743708,10,0,6,152,5,0.49999999999999994,-0.8660254037844387,0.5012418134457758,-0.865307254363206
2020-05-31 10:15:00,17273.492857142857,16905.455714285712,32935.171428571426,14046588871.77143,31.722634206896554,47.4245668275862,0.6126659689655172,10,15,6,152,5,0.49999999999999994,-0.8660254037844387,0.5012418134457758,-0.865307254363206
2020-05-31 10:30:00,19492.670476190477,19067.53714285714,37996.590476190475,14114128401.304762,32.271562833333334,50.19941723333333,0.7158687563333334,10,30,6,152,5,0.49999999999999994,-0.8660254037844387,0.5012418134457758,-0.865307254363206
2020-05-31 10:45:00,22226.36,21708.34,42561.0,14046598497.599998,33.31406296551724,57.166491448275856,0.7457961268965518,10,45,6,152,5,0.49999999999999994,-0.8660254037844387,0.5012418134457758,-0.865307254363206
2020-05-31 11:00:00,14805.55238095238,14498.175238095238,47214.73333333334,14058724722.533333,32.96100906666666,51.626101666666656,0.4808237753333333,11,0,6,152,5,0.258819045102521,-0.9659258262890682,0.5012418134457758,-0.865307254363206
2020-05-31 11:15:00,19397.633333333335,18971.56,51087.13333333334,14046607023.733334,33.08877037931034,51.79495462068965,0.7030249227586206,11,15,6,152,5,0.258819045102521,-0.9659258262890682,0.5012418134457758,-0.865307254363206
2020-05-31 11:30:00,20858.60619047619,20393.97619047619,56484.590476190475,14070855563.590477,33.533041833333336,54.255354633333326,0.7328439533333335,11,30,6,152,5,0.258819045102521,-0.9659258262890682,0.5012418134457758,-0.865307254363206
2020-05-31 11:45:00,15409.959047619048,15077.123333333331,60442.14761904762,14036226460.576189,33.543277241379315,50.77153675862069,0.4505056720689655,11,45,6,152,5,0.258819045102521,-0.9659258262890682,0.5012418134457758,-0.865307254363206
2020-05-31 12:00:00,23350.121904761905,22789.858571428573,65018.55714285714,14034499383.957142,33.67513840000001,55.049168900000005,0.813154215,12,0,6,152,5,1.2246467991473532e-16,-1.0,0.5012418134457758,-0.865307254363206
2020-05-31 12:15:00,23893.896666666664,23312.861904761903,70784.39047619047,14022383578.590475,34.73891906666667,60.83309920000001,0.8998097250000001,12,15,6,152,5,1.2246467991473532e-16,-1.0,0.5012418134457758,-0.865307254363206
2020-05-31 12:30:00,11050.38,10832.106666666667,75404.86666666667,14058752912.666666,34.07653389655172,52.363130724137925,0.3194593531034483,12,30,6,152,5,1.2246467991473532e-16,-1.0,0.5012418134457758,-0.865307254363206
2020-05-31 12:45:00,24836.429047619047,24233.94142857143,79536.94761904761,14034513902.347618,34.74858209999999,54.45613010000001,0.860170252,12,45,6,152,5,1.2246467991473532e-16,-1.0,0.5012418134457758,-0.865307254363206
2020-05-31 13:00:00,22783.87619047619,22238.201904761903,84023.25238095238,13815370245.385715,35.2726524137931,61.08201006896552,0.8632760117241379,13,0,6,152,5,-0.2588190451025208,-0.9659258262890683,0.5012418134457758,-0.865307254363206
2020-05-31 13:15:00,26057.342857142856,25409.596666666668,89857.7,13749841528.699999,35.98741463333332,64.1427207,0.9603939863333336,13,15,6,152,5,-0.2588190451025208,-0.9659258262890683,0.5012418134457758,-0.865307254363206
2020-05-31 13:30:00,23157.680952380953,22600.71761904762,96814.22857142857,14010288037.22857,35.82564268965517,63.02653303448275,0.837395707586207,13,30,6,152,5,-0.2588190451025208,-0.9659258262890683,0.5012418134457758,-0.865307254363206
2020-05-31 13:45:00,24824.87380952381,24214.880476190476,102602.51904761905,14010293825.519049,36.074380533333326,62.14148253333333,0.8990759116666666,13,45,6,152,5,-0.2588190451025208,-0.9659258262890683,0.5012418134457758,-0.865307254363206
2020-05-31 14:00:00,25219.500476190475,24595.294285714288,108660.33333333333,14010299883.333332,36.7613546,62.75171296666667,0.9187809383333334,14,0,6,152,5,-0.4999999999999997,-0.8660254037844388,0.5012418134457758,-0.865307254363206
2020-05-31 14:15:00,17066.12,16674.12,114422.0,14010305645.0,36.608745586206894,61.79855031034482,0.6655635313793103,14,15,6,152,5,-0.4999999999999997,-0.8660254037844388,0.5012418134457758,-0.865307254363206
2020-05-31 14:30:00,8829.581904761904,8659.581904761904,117044.73333333334,14010308267.733334,31.554353833333334,40.07902133333333,0.3005127816666666,14,30,6,152,5,-0.4999999999999997,-0.8660254037844388,0.5012418134457758,-0.865307254363206
2020-05-31 14:45:00,8906.72380952381,8740.164761904762,119341.69523809524,14010310564.695238,29.09773824137931,32.461152137931045,0.2697951396551723,14,45,6,152,5,-0.4999999999999997,-0.8660254037844388,0.5012418134457758,-0.865307254363206
2020-05-31 15:00:00,13323.649047619048,13051.709047619048,121770.21428571428,14010312993.214285,28.258013866666666,30.5615907,0.4094698046666666,15,0,6,152,5,-0.7071067811865471,-0.7071067811865479,0.5012418134457758,-0.865307254363206
2020-05-31 15:15:00,9228.886666666665,9043.773333333333,125083.6,14010316306.6,28.61687723333333,34.26511020000001,0.286445456,15,15,6,152,5,-0.7071067811865471,-0.7071067811865479,0.5012418134457758,-0.865307254363206
2020-05-31 15:30:00,5909.113333333334,5801.413333333334,126628.13333333333,14010317851.133333,28.31004703448276,31.66338493103449,0.1824975713793103,15,30,6,152,5,-0.7071067811865471,-0.7071067811865479,0.5012418134457758,-0.865307254363206
2020-05-31 15:45:00,5928.320476190476,5819.138571428572,127754.87142857142,14002876432.538095,28.09238476666667,32.0827222,0.1858628973333333,15,45,6,152,5,-0.7071067811865471,-0.7071067811865479,0.5012418134457758,-0.865307254363206
2020-05-31 16:00:00,4808.720476190476,4714.900476190476,129448.1619047619,14010320671.161905,28.06294406896552,31.57601393103448,0.1506258237931034,16,0,6,152,5,-0.8660254037844384,-0.5000000000000004,0.5012418134457758,-0.865307254363206
2020-05-31 16:15:00,4573.73619047619,4484.244285714286,130589.37619047619,14010321812.37619,29.37561533333333,32.16830666666668,0.1437750286666666,16,15,6,152,5,-0.8660254037844384,-0.5000000000000004,0.5012418134457758,-0.865307254363206
2020-05-31 16:30:00,3995.1666666666665,3916.0266666666666,131662.2,14010322885.199999,29.412227,31.889497931034484,0.1258943477586207,16,30,6,152,5,-0.8660254037844384,-0.5000000000000004,0.5012418134457758,-0.865307254363206
2020-05-31 16:45:00,2951.513333333333,2879.133333333333,132535.26666666666,14010323758.266666,29.636312833333335,31.64319953333333,0.0949052116,16,45,6,152,5,-0.8660254037844384,-0.5000000000000004,0.5012418134457758,-0.865307254363206
2020-05-31 17:00:00,2059.465714285714,2000.6904761904761,133137.3619047619,14010324360.361904,29.727227400000004,31.1070222,0.0660900407666666,17,0,6,152,5,-0.9659258262890683,-0.25881904510252063,0.5012418134457758,-0.865307254363206
2020-05-31 17:15:00,1244.742857142857,1204.777619047619,133523.0095238095,14010324746.009525,29.63297568965517,30.42649889655172,0.0400000306551724,17,15,6,152,5,-0.9659258262890683,-0.25881904510252063,0.5012418134457758,-0.865307254363206
2020-05-31 17:30:00,1797.7485714285713,1744.5795238095238,139120.04285714283,14155789197.442858,29.6294576,30.210314766666663,0.0547341133666666,17,30,6,152,5,-0.9659258262890683,-0.25881904510252063,0.5012418134457758,-0.865307254363206
2020-05-31 17:45:00,1565.68,1517.58,139113.8,14143667620.0,29.26658268965517,29.935880482758616,0.0485714671724138,17,45,6,152,5,-0.9659258262890683,-0.25881904510252063,0.5012418134457758,-0.865307254363206
2020-05-31 18:00:00,1100.9133333333334,1064.7933333333333,141195.4,14192155986.4,29.2769705,29.4960744,0.034425974,18,0,6,152,5,-1.0,-1.8369701987210297e-16,0.5012418134457758,-0.865307254363206
2020-05-31 18:15:00,569.75,550.2871428571428,141405.4238095238,14192156196.423807,29.359654766666665,29.106293833333336,0.0185542837166666,18,15,6,152,5,-1.0,-1.8369701987210297e-16,0.5012418134457758,-0.865307254363206
2020-05-31 18:30:00,27.022857142857145,26.07761904761905,141471.0380952381,14192156262.038095,29.01673524137932,28.527480689655174,0.0018831484467931,18,30,6,152,5,-1.0,-1.8369701987210297e-16,0.5012418134457758,-0.865307254363206
2020-05-31 18:45:00,0.0,0.0,141472.0,14192156263.0,28.521704166666662,27.120938133333333,0.0,18,45,6,152,5,-1.0,-1.8369701987210297e-16,0.5012418134457758,-0.865307254363206
2020-05-31 19:00:00,0.0,0.0,141472.0,14192156263.0,25.673301827586208,24.197520241379312,7.940190241379313e-06,19,0,6,152,5,-0.9659258262890684,0.2588190451025203,0.5012418134457758,-0.865307254363206
2020-05-31 19:15:00,0.0,0.0,141472.0,14192156263.0,25.302272400000003,23.84010223333333,0.0006869619313333,19,15,6,152,5,-0.9659258262890684,0.2588190451025203,0.5012418134457758,-0.865307254363206
2020-05-31 19:30:00,0.0,0.0,141472.0,14192156263.0,25.5190387,23.86186216666667,0.0006716413406666,19,30,6,152,5,-0.9659258262890684,0.2588190451025203,0.5012418134457758,-0.865307254363206
2020-05-31 19:45:00,0.0,0.0,141472.0,14192156263.0,25.92626117241379,23.717881793103448,0.0012282454462068,19,45,6,152,5,-0.9659258262890684,0.2588190451025203,0.5012418134457758,-0.865307254363206
2020-05-31 20:00:00,0.0,0.0,141472.0,14192156263.0,25.868222133333337,23.557260200000005,0.0012794913646666,20,0,6,152,5,-0.8660254037844386,0.5000000000000001,0.5012418134457758,-0.865307254363206
2020-05-31 20:15:00,0.0,0.0,141472.0,14192156263.0,25.86443365517241,24.365257551724135,0.0008855208968965,20,15,6,152,5,-0.8660254037844386,0.5000000000000001,0.5012418134457758,-0.865307254363206
2020-05-31 20:30:00,0.0,0.0,141472.0,14192156263.0,26.0712495,24.731907466666662,0.0002469506195333,20,30,6,152,5,-0.8660254037844386,0.5000000000000001,0.5012418134457758,-0.865307254363206
2020-05-31 20:45:00,0.0,0.0,141472.0,14192156263.0,25.99110468965517,24.672519,0.0,20,45,6,152,5,-0.8660254037844386,0.5000000000000001,0.5012418134457758,-0.865307254363206
2020-05-31 21:00:00,0.0,0.0,141472.0,14192156263.0,25.90679843333333,24.3962097,0.0,21,0,6,152,5,-0.7071067811865477,0.7071067811865474,0.5012418134457758,-0.865307254363206
2020-05-31 21:15:00,0.0,0.0,141472.0,14192156263.0,25.56336389655172,24.169891448275862,0.0,21,15,6,152,5,-0.7071067811865477,0.7071067811865474,0.5012418134457758,-0.865307254363206
2020-05-31 21:30:00,0.0,0.0,141472.0,14192156263.0,25.33227123333334,24.059310066666672,0.0,21,30,6,152,5,-0.7071067811865477,0.7071067811865474,0.5012418134457758,-0.865307254363206
2020-05-31 21:45:00,0.0,0.0,141472.0,14192156263.0,25.28147476666667,24.49779563333333,3.838638e-06,21,45,6,152,5,-0.7071067811865477,0.7071067811865474,0.5012418134457758,-0.865307254363206
2020-05-31 22:00:00,0.0,0.0,141472.0,14192156263.0,25.27859720689655,25.041368,5.427062534482759e-05,22,0,6,152,5,-0.5000000000000004,0.8660254037844384,0.5012418134457758,-0.865307254363206
2020-05-31 22:15:00,0.0,0.0,141472.0,14192156263.0,25.172681666666666,25.051722133333328,0.0,22,15,6,152,5,-0.5000000000000004,0.8660254037844384,0.5012418134457758,-0.865307254363206
2020-05-31 22:30:00,0.0,0.0,141472.0,14192156263.0,25.16554944827586,24.985311379310343,0.0,22,30,6,152,5,-0.5000000000000004,0.8660254037844384,0.5012418134457758,-0.865307254363206
2020-05-31 22:45:00,0.0,0.0,141472.0,14192156263.0,25.097927966666663,24.7690255,0.0,22,45,6,152,5,-0.5000000000000004,0.8660254037844384,0.5012418134457758,-0.865307254363206
2020-05-31 23:00:00,0.0,0.0,141472.0,14192156263.0,24.955934655172417,24.54141020689656,0.0,23,0,6,152,5,-0.25881904510252157,0.9659258262890681,0.5012418134457758,-0.865307254363206
2020-05-31 23:15:00,0.0,0.0,141472.0,14192156263.0,24.791358266666663,24.301851366666664,0.0,23,15,6,152,5,-0.25881904510252157,0.9659258262890681,0.5012418134457758,-0.865307254363206
2020-05-31 23:30:00,0.0,0.0,141472.0,14192156263.0,24.71377466666667,24.239088933333328,0.0,23,30,6,152,5,-0.25881904510252157,0.9659258262890681,0.5012418134457758,-0.865307254363206
2020-05-31 23:45:00,0.0,0.0,129247.13333333333,14192156263.0,24.88328603448276,24.51085468965517,0.0,23,45,6,152,5,-0.25881904510252157,0.9659258262890681,0.5012418134457758,-0.865307254363206
2020-06-01 00:00:00,0.0,0.0,52141.666666666664,14192156263.0,25.14487823333333,24.373991933333336,0.0,0,0,0,153,6,0.0,1.0,0.48627270710869,-0.8738071036110808
2020-06-01 00:15:00,0.0,0.0,27184.333333333336,14192156263.0,25.005375275862065,23.899509793103448,0.0,0,15,0,153,6,0.0,1.0,0.48627270710869,-0.8738071036110808
2020-06-01 00:30:00,0.0,0.0,24963.0,14192156263.0,24.77038563333333,23.57786976666667,0.0,0,30,0,153,6,0.0,1.0,0.48627270710869,-0.8738071036110808
2020-06-01 00:45:00,0.0,0.0,24963.0,14192156263.0,24.599648379310345,23.444983448275863,0.0,0,45,0,153,6,0.0,1.0,0.48627270710869,-0.8738071036110808
2020-06-01 01:00:00,0.0,0.0,24963.0,14192156263.0,24.555659099999996,23.400925566666665,0.0,1,0,0,153,6,0.25881904510252074,0.9659258262890683,0.48627270710869,-0.8738071036110808
2020-06-01 01:15:00,0.0,0.0,24963.0,14192156263.0,24.649969433333336,23.3517333,0.0,1,15,0,153,6,0.25881904510252074,0.9659258262890683,0.48627270710869,-0.8738071036110808
2020-06-01 01:30:00,0.0,0.0,24963.0,14192156263.0,24.903930482758614,23.57673272413793,0.0,1,30,0,153,6,0.25881904510252074,0.9659258262890683,0.48627270710869,-0.8738071036110808
2020-06-01 01:45:00,0.0,0.0,24963.0,14192156263.0,24.6729461,23.422769266666663,0.0,1,45,0,153,6,0.25881904510252074,0.9659258262890683,0.48627270710869,-0.8738071036110808
2020-06-01 02:00:00,0.0,0.0,24963.0,14192156263.0,24.439102793103444,23.29818010344828,0.0,2,0,0,153,6,0.49999999999999994,0.8660254037844387,0.48627270710869,-0.8738071036110808
2020-06-01 02:15:00,0.0,0.0,24963.0,14192156263.0,24.264511233333337,23.09995933333333,0.0,2,15,0,153,6,0.49999999999999994,0.8660254037844387,0.48627270710869,-0.8738071036110808
2020-06-01 02:30:00,0.0,0.0,21840.066666666666,14192156263.0,24.043559,22.765743000000004,0.0,2,30,0,153,6,0.49999999999999994,0.8660254037844387,0.48627270710869,-0.8738071036110808
2020-06-01 02:45:00,0.0,0.0,18271.0,14192156263.0,23.91952593103448,22.84983024137931,0.0,2,45,0,153,6,0.49999999999999994,0.8660254037844387,0.48627270710869,-0.8738071036110808
2020-06-01 03:00:00,0.0,0.0,18271.0,14192156263.0,23.8130928,22.95408326666667,0.0,3,0,0,153,6,0.7071067811865475,0.7071067811865476,0.48627270710869,-0.8738071036110808
2020-06-01 03:15:00,0.0,0.0,18271.0,14192156263.0,23.68584606896552,23.00851527586207,0.0,3,15,0,153,6,0.7071067811865475,0.7071067811865476,0.48627270710869,-0.8738071036110808
2020-06-01 03:30:00,0.0,0.0,18271.0,14192156263.0,23.788126333333327,23.314534466666665,0.0,3,30,0,153,6,0.7071067811865475,0.7071067811865476,0.48627270710869,-0.8738071036110808
2020-06-01 03:45:00,0.0,0.0,18271.0,14192156263.0,23.78079093103448,23.10813110344828,0.0,3,45,0,153,6,0.7071067811865475,0.7071067811865476,0.48627270710869,-0.8738071036110808
2020-06-01 04:00:00,0.0,0.0,18271.0,14192156263.0,23.77050976666667,22.930192066666663,0.0,4,0,0,153,6,0.8660254037844386,0.5000000000000001,0.48627270710869,-0.8738071036110808
2020-06-01 04:15:00,0.0,0.0,18271.0,14192156263.0,23.72071133333333,22.8736441,0.0,4,15,0,153,6,0.8660254037844386,0.5000000000000001,0.48627270710869,-0.8738071036110808
2020-06-01 04:30:00,0.0,0.0,15751.466666666667,14192156263.0,23.568036448275855,22.489772344827585,0.0,4,30,0,153,6,0.8660254037844386,0.5000000000000001,0.48627270710869,-0.8738071036110808
2020-06-01 04:45:00,0.0,0.0,12872.0,14192156263.0,23.396958600000005,22.235097400000004,0.0,4,45,0,153,6,0.8660254037844386,0.5000000000000001,0.48627270710869,-0.8738071036110808
2020-06-01 05:00:00,0.0,0.0,12872.0,14192156263.0,23.315240344827583,22.32914896551724,0.0,5,0,0,153,6,0.9659258262890683,0.25881904510252074,0.48627270710869,-0.8738071036110808
2020-06-01 05:15:00,0.0,0.0,12872.0,14192156263.0,23.318588166666665,22.361772700000003,0.0,5,15,0,153,6,0.9659258262890683,0.25881904510252074,0.48627270710869,-0.8738071036110808
2020-06-01 05:30:00,0.0,0.0,6947.2,14192156263.0,23.286697600000004,22.35413833333333,0.0,5,30,0,153,6,0.9659258262890683,0.25881904510252074,0.48627270710869,-0.8738071036110808
2020-06-01 05:45:00,0.0,0.0,6524.0,14192156263.0,23.38028920689655,22.75453237931034,0.0007611838662068,5,45,0,153,6,0.9659258262890683,0.25881904510252074,0.48627270710869,-0.8738071036110808
2020-06-01 06:00:00,103.54428571428572,99.89285714285714,4664.733333333333,14192156267.733334,23.470155033333327,22.829620200000004,0.0063919369866666,6,0,0,153,6,1.0,6.123233995736766e-17,0.48627270710869,-0.8738071036110808
2020-06-01 06:15:00,678.8866666666667,655.9399999999999,83.8,14192156346.8,23.67332510344828,23.338527344827583,0.0209013741034482,6,15,0,153,6,1.0,6.123233995736766e-17,0.48627270710869,-0.8738071036110808
2020-06-01 06:30:00,1565.8495238095238,1517.6514285714284,362.7809523809524,14192156625.780952,23.979217633333327,23.886279333333327,0.0468731341666666,6,30,0,153,6,1.0,6.123233995736766e-17,0.48627270710869,-0.8738071036110808
2020-06-01 06:45:00,2385.6842857142856,2318.8204761904763,818.9571428571429,14192157081.957142,24.209690400000003,25.161978166666664,0.0697066674666666,6,45,0,153,6,1.0,6.123233995736766e-17,0.48627270710869,-0.8738071036110808
2020-06-01 07:00:00,2150.5866666666666,2089.24,1405.3619047619047,14192157668.361906,24.567252344827587,26.587057137931037,0.0646242286206896,7,0,0,153,6,0.9659258262890683,-0.25881904510252063,0.48627270710869,-0.8738071036110808
2020-06-01 07:15:00,5194.679523809524,5093.412857142857,2179.404761904762,14192158442.404762,24.835614033333336,27.84200043333333,0.1504371014,7,15,0,153,6,0.9659258262890683,-0.25881904510252063,0.48627270710869,-0.8738071036110808
2020-06-01 07:30:00,5425.54,5320.44,3605.7999999999997,14180037856.866667,25.36163324137931,30.20812979310345,0.1628700658620689,7,30,0,153,6,0.9659258262890683,-0.25881904510252063,0.48627270710869,-0.8738071036110808
2020-06-01 07:45:00,4384.822380952381,4298.565714285714,4766.614285714286,14191978703.971428,25.5112201,29.69533993333333,0.1320704731333333,7,45,0,153,6,0.9659258262890683,-0.25881904510252063,0.48627270710869,-0.8738071036110808
2020-06-01 08:00:00,5161.9742857142855,5061.8271428571425,5997.309523809524,14180040248.37619,25.689117433333333,29.60674846666667,0.161106645,8,0,0,153,6,0.8660254037844387,-0.4999999999999998,0.48627270710869,-0.8738071036110808
2020-06-01 08:15:00,6660.532380952381,6541.394761904761,7318.22380952381,14167919557.357143,25.838382137931035,29.698359931034485,0.2175741148275862,8,15,0,153,6,0.8660254037844387,-0.4999999999999998,0.48627270710869,-0.8738071036110808
2020-06-01 08:30:00,8748.71380952381,8591.410476190476,9048.409523809523,14131555251.742857,26.10598753333333,30.992041066666665,0.2816243653333333,8,30,0,153,6,0.8660254037844387,-0.4999999999999998,0.48627270710869,-0.8738071036110808
2020-06-01 08:45:00,16292.486666666666,15950.7,12193.133333333333,14143680408.4,26.78541406896552,35.383090241379314,0.547218646551724,8,45,0,153,6,0.8660254037844387,-0.4999999999999998,0.48627270710869,-0.8738071036110808
2020-06-01 09:00:00,19335.431904761906,18916.574285714283,16734.290476190476,14179185127.361904,27.515931200000004,39.75073440000002,0.6603211486666669,9,0,0,153,6,0.7071067811865476,-0.7071067811865475,0.48627270710869,-0.8738071036110808
2020-06-01 09:15:00,19666.893333333333,19236.45476190476,21422.114285714284,14155811649.314285,28.245770233333328,41.81874679999999,0.6987364796666666,9,15,0,153,6,0.7071067811865476,-0.7071067811865475,0.48627270710869,-0.8738071036110808
2020-06-01 09:30:00,21041.504285714283,20570.53523809524,26505.009523809524,14180060756.07619,29.05904,46.36068413793104,0.8137932979310345,9,30,0,153,6,0.7071067811865476,-0.7071067811865475,0.48627270710869,-0.8738071036110808
2020-06-01 09:45:00,19132.946666666667,18696.986666666664,31292.399999999998,14167943531.533333,29.394693966666665,49.35060226666668,0.7883443606666666,9,45,0,153,6,0.7071067811865476,-0.7071067811865475,0.48627270710869,-0.8738071036110808
2020-06-01 10:00:00,20359.967142857142,19887.963809523808,36003.776190476194,14167948242.909523,29.30169255172414,47.55944086206897,0.6254762248275861,10,0,0,153,6,0.49999999999999994,-0.8660254037844387,0.48627270710869,-0.8738071036110808
2020-06-01 10:15:00,25125.95238095238,24514.154285714285,41884.26666666666,14179210277.338095,29.8226225,50.4896434,0.9184480953333332,10,15,0,153,6,0.49999999999999994,-0.8660254037844387,0.48627270710869,-0.8738071036110808
2020-06-01 10:30:00,19720.437619047618,19271.44857142857,47415.014285714286,14180081666.080952,30.160547758620687,49.79540931034483,0.6883862282758619,10,30,0,153,6,0.49999999999999994,-0.8660254037844387,0.48627270710869,-0.8738071036110808
2020-06-01 10:45:00,10298.572857142857,10104.997619047619,51298.64761904762,14192207561.64762,30.09952903333333,43.9329496,0.3199997146666665,10,45,0,153,6,0.49999999999999994,-0.8660254037844387,0.48627270710869,-0.8738071036110808
2020-06-01 11:00:00,10936.593333333332,10725.593333333332,53738.13333333333,14192210001.133333,30.165436866666667,41.23620903333333,0.3167546243333333,11,0,0,153,6,0.258819045102521,-0.9659258262890682,0.48627270710869,-0.8738071036110808
2020-06-01 11:15:00,14162.407142857142,13870.07238095238,56882.39047619047,14192213145.390476,30.59765,43.20352179310344,0.4543418306896551,11,15,0,153,6,0.258819045102521,-0.9659258262890682,0.48627270710869,-0.8738071036110808
2020-06-01 11:30:00,11246.035238095237,11029.773333333333,60121.30952380953,14192216384.309525,30.9631358,43.168145766666655,0.352625237,11,30,0,153,6,0.258819045102521,-0.9659258262890682,0.48627270710869,-0.8738071036110808
2020-06-01 11:45:00,10158.01761904762,9948.728571428572,56625.385714285716,12912817150.733334,30.702194655172413,39.67880793103448,0.4859102437931034,11,45,0,153,6,0.258819045102521,-0.9659258262890682,0.48627270710869,-0.8738071036110808
2020-06-01 12:00:00,8713.150952380953,8497.120952380952,17124.15238095238,7133154859.685714,32.09725336666666,53.4779175,1.0797786666666669,12,0,0,153,6,1.2246467991473532e-16,-1.0,0.48627270710869,-0.8738071036110808
2020-06-01 12:15:00,20036.613333333335,19562.97333333333,68600.13333333333,14192225052.733334,32.32455834482758,56.086723758620685,0.7521377041379309,12,15,0,153,6,1.2246467991473532e-16,-1.0,0.48627270710869,-0.8738071036110808
2020-06-01 12:30:00,26630.506666666668,25979.760476190477,73903.95238095238,14192230166.952381,32.71362183333334,49.31692216666666,0.9170147646666666,12,30,0,153,6,1.2246467991473532e-16,-1.0,0.48627270710869,-0.8738071036110808
2020-06-01 12:45:00,17605.901904761904,17224.15142857143,79469.60476190476,14192235732.60476,32.914065724137934,48.51724062068966,0.5200881703448276,12,45,0,153,6,1.2246467991473532e-16,-1.0,0.48627270710869,-0.8738071036110808
2020-06-01 13:00:00,9301.269047619047,9130.998571428572,82832.68095238095,14192239095.680952,32.35695386666666,41.9516938,0.2914817913333333,13,0,0,153,6,-0.2588190451025208,-0.9659258262890683,0.48627270710869,-0.8738071036110808
2020-06-01 13:15:00,2260.7571428571428,2207.385238095238,84313.09047619048,14192240576.090475,29.79072676666667,35.04367046666667,0.0697438200333333,13,15,0,153,6,-0.2588190451025208,-0.9659258262890683,0.48627270710869,-0.8738071036110808
2020-06-01 13:30:00,987.75,955.15,84481.5,14192240744.5,24.81791675,25.7830125,0.03035270925,13,30,0,153,6,-0.2588190451025208,-0.9659258262890683,0.48627270710869,-0.8738071036110808
2020-06-01 13:45:00,2278.86,2214.5,85344.6,14192241607.6,25.2230896,25.4652862,0.0665650115,13,45,0,153,6,-0.2588190451025208,-0.9659258262890683,0.48627270710869,-0.8738071036110808
2020-06-01 14:00:00,1907.8785714285714,1852.4499999999998,85655.28571428572,14192241918.285715,25.41993251724138,25.74652410344828,0.0549807242413793,14,0,0,153,6,-0.4999999999999997,-0.8660254037844388,0.48627270710869,-0.8738071036110808
2020-06-01 14:15:00,1517.74,1470.54,86066.59999999999,14192242329.6,25.73312062068965,25.572927448275863,0.043911696137931,14,15,0,153,6,-0.4999999999999997,-0.8660254037844388,0.48627270710869,-0.8738071036110808
2020-06-01 14:30:00,1250.3266666666666,1209.8799999999999,86399.2,14192242662.199999,25.779276466666666,25.289524266666664,0.0368734744,14,30,0,153,6,-0.4999999999999997,-0.8660254037844388,0.48627270710869,-0.8738071036110808
2020-06-01 14:45:00,1220.3533333333332,1180.7466666666667,86427.8,14098095215.866667,25.818098448275865,25.854119620689655,0.036230325275862,14,45,0,153,6,-0.4999999999999997,-0.8660254037844388,0.48627270710869,-0.8738071036110808
2020-06-01 15:00:00,1274.1200000000001,1232.92,87003.13333333333,14192243266.133333,25.837277399999994,26.1028746,0.0375434128666666,15,0,0,153,6,-0.7071067811865471,-0.7071067811865479,0.48627270710869,-0.8738071036110808
2020-06-01 15:15:00,1352.3466666666666,1309.0266666666666,87044.46666666666,14081570113.133333,25.770825620689656,26.20280220689655,0.0397396260344827,15,15,0,153,6,-0.7071067811865471,-0.7071067811865479,0.48627270710869,-0.8738071036110808
2020-06-01 15:30:00,1516.4880952380954,1468.671904761905,87667.10476190476,14192243930.104761,25.699231733333328,26.291916966666665,0.0438830790666666,15,30,0,153,6,-0.7071067811865471,-0.7071067811865479,0.48627270710869,-0.8738071036110808
2020-06-01 15:45:00,1784.7366666666667,1731.9042857142856,88054.48095238095,14192244317.480951,25.7438171,26.56079706666667,0.0511050262666666,15,45,0,153,6,-0.7071067811865471,-0.7071067811865479,0.48627270710869,-0.8738071036110808
2020-06-01 16:00:00,2211.133333333333,2148.4,88531.73333333334,14192244794.733334,25.802610448275864,26.95674606896552,0.0626689252413793,16,0,0,153,6,-0.8660254037844384,-0.5000000000000004,0.48627270710869,-0.8738071036110808
2020-06-01 16:15:00,2957.9666666666667,2881.46,89158.93333333333,14192245421.933334,25.874815966666667,27.320389866666662,0.0838168420666666,16,15,0,153,6,-0.8660254037844384,-0.5000000000000004,0.48627270710869,-0.8738071036110808
2020-06-01 16:30:00,3157.9266666666667,3084.9733333333334,89963.86666666667,14192246226.866665,25.735058,27.556919448275863,0.0932735847586207,16,30,0,153,6,-0.8660254037844384,-0.5000000000000004,0.48627270710869,-0.8738071036110808
2020-06-01 16:45:00,1545.6228571428571,1497.9890476190476,90507.89047619049,14192246770.890476,25.29312340000001,26.636511266666677,0.0480440166999999,16,45,0,153,6,-0.8660254037844384,-0.5000000000000004,0.48627270710869,-0.8738071036110808
2020-06-01 17:00:00,1734.3285714285714,1682.4219047619047,90915.62380952381,14192247178.623808,24.985779689655168,25.35485210344828,0.0526809618965517,17,0,0,153,6,-0.9659258262890683,-0.25881904510252063,0.48627270710869,-0.8738071036110808
2020-06-01 17:15:00,696.3147619047619,672.8166666666667,91218.36666666665,14192247481.366667,24.644906633333328,24.1804921,0.0235144601,17,15,0,153,6,-0.9659258262890683,-0.25881904510252063,0.48627270710869,-0.8738071036110808
2020-06-01 17:30:00,178.83269230769233,172.48397435897436,91313.07051282052,14192247576.07051,24.592791038461534,23.769449192307693,0.0081184141923076,17,30,0,153,6,-0.9659258262890683,-0.25881904510252063,0.48627270710869,-0.8738071036110808
2020-06-01 18:00:00,0.0,0.0,91326.0,14192247589.0,23.71810766666667,23.40748345833333,0.0009708703345833,18,0,0,153,6,-1.0,-1.8369701987210297e-16,0.48627270710869,-0.8738071036110808
2020-06-01 18:15:00,0.0,0.0,91326.0,14192247589.0,23.446385966666664,23.27403063333333,0.0003928348473333,18,15,0,153,6,-1.0,-1.8369701987210297e-16,0.48627270710869,-0.8738071036110808
2020-06-01 18:30:00,0.0,0.0,91326.0,14192247589.0,23.588117965517245,23.3298445862069,5.559669268965517e-05,18,30,0,153,6,-1.0,-1.8369701987210297e-16,0.48627270710869,-0.8738071036110808
2020-06-01 18:45:00,0.0,0.0,91326.0,14192247589.0,23.59890143333333,23.349148733333344,0.0,18,45,0,153,6,-1.0,-1.8369701987210297e-16,0.48627270710869,-0.8738071036110808
2020-06-01 19:00:00,0.0,0.0,91326.0,14192247589.0,23.72271413793104,23.42210965517241,0.0,19,0,0,153,6,-0.9659258262890684,0.2588190451025203,0.48627270710869,-0.8738071036110808
2020-06-01 19:15:00,0.0,0.0,91326.0,14192247589.0,23.58577883333333,23.355973333333328,0.0,19,15,0,153,6,-0.9659258262890684,0.2588190451025203,0.48627270710869,-0.8738071036110808
2020-06-01 19:30:00,0.0,0.0,91326.0,14192247589.0,23.44893493103448,23.228958862068968,0.0,19,30,0,153,6,-0.9659258262890684,0.2588190451025203,0.48627270710869,-0.8738071036110808
2020-06-01 19:45:00,0.0,0.0,91326.0,14192247589.0,23.29360873333333,23.142231366666675,0.0,19,45,0,153,6,-0.9659258262890684,0.2588190451025203,0.48627270710869,-0.8738071036110808
2020-06-01 20:00:00,0.0,0.0,91326.0,14192247589.0,23.13512375862069,22.956744,0.0,20,0,0,153,6,-0.8660254037844386,0.5000000000000001,0.48627270710869,-0.8738071036110808
2020-06-01 20:15:00,0.0,0.0,91326.0,14192247589.0,23.22152303333333,22.95596703333333,0.0,20,15,0,153,6,-0.8660254037844386,0.5000000000000001,0.48627270710869,-0.8738071036110808
2020-06-01 20:30:00,0.0,0.0,91326.0,14192247589.0,23.271758862068967,22.853514620689648,0.0,20,30,0,153,6,-0.8660254037844386,0.5000000000000001,0.48627270710869,-0.8738071036110808
2020-06-01 20:45:00,0.0,0.0,91326.0,14192247589.0,23.369856766666665,23.009596599999995,0.0,20,45,0,153,6,-0.8660254037844386,0.5000000000000001,0.48627270710869,-0.8738071036110808
2020-06-01 21:00:00,0.0,0.0,91326.0,14192247589.0,23.33274262068965,23.007589344827576,0.0,21,0,0,153,6,-0.7071067811865477,0.7071067811865474,0.48627270710869,-0.8738071036110808
2020-06-01 21:15:00,0.0,0.0,91326.0,14192247589.0,23.3867891,23.03463536666667,0.0,21,15,0,153,6,-0.7071067811865477,0.7071067811865474,0.48627270710869,-0.8738071036110808
2020-06-01 21:30:00,0.0,0.0,91326.0,14192247589.0,23.4847129,23.058717766666664,0.0,21,30,0,153,6,-0.7071067811865477,0.7071067811865474,0.48627270710869,-0.8738071036110808
2020-06-01 21:45:00,0.0,0.0,91326.0,14192247589.0,23.600198586206893,23.070833344827587,0.0,21,45,0,153,6,-0.7071067811865477,0.7071067811865474,0.48627270710869,-0.8738071036110808
2020-06-01 22:00:00,0.0,0.0,91326.0,14192247589.0,23.658306066666672,23.232104766666662,0.0,22,0,0,153,6,-0.5000000000000004,0.8660254037844384,0.48627270710869,-0.8738071036110808
2020-06-01 22:15:00,0.0,0.0,91326.0,14192247589.0,23.667698551724136,23.233116448275865,0.0,22,15,0,153,6,-0.5000000000000004,0.8660254037844384,0.48627270710869,-0.8738071036110808
2020-06-01 22:30:00,0.0,0.0,91061.33333333333,14072577542.466667,23.6461244,23.244825266666663,0.0,22,30,0,153,6,-0.5000000000000004,0.8660254037844384,0.48627270710869,-0.8738071036110808
2020-06-01 22:45:00,0.0,0.0,91326.0,14192247589.0,23.661650793103448,23.346891344827583,0.0,22,45,0,153,6,-0.5000000000000004,0.8660254037844384,0.48627270710869,-0.8738071036110808
2020-06-01 23:00:00,0.0,0.0,91326.0,14192247589.0,23.591604633333333,23.25824696666667,0.0,23,0,0,153,6,-0.25881904510252157,0.9659258262890681,0.48627270710869,-0.8738071036110808
2020-06-01 23:15:00,0.0,0.0,91326.0,14192247589.0,23.5920869,23.23701086666667,0.0,23,15,0,153,6,-0.25881904510252157,0.9659258262890681,0.48627270710869,-0.8738071036110808
2020-06-01 23:30:00,0.0,0.0,91326.0,14192247589.0,23.68483689655173,23.412834344827587,0.0,23,30,0,153,6,-0.25881904510252157,0.9659258262890681,0.48627270710869,-0.8738071036110808
2020-06-01 23:45:00,0.0,0.0,83908.66666666667,14192247589.0,23.643209,23.09573873333333,0.0,23,45,0,153,6,-0.25881904510252157,0.9659258262890681,0.48627270710869,-0.8738071036110808
2020-06-02 00:00:00,0.0,0.0,35170.933333333334,14192247589.0,23.54084489655172,22.76998803448276,0.0,0,0,1,154,6,0.0,1.0,0.4711595076738638,-0.8820480249558537
2020-06-02 00:15:00,0.0,0.0,20552.22857142857,14192247589.0,23.453650199999995,22.522193399999995,0.0,0,15,1,154,6,0.0,1.0,0.4711595076738638,-0.8820480249558537
2020-06-02 00:30:00,0.0,0.0,15960.0,14192247589.0,23.393078866666663,22.47517596666667,0.0,0,30,1,154,6,0.0,1.0,0.4711595076738638,-0.8820480249558537
2020-06-02 00:45:00,0.0,0.0,15960.0,14192247589.0,23.42435786206897,22.32573203448276,0.0,0,45,1,154,6,0.0,1.0,0.4711595076738638,-0.8820480249558537
2020-06-02 01:00:00,0.0,0.0,15960.0,14192247589.0,23.40566436666667,22.287760633333328,0.0,1,0,1,154,6,0.25881904510252074,0.9659258262890683,0.4711595076738638,-0.8820480249558537
2020-06-02 01:15:00,0.0,0.0,15960.0,14192247589.0,23.37376044827586,22.294950379310343,0.0,1,15,1,154,6,0.25881904510252074,0.9659258262890683,0.4711595076738638,-0.8820480249558537
2020-06-02 01:30:00,0.0,0.0,15960.0,14192247589.0,23.281397500000004,21.9850617,0.0,1,30,1,154,6,0.25881904510252074,0.9659258262890683,0.4711595076738638,-0.8820480249558537
2020-06-02 01:45:00,0.0,0.0,15960.0,14192080626.571428,23.15951693103448,21.808919000000003,0.0,1,45,1,154,6,0.25881904510252074,0.9659258262890683,0.4711595076738638,-0.8820480249558537
2020-06-02 02:00:00,0.0,0.0,15960.0,14192247589.0,23.188746533333333,21.8047476,0.0,2,0,1,154,6,0.49999999999999994,0.8660254037844387,0.4711595076738638,-0.8820480249558537
2020-06-02 02:15:00,0.0,0.0,15960.0,14192247589.0,23.142530566666668,21.798753966666663,0.0,2,15,1,154,6,0.49999999999999994,0.8660254037844387,0.4711595076738638,-0.8820480249558537
2020-06-02 02:30:00,0.0,0.0,15960.0,14192247589.0,23.046586344827592,21.81410910344828,0.0,2,30,1,154,6,0.49999999999999994,0.8660254037844387,0.4711595076738638,-0.8820480249558537
2020-06-02 02:45:00,0.0,0.0,12551.57142857143,14192247589.0,23.0449349,21.928314233333342,0.0,2,45,1,154,6,0.49999999999999994,0.8660254037844387,0.4711595076738638,-0.8820480249558537
2020-06-02 03:00:00,0.0,0.0,11622.0,14102350102.333334,23.054548482758616,22.202292758620693,0.0,3,0,1,154,6,0.7071067811865475,0.7071067811865476,0.4711595076738638,-0.8820480249558537
2020-06-02 03:15:00,0.0,0.0,11622.0,14192247589.0,23.0670103,22.257735366666665,0.0,3,15,1,154,6,0.7071067811865475,0.7071067811865476,0.4711595076738638,-0.8820480249558537
2020-06-02 03:30:00,0.0,0.0,11622.0,14192247589.0,23.055033551724133,21.74863513793104,0.0,3,30,1,154,6,0.7071067811865475,0.7071067811865476,0.4711595076738638,-0.8820480249558537
2020-06-02 03:45:00,0.0,0.0,11622.0,14192247589.0,23.02189033333333,21.418355300000005,0.0,3,45,1,154,6,0.7071067811865475,0.7071067811865476,0.4711595076738638,-0.8820480249558537
2020-06-02 04:00:00,0.0,0.0,11622.0,14192247589.0,23.09342620689656,22.18510710344828,0.0,4,0,1,154,6,0.8660254037844386,0.5000000000000001,0.4711595076738638,-0.8820480249558537
2020-06-02 04:15:00,0.0,0.0,11622.0,14192247589.0,23.003746500000005,22.22702553333333,0.0,4,15,1,154,6,0.8660254037844386,0.5000000000000001,0.4711595076738638,-0.8820480249558537
2020-06-02 04:30:00,0.0,0.0,11622.0,14192247589.0,23.159515896551724,22.215366862068965,0.0,4,30,1,154,6,0.8660254037844386,0.5000000000000001,0.4711595076738638,-0.8820480249558537
2020-06-02 04:45:00,0.0,0.0,8216.266666666666,14192247589.0,23.118444333333333,22.3312501,0.0,4,45,1,154,6,0.8660254037844386,0.5000000000000001,0.4711595076738638,-0.8820480249558537
2020-06-02 05:00:00,0.0,0.0,7973.0,14192247589.0,23.046839266666662,22.076184133333328,0.0,5,0,1,154,6,0.9659258262890683,0.25881904510252074,0.4711595076738638,-0.8820480249558537
2020-06-02 05:15:00,0.0,0.0,7973.0,14192247589.0,23.055029172413796,21.936602413793103,0.0,5,15,1,154,6,0.9659258262890683,0.25881904510252074,0.4711595076738638,-0.8820480249558537
2020-06-02 05:30:00,0.0,0.0,4143.0,14192247589.0,22.95900966666667,22.1907981,0.0,5,30,1,154,6,0.9659258262890683,0.25881904510252074,0.4711595076738638,-0.8820480249558537
2020-06-02 05:45:00,5.365714285714285,5.178095238095238,4143.0,14192247589.0,22.926509413793102,22.15299417241379,0.0022517831692068,5,45,1,154,6,0.9659258262890683,0.25881904510252074,0.4711595076738638,-0.8820480249558537
2020-06-02 06:00:00,580.5328571428571,560.7314285714285,2125.390476190476,14192247643.890476,22.916382666666664,22.247264800000004,0.0197261745333333,6,0,1,154,6,1.0,6.123233995736766e-17,0.4711595076738638,-0.8820480249558537
2020-06-02 06:15:00,1457.4433333333334,1412.097142857143,295.06666666666666,14192247886.066668,23.032455400000003,22.654440366666662,0.0478369210666666,6,15,1,154,6,1.0,6.123233995736766e-17,0.4711595076738638,-0.8820480249558537
2020-06-02 06:30:00,2444.554761904762,2378.0414285714287,753.1952380952381,14192248344.195238,23.34289765517241,23.383397620689653,0.0765928847931034,6,30,1,154,6,1.0,6.123233995736766e-17,0.4711595076738638,-0.8820480249558537
2020-06-02 06:45:00,5309.429999999999,5207.334285714285,1666.9619047619046,14192249257.961903,23.856942766666663,24.491645266666666,0.1477497143333332,6,45,1,154,6,1.0,6.123233995736766e-17,0.4711595076738638,-0.8820480249558537
2020-06-02 07:00:00,5325.154285714286,5224.114285714286,2971.461904761905,14192250562.461905,24.22141779310345,25.01937748275861,0.1818574268965516,7,0,1,154,6,0.9659258262890683,-0.25881904510252063,0.4711595076738638,-0.8820480249558537
2020-06-02 07:15:00,7167.462380952381,7043.2904761904765,4526.766666666666,14192252117.766666,24.62806283333333,27.239791766666663,0.245755635,7,15,1,154,6,0.9659258262890683,-0.25881904510252063,0.4711595076738638,-0.8820480249558537
2020-06-02 07:30:00,7971.315238095238,7834.374285714286,6396.795238095237,14180131689.395237,24.969555068965523,28.1687254137931,0.2627643006896551,7,30,1,154,6,0.9659258262890683,-0.25881904510252063,0.4711595076738638,-0.8820480249558537
2020-06-02 07:45:00,8443.792380952382,8295.330952380953,8370.095238095237,14180133662.695238,25.263770500000003,29.250516766666664,0.2766070663333333,7,45,1,154,6,0.9659258262890683,-0.25881904510252063,0.4711595076738638,-0.8820480249558537
2020-06-02 08:00:00,10844.583333333332,10634.464285714284,10767.633333333333,14192258358.633333,25.729429199999995,32.35679116666666,0.3595941213333333,8,0,1,154,6,0.8660254037844387,-0.4999999999999998,0.4711595076738638,-0.8820480249558537
2020-06-02 08:15:00,11199.373333333333,10980.859999999999,13466.733333333334,14192261057.733334,26.090604379310346,33.56801127586206,0.3688924465517241,8,15,1,154,6,0.8660254037844387,-0.4999999999999998,0.4711595076738638,-0.8820480249558537
2020-06-02 08:30:00,11943.593333333332,11707.530476190475,16274.119047619046,14192263865.119047,26.44687696666666,34.41820253333332,0.377332969,8,30,1,154,6,0.8660254037844387,-0.4999999999999998,0.4711595076738638,-0.8820480249558537
2020-06-02 08:45:00,14129.07619047619,13840.97619047619,19503.842857142856,14192267094.842857,26.808725310344823,35.04586710344829,0.443209798275862,8,45,1,154,6,0.8660254037844387,-0.4999999999999998,0.4711595076738638,-0.8820480249558537
2020-06-02 09:00:00,15303.534285714286,14987.06142857143,23138.44761904762,14192270729.447618,27.249029466666663,35.537271133333334,0.4957501996666666,9,0,1,154,6,0.7071067811865476,-0.7071067811865475,0.4711595076738638,-0.8820480249558537
2020-06-02 09:15:00,12783.971428571429,12528.579047619049,26608.004761904762,14192274199.00476,27.425496275862077,34.496706137931035,0.394868714137931,9,15,1,154,6,0.7071067811865476,-0.7071067811865475,0.4711595076738638,-0.8820480249558537
2020-06-02 09:30:00,13247.09761904762,12981.047142857142,29515.885714285716,14042420909.285713,27.327536,33.792619,0.4056886073333333,9,30,1,154,6,0.7071067811865476,-0.7071067811865475,0.4711595076738638,-0.8820480249558537
2020-06-02 09:45:00,13610.093333333332,13333.973333333333,33017.333333333336,14192280608.333334,27.754356551724136,36.347844689655176,0.4331567996551724,9,45,1,154,6,0.7071067811865476,-0.7071067811865475,0.4711595076738638,-0.8820480249558537
2020-06-02 10:00:00,14623.733333333334,14322.005714285715,36440.37619047619,14192284031.37619,27.99881283333333,38.14251193333333,0.4691548053333333,10,0,1,154,6,0.49999999999999994,-0.8660254037844387,0.4711595076738638,-0.8820480249558537
2020-06-02 10:15:00,16029.567142857142,15693.361428571428,40362.60476190476,14192287953.604761,28.474187379310347,40.54221093103449,0.5366073751724137,10,15,1,154,6,0.49999999999999994,-0.8660254037844387,0.4711595076738638,-0.8820480249558537
2020-06-02 10:30:00,14327.718095238095,14033.785714285714,44012.857142857145,14192291603.857143,28.5353607,40.11957696666667,0.4402971343333333,10,30,1,154,6,0.49999999999999994,-0.8660254037844387,0.4711595076738638,-0.8820480249558537
2020-06-02 10:45:00,14690.448571428571,14376.927142857143,47517.69523809524,14192295108.695238,28.8915477,41.118934,0.5421418333333334,10,45,1,154,6,0.49999999999999994,-0.8660254037844387,0.4711595076738638,-0.8820480249558537
2020-06-02 11:00:00,13645.628571428571,13365.20523809524,50608.938095238096,14191969707.204762,28.94237755172413,40.4737073448276,0.4515145148275862,11,0,1,154,6,0.258819045102521,-0.9659258262890682,0.4711595076738638,-0.8820480249558537
2020-06-02 11:15:00,5498.685714285714,5378.966666666666,23059.63333333333,9069861026.104763,29.25102733333333,43.11183256666668,0.6886449540000001,11,15,1,154,6,0.258819045102521,-0.9659258262890682,0.4711595076738638,-0.8820480249558537
2020-06-02 11:30:00,15379.158095238095,14998.535238095239,49367.91428571429,14192303346.447618,30.376630103448274,53.56674610344828,0.9250587272413796,11,30,1,154,6,0.258819045102521,-0.9659258262890682,0.4711595076738638,-0.8820480249558537
2020-06-02 11:45:00,12743.955714285714,12440.525238095239,54435.9,14192306966.9,31.0751586,58.731929366666655,0.9018453599999998,11,45,1,154,6,0.258819045102521,-0.9659258262890682,0.4711595076738638,-0.8820480249558537
2020-06-02 12:00:00,10649.74476190476,10408.080952380953,57082.29523809524,14192309613.295238,31.1120174137931,55.954420448275854,0.7622861868965517,12,0,1,154,6,1.2246467991473532e-16,-1.0,0.4711595076738638,-0.8820480249558537
2020-06-02 12:15:00,9057.466666666667,8849.713333333333,56316.53333333333,13543907510.0,31.06728196666667,55.0839924,0.6874744083333332,12,15,1,154,6,1.2246467991473532e-16,-1.0,0.4711595076738638,-0.8820480249558537
2020-06-02 12:30:00,0.0,0.0,0.0,0.0,31.939592433333328,62.56430569999999,1.083226548,12,30,1,154,6,1.2246467991473532e-16,-1.0,0.4711595076738638,-0.8820480249558537
2020-06-02 12:45:00,12598.599523809524,12293.598095238096,48983.857142857145,13363768275.495237,33.18994672413792,66.6359527586207,1.0562036024137933,12,45,1,154,6,1.2246467991473532e-16,-1.0,0.4711595076738638,-0.8820480249558537
2020-06-02 13:00:00,10930.619999999999,10691.98,70087.0,14192317678.0,32.27054523333334,55.004828066666654,0.5661604149999998,13,0,1,154,6,-0.2588190451025208,-0.9659258262890683,0.4711595076738638,-0.8820480249558537
2020-06-02 13:15:00,15849.075238095238,15464.837142857143,73329.51904761905,14192320920.519047,32.887627827586215,54.72453555172415,0.891525553103448,13,15,1,154,6,-0.2588190451025208,-0.9659258262890683,0.4711595076738638,-0.8820480249558537
2020-06-02 13:30:00,16862.486666666668,16444.18666666667,77249.18571428572,14192324840.185715,33.179932833333325,57.115372966666655,0.93505356,13,30,1,154,6,-0.2588190451025208,-0.9659258262890683,0.4711595076738638,-0.8820480249558537
2020-06-02 13:45:00,15726.330476190476,15344.34857142857,81252.42380952381,14192328843.42381,33.78014186206898,58.9595032413793,0.86941443,13,45,1,154,6,-0.2588190451025208,-0.9659258262890683,0.4711595076738638,-0.8820480249558537
2020-06-02 14:00:00,18936.80238095238,18469.104285714286,85503.75714285714,14192333094.757143,33.581305900000004,59.8907156,0.966886285,14,0,1,154,6,-0.4999999999999997,-0.8660254037844388,0.4711595076738638,-0.8820480249558537
2020-06-02 14:15:00,16215.28,15833.446666666667,89767.13333333333,14192337358.133333,32.98081806896551,55.06886103448276,0.7214576427586207,14,15,1,154,6,-0.4999999999999997,-0.8660254037844388,0.4711595076738638,-0.8820480249558537
2020-06-02 14:30:00,13029.986666666668,12731.236666666666,93291.77142857143,14192340882.77143,32.73657323333333,50.73028446666667,0.602263703,14,30,1,154,6,-0.4999999999999997,-0.8660254037844388,0.4711595076738638,-0.8820480249558537
2020-06-02 14:45:00,15778.324285714285,15417.28238095238,96861.54761904762,14192344452.547619,32.74011437931035,51.55821696551723,0.670690565862069,14,45,1,154,6,-0.4999999999999997,-0.8660254037844388,0.4711595076738638,-0.8820480249558537
2020-06-02 15:00:00,15747.557142857142,15402.649523809523,100890.86666666667,14192348481.866667,32.62758303333334,49.09895223333333,0.4792966316666666,15,0,1,154,6,-0.7071067811865471,-0.7071067811865479,0.4711595076738638,-0.8820480249558537
2020-06-02 15:15:00,13167.813333333334,12874.493333333332,103586.59999999999,14184280186.6,31.9380421,42.293699200000006,0.4006817327666666,15,15,1,154,6,-0.7071067811865471,-0.7071067811865479,0.4711595076738638,-0.8820480249558537
2020-06-02 15:30:00,18384.569523809525,17983.16380952381,108375.91428571429,14192355966.914286,32.84086431034483,48.34478234482759,0.5600057106896552,15,30,1,154,6,-0.7071067811865471,-0.7071067811865479,0.4711595076738638,-0.8820480249558537
2020-06-02 15:45:00,12251.978571428572,12000.988571428572,112240.5,14192359831.499998,31.931493066666665,43.15259639999999,0.3353806863333332,15,45,1,154,6,-0.7071067811865471,-0.7071067811865479,0.4711595076738638,-0.8820480249558537
2020-06-02 16:00:00,7293.675714285714,7138.434285714286,83612.01904761905,10429091358.690475,31.42358703448276,39.554146827586216,0.3865036213793103,16,0,1,154,6,-0.8660254037844384,-0.5000000000000004,0.4711595076738638,-0.8820480249558537
2020-06-02 16:15:00,0.0,0.0,0.0,0.0,31.6451579,42.85566706666666,0.3780669756666667,16,15,1,154,6,-0.8660254037844384,-0.5000000000000004,0.4711595076738638,-0.8820480249558537
2020-06-02 16:30:00,0.0,0.0,0.0,937831977.6904762,32.09593496666667,42.76547349999999,0.4176225276666667,16,30,1,154,6,-0.8660254037844384,-0.5000000000000004,0.4711595076738638,-0.8820480249558537
2020-06-02 16:45:00,10956.174285714285,10737.665714285715,100198.43333333333,14192364051.804762,32.224939551724134,42.130451206896566,0.3644395048275861,16,45,1,154,6,-0.8660254037844384,-0.5000000000000004,0.4711595076738638,-0.8820480249558537
2020-06-02 17:00:00,10964.691904761905,10754.255714285715,119374.7619047619,14192366965.761906,31.528182966666662,39.44536643333333,0.3232714083333334,17,0,1,154,6,-0.9659258262890683,-0.25881904510252063,0.4711595076738638,-0.8820480249558537
2020-06-02 17:15:00,8887.95,8732.167142857143,121760.19047619047,14192369351.190475,30.72394213793104,36.51634479310344,0.2603328393103448,17,15,1,154,6,-0.9659258262890683,-0.25881904510252063,0.4711595076738638,-0.8820480249558537
2020-06-02 17:30:00,7377.195238095238,7250.38,123775.97142857143,14192371366.97143,30.1612061,34.92869266666666,0.2214934133333333,17,30,1,154,6,-0.9659258262890683,-0.25881904510252063,0.4711595076738638,-0.8820480249558537
2020-06-02 17:45:00,4460.2,4371.21,125277.93333333333,14192372868.933334,29.57704313793104,32.96825548275864,0.1376829444482758,17,45,1,154,6,-0.9659258262890683,-0.25881904510252063,0.4711595076738638,-0.8820480249558537
2020-06-02 18:00:00,3310.6404761904764,3234.8819047619045,126180.25238095238,14192373771.25238,29.159902933333328,31.01178996666667,0.1019844427999999,18,0,1,154,6,-1.0,-1.8369701987210297e-16,0.4711595076738638,-0.8820480249558537
2020-06-02 18:15:00,1784.3866666666668,1731.5,126814.13333333333,14192374405.133333,28.77739734482758,29.769714379310347,0.0553288056206896,18,15,1,154,6,-1.0,-1.8369701987210297e-16,0.4711595076738638,-0.8820480249558537
2020-06-02 18:30:00,541.1914285714286,522.6166666666667,126832.04761904762,14184303432.047619,28.263504,28.163774666666665,0.0173682756766666,18,30,1,154,6,-1.0,-1.8369701987210297e-16,0.4711595076738638,-0.8820480249558537
2020-06-02 18:45:00,23.954761904761902,23.087619047619047,127150.4,14192374741.4,27.9587657,27.024054999999997,0.001615691398,18,45,1,154,6,-1.0,-1.8369701987210297e-16,0.4711595076738638,-0.8820480249558537
2020-06-02 19:00:00,0.0,0.0,127151.0,14192374742.0,27.649506689655176,26.337868620689648,0.0,19,0,1,154,6,-0.9659258262890684,0.2588190451025203,0.4711595076738638,-0.8820480249558537
2020-06-02 19:15:00,0.0,0.0,127151.0,14192374742.0,27.327332666666667,25.931244766666666,0.0,19,15,1,154,6,-0.9659258262890684,0.2588190451025203,0.4711595076738638,-0.8820480249558537
2020-06-02 19:30:00,0.0,0.0,127151.0,14192374742.0,27.10787,25.67865724137932,0.0,19,30,1,154,6,-0.9659258262890684,0.2588190451025203,0.4711595076738638,-0.8820480249558537
2020-06-02 19:45:00,0.0,0.0,127151.0,14192374742.0,26.866580000000003,25.344942233333327,0.0,19,45,1,154,6,-0.9659258262890684,0.2588190451025203,0.4711595076738638,-0.8820480249558537
2020-06-02 20:00:00,0.0,0.0,127151.0,14192374742.0,26.851251066666663,25.323512699999995,0.0,20,0,1,154,6,-0.8660254037844386,0.5000000000000001,0.4711595076738638,-0.8820480249558537
2020-06-02 20:15:00,0.0,0.0,126785.66666666667,14178424772.4,26.742217068965516,25.533428344827588,0.0,20,15,1,154,6,-0.8660254037844386,0.5000000000000001,0.4711595076738638,-0.8820480249558537
2020-06-02 20:30:00,0.0,0.0,127151.0,14192374742.0,26.576506433333336,25.671432433333333,0.0,20,30,1,154,6,-0.8660254037844386,0.5000000000000001,0.4711595076738638,-0.8820480249558537
2020-06-02 20:45:00,0.0,0.0,127151.0,14192374742.0,26.32929210344828,25.44009513793104,0.0,20,45,1,154,6,-0.8660254037844386,0.5000000000000001,0.4711595076738638,-0.8820480249558537
2020-06-02 21:00:00,0.0,0.0,127151.0,14192374742.0,26.221999066666665,25.291845633333327,0.0,21,0,1,154,6,-0.7071067811865477,0.7071067811865474,0.4711595076738638,-0.8820480249558537
2020-06-02 21:15:00,0.0,0.0,127151.0,14192374742.0,26.089873300000008,25.114930066666663,0.0,21,15,1,154,6,-0.7071067811865477,0.7071067811865474,0.4711595076738638,-0.8820480249558537
2020-06-02 21:30:00,0.0,0.0,127151.0,14192374742.0,25.897334827586207,24.964121862068964,0.0,21,30,1,154,6,-0.7071067811865477,0.7071067811865474,0.4711595076738638,-0.8820480249558537
2020-06-02 21:45:00,0.0,0.0,127151.0,14192374742.0,25.658333266666663,24.3061309,0.0,21,45,1,154,6,-0.7071067811865477,0.7071067811865474,0.4711595076738638,-0.8820480249558537
2020-06-02 22:00:00,0.0,0.0,127151.0,14192374742.0,25.557441275862068,24.190670689655164,0.0,22,0,1,154,6,-0.5000000000000004,0.8660254037844384,0.4711595076738638,-0.8820480249558537
2020-06-02 22:15:00,0.0,0.0,127151.0,14192374742.0,25.4292397,24.002729433333336,0.0,22,15,1,154,6,-0.5000000000000004,0.8660254037844384,0.4711595076738638,-0.8820480249558537
2020-06-02 22:30:00,0.0,0.0,127151.0,14192374742.0,25.28490893103449,24.087029862068967,0.0,22,30,1,154,6,-0.5000000000000004,0.8660254037844384,0.4711595076738638,-0.8820480249558537
2020-06-02 22:45:00,0.0,0.0,127151.0,14192374742.0,25.146390900000004,24.0475769,0.0,22,45,1,154,6,-0.5000000000000004,0.8660254037844384,0.4711595076738638,-0.8820480249558537
2020-06-02 23:00:00,0.0,0.0,127151.0,14192374742.0,25.105476066666668,24.3027872,0.0,23,0,1,154,6,-0.25881904510252157,0.9659258262890681,0.4711595076738638,-0.8820480249558537
2020-06-02 23:15:00,0.0,0.0,127151.0,14192374742.0,25.022536586206897,24.224228482758623,0.0,23,15,1,154,6,-0.25881904510252157,0.9659258262890681,0.4711595076738638,-0.8820480249558537
2020-06-02 23:30:00,0.0,0.0,127151.0,14192374742.0,24.9870756,24.487060433333337,0.0,23,30,1,154,6,-0.25881904510252157,0.9659258262890681,0.4711595076738638,-0.8820480249558537
2020-06-02 23:45:00,0.0,0.0,118724.30476190476,14192374742.0,25.01158706896552,24.60736403448276,0.0,23,45,1,154,6,-0.25881904510252157,0.9659258262890681,0.4711595076738638,-0.8820480249558537
2020-06-03 00:00:00,0.0,0.0,56320.55238095238,14192374742.0,25.009733933333337,24.62781073333333,0.0,0,0,2,155,6,0.0,1.0,0.4559066935084588,-0.8900275764346767
2020-06-03 00:15:00,0.0,0.0,42041.0,14184399321.928572,25.11708393333333,24.668722566666663,0.0,0,15,2,155,6,0.0,1.0,0.4559066935084588,-0.8900275764346767
2020-06-03 00:30:00,0.0,0.0,40035.666666666664,14192374742.0,25.03663796551724,24.67274310344828,0.0,0,30,2,155,6,0.0,1.0,0.4559066935084588,-0.8900275764346767
2020-06-03 00:45:00,0.0,0.0,33676.42857142857,14192374742.0,24.88153950000001,24.4358582,0.0,0,45,2,155,6,0.0,1.0,0.4559066935084588,-0.8900275764346767
2020-06-03 01:00:00,0.0,0.0,30545.0,14192374742.0,24.849428275862063,24.534219413793107,0.0,1,0,2,155,6,0.25881904510252074,0.9659258262890683,0.4559066935084588,-0.8900275764346767
2020-06-03 01:15:00,0.0,0.0,25193.86666666667,14192374742.0,24.70987946666667,24.405362866666664,0.0,1,15,2,155,6,0.25881904510252074,0.9659258262890683,0.4559066935084588,-0.8900275764346767
2020-06-03 01:30:00,0.0,0.0,23248.0,14192374742.0,23.89929813333333,22.698678666666662,0.0,1,30,2,155,6,0.25881904510252074,0.9659258262890683,0.4559066935084588,-0.8900275764346767
2020-06-03 01:45:00,0.0,0.0,23248.0,14192374742.0,23.764127482758617,22.400543241379307,0.0,1,45,2,155,6,0.25881904510252074,0.9659258262890683,0.4559066935084588,-0.8900275764346767
2020-06-03 02:00:00,0.0,0.0,23248.0,14192374742.0,24.0012901,22.53145743333334,0.0,2,0,2,155,6,0.49999999999999994,0.8660254037844387,0.4559066935084588,-0.8900275764346767
2020-06-03 02:15:00,0.0,0.0,23248.0,14192374742.0,24.127484655172417,22.98021413793104,0.0,2,15,2,155,6,0.49999999999999994,0.8660254037844387,0.4559066935084588,-0.8900275764346767
2020-06-03 02:30:00,0.0,0.0,23248.0,14192374742.0,24.176533066666668,23.671940233333327,0.0,2,30,2,155,6,0.49999999999999994,0.8660254037844387,0.4559066935084588,-0.8900275764346767
2020-06-03 02:45:00,0.0,0.0,23248.0,14192374742.0,23.986036827586208,23.768178068965515,0.0,2,45,2,155,6,0.49999999999999994,0.8660254037844387,0.4559066935084588,-0.8900275764346767
2020-06-03 03:00:00,0.0,0.0,23248.0,14192374742.0,23.849284566666665,23.284093366666664,0.0,3,0,2,155,6,0.7071067811865475,0.7071067811865476,0.4559066935084588,-0.8900275764346767
2020-06-03 03:15:00,0.0,0.0,23248.0,14192374742.0,23.739755166666665,22.95713493333333,0.0,3,15,2,155,6,0.7071067811865475,0.7071067811865476,0.4559066935084588,-0.8900275764346767
2020-06-03 03:30:00,0.0,0.0,22754.4,14192374742.0,23.71006827586207,22.816541103448277,0.0,3,30,2,155,6,0.7071067811865475,0.7071067811865476,0.4559066935084588,-0.8900275764346767
2020-06-03 03:45:00,0.0,0.0,15844.0,14192374742.0,23.777843833333336,22.928754666666663,0.0,3,45,2,155,6,0.7071067811865475,0.7071067811865476,0.4559066935084588,-0.8900275764346767
2020-06-03 04:00:00,0.0,0.0,15844.0,14192374742.0,23.80809186206897,23.26818020689656,0.0,4,0,2,155,6,0.8660254037844386,0.5000000000000001,0.4559066935084588,-0.8900275764346767
2020-06-03 04:15:00,0.0,0.0,15844.0,14192374742.0,23.859061433333327,23.233272366666668,0.0,4,15,2,155,6,0.8660254037844386,0.5000000000000001,0.4559066935084588,-0.8900275764346767
2020-06-03 04:30:00,0.0,0.0,15844.0,14192374742.0,23.956093333333328,23.429384666666667,0.0,4,30,2,155,6,0.8660254037844386,0.5000000000000001,0.4559066935084588,-0.8900275764346767
2020-06-03 04:45:00,0.0,0.0,15844.0,14192374742.0,23.93930348275862,23.3768531724138,0.0,4,45,2,155,6,0.8660254037844386,0.5000000000000001,0.4559066935084588,-0.8900275764346767
2020-06-03 05:00:00,0.0,0.0,15844.0,14192374742.0,23.97426166666667,23.51823226666667,0.0,5,0,2,155,6,0.9659258262890683,0.25881904510252074,0.4559066935084588,-0.8900275764346767
2020-06-03 05:15:00,0.0,0.0,15844.0,14192374742.0,23.90179627586207,23.270747827586213,0.0,5,15,2,155,6,0.9659258262890683,0.25881904510252074,0.4559066935084588,-0.8900275764346767
2020-06-03 05:30:00,0.0,0.0,10364.8,14192374742.0,23.712452133333336,22.607200066666664,0.0,5,30,2,155,6,0.9659258262890683,0.25881904510252074,0.4559066935084588,-0.8900275764346767
2020-06-03 05:45:00,0.0,0.0,7138.0,14192374742.0,23.659767866666677,22.38197536666668,0.0004657985739999,5,45,2,155,6,0.9659258262890683,0.25881904510252074,0.4559066935084588,-0.8900275764346767
2020-06-03 06:00:00,63.75476190476191,61.51095238095238,5711.799999999999,14192374743.4,23.71561617241379,22.62310255172413,0.0055109736,6,0,2,155,6,1.0,6.123233995736766e-17,0.4559066935084588,-0.8900275764346767
2020-06-03 06:15:00,615.0866666666667,594.12,71.8,14192374813.800001,23.793487200000005,22.96333716666667,0.01923344485,6,15,2,155,6,1.0,6.123233995736766e-17,0.4559066935084588,-0.8900275764346767
2020-06-03 06:30:00,1309.84,1267.9133333333334,304.40000000000003,14078494535.066666,23.843538103448275,24.019455517241383,0.0410589368275862,6,30,2,155,6,1.0,6.123233995736766e-17,0.4559066935084588,-0.8900275764346767
2020-06-03 06:45:00,2325.4723809523807,2260.592380952381,710.6285714285714,14192375452.62857,24.083965133333333,25.116689999999995,0.0729462730999999,6,45,2,155,6,1.0,6.123233995736766e-17,0.4559066935084588,-0.8900275764346767
2020-06-03 07:00:00,3284.423333333333,3204.5090476190476,1424.6,14192376166.6,24.424050933333334,26.273237033333327,0.1068794512333333,7,0,2,155,6,0.9659258262890683,-0.25881904510252063,0.4559066935084588,-0.8900275764346767
2020-06-03 07:15:00,3809.623333333333,3729.4761904761904,2302.6714285714284,14192377044.671429,24.73453382758621,27.13060372413793,0.1249983837931034,7,15,2,155,6,0.9659258262890683,-0.25881904510252063,0.4559066935084588,-0.8900275764346767
2020-06-03 07:30:00,4239.173333333333,4153.946666666667,3248.3333333333335,14192377990.333332,24.866045133333333,27.325342799999994,0.1415349551666666,7,30,2,155,6,0.9659258262890683,-0.25881904510252063,0.4559066935084588,-0.8900275764346767
2020-06-03 07:45:00,8057.530952380952,7899.3852380952385,4513.619047619048,14111352651.619047,25.196312241379317,28.44484520689655,0.2808776558620689,7,45,2,155,6,0.9659258262890683,-0.25881904510252063,0.4559066935084588,-0.8900275764346767
2020-06-03 08:00:00,9578.816666666668,9401.52619047619,7106.452380952382,14192381848.452381,26.033628366666665,33.145246166666674,0.3417407889999999,8,0,2,155,6,0.8660254037844387,-0.4999999999999998,0.4559066935084588,-0.8900275764346767
2020-06-03 08:15:00,9734.538571428571,9556.038095238095,9327.638095238095,14192384069.638096,26.00159110344827,32.63766906896551,0.3276802989655172,8,15,2,155,6,0.8660254037844387,-0.4999999999999998,0.4559066935084588,-0.8900275764346767
2020-06-03 08:30:00,11134.916666666666,10916.765714285713,11856.852380952381,14192386598.85238,26.487010566666665,33.678327633333325,0.3485793976666666,8,30,2,155,6,0.8660254037844387,-0.4999999999999998,0.4559066935084588,-0.8900275764346767
2020-06-03 08:45:00,11456.146666666666,11230.466666666667,14678.066666666668,14192389420.066666,26.84006023333333,34.61722103333334,0.3597880143333333,8,45,2,155,6,0.8660254037844387,-0.4999999999999998,0.4559066935084588,-0.8900275764346767
2020-06-03 09:00:00,15143.809523809523,14829.678571428572,17881.309523809523,14192392623.309523,27.38324703448276,36.82217831034483,0.495570491724138,9,0,2,155,6,0.7071067811865476,-0.7071067811865475,0.4559066935084588,-0.8900275764346767
2020-06-03 09:15:00,9250.08761904762,9070.894285714285,21166.614285714284,14192395908.614285,27.369920800000003,36.14035139999999,0.2928772996666666,9,15,2,155,6,0.7071067811865476,-0.7071067811865475,0.4559066935084588,-0.8900275764346767
2020-06-03 09:30:00,11140.756666666666,10925.244761904762,23330.580952380955,14192398072.58095,27.27601155172413,34.18242127586208,0.3393964103448275,9,30,2,155,6,0.7071067811865476,-0.7071067811865475,0.4559066935084588,-0.8900275764346767
2020-06-03 09:45:00,14450.282857142856,14152.994761904762,26264.719047619048,14192401006.719048,27.503353766666667,36.01624946666666,0.4310271809999999,9,45,2,155,6,0.7071067811865476,-0.7071067811865475,0.4559066935084588,-0.8900275764346767
2020-06-03 10:00:00,12582.753333333332,12326.486666666666,30004.399999999998,14192404746.4,27.972231034482764,38.56706386206897,0.3771576586206897,10,0,2,155,6,0.49999999999999994,-0.8660254037844387,0.4559066935084588,-0.8900275764346767
2020-06-03 10:15:00,9289.439523809524,9107.088095238096,32799.24761904762,14192407541.24762,27.937732966666672,36.67256890000001,0.294314601,10,15,2,155,6,0.49999999999999994,-0.8660254037844387,0.4559066935084588,-0.8900275764346767
2020-06-03 10:30:00,10186.524761904762,9989.834285714285,34751.938095238096,14192409493.938095,27.73315862068965,33.86757368965518,0.2884730410344827,10,30,2,155,6,0.49999999999999994,-0.8660254037844387,0.4559066935084588,-0.8900275764346767
2020-06-03 10:45:00,3398.9038095238093,3321.8914285714286,10022.1,3861019923.119048,29.227473900000003,44.62195646666667,0.8408771333333332,10,45,2,155,6,0.49999999999999994,-0.8660254037844387,0.4559066935084588,-0.8900275764346767
2020-06-03 11:00:00,7896.113333333333,7721.113333333334,22865.133333333335,10418419439.066666,29.679937633333328,48.9569479,0.612939433,11,0,2,155,6,0.258819045102521,-0.9659258262890682,0.4559066935084588,-0.8900275764346767
2020-06-03 11:15:00,13453.016666666666,13158.219523809523,40496.2,14192415238.2,29.355584482758616,42.176900655172425,0.5865128013793105,11,15,2,155,6,0.258819045102521,-0.9659258262890682,0.4559066935084588,-0.8900275764346767
2020-06-03 11:30:00,13019.131428571429,12717.717142857142,44003.04285714286,14192418745.042858,29.9561614,45.211833433333325,0.6931028513333332,11,30,2,155,6,0.258819045102521,-0.9659258262890682,0.4559066935084588,-0.8900275764346767
2020-06-03 11:45:00,10583.31380952381,10347.827142857142,46526.490476190476,14192421268.490475,29.695796655172416,42.21561486206896,0.6007798837931035,11,45,2,155,6,0.258819045102521,-0.9659258262890682,0.4559066935084588,-0.8900275764346767
2020-06-03 12:00:00,13707.146190476189,13380.495714285715,49614.54761904762,14192424356.547619,30.57128906666667,48.612530500000005,0.820300996,12,0,2,155,6,1.2246467991473532e-16,-1.0,0.4559066935084588,-0.8900275764346767
2020-06-03 12:15:00,11281.119999999999,11024.733333333334,52706.46666666667,14192427448.466667,30.7003918,46.0092608,0.6219817166666665,12,15,2,155,6,1.2246467991473532e-16,-1.0,0.4559066935084588,-0.8900275764346767
2020-06-03 12:30:00,9472.91238095238,9273.391904761904,55166.3,14192429908.3,30.121441,41.4236335862069,0.5045320313793104,12,30,2,155,6,1.2246467991473532e-16,-1.0,0.4559066935084588,-0.8900275764346767
2020-06-03 12:45:00,6113.14,5997.613333333333,57081.13333333333,14192431823.133333,29.988367733333337,38.625959,0.2743211493333333,12,45,2,155,6,1.2246467991473532e-16,-1.0,0.4559066935084588,-0.8900275764346767
2020-06-03 13:00:00,2421.2799999999997,2357.457619047619,58077.433333333334,14192432819.433332,28.013037310344828,31.479803758620687,0.0655425346206896,13,0,2,155,6,-0.2588190451025208,-0.9659258262890683,0.4559066935084588,-0.8900275764346767
2020-06-03 13:15:00,13510.22619047619,13234.459047619048,59699.15238095238,14192434441.152382,27.09222916666667,30.6291027,0.387105846,13,15,2,155,6,-0.2588190451025208,-0.9659258262890683,0.4559066935084588,-0.8900275764346767
2020-06-03 13:30:00,12560.806666666667,12306.115714285714,63304.114285714284,14192438046.114286,28.598572866666657,37.6843487,0.4068712906666667,13,30,2,155,6,-0.2588190451025208,-0.9659258262890683,0.4559066935084588,-0.8900275764346767
2020-06-03 13:45:00,11944.656666666666,11607.276666666667,65293.7,14192440035.699999,28.745618083333333,36.34914641666667,0.3485087883333333,13,45,2,155,6,-0.2588190451025208,-0.9659258262890683,0.4559066935084588,-0.8900275764346767
2020-06-03 14:15:00,15438.090476190475,15077.14380952381,73946.48095238095,14192448688.480951,30.450429444444445,45.62854911111112,0.7605293333333332,14,15,2,155,6,-0.4999999999999997,-0.8660254037844388,0.4559066935084588,-0.8900275764346767
2020-06-03 14:30:00,10139.697142857143,9933.102857142858,76731.77142857143,14170478617.171429,29.63802373333333,40.395398066666665,0.437246157,14,30,2,155,6,-0.4999999999999997,-0.8660254037844388,0.4559066935084588,-0.8900275764346767
2020-06-03 14:45:00,14898.23380952381,14579.19380952381,79781.06666666667,14192454523.066668,29.54072510344828,38.459671551724135,0.5355106165517242,14,45,2,155,6,-0.4999999999999997,-0.8660254037844388,0.4559066935084588,-0.8900275764346767
2020-06-03 15:00:00,14290.391904761904,13955.545714285714,83513.2619047619,14192458255.261906,30.53915813333334,47.42155653333333,0.7561365073333336,15,0,2,155,6,-0.7071067811865471,-0.7071067811865479,0.4559066935084588,-0.8900275764346767
2020-06-03 15:15:00,11480.073333333332,11238.52,86620.8,14192461362.8,30.2794955862069,44.771209620689646,0.4806955124137931,15,15,2,155,6,-0.7071067811865471,-0.7071067811865479,0.4559066935084588,-0.8900275764346767
2020-06-03 15:30:00,9438.324285714285,9260.90380952381,89245.17142857143,14192463987.17143,29.630815666666663,37.693619866666666,0.295706478,15,30,2,155,6,-0.7071067811865471,-0.7071067811865479,0.4559066935084588,-0.8900275764346767
2020-06-03 15:45:00,15173.826666666666,14860.613333333333,92198.66666666667,14192466940.666666,29.615360758620685,37.79705796551723,0.4517718568965516,15,45,2,155,6,-0.7071067811865471,-0.7071067811865479,0.4559066935084588,-0.8900275764346767
2020-06-03 16:00:00,10154.24619047619,9963.444285714286,95554.66666666666,14192470296.666666,29.84168186666667,37.93393056666667,0.3154774509999999,16,0,2,155,6,-0.8660254037844384,-0.5000000000000004,0.4559066935084588,-0.8900275764346767
2020-06-03 16:15:00,6634.670476190477,6516.0142857142855,97519.34761904762,14192472261.34762,29.38401,34.55478431034484,0.203640675862069,16,15,2,155,6,-0.8660254037844384,-0.5000000000000004,0.4559066935084588,-0.8900275764346767
2020-06-03 16:30:00,5549.509047619047,5442.245714285714,98918.49047619046,14192473660.490477,28.7046204,32.335272400000015,0.169755189,16,30,2,155,6,-0.8660254037844384,-0.5000000000000004,0.4559066935084588,-0.8900275764346767
2020-06-03 16:45:00,6353.34,6235.578571428571,100328.98095238095,14192475070.980951,28.346714400000003,31.930106666666664,0.193300146,16,45,2,155,6,-0.8660254037844384,-0.5000000000000004,0.4559066935084588,-0.8900275764346767
2020-06-03 17:00:00,5553.460952380952,5448.073333333334,101922.61904761904,14192476664.619047,28.03211920689655,31.82951734482759,0.1668194265517241,17,0,2,155,6,-0.9659258262890683,-0.25881904510252063,0.4559066935084588,-0.8900275764346767
2020-06-03 17:15:00,3893.9138095238095,3815.6847619047617,103050.4,14192477792.4,27.456891733333336,29.92605376666667,0.1186315144333333,17,15,2,155,6,-0.9659258262890683,-0.25881904510252063,0.4559066935084588,-0.8900275764346767
2020-06-03 17:30:00,3315.74,3237.7599999999998,103919.33333333333,14192478661.333334,27.154575689655168,28.822833931034484,0.1014438695862068,17,30,2,155,6,-0.9659258262890683,-0.25881904510252063,0.4559066935084588,-0.8900275764346767
2020-06-03 17:45:00,2699.924761904762,2626.187619047619,104667.75714285714,14192479409.757141,26.89719013333333,28.131608,0.0830490961333333,17,45,2,155,6,-0.9659258262890683,-0.25881904510252063,0.4559066935084588,-0.8900275764346767
2020-06-03 18:00:00,1713.858095238095,1662.5423809523809,105215.34761904762,14192479957.34762,26.82174593333333,27.434948666666664,0.0536429102,18,0,2,155,6,-1.0,-1.8369701987210297e-16,0.4559066935084588,-0.8900275764346767
2020-06-03 18:15:00,824.3638095238096,796.7395238095238,105511.64285714286,14192480253.642857,26.64500493103448,26.866010999999997,0.0267571178965517,18,15,2,155,6,-1.0,-1.8369701987210297e-16,0.4559066935084588,-0.8900275764346767
2020-06-03 18:30:00,278.75666666666666,268.99857142857144,105643.88095238095,14192480385.880953,26.406685333333336,26.28797106666666,0.01010098071,18,30,2,155,6,-1.0,-1.8369701987210297e-16,0.4559066935084588,-0.8900275764346767
2020-06-03 18:45:00,0.0,0.0,105672.0,14192480414.0,26.04888079310345,25.386317655172416,0.0009356197531034,18,45,2,155,6,-1.0,-1.8369701987210297e-16,0.4559066935084588,-0.8900275764346767
2020-06-03 19:00:00,0.0,0.0,105672.0,14192480414.0,25.8285533,24.90916953333333,0.0,19,0,2,155,6,-0.9659258262890684,0.2588190451025203,0.4559066935084588,-0.8900275764346767
2020-06-03 19:15:00,0.0,0.0,105672.0,14192480414.0,25.531681310344837,24.413450068965517,0.0,19,15,2,155,6,-0.9659258262890684,0.2588190451025203,0.4559066935084588,-0.8900275764346767
2020-06-03 19:30:00,0.0,0.0,105672.0,14192480414.0,25.206123966666656,23.9327332,0.0,19,30,2,155,6,-0.9659258262890684,0.2588190451025203,0.4559066935084588,-0.8900275764346767
2020-06-03 19:45:00,0.0,0.0,105672.0,14192480414.0,24.984067655172414,23.820578862068963,0.0,19,45,2,155,6,-0.9659258262890684,0.2588190451025203,0.4559066935084588,-0.8900275764346767
2020-06-03 20:00:00,0.0,0.0,105672.0,14192480414.0,24.8314126,23.98214826666667,0.0,20,0,2,155,6,-0.8660254037844386,0.5000000000000001,0.4559066935084588,-0.8900275764346767
2020-06-03 20:15:00,0.0,0.0,105672.0,14192480414.0,24.7192687,24.015367800000003,0.0,20,15,2,155,6,-0.8660254037844386,0.5000000000000001,0.4559066935084588,-0.8900275764346767
2020-06-03 20:30:00,0.0,0.0,105672.0,14192480414.0,24.657951551724135,24.00843231034483,0.0,20,30,2,155,6,-0.8660254037844386,0.5000000000000001,0.4559066935084588,-0.8900275764346767
2020-06-03 20:45:00,0.0,0.0,105280.06666666667,14185359868.8,24.5213178,23.8033204,0.0,20,45,2,155,6,-0.8660254037844386,0.5000000000000001,0.4559066935084588,-0.8900275764346767
2020-06-03 21:00:00,0.0,0.0,105672.0,14192480414.0,24.463247413793106,23.728676689655178,0.0,21,0,2,155,6,-0.7071067811865477,0.7071067811865474,0.4559066935084588,-0.8900275764346767
2020-06-03 21:15:00,0.0,0.0,105672.0,14192480414.0,24.223528166666668,23.5329428,0.0,21,15,2,155,6,-0.7071067811865477,0.7071067811865474,0.4559066935084588,-0.8900275764346767
2020-06-03 21:30:00,0.0,0.0,105672.0,14192480414.0,23.884560966666665,23.15591536666667,0.0,21,30,2,155,6,-0.7071067811865477,0.7071067811865474,0.4559066935084588,-0.8900275764346767
2020-06-03 21:45:00,0.0,0.0,105672.0,14192480414.0,23.8075873448276,22.942808965517244,0.0,21,45,2,155,6,-0.7071067811865477,0.7071067811865474,0.4559066935084588,-0.8900275764346767
2020-06-03 22:00:00,0.0,0.0,105672.0,14192480414.0,23.7768878,22.9507608,0.0,22,0,2,155,6,-0.5000000000000004,0.8660254037844384,0.4559066935084588,-0.8900275764346767
2020-06-03 22:15:00,0.0,0.0,105672.0,14192480414.0,23.66013751724138,22.72563220689656,0.0,22,15,2,155,6,-0.5000000000000004,0.8660254037844384,0.4559066935084588,-0.8900275764346767
2020-06-03 22:30:00,0.0,0.0,105672.0,14192480414.0,23.76125463333333,22.753861500000003,0.0,22,30,2,155,6,-0.5000000000000004,0.8660254037844384,0.4559066935084588,-0.8900275764346767
2020-06-03 22:45:00,0.0,0.0,105672.0,14192480414.0,23.851649655172416,22.93449668965517,0.0,22,45,2,155,6,-0.5000000000000004,0.8660254037844384,0.4559066935084588,-0.8900275764346767
2020-06-03 23:00:00,0.0,0.0,105672.0,14192480414.0,23.8517117,22.952899433333336,0.0,23,0,2,155,6,-0.25881904510252157,0.9659258262890681,0.4559066935084588,-0.8900275764346767
2020-06-03 23:15:00,0.0,0.0,105672.0,14192480414.0,23.84605431034483,22.88483610344828,0.0,23,15,2,155,6,-0.25881904510252157,0.9659258262890681,0.4559066935084588,-0.8900275764346767
2020-06-03 23:30:00,0.0,0.0,105672.0,14192480414.0,23.800831800000005,22.8171417,0.0,23,30,2,155,6,-0.25881904510252157,0.9659258262890681,0.4559066935084588,-0.8900275764346767
2020-06-03 23:45:00,0.0,0.0,96759.93809523809,14192480414.0,23.7193359,22.8010347,0.0,23,45,2,155,6,-0.25881904510252157,0.9659258262890681,0.4559066935084588,-0.8900275764346767
2020-06-04 00:00:00,0.0,0.0,44605.09523809524,14192480414.0,23.506170827586203,22.726138724137925,0.0,0,0,3,156,6,0.0,1.0,0.440518784350495,-0.8977433935342337
2020-06-04 00:15:00,0.0,0.0,33253.0,14192480414.0,23.52986140000001,22.7003695,0.0,0,15,3,156,6,0.0,1.0,0.440518784350495,-0.8977433935342337
2020-06-04 00:30:00,0.0,0.0,33253.0,14192480414.0,23.517205517241383,22.666822551724145,0.0,0,30,3,156,6,0.0,1.0,0.440518784350495,-0.8977433935342337
2020-06-04 00:45:00,0.0,0.0,31601.0,14192480414.0,23.47985453333333,22.62901106666667,0.0,0,45,3,156,6,0.0,1.0,0.440518784350495,-0.8977433935342337
2020-06-04 01:00:00,0.0,0.0,27643.285714285714,14192480414.0,23.47402967857143,22.578498,0.0,1,0,3,156,6,0.25881904510252074,0.9659258262890683,0.440518784350495,-0.8977433935342337
2020-06-04 01:15:00,0.0,0.0,26091.0,14192480414.0,23.451709266666665,22.467801,0.0,1,15,3,156,6,0.25881904510252074,0.9659258262890683,0.440518784350495,-0.8977433935342337
2020-06-04 01:30:00,0.0,0.0,20499.4,14042623455.6,23.5328036,22.458771933333335,0.0,1,30,3,156,6,0.25881904510252074,0.9659258262890683,0.440518784350495,-0.8977433935342337
2020-06-04 01:45:00,0.0,0.0,20100.0,14192480414.0,23.616814000000005,22.61726865517241,0.0,1,45,3,156,6,0.25881904510252074,0.9659258262890683,0.440518784350495,-0.8977433935342337
2020-06-04 02:00:00,0.0,0.0,20100.0,14192480414.0,23.573609399999995,22.591768733333332,0.0,2,0,3,156,6,0.49999999999999994,0.8660254037844387,0.440518784350495,-0.8977433935342337
2020-06-04 02:15:00,0.0,0.0,20100.0,14192480414.0,23.48257872413793,22.52911786206896,0.0,2,15,3,156,6,0.49999999999999994,0.8660254037844387,0.440518784350495,-0.8977433935342337
2020-06-04 02:30:00,0.0,0.0,20100.0,14192480414.0,23.379536,22.36650506666667,0.0,2,30,3,156,6,0.49999999999999994,0.8660254037844387,0.440518784350495,-0.8977433935342337
2020-06-04 02:45:00,0.0,0.0,20100.0,14192480414.0,23.489091551724137,22.323780172413795,0.0,2,45,3,156,6,0.49999999999999994,0.8660254037844387,0.440518784350495,-0.8977433935342337
2020-06-04 03:00:00,0.0,0.0,20100.0,14192480414.0,23.473553633333328,22.32298903333333,0.0,3,0,3,156,6,0.7071067811865475,0.7071067811865476,0.440518784350495,-0.8977433935342337
2020-06-04 03:15:00,0.0,0.0,20100.0,14192480414.0,23.384287,22.225722862068974,0.0,3,15,3,156,6,0.7071067811865475,0.7071067811865476,0.440518784350495,-0.8977433935342337
2020-06-04 03:30:00,0.0,0.0,20100.0,14192480414.0,23.35194186666667,21.98627733333333,0.0,3,30,3,156,6,0.7071067811865475,0.7071067811865476,0.440518784350495,-0.8977433935342337
2020-06-04 03:45:00,0.0,0.0,19663.35714285714,14192480414.0,23.323459966666668,21.813084933333336,0.0,3,45,3,156,6,0.7071067811865475,0.7071067811865476,0.440518784350495,-0.8977433935342337
2020-06-04 04:00:00,0.0,0.0,13987.0,14192480414.0,23.215870896551728,21.506956931034484,0.0,4,0,3,156,6,0.8660254037844386,0.5000000000000001,0.440518784350495,-0.8977433935342337
2020-06-04 04:15:00,0.0,0.0,13987.0,14192480414.0,23.006512333333337,21.2095956,0.0,4,15,3,156,6,0.8660254037844386,0.5000000000000001,0.440518784350495,-0.8977433935342337
2020-06-04 04:30:00,0.0,0.0,13987.0,14192480414.0,23.00293793103448,21.327939724137927,0.0,4,30,3,156,6,0.8660254037844386,0.5000000000000001,0.440518784350495,-0.8977433935342337
2020-06-04 04:45:00,0.0,0.0,13987.0,14192480414.0,23.15551916666667,21.789905733333335,0.0,4,45,3,156,6,0.8660254037844386,0.5000000000000001,0.440518784350495,-0.8977433935342337
2020-06-04 05:00:00,0.0,0.0,13987.0,14192480414.0,23.29152943333333,22.05218916666667,0.0,5,0,3,156,6,0.9659258262890683,0.25881904510252074,0.440518784350495,-0.8977433935342337
2020-06-04 05:15:00,0.0,0.0,13987.0,14192480414.0,23.260269620689648,22.12411924137931,0.0,5,15,3,156,6,0.9659258262890683,0.25881904510252074,0.440518784350495,-0.8977433935342337
2020-06-04 05:30:00,0.0,0.0,9500.533333333333,14192480414.0,23.181041900000007,21.964067633333336,0.0,5,30,3,156,6,0.9659258262890683,0.25881904510252074,0.440518784350495,-0.8977433935342337
2020-06-04 05:45:00,0.0,0.0,1984.5333333333333,14192480414.0,23.217326379310347,22.105368827586208,0.0003561030461379,5,45,3,156,6,0.9659258262890683,0.25881904510252074,0.440518784350495,-0.8977433935342337
2020-06-04 06:00:00,129.23809523809524,124.73142857142858,5.976190476190476,14192480419.97619,23.32922356666667,22.320104066666666,0.00682581012,6,0,3,156,6,1.0,6.123233995736766e-17,0.440518784350495,-0.8977433935342337
2020-06-04 06:15:00,639.6866666666666,617.92,91.86666666666666,14192480506.733334,23.42791444827586,22.65980793103449,0.0203257591896551,6,15,3,156,6,1.0,6.123233995736766e-17,0.440518784350495,-0.8977433935342337
2020-06-04 06:30:00,1393.9985714285713,1349.9142857142856,331.4095238095238,14192480746.409523,23.6890575,23.523084533333336,0.0435386421666666,6,30,3,156,6,1.0,6.123233995736766e-17,0.440518784350495,-0.8977433935342337
2020-06-04 06:45:00,2249.4866666666667,2185.7666666666664,774.8,14180358253.533335,23.98467506666666,24.883126833333336,0.0712860028666666,6,45,3,156,6,1.0,6.123233995736766e-17,0.440518784350495,-0.8977433935342337
2020-06-04 07:00:00,3672.767619047619,3593.349523809524,1474.3571428571427,14192481889.357143,24.33044337931035,26.54599527586208,0.1125833156206896,7,0,3,156,6,0.9659258262890683,-0.25881904510252063,0.440518784350495,-0.8977433935342337
2020-06-04 07:15:00,4673.952857142857,4582.271428571428,2552.9095238095238,14192482967.909523,24.709500066666664,28.19929003333333,0.1479487797333334,7,15,3,156,6,0.9659258262890683,-0.25881904510252063,0.440518784350495,-0.8977433935342337
2020-06-04 07:30:00,5317.326666666667,5214.36,3692.0,14192484128.733334,24.904997724137928,28.62191875862069,0.1676162806896552,7,30,3,156,6,0.9659258262890683,-0.25881904510252063,0.440518784350495,-0.8977433935342337
2020-06-04 07:45:00,7418.511428571429,7290.57619047619,5207.442857142857,14192424825.442858,25.1223704,30.170912633333334,0.2355763336666667,7,45,3,156,6,0.9659258262890683,-0.25881904510252063,0.440518784350495,-0.8977433935342337
2020-06-04 08:00:00,8444.221904761904,8295.144285714285,7209.480952380953,14192487624.480953,25.454187655172408,31.759098586206896,0.2613326248275861,8,0,3,156,6,0.8660254037844387,-0.4999999999999998,0.440518784350495,-0.8977433935342337
2020-06-04 08:15:00,12513.156666666666,12261.64619047619,9810.62380952381,14191024410.938097,26.0076823,34.365958633333335,0.405336878,8,15,3,156,6,0.8660254037844387,-0.4999999999999998,0.440518784350495,-0.8977433935342337
2020-06-04 08:30:00,10997.614761904762,10781.129047619048,12662.228571428572,14192493134.761904,26.450226793103447,35.794787206896544,0.3652829586206896,8,30,3,156,6,0.8660254037844387,-0.4999999999999998,0.440518784350495,-0.8977433935342337
2020-06-04 08:45:00,11332.6,11109.357619047618,15356.5,14192465354.1,26.4298736,35.13495476666666,0.355304296,8,45,3,156,6,0.8660254037844387,-0.4999999999999998,0.440518784350495,-0.8977433935342337
2020-06-04 09:00:00,12684.469523809523,12429.76619047619,18346.019047619047,14192498761.019047,26.654045666666672,36.18255623333333,0.4013127146666666,9,0,3,156,6,0.7071067811865476,-0.7071067811865475,0.440518784350495,-0.8977433935342337
2020-06-04 09:15:00,14942.391904761906,14634.79476190476,21710.614285714284,14192502125.614286,27.027789862068964,38.14800303448276,0.4671588324137931,9,15,3,156,6,0.7071067811865476,-0.7071067811865475,0.440518784350495,-0.8977433935342337
2020-06-04 09:30:00,15875.43,15542.201428571429,25428.19523809524,14192505843.195238,27.4964255,39.6057933,0.5079747253333332,9,30,3,156,6,0.7071067811865476,-0.7071067811865475,0.440518784350495,-0.8977433935342337
2020-06-04 09:45:00,14469.839523809524,14159.91,28909.266666666666,14192418072.066666,27.648838413793104,39.44161744827587,0.511515428275862,9,45,3,156,6,0.7071067811865476,-0.7071067811865475,0.440518784350495,-0.8977433935342337
2020-06-04 10:00:00,14476.905714285715,14138.405714285715,32098.97619047619,14192513281.97619,28.752326433333334,45.223463,0.7474316673333334,10,0,3,156,6,0.49999999999999994,-0.8660254037844387,0.440518784350495,-0.8977433935342337
2020-06-04 10:15:00,12997.784285714286,12707.403809523808,35529.97142857143,14192385968.685715,28.820756517241374,44.4616604137931,0.6849686296551724,10,15,3,156,6,0.49999999999999994,-0.8660254037844387,0.440518784350495,-0.8977433935342337
2020-06-04 10:30:00,10747.915238095238,10514.636666666667,39186.6619047619,14102621477.928572,28.779559300000003,43.550388666666656,0.5005721016666665,10,30,3,156,6,0.49999999999999994,-0.8660254037844387,0.440518784350495,-0.8977433935342337
2020-06-04 10:45:00,7692.524285714286,7548.34,38973.333333333336,13113568837.666666,27.79197634482759,35.40643496551724,0.2994588744827586,10,45,3,156,6,0.49999999999999994,-0.8660254037844387,0.440518784350495,-0.8977433935342337
2020-06-04 11:00:00,14204.475714285714,13885.109047619047,41742.0,12844050301.0,28.644737733333336,39.689086866666656,0.6534224343333332,11,0,3,156,6,0.258819045102521,-0.9659258262890682,0.440518784350495,-0.8977433935342337
2020-06-04 11:15:00,13853.122857142858,13532.25,45812.13809523809,13383443520.538095,29.649976599999995,49.73668216666666,0.776167843,11,15,3,156,6,0.258819045102521,-0.9659258262890682,0.440518784350495,-0.8977433935342337
2020-06-04 11:30:00,16158.818571428572,15773.183333333334,50988.80952380953,14192531403.809525,30.20047648275862,50.65878303448276,0.8754993144827584,11,30,3,156,6,0.258819045102521,-0.9659258262890682,0.440518784350495,-0.8977433935342337
2020-06-04 11:45:00,16648.401904761904,16246.698571428571,55010.885714285716,14192535425.885715,31.101126966666666,56.17383843333334,0.9597550606666668,11,45,3,156,6,0.258819045102521,-0.9659258262890682,0.440518784350495,-0.8977433935342337
2020-06-04 12:00:00,13050.385714285714,12751.063809523808,58759.13809523809,14192539174.138094,31.748693,54.58599944827585,0.7538634593103448,12,0,3,156,6,1.2246467991473532e-16,-1.0,0.440518784350495,-0.8977433935342337
2020-06-04 12:15:00,13170.277142857141,12860.594761904762,61928.561904761904,14192542343.561905,31.40540860000001,50.13670766666666,0.6268134326666664,12,15,3,156,6,1.2246467991473532e-16,-1.0,0.440518784350495,-0.8977433935342337
2020-06-04 12:30:00,18504.201904761903,18045.845714285715,65655.06666666667,14192546070.066668,32.124079379310345,54.41021503448276,1.0987660434482758,12,30,3,156,6,1.2246467991473532e-16,-1.0,0.440518784350495,-0.8977433935342337
2020-06-04 12:45:00,16493.594761904762,16094.543333333333,69982.99047619048,14192550397.990477,32.99476956666668,61.4893392,1.0755276863333334,12,45,3,156,6,1.2246467991473532e-16,-1.0,0.440518784350495,-0.8977433935342337
2020-06-04 13:00:00,12759.353333333333,12470.933333333332,73811.6,14192554226.6,32.87322086666667,58.39144286666665,0.7529416256666667,13,0,3,156,6,-0.2588190451025208,-0.9659258262890683,0.440518784350495,-0.8977433935342337
2020-06-04 13:15:00,15369.939999999999,14996.393333333333,77027.06666666667,14192557442.066668,32.73378110344828,55.400899068965515,0.9427802534482758,13,15,3,156,6,-0.2588190451025208,-0.9659258262890683,0.440518784350495,-0.8977433935342337
2020-06-04 13:30:00,12770.900952380953,12468.591904761905,80730.15714285715,14192561145.157143,32.67796206666667,55.279134166666665,0.8002419046666666,13,30,3,156,6,-0.2588190451025208,-0.9659258262890683,0.440518784350495,-0.8977433935342337
2020-06-04 13:45:00,4859.49,4772.410476190476,82607.97619047618,14192563022.97619,30.929569551724143,41.087706413793114,0.2616007365517241,13,45,3,156,6,-0.2588190451025208,-0.9659258262890683,0.440518784350495,-0.8977433935342337
2020-06-04 14:00:00,5102.243809523809,5012.839523809524,83858.75238095238,14192564273.752382,29.894924933333336,36.105009,0.2491807296666666,14,0,3,156,6,-0.4999999999999997,-0.8660254037844388,0.440518784350495,-0.8977433935342337
2020-06-04 14:15:00,10851.153333333334,10630.66,85674.06666666667,14192566089.066666,29.59220320689655,37.910414206896554,0.4174138455172413,14,15,3,156,6,-0.4999999999999997,-0.8660254037844388,0.440518784350495,-0.8977433935342337
2020-06-04 14:30:00,11273.19619047619,11048.106666666667,88578.03333333334,14192568993.033333,29.9574492,39.75319209999999,0.3781839226666667,14,30,3,156,6,-0.4999999999999997,-0.8660254037844388,0.440518784350495,-0.8977433935342337
2020-06-04 14:45:00,12516.091904761905,12266.244285714285,91383.8,14192571798.8,29.019922586206896,36.56108675862069,0.3754210289655172,14,45,3,156,6,-0.4999999999999997,-0.8660254037844388,0.440518784350495,-0.8977433935342337
2020-06-04 15:00:00,13208.04619047619,12941.465714285714,94624.25714285714,14192575039.257143,28.9516053,37.17042136666666,0.400242852,15,0,3,156,6,-0.7071067811865471,-0.7071067811865479,0.440518784350495,-0.8977433935342337
2020-06-04 15:15:00,10617.137619047619,10411.040952380952,97062.44761904761,14191142080.161903,28.692960482758625,36.04145986206896,0.3241478868965516,15,15,3,156,6,-0.7071067811865471,-0.7071067811865479,0.440518784350495,-0.8977433935342337
2020-06-04 15:30:00,10081.566666666668,9893.266666666666,100168.2,14192580583.2,28.495817033333328,35.430655966666656,0.3111335316666667,15,30,3,156,6,-0.7071067811865471,-0.7071067811865479,0.440518784350495,-0.8977433935342337
2020-06-04 15:45:00,8610.877142857144,8460.11476190476,102405.81428571428,14192582820.814283,28.173362266666665,33.9577191,0.2588776076666667,15,45,3,156,6,-0.7071067811865471,-0.7071067811865479,0.440518784350495,-0.8977433935342337
2020-06-04 16:00:00,6102.664285714286,5988.28,104192.39047619049,14192584607.390476,27.82616858620689,32.240811137931026,0.1853187451724138,16,0,3,156,6,-0.8660254037844384,-0.5000000000000004,0.440518784350495,-0.8977433935342337
2020-06-04 16:15:00,7442.355238095238,7313.704761904762,105401.74285714286,14150176573.171429,27.60287473333333,31.772151633333333,0.2226279066666666,16,15,3,156,6,-0.8660254037844384,-0.5000000000000004,0.440518784350495,-0.8977433935342337
2020-06-04 16:30:00,8288.973333333333,8138.846666666666,107647.53333333333,14192588062.533333,27.935087000000003,33.111304999999994,0.246114384137931,16,30,3,156,6,-0.8660254037844384,-0.5000000000000004,0.440518784350495,-0.8977433935342337
2020-06-04 16:45:00,10231.766666666666,10038.433333333332,110066.06666666667,14192590481.066668,28.583680233333336,35.29065466666667,0.3044036246666667,16,45,3,156,6,-0.8660254037844384,-0.5000000000000004,0.440518784350495,-0.8977433935342337
2020-06-04 17:00:00,6600.9138095238095,6477.0690476190475,112240.31428571428,14192592655.314285,28.506739034482752,34.13578827586206,0.2031273489655172,17,0,3,156,6,-0.9659258262890683,-0.25881904510252063,0.440518784350495,-0.8977433935342337
2020-06-04 17:15:00,4325.933809523809,4240.533809523809,113490.61904761905,14192593905.619047,28.05126853333333,31.183719966666665,0.1302995793333333,17,15,3,156,6,-0.9659258262890683,-0.25881904510252063,0.440518784350495,-0.8977433935342337
2020-06-04 17:30:00,3210.4490476190476,3132.9895238095237,114410.69047619047,14192594825.690475,27.81005551724138,29.81780168965517,0.0966307924137931,17,30,3,156,6,-0.9659258262890683,-0.25881904510252063,0.440518784350495,-0.8977433935342337
2020-06-04 17:45:00,2623.153333333333,2550.9,115115.0,14192595530.0,27.715189433333336,29.011674033333332,0.0797806046666666,17,45,3,156,6,-0.9659258262890683,-0.25881904510252063,0.440518784350495,-0.8977433935342337
2020-06-04 18:00:00,1845.6666666666665,1791.0866666666666,115673.26666666666,14192596088.266666,27.576374896551723,28.309877620689647,0.0573083227586206,18,0,3,156,6,-1.0,-1.8369701987210297e-16,0.440518784350495,-0.8977433935342337
2020-06-04 18:15:00,1037.0619047619048,1003.1119047619047,116028.05714285714,14192596443.057142,27.4625298,27.48582456666667,0.0334204809333333,18,15,3,156,6,-1.0,-1.8369701987210297e-16,0.440518784350495,-0.8977433935342337
2020-06-04 18:30:00,485.81095238095236,469.1009523809524,116210.24285714286,14192596625.242857,27.4985625,26.796627866666665,0.0164729437433333,18,30,3,156,6,-1.0,-1.8369701987210297e-16,0.440518784350495,-0.8977433935342337
2020-06-04 18:45:00,2.5599999999999996,2.48,116256.93333333333,14192596671.933332,27.167746517241383,26.19345286206897,0.0013895391787931,18,45,3,156,6,-1.0,-1.8369701987210297e-16,0.440518784350495,-0.8977433935342337
2020-06-04 19:00:00,0.0,0.0,116257.0,14192596672.0,27.061259833333327,25.8164489,0.0,19,0,3,156,6,-0.9659258262890684,0.2588190451025203,0.440518784350495,-0.8977433935342337
2020-06-04 19:15:00,0.0,0.0,116257.0,14192596672.0,26.844621344827583,25.52530424137931,0.0,19,15,3,156,6,-0.9659258262890684,0.2588190451025203,0.440518784350495,-0.8977433935342337
2020-06-04 19:30:00,0.0,0.0,116257.0,14192596672.0,26.619942066666663,25.20446646666668,0.0,19,30,3,156,6,-0.9659258262890684,0.2588190451025203,0.440518784350495,-0.8977433935342337
2020-06-04 19:45:00,0.0,0.0,116257.0,14192596672.0,25.886081,24.99820575862069,0.0,19,45,3,156,6,-0.9659258262890684,0.2588190451025203,0.440518784350495,-0.8977433935342337
2020-06-04 20:00:00,0.0,0.0,116257.0,14192596672.0,25.415011433333333,24.773209866666665,0.0,20,0,3,156,6,-0.8660254037844386,0.5000000000000001,0.440518784350495,-0.8977433935342337
2020-06-04 20:15:00,0.0,0.0,116257.0,14192596672.0,25.253174833333336,24.170247333333343,0.0,20,15,3,156,6,-0.8660254037844386,0.5000000000000001,0.440518784350495,-0.8977433935342337
2020-06-04 20:30:00,0.0,0.0,116257.0,14192596672.0,25.07101975862069,23.582273310344828,0.0,20,30,3,156,6,-0.8660254037844386,0.5000000000000001,0.440518784350495,-0.8977433935342337
2020-06-04 20:45:00,0.0,0.0,116257.0,14192596672.0,25.05708616666666,23.458534766666663,0.0,20,45,3,156,6,-0.8660254037844386,0.5000000000000001,0.440518784350495,-0.8977433935342337
2020-06-04 21:00:00,0.0,0.0,116257.0,14192596672.0,24.761007275862077,23.159667,0.0,21,0,3,156,6,-0.7071067811865477,0.7071067811865474,0.440518784350495,-0.8977433935342337
2020-06-04 21:15:00,0.0,0.0,116257.0,14192596672.0,24.4274142,22.75670473333333,0.0,21,15,3,156,6,-0.7071067811865477,0.7071067811865474,0.440518784350495,-0.8977433935342337
2020-06-04 21:30:00,0.0,0.0,116257.0,14192596672.0,24.47409263333333,22.554964200000004,0.0,21,30,3,156,6,-0.7071067811865477,0.7071067811865474,0.440518784350495,-0.8977433935342337
2020-06-04 21:45:00,0.0,0.0,116257.0,14192596672.0,24.59759410344828,22.771948448275865,0.0,21,45,3,156,6,-0.7071067811865477,0.7071067811865474,0.440518784350495,-0.8977433935342337
2020-06-04 22:00:00,0.0,0.0,116257.0,14192596672.0,24.31747246666667,22.5268189,0.0,22,0,3,156,6,-0.5000000000000004,0.8660254037844384,0.440518784350495,-0.8977433935342337
2020-06-04 22:15:00,0.0,0.0,116257.0,14192596672.0,24.096436724137934,22.39316851724137,0.0,22,15,3,156,6,-0.5000000000000004,0.8660254037844384,0.440518784350495,-0.8977433935342337
2020-06-04 22:30:00,0.0,0.0,116077.33333333333,14192475927.666666,24.35011396666667,23.499982766666665,0.0001880975060666,22,30,3,156,6,-0.5000000000000004,0.8660254037844384,0.440518784350495,-0.8977433935342337
2020-06-04 22:45:00,0.0,0.0,116257.0,14192596672.0,24.49744276666667,24.038970000000003,8.957066999999999e-06,22,45,3,156,6,-0.5000000000000004,0.8660254037844384,0.440518784350495,-0.8977433935342337
2020-06-04 23:00:00,0.0,0.0,116257.0,14192596672.0,24.43652979310345,23.844636172413797,0.0,23,0,3,156,6,-0.25881904510252157,0.9659258262890681,0.440518784350495,-0.8977433935342337
2020-06-04 23:15:00,0.0,0.0,116257.0,14192596672.0,24.212598600000003,23.096633800000003,0.0,23,15,3,156,6,-0.25881904510252157,0.9659258262890681,0.440518784350495,-0.8977433935342337
2020-06-04 23:30:00,0.0,0.0,116257.0,14192596672.0,24.22958896551724,23.374482310344828,0.0,23,30,3,156,6,-0.25881904510252157,0.9659258262890681,0.440518784350495,-0.8977433935342337
2020-06-04 23:45:00,0.0,0.0,111900.66666666667,14192596672.0,24.3579734,23.80095623333333,0.0,23,45,3,156,6,-0.25881904510252157,0.9659258262890681,0.440518784350495,-0.8977433935342337
2020-06-05 00:00:00,0.0,0.0,95698.46666666666,14185475666.866667,24.299669068965517,23.54368431034483,0.0,0,0,4,157,6,0.0,1.0,0.42500033996955416,-0.9051931898913974
2020-06-05 00:15:00,0.0,0.0,94040.0,14192596672.0,24.0563783,22.687831633333328,0.0,0,15,4,157,6,0.0,1.0,0.42500033996955416,-0.9051931898913974
2020-06-05 00:30:00,0.0,0.0,94040.0,14192596672.0,23.76232196666667,22.111972199999997,0.0,0,30,4,157,6,0.0,1.0,0.42500033996955416,-0.9051931898913974
2020-06-05 00:45:00,0.0,0.0,94040.0,14192596672.0,23.608251103448275,21.823795758620687,0.0,0,45,4,157,6,0.0,1.0,0.42500033996955416,-0.9051931898913974
2020-06-05 01:00:00,0.0,0.0,94040.0,14192596672.0,23.518258666666668,21.77961946666667,0.0,1,0,4,157,6,0.25881904510252074,0.9659258262890683,0.42500033996955416,-0.9051931898913974
2020-06-05 01:15:00,0.0,0.0,94040.0,14192596672.0,23.339248137931037,21.60733051724138,0.0,1,15,4,157,6,0.25881904510252074,0.9659258262890683,0.42500033996955416,-0.9051931898913974
2020-06-05 01:30:00,0.0,0.0,87956.0,14192596672.0,23.214794,21.530665033333328,0.0,1,30,4,157,6,0.25881904510252074,0.9659258262890683,0.42500033996955416,-0.9051931898913974
2020-06-05 01:45:00,0.0,0.0,87020.0,14192596672.0,23.100183966666663,21.412393133333328,0.0,1,45,4,157,6,0.25881904510252074,0.9659258262890683,0.42500033996955416,-0.9051931898913974
2020-06-05 02:00:00,0.0,0.0,86840.33333333333,14192475927.666666,23.03813327586207,21.36666555172414,0.0,2,0,4,157,6,0.49999999999999994,0.8660254037844387,0.42500033996955416,-0.9051931898913974
2020-06-05 02:15:00,0.0,0.0,87020.0,14192596672.0,23.073260366666663,21.467229300000003,0.0,2,15,4,157,6,0.49999999999999994,0.8660254037844387,0.42500033996955416,-0.9051931898913974
2020-06-05 02:30:00,0.0,0.0,87020.0,14192596672.0,23.01282675862069,21.443581344827585,0.0,2,30,4,157,6,0.49999999999999994,0.8660254037844387,0.42500033996955416,-0.9051931898913974
2020-06-05 02:45:00,0.0,0.0,87020.0,14192596672.0,23.018499566666662,21.6443869,0.0,2,45,4,157,6,0.49999999999999994,0.8660254037844387,0.42500033996955416,-0.9051931898913974
2020-06-05 03:00:00,0.0,0.0,87020.0,14192596672.0,23.082872931034487,21.872289172413797,0.0,3,0,4,157,6,0.7071067811865475,0.7071067811865476,0.42500033996955416,-0.9051931898913974
2020-06-05 03:15:00,0.0,0.0,87020.0,14192596672.0,23.14973,22.048149533333333,0.0,3,15,4,157,6,0.7071067811865475,0.7071067811865476,0.42500033996955416,-0.9051931898913974
2020-06-05 03:30:00,0.0,0.0,87020.0,14192596672.0,23.204861724137924,22.07574655172414,0.0,3,30,4,157,6,0.7071067811865475,0.7071067811865476,0.42500033996955416,-0.9051931898913974
2020-06-05 03:45:00,0.0,0.0,87020.0,14192596672.0,23.2978301,21.964779766666656,0.0,3,45,4,157,6,0.7071067811865475,0.7071067811865476,0.42500033996955416,-0.9051931898913974
2020-06-05 04:00:00,0.0,0.0,87020.0,14192596672.0,23.39066483333333,21.92678636666667,0.0,4,0,4,157,6,0.8660254037844386,0.5000000000000001,0.42500033996955416,-0.9051931898913974
2020-06-05 04:15:00,0.0,0.0,87020.0,14192596672.0,23.48055724137931,22.33335506896552,0.0,4,15,4,157,6,0.8660254037844386,0.5000000000000001,0.42500033996955416,-0.9051931898913974
2020-06-05 04:30:00,0.0,0.0,87020.0,14192596672.0,23.541043100000003,22.629008866666663,0.0,4,30,4,157,6,0.8660254037844386,0.5000000000000001,0.42500033996955416,-0.9051931898913974
2020-06-05 04:45:00,0.0,0.0,87020.0,14192596672.0,23.55039810344827,22.658952413793106,0.0,4,45,4,157,6,0.8660254037844386,0.5000000000000001,0.42500033996955416,-0.9051931898913974
2020-06-05 05:00:00,0.0,0.0,87020.0,14192596672.0,23.479852466666667,22.4354817,0.0,5,0,4,157,6,0.9659258262890683,0.25881904510252074,0.42500033996955416,-0.9051931898913974
2020-06-05 05:15:00,0.0,0.0,87020.0,14192596672.0,23.508968900000003,22.6392059,0.0,5,15,4,157,6,0.9659258262890683,0.25881904510252074,0.42500033996955416,-0.9051931898913974
2020-06-05 05:30:00,0.0,0.0,13396.800000000003,14192596672.0,23.51972896551724,22.71437331034484,0.0,5,30,4,157,6,0.9659258262890683,0.25881904510252074,0.42500033996955416,-0.9051931898913974
2020-06-05 05:45:00,0.0,0.0,0.0,14192596672.0,23.482278566666665,22.69325356666667,0.000946964667,5,45,4,157,6,0.9659258262890683,0.25881904510252074,0.42500033996955416,-0.9051931898913974
2020-06-05 06:00:00,90.63190476190476,87.47190476190477,4.152380952380952,14192596676.15238,23.48507603448276,22.861815448275863,0.0061887873206896,6,0,4,157,6,1.0,6.123233995736766e-17,0.42500033996955416,-0.9051931898913974
2020-06-05 06:15:00,678.81,655.802380952381,90.52380952380952,14192596762.52381,23.5497906,23.19854326666667,0.0220205288,6,15,4,157,6,1.0,6.123233995736766e-17,0.42500033996955416,-0.9051931898913974
2020-06-05 06:30:00,1336.060476190476,1293.9014285714286,322.1047619047619,14111569667.971428,23.611078866666663,23.604514566666666,0.0441504464333333,6,30,4,157,6,1.0,6.123233995736766e-17,0.42500033996955416,-0.9051931898913974
2020-06-05 06:45:00,2772.872380952381,2702.402857142857,800.847619047619,14192597472.84762,23.88723224137932,24.89371882758621,0.0877622152413793,6,45,4,157,6,1.0,6.123233995736766e-17,0.42500033996955416,-0.9051931898913974
2020-06-05 07:00:00,3665.609523809524,3584.5442857142857,1588.3,14192598260.3,24.3056306,26.727956066666668,0.1223387135,7,0,4,157,6,0.9659258262890683,-0.25881904510252063,0.42500033996955416,-0.9051931898913974
2020-06-05 07:15:00,4417.034761904762,4329.547619047619,2587.133333333333,14192599259.133333,24.58904119999999,28.138516133333333,0.1402624606666666,7,15,4,157,6,0.9659258262890683,-0.25881904510252063,0.42500033996955416,-0.9051931898913974
2020-06-05 07:30:00,4797.838571428571,4703.95619047619,3742.547619047619,14192600414.547619,24.888433965517248,29.011805137931034,0.1549188731034483,7,30,4,157,6,0.9659258262890683,-0.25881904510252063,0.42500033996955416,-0.9051931898913974
2020-06-05 07:45:00,6118.149523809524,6002.455714285715,5061.233333333334,14192601733.233334,24.9963226,29.5161509,0.200846841,7,45,4,157,6,0.9659258262890683,-0.25881904510252063,0.42500033996955416,-0.9051931898913974
2020-06-05 08:00:00,6865.586666666666,6741.4,6664.933333333333,14192603336.933332,25.38429096551725,31.102873689655173,0.2160856144827586,8,0,4,157,6,0.8660254037844387,-0.4999999999999998,0.42500033996955416,-0.9051931898913974
2020-06-05 08:15:00,11260.51761904762,11040.780952380952,8765.633333333333,14192605437.633333,25.930556166666666,34.080560266666666,0.3888253183333333,8,15,4,157,6,0.8660254037844387,-0.4999999999999998,0.42500033996955416,-0.9051931898913974
2020-06-05 08:30:00,16717.666666666664,16366.40238095238,12256.004761904762,14192608928.004763,26.913648793103448,40.7417414137931,0.5699424124137931,8,30,4,157,6,0.8660254037844387,-0.4999999999999998,0.42500033996955416,-0.9051931898913974
2020-06-05 08:45:00,15154.705714285716,14839.35380952381,16191.580952380951,14185168363.580954,27.553101733333328,43.09634683333332,0.5106229946666668,8,45,4,157,6,0.8660254037844387,-0.4999999999999998,0.42500033996955416,-0.9051931898913974
2020-06-05 09:00:00,15710.563809523808,15379.957619047618,19940.57619047619,14192616612.57619,27.474611433333337,40.47210883333334,0.521611014,9,0,4,157,6,0.7071067811865476,-0.7071067811865475,0.42500033996955416,-0.9051931898913974
2020-06-05 09:15:00,19992.173333333332,19541.626666666663,24401.466666666667,14192621073.466667,28.375374620689666,45.23055913793104,0.8295012827586207,9,15,4,157,6,0.7071067811865476,-0.7071067811865475,0.42500033996955416,-0.9051931898913974
2020-06-05 09:30:00,16325.32142857143,15950.052857142855,28860.904761904763,14192625532.904762,28.9215555,48.03612473333335,0.737069957,9,30,4,157,6,0.7071067811865476,-0.7071067811865475,0.42500033996955416,-0.9051931898913974
2020-06-05 09:45:00,16446.713333333333,16052.532857142858,33012.90476190476,14192629684.904762,29.35511203448276,47.91289651724137,0.7594489110344828,9,45,4,157,6,0.7071067811865476,-0.7071067811865475,0.42500033996955416,-0.9051931898913974
2020-06-05 10:00:00,14142.764285714286,13803.663809523809,36616.62380952381,14192633288.62381,29.860947766666666,51.5000714,0.8117192696666667,10,0,4,157,6,0.49999999999999994,-0.8660254037844387,0.42500033996955416,-0.9051931898913974
2020-06-05 10:15:00,13341.379047619048,13024.80619047619,39647.13333333333,14173787833.666666,30.15575227586207,50.61020517241381,0.8470610855172414,10,15,4,157,6,0.49999999999999994,-0.8660254037844387,0.42500033996955416,-0.9051931898913974
2020-06-05 10:30:00,16217.586666666666,15818.393333333333,43495.933333333334,14192640167.933334,30.86852616666667,57.25780413333334,0.9209433376666668,10,30,4,157,6,0.49999999999999994,-0.8660254037844387,0.42500033996955416,-0.9051931898913974
2020-06-05 10:45:00,15214.506666666666,14844.673333333334,47394.73333333334,14192644066.733334,31.095844275862067,57.40067255172414,0.8930844131034481,10,45,4,157,6,0.49999999999999994,-0.8660254037844387,0.42500033996955416,-0.9051931898913974
2020-06-05 11:00:00,15922.274285714286,15531.050952380952,51299.12380952381,14192647971.12381,31.44439172413793,58.12696682758621,0.9164784675862068,11,0,4,157,6,0.258819045102521,-0.9659258262890682,0.42500033996955416,-0.9051931898913974
2020-06-05 11:15:00,13993.69619047619,13659.471904761906,54757.69047619047,14192651429.690475,31.800298,56.206728200000015,0.9401133463333332,11,15,4,157,6,0.258819045102521,-0.9659258262890682,0.42500033996955416,-0.9051931898913974
2020-06-05 11:30:00,15259.310476190476,14888.462857142858,58477.22857142857,14192655149.22857,32.135494,57.79458213333333,0.8567388703333331,11,30,4,157,6,0.258819045102521,-0.9659258262890682,0.42500033996955416,-0.9051931898913974
2020-06-05 11:45:00,7478.4,7326.12,61005.933333333334,14192657677.933332,31.144323896551725,45.17489596551725,0.3769944793103448,11,45,4,157,6,0.258819045102521,-0.9659258262890682,0.42500033996955416,-0.9051931898913974
2020-06-05 12:00:00,17580.79,17149.453333333335,64051.038095238095,14192660723.038094,31.854984566666666,51.42422273333334,0.9867557566666668,12,0,4,157,6,1.2246467991473532e-16,-1.0,0.42500033996955416,-0.9051931898913974
2020-06-05 12:15:00,18622.959523809524,18162.058095238095,68540.8619047619,14192665212.861904,32.97867465517242,59.2911701724138,0.9660673,12,15,4,157,6,1.2246467991473532e-16,-1.0,0.42500033996955416,-0.9051931898913974
2020-06-05 12:30:00,18031.703333333335,17587.506666666668,72968.42857142858,14192669640.428572,33.09526663333333,59.620575933333335,0.9897816713333332,12,30,4,157,6,1.2246467991473532e-16,-1.0,0.42500033996955416,-0.9051931898913974
2020-06-05 12:45:00,15555.786666666667,15176.906666666668,77385.8,14192674057.8,33.23081796551725,59.0263535862069,0.765350568275862,12,45,4,157,6,1.2246467991473532e-16,-1.0,0.42500033996955416,-0.9051931898913974
2020-06-05 13:00:00,14436.37380952381,14092.452380952382,80960.61428571428,14192677632.614286,33.12394726666667,52.78040236666666,0.7339340326666665,13,0,4,157,6,-0.2588190451025208,-0.9659258262890683,0.42500033996955416,-0.9051931898913974
2020-06-05 13:15:00,18667.405238095238,18202.06619047619,84962.89047619047,14192681634.890476,33.690490586206906,58.17828634482759,1.0410162006896553,13,15,4,157,6,-0.2588190451025208,-0.9659258262890683,0.42500033996955416,-0.9051931898913974
2020-06-05 13:30:00,6548.303333333333,6422.21380952381,88060.54285714286,14192684732.542858,32.81328523333334,49.790734833333325,0.3470472646666668,13,30,4,157,6,-0.2588190451025208,-0.9659258262890683,0.42500033996955416,-0.9051931898913974
2020-06-05 13:45:00,5243.0257142857145,5150.708571428571,89366.01904761905,14192686038.019047,30.93428653333333,36.944321733333325,0.2062072193333333,13,45,4,157,6,-0.2588190451025208,-0.9659258262890683,0.42500033996955416,-0.9051931898913974
2020-06-05 14:00:00,8337.27,8193.07,91093.45714285715,14192687765.457142,29.49830575862069,33.69434131034483,0.2405096113793103,14,0,4,157,6,-0.4999999999999997,-0.8660254037844388,0.42500033996955416,-0.9051931898913974
2020-06-05 14:15:00,9925.597142857143,9740.986666666666,93242.00476190475,14192689914.00476,29.638054366666672,34.26934706666667,0.2848750106666667,14,15,4,157,6,-0.4999999999999997,-0.8660254037844388,0.42500033996955416,-0.9051931898913974
2020-06-05 14:30:00,11630.614285714286,11401.65238095238,96019.51428571428,14192692691.514286,30.180354724137928,36.60531837931034,0.3482828503448275,14,30,4,157,6,-0.4999999999999997,-0.8660254037844388,0.42500033996955416,-0.9051931898913974
2020-06-05 14:45:00,8641.310476190476,8490.791428571429,98464.87142857142,14192695136.87143,30.379783166666662,35.84586903333333,0.2557180766666666,14,45,4,157,6,-0.4999999999999997,-0.8660254037844388,0.42500033996955416,-0.9051931898913974
2020-06-05 15:00:00,10815.386666666667,10607.64,100735.73333333334,14192697407.733332,29.511418655172413,35.19934613793103,0.3145418731034483,15,0,4,157,6,-0.7071067811865471,-0.7071067811865479,0.42500033996955416,-0.9051931898913974
2020-06-05 15:15:00,12778.869047619048,12522.612380952381,103748.40000000001,14192700420.400002,29.535261899999995,36.872007466666666,0.3843689899999999,15,15,4,157,6,-0.7071067811865471,-0.7071067811865479,0.42500033996955416,-0.9051931898913974
2020-06-05 15:30:00,11285.28380952381,11065.838571428572,106761.0238095238,14192703433.02381,29.23310810344828,36.75918268965517,0.3375091299999999,15,30,4,157,6,-0.7071067811865471,-0.7071067811865479,0.42500033996955416,-0.9051931898913974
2020-06-05 15:45:00,8581.575238095238,8432.635238095238,109133.3142857143,14192705805.314285,29.071617666666665,34.94572446666666,0.2552887386666667,15,45,4,157,6,-0.7071067811865471,-0.7071067811865479,0.42500033996955416,-0.9051931898913974
2020-06-05 16:00:00,7666.6776190476185,7535.214761904762,111170.80476190476,14192707842.80476,29.295579379310343,34.458113310344835,0.2302861731034482,16,0,4,157,6,-0.8660254037844384,-0.5000000000000004,0.42500033996955416,-0.9051931898913974
2020-06-05 16:15:00,7634.246666666667,7503.906666666667,112988.06666666667,14192709660.066668,29.429052599999995,34.010382,0.2247399976666666,16,15,4,157,6,-0.8660254037844384,-0.5000000000000004,0.42500033996955416,-0.9051931898913974
2020-06-05 16:30:00,11258.522380952381,11040.944285714286,115042.23809523809,14192711714.238096,30.14625143333334,35.39622016666666,0.338446496,16,30,4,157,6,-0.8660254037844384,-0.5000000000000004,0.42500033996955416,-0.9051931898913974
2020-06-05 16:45:00,13726.013333333332,13446.693333333333,118649.2,14192715321.2,31.838410517241375,41.189445689655166,0.3993899403448275,16,45,4,157,6,-0.8660254037844384,-0.5000000000000004,0.42500033996955416,-0.9051931898913974
2020-06-05 17:00:00,9899.761904761905,9713.039999999999,121327.50476190475,14192717999.504763,31.014636724137933,37.4139605862069,0.288733524137931,17,0,4,157,6,-0.9659258262890683,-0.25881904510252063,0.42500033996955416,-0.9051931898913974
2020-06-05 17:15:00,6758.865714285714,6637.801904761905,123442.57619047619,14192720114.57619,30.78587326666667,35.49428416666667,0.2034260188333333,17,15,4,157,6,-0.9659258262890683,-0.25881904510252063,0.42500033996955416,-0.9051931898913974
2020-06-05 17:30:00,4207.5461904761905,4117.610476190476,124657.97619047618,14192721329.976189,30.219437241379318,32.59782675862069,0.129202366,17,30,4,157,6,-0.9659258262890683,-0.25881904510252063,0.42500033996955416,-0.9051931898913974
2020-06-05 17:45:00,3998.8438095238093,3914.8814285714284,125757.6238095238,14192722429.623808,30.03724260000001,31.976170833333327,0.1223071633333333,17,45,4,157,6,-0.9659258262890683,-0.25881904510252063,0.42500033996955416,-0.9051931898913974
2020-06-05 18:00:00,1643.3885714285714,1593.3628571428571,126414.29047619046,14192723086.290478,29.26668989655172,29.949845931034485,0.0528231213103448,18,0,4,157,6,-1.0,-1.8369701987210297e-16,0.42500033996955416,-0.9051931898913974
2020-06-05 18:15:00,880.327619047619,851.0466666666666,126724.70476190475,14192723396.704762,28.38648066666667,28.267755066666663,0.0281089406666666,18,15,4,157,6,-1.0,-1.8369701987210297e-16,0.42500033996955416,-0.9051931898913974
2020-06-05 18:30:00,426.3666666666666,411.6066666666666,126885.8,14192723557.8,28.046846689655176,27.304832724137928,0.0139561956793103,18,30,4,157,6,-1.0,-1.8369701987210297e-16,0.42500033996955416,-0.9051931898913974
2020-06-05 18:45:00,4.526666666666667,4.38,126931.93333333333,14192723603.933334,27.9624705,26.97316593333333,0.0022514848816666,18,45,4,157,6,-1.0,-1.8369701987210297e-16,0.42500033996955416,-0.9051931898913974
2020-06-05 19:00:00,0.0,0.0,126932.0,14192723604.0,27.811192,26.976147827586203,0.0,19,0,4,157,6,-0.9659258262890684,0.2588190451025203,0.42500033996955416,-0.9051931898913974
2020-06-05 19:15:00,0.0,0.0,126932.0,14192723604.0,27.6333039,26.9026762,0.0,19,15,4,157,6,-0.9659258262890684,0.2588190451025203,0.42500033996955416,-0.9051931898913974
2020-06-05 19:30:00,0.0,0.0,126932.0,14192723604.0,27.510825448275863,26.629292448275866,0.0,19,30,4,157,6,-0.9659258262890684,0.2588190451025203,0.42500033996955416,-0.9051931898913974
2020-06-05 19:45:00,0.0,0.0,126932.0,14192723604.0,27.453949366666667,26.54800013333333,0.0,19,45,4,157,6,-0.9659258262890684,0.2588190451025203,0.42500033996955416,-0.9051931898913974
2020-06-05 20:00:00,0.0,0.0,126932.0,14192723604.0,27.255858266666667,26.33677163333333,0.0,20,0,4,157,6,-0.8660254037844386,0.5000000000000001,0.42500033996955416,-0.9051931898913974
2020-06-05 20:15:00,0.0,0.0,126932.0,14192723604.0,26.938065,25.62583444827586,0.0,20,15,4,157,6,-0.8660254037844386,0.5000000000000001,0.42500033996955416,-0.9051931898913974
2020-06-05 20:30:00,0.0,0.0,126932.0,14192723604.0,26.712303966666664,25.213476499999995,0.0,20,30,4,157,6,-0.8660254037844386,0.5000000000000001,0.42500033996955416,-0.9051931898913974
2020-06-05 20:45:00,0.0,0.0,126728.46666666667,14173874915.0,26.51872724137931,25.01957120689655,0.0,20,45,4,157,6,-0.8660254037844386,0.5000000000000001,0.42500033996955416,-0.9051931898913974
2020-06-05 21:00:00,0.0,0.0,126418.13333333333,14082048513.266666,26.30304063333333,24.75647483333333,0.0,21,0,4,157,6,-0.7071067811865477,0.7071067811865474,0.42500033996955416,-0.9051931898913974
2020-06-05 21:15:00,0.0,0.0,126932.0,14192723604.0,26.129026206896555,24.53709872413793,0.0,21,15,4,157,6,-0.7071067811865477,0.7071067811865474,0.42500033996955416,-0.9051931898913974
2020-06-05 21:30:00,0.0,0.0,126932.0,14192723604.0,25.942817266666665,24.318805933333334,0.0,21,30,4,157,6,-0.7071067811865477,0.7071067811865474,0.42500033996955416,-0.9051931898913974
2020-06-05 21:45:00,0.0,0.0,126932.0,14192723604.0,25.792556172413796,24.152764758620688,0.0,21,45,4,157,6,-0.7071067811865477,0.7071067811865474,0.42500033996955416,-0.9051931898913974
2020-06-05 22:00:00,0.0,0.0,126932.0,14192723604.0,25.5582213,23.9446586,0.0,22,0,4,157,6,-0.5000000000000004,0.8660254037844384,0.42500033996955416,-0.9051931898913974
2020-06-05 22:15:00,0.0,0.0,126932.0,14192723604.0,25.354045533333327,23.63304446666667,0.0,22,15,4,157,6,-0.5000000000000004,0.8660254037844384,0.42500033996955416,-0.9051931898913974
2020-06-05 22:30:00,0.0,0.0,126932.0,14192723604.0,25.245068689655177,23.50212368965517,0.0,22,30,4,157,6,-0.5000000000000004,0.8660254037844384,0.42500033996955416,-0.9051931898913974
2020-06-05 22:45:00,0.0,0.0,126932.0,14192723604.0,25.0918865,23.4060833,0.0,22,45,4,157,6,-0.5000000000000004,0.8660254037844384,0.42500033996955416,-0.9051931898913974
2020-06-05 23:00:00,0.0,0.0,126932.0,14192723604.0,24.87186710344828,23.09075196551724,0.0,23,0,4,157,6,-0.25881904510252157,0.9659258262890681,0.42500033996955416,-0.9051931898913974
2020-06-05 23:15:00,0.0,0.0,126932.0,14192723604.0,24.566193666666667,22.65855713333333,0.0,23,15,4,157,6,-0.25881904510252157,0.9659258262890681,0.42500033996955416,-0.9051931898913974
2020-06-05 23:30:00,0.0,0.0,126932.0,14192723604.0,24.2827841,22.1539898,0.0,23,30,4,157,6,-0.25881904510252157,0.9659258262890681,0.42500033996955416,-0.9051931898913974
2020-06-05 23:45:00,0.0,0.0,120053.2,14192723604.0,24.27867286206897,22.059910206896557,0.0,23,45,4,157,6,-0.25881904510252157,0.9659258262890681,0.42500033996955416,-0.9051931898913974
2020-06-06 00:00:00,0.0,0.0,96457.2,14192723604.0,24.2577074137931,22.235346448275855,0.0,0,0,5,158,6,0.0,1.0,0.4093559588156213,-0.9123747579707273
2020-06-06 00:15:00,0.0,0.0,93827.0,14192723604.0,24.152395633333327,22.20056783333333,0.0,0,15,5,158,6,0.0,1.0,0.4093559588156213,-0.9123747579707273
2020-06-06 00:30:00,0.0,0.0,93827.0,14192723604.0,24.016052366666667,22.0070414,0.0,0,30,5,158,6,0.0,1.0,0.4093559588156213,-0.9123747579707273
2020-06-06 00:45:00,0.0,0.0,93827.0,14192723604.0,23.65134203448276,21.56589262068966,0.0,0,45,5,158,6,0.0,1.0,0.4093559588156213,-0.9123747579707273
2020-06-06 01:00:00,0.0,0.0,93827.0,14192723604.0,23.357765766666667,21.0108591,0.0,1,0,5,158,6,0.25881904510252074,0.9659258262890683,0.4093559588156213,-0.9123747579707273
2020-06-06 01:15:00,0.0,0.0,93827.0,14192723604.0,23.185933413793105,20.85564748275862,0.0,1,15,5,158,6,0.25881904510252074,0.9659258262890683,0.4093559588156213,-0.9123747579707273
2020-06-06 01:30:00,0.0,0.0,87085.2,14192723604.0,23.313764400000004,21.180877566666663,0.0,1,30,5,158,6,0.25881904510252074,0.9659258262890683,0.4093559588156213,-0.9123747579707273
2020-06-06 01:45:00,0.0,0.0,85803.64285714286,14192555280.5,23.393579366666668,21.341383833333325,0.0,1,45,5,158,6,0.25881904510252074,0.9659258262890683,0.4093559588156213,-0.9123747579707273
2020-06-06 02:00:00,0.0,0.0,86048.0,14192723604.0,23.459977,21.39655596551724,0.0,2,0,5,158,6,0.49999999999999994,0.8660254037844387,0.4093559588156213,-0.9123747579707273
2020-06-06 02:15:00,0.0,0.0,86048.0,14192723604.0,23.5872457,21.49099636666667,0.0,2,15,5,158,6,0.49999999999999994,0.8660254037844387,0.4093559588156213,-0.9123747579707273
2020-06-06 02:30:00,0.0,0.0,86048.0,14192723604.0,23.59115072413793,21.61104520689655,0.0,2,30,5,158,6,0.49999999999999994,0.8660254037844387,0.4093559588156213,-0.9123747579707273
2020-06-06 02:45:00,0.0,0.0,86048.0,14192723604.0,23.648073466666663,21.750159833333328,0.0,2,45,5,158,6,0.49999999999999994,0.8660254037844387,0.4093559588156213,-0.9123747579707273
2020-06-06 03:00:00,0.0,0.0,86048.0,14192723604.0,23.584800166666675,21.643939133333333,0.0,3,0,5,158,6,0.7071067811865475,0.7071067811865476,0.4093559588156213,-0.9123747579707273
2020-06-06 03:15:00,0.0,0.0,86048.0,14153140756.466667,23.494155482758615,21.507689448275865,0.0,3,15,5,158,6,0.7071067811865475,0.7071067811865476,0.4093559588156213,-0.9123747579707273
2020-06-06 03:30:00,0.0,0.0,86048.0,14192723604.0,23.261666033333327,21.1863811,0.0,3,30,5,158,6,0.7071067811865475,0.7071067811865476,0.4093559588156213,-0.9123747579707273
2020-06-06 03:45:00,0.0,0.0,86048.0,14192723604.0,23.115232379310346,21.08884089655172,0.0,3,45,5,158,6,0.7071067811865475,0.7071067811865476,0.4093559588156213,-0.9123747579707273
2020-06-06 04:00:00,0.0,0.0,86048.0,14192723604.0,22.9585633,20.935689266666667,0.0,4,0,5,158,6,0.8660254037844386,0.5000000000000001,0.4093559588156213,-0.9123747579707273
2020-06-06 04:15:00,0.0,0.0,86048.0,14192723604.0,22.94561556666666,20.97243453333333,0.0,4,15,5,158,6,0.8660254037844386,0.5000000000000001,0.4093559588156213,-0.9123747579707273
2020-06-06 04:30:00,0.0,0.0,86048.0,14192723604.0,22.830030551724136,20.66645751724138,0.0,4,30,5,158,6,0.8660254037844386,0.5000000000000001,0.4093559588156213,-0.9123747579707273
2020-06-06 04:45:00,0.0,0.0,86048.0,14192723604.0,22.671417799999997,20.410071833333337,0.0,4,45,5,158,6,0.8660254037844386,0.5000000000000001,0.4093559588156213,-0.9123747579707273
2020-06-06 05:00:00,0.0,0.0,86048.0,14191382913.266666,22.49378806896552,20.26512306896552,0.0,5,0,5,158,6,0.9659258262890683,0.25881904510252074,0.4093559588156213,-0.9123747579707273
2020-06-06 05:15:00,0.0,0.0,86048.0,14192723604.0,22.4207661,20.667648266666667,0.0,5,15,5,158,6,0.9659258262890683,0.25881904510252074,0.4093559588156213,-0.9123747579707273
2020-06-06 05:30:00,0.0,0.0,15538.866666666667,14192723604.0,22.752984533333333,21.61125286666667,0.000170197794,5,30,5,158,6,0.9659258262890683,0.25881904510252074,0.4093559588156213,-0.9123747579707273
2020-06-06 05:45:00,0.0,0.0,0.0,14192723604.0,22.99405113793104,22.174195482758623,0.0022187049999999,5,45,5,158,6,0.9659258262890683,0.25881904510252074,0.4093559588156213,-0.9123747579707273
2020-06-06 06:00:00,281.1738095238095,271.33714285714285,16.49047619047619,14192723620.490477,23.30265906666666,22.519347000000003,0.0112176982966666,6,0,5,158,6,1.0,6.123233995736766e-17,0.4093559588156213,-0.9123747579707273
2020-06-06 06:15:00,1226.767619047619,1187.3023809523809,189.68095238095236,14192723793.680954,23.437398206896543,22.598345551724144,0.039975013275862,6,15,5,158,6,1.0,6.123233995736766e-17,0.4093559588156213,-0.9123747579707273
2020-06-06 06:30:00,2169.257619047619,2107.4323809523808,596.6476190476191,14192724200.64762,23.51485103333333,22.783393366666665,0.0669742794333333,6,30,5,158,6,1.0,6.123233995736766e-17,0.4093559588156213,-0.9123747579707273
2020-06-06 06:45:00,3258.8890476190477,3181.804285714286,1247.4190476190477,14192724851.419046,23.763258866666668,23.5155965,0.0990314326333333,6,45,5,158,6,1.0,6.123233995736766e-17,0.4093559588156213,-0.9123747579707273
2020-06-06 07:00:00,3135.06,3059.213333333333,2013.6666666666665,14192725617.666666,23.988086655172413,23.94391496551724,0.1035580991724137,7,0,5,158,6,0.9659258262890683,-0.25881904510252063,0.4093559588156213,-0.9123747579707273
2020-06-06 07:15:00,3949.5128571428572,3869.6190476190473,2907.366666666667,14192726511.366667,24.45689706666667,25.514128633333332,0.1264609238,7,15,5,158,6,0.9659258262890683,-0.25881904510252063,0.4093559588156213,-0.9123747579707273
2020-06-06 07:30:00,2988.22,2913.0733333333333,3797.7333333333336,14192727401.733334,24.786753655172408,27.661382,0.0926935086896552,7,30,5,158,6,0.9659258262890683,-0.25881904510252063,0.4093559588156213,-0.9123747579707273
2020-06-06 07:45:00,3196.902857142857,3119.980952380952,4489.314285714286,14192728093.314285,25.030941833333337,27.788045166666663,0.0984749646999999,7,45,5,158,6,0.9659258262890683,-0.25881904510252063,0.4093559588156213,-0.9123747579707273
2020-06-06 08:00:00,9071.19238095238,8888.561904761904,5737.028571428571,14178778227.561905,25.494139633333333,29.939916999999998,0.3068662096999999,8,0,5,158,6,0.8660254037844387,-0.4999999999999998,0.4093559588156213,-0.9123747579707273
2020-06-06 08:15:00,12078.373333333333,11840.46,8550.0,14192732154.0,26.394803862068965,34.884872,0.437950495862069,8,15,5,158,6,0.8660254037844387,-0.4999999999999998,0.4093559588156213,-0.9123747579707273
2020-06-06 08:30:00,14679.499523809523,14375.753333333332,11641.352380952381,14192735245.35238,26.750896482758623,36.62601551724138,0.523857548275862,8,30,5,158,6,0.8660254037844387,-0.4999999999999998,0.4093559588156213,-0.9123747579707273
2020-06-06 08:45:00,17790.186666666665,17410.006666666664,15789.133333333333,14192739393.133333,27.549927799999992,40.55805866666666,0.6070096273333331,8,45,5,158,6,0.8660254037844387,-0.4999999999999998,0.4093559588156213,-0.9123747579707273
2020-06-06 09:00:00,14699.395714285714,14380.422857142856,19852.44761904762,14192743456.447618,28.04765996551724,43.36259075862068,0.6860303113793103,9,0,5,158,6,0.7071067811865476,-0.7071067811865475,0.4093559588156213,-0.9123747579707273
2020-06-06 09:15:00,13640.915714285713,13342.18,23285.100000000002,14192746889.1,28.78070263333333,45.031092333333326,0.6343520436666668,9,15,5,158,6,0.7071067811865476,-0.7071067811865475,0.4093559588156213,-0.9123747579707273
2020-06-06 09:30:00,15750.037142857143,15394.235714285714,26833.309523809523,14192750437.309525,29.180171655172416,46.954691,0.7935803124137931,9,30,5,158,6,0.7071067811865476,-0.7071067811865475,0.4093559588156213,-0.9123747579707273
2020-06-06 09:45:00,15745.019523809526,15377.399523809523,30764.819047619047,14192754368.819048,29.725547233333337,48.61546923333333,0.777368767,9,45,5,158,6,0.7071067811865476,-0.7071067811865475,0.4093559588156213,-0.9123747579707273
2020-06-06 10:00:00,15845.546666666667,15467.533333333333,34538.26666666666,14192758142.266666,30.04159644827586,48.64038486206896,0.8195056796551724,10,0,5,158,6,0.49999999999999994,-0.8660254037844387,0.4093559588156213,-0.9123747579707273
2020-06-06 10:15:00,17255.509047619045,16831.050952380952,38490.85238095238,14192762094.852383,30.465758200000003,50.2786683,0.9304451733333332,10,15,5,158,6,0.49999999999999994,-0.8660254037844387,0.4093559588156213,-0.9123747579707273
2020-06-06 10:30:00,16190.886666666667,15789.54,42697.4,14192766301.400002,30.91483696551724,52.22521124137931,0.9047742513793104,10,30,5,158,6,0.49999999999999994,-0.8660254037844387,0.4093559588156213,-0.9123747579707273
2020-06-06 10:45:00,15191.64,14821.26,46615.4,14192770219.4,31.2275971,51.43876219999999,0.7781043136666665,10,45,5,158,6,0.49999999999999994,-0.8660254037844387,0.4093559588156213,-0.9123747579707273
2020-06-06 11:00:00,14996.684761904762,14633.03142857143,50428.195238095235,14192774032.195238,31.370819200000003,51.4211039,0.8986351363333333,11,0,5,158,6,0.258819045102521,-0.9659258262890682,0.4093559588156213,-0.9123747579707273
2020-06-06 11:15:00,15787.213333333333,15400.406666666668,53978.53333333333,14192777582.533333,31.71385662068965,50.96932248275862,0.9665070324137932,11,15,5,158,6,0.258819045102521,-0.9659258262890682,0.4093559588156213,-0.9123747579707273
2020-06-06 11:30:00,14228.763333333332,13882.164761904762,57417.142857142855,14192781021.142857,31.84696546666667,51.401780166666654,0.9196529563333332,11,30,5,158,6,0.258819045102521,-0.9659258262890682,0.4093559588156213,-0.9123747579707273
2020-06-06 11:45:00,10774.28,10524.76,60706.73333333334,14192784310.733334,31.973839034482754,50.84958951724138,0.6850179193103448,11,45,5,158,6,0.258819045102521,-0.9659258262890682,0.4093559588156213,-0.9123747579707273
2020-06-06 12:00:00,12062.13619047619,11780.80619047619,63276.65238095238,14192786880.65238,31.962850866666663,47.906496,0.7678985600000001,12,0,5,158,6,1.2246467991473532e-16,-1.0,0.4093559588156213,-0.9123747579707273
2020-06-06 12:15:00,17441.793333333335,17007.553333333333,67057.6,14192790661.6,32.69831372413792,54.08856196551724,1.057177322758621,12,15,5,158,6,1.2246467991473532e-16,-1.0,0.4093559588156213,-0.9123747579707273
2020-06-06 12:30:00,16864.46,16447.184761904762,71325.26666666666,14192794929.266666,33.205486266666675,54.560926466666665,0.9333714176666664,12,30,5,158,6,1.2246467991473532e-16,-1.0,0.4093559588156213,-0.9123747579707273
2020-06-06 12:45:00,12143.041428571429,11855.37619047619,74945.28571428571,14192798549.285713,32.931952900000006,51.8567483,0.7335446696666666,12,45,5,158,6,1.2246467991473532e-16,-1.0,0.4093559588156213,-0.9123747579707273
2020-06-06 13:00:00,12155.746666666668,11868.693333333333,77651.4,14192801255.4,32.7179712413793,48.90678351724138,0.7341478331034483,13,0,5,158,6,-0.2588190451025208,-0.9659258262890683,0.4093559588156213,-0.9123747579707273
2020-06-06 13:15:00,10740.44476190476,10491.06,80664.20952380952,14192804268.209524,33.108047433333326,50.9386718,0.6798200769999999,13,15,5,158,6,-0.2588190451025208,-0.9659258262890683,0.4093559588156213,-0.9123747579707273
2020-06-06 13:30:00,8591.726666666666,8402.986666666668,82856.0,14192806460.0,32.78759551724137,44.116876,0.4951624596551724,13,30,5,158,6,-0.2588190451025208,-0.9659258262890683,0.4093559588156213,-0.9123747579707273
2020-06-06 13:45:00,16228.28857142857,15828.88619047619,85996.71428571429,14192809600.714285,33.40182720000001,50.22457696666666,0.9615564936666668,13,45,5,158,6,-0.2588190451025208,-0.9659258262890683,0.4093559588156213,-0.9123747579707273
2020-06-06 14:00:00,14447.982380952382,14098.976190476189,89655.98571428572,14192813259.985714,33.672830999999995,50.96203513333334,0.7324320716666668,14,0,5,158,6,-0.4999999999999997,-0.8660254037844388,0.4093559588156213,-0.9123747579707273
2020-06-06 14:15:00,10575.859999999999,10325.553333333333,84067.86666666667,13067691397.8,33.70628806896551,48.711736068965514,0.5902133286206898,14,15,5,158,6,-0.4999999999999997,-0.8660254037844388,0.4093559588156213,-0.9123747579707273
2020-06-06 14:30:00,0.0,0.0,0.0,638270398.2428572,33.37743563333333,46.948323733333325,0.6034468239999998,14,30,5,158,6,-0.4999999999999997,-0.8660254037844388,0.4093559588156213,-0.9123747579707273
2020-06-06 14:45:00,8405.513333333332,8203.113333333333,47516.4,10380257111.823809,33.90886600000001,50.27579265517242,0.780935014137931,14,45,5,158,6,-0.4999999999999997,-0.8660254037844388,0.4093559588156213,-0.9123747579707273
2020-06-06 15:00:00,8794.329523809523,8595.447619047618,43631.94285714286,10207749596.77619,34.1249076,50.734835633333326,0.7187795,15,0,5,158,6,-0.7071067811865471,-0.7071067811865479,0.4093559588156213,-0.9123747579707273
2020-06-06 15:15:00,13443.60619047619,13154.923333333334,92131.6,14098673925.533333,33.745831433333336,45.243807166666656,0.4949221663333334,15,15,5,158,6,-0.7071067811865471,-0.7071067811865479,0.4093559588156213,-0.9123747579707273
2020-06-06 15:30:00,14343.626666666667,14039.486666666666,102901.66666666667,14192826735.2,33.55847272413793,43.637593172413794,0.4625425624137931,15,30,5,158,6,-0.7071067811865471,-0.7071067811865479,0.4093559588156213,-0.9123747579707273
2020-06-06 15:45:00,14951.698095238095,14635.28,106909.10952380951,14192830513.109524,33.728520800000005,43.85829163333334,0.4314839159999999,15,45,5,158,6,-0.7071067811865471,-0.7071067811865479,0.4093559588156213,-0.9123747579707273
2020-06-06 16:00:00,15176.876666666667,14860.175714285715,110660.6761904762,14192834264.676191,33.60346196551725,43.50400713793103,0.4610003879310345,16,0,5,158,6,-0.8660254037844384,-0.5000000000000004,0.4093559588156213,-0.9123747579707273
2020-06-06 16:15:00,14177.82238095238,13887.397142857144,114167.8380952381,14192837771.838095,33.714940433333325,42.38712886666667,0.4327976923333333,16,15,5,158,6,-0.8660254037844384,-0.5000000000000004,0.4093559588156213,-0.9123747579707273
2020-06-06 16:30:00,13029.96,12767.86,117461.13809523809,14192841065.138096,33.60099113793103,41.21095117241379,0.3867017306896553,16,30,5,158,6,-0.8660254037844384,-0.5000000000000004,0.4093559588156213,-0.9123747579707273
2020-06-06 16:45:00,11189.726666666666,10970.933333333334,120449.79999999999,14192844053.8,33.657895066666654,40.12103706666667,0.33048664,16,45,5,158,6,-0.8660254037844384,-0.5000000000000004,0.4093559588156213,-0.9123747579707273
2020-06-06 17:00:00,9003.86619047619,8845.301428571427,122952.55238095239,14192846556.552382,33.36201868965518,38.70877489655173,0.2656780362068965,17,0,5,158,6,-0.9659258262890683,-0.25881904510252063,0.4093559588156213,-0.9123747579707273
2020-06-06 17:15:00,6942.203333333333,6819.805238095239,124920.99523809523,14192848524.99524,33.07268886666666,37.05692040000001,0.2082114653333333,17,15,5,158,6,-0.9659258262890683,-0.25881904510252063,0.4093559588156213,-0.9123747579707273
2020-06-06 17:30:00,4717.907142857142,4623.4080952380955,126340.51428571428,14192849944.514286,32.425569413793085,34.998486896551725,0.145503933137931,17,30,5,158,6,-0.9659258262890683,-0.25881904510252063,0.4093559588156213,-0.9123747579707273
2020-06-06 17:45:00,3651.6800000000003,3571.6200000000003,127372.86666666668,14192850976.866667,31.981884566666665,33.544722433333334,0.1147372735,17,45,5,158,6,-0.9659258262890683,-0.25881904510252063,0.4093559588156213,-0.9123747579707273
2020-06-06 18:00:00,2266.7133333333336,2202.824761904762,128101.29523809525,14192851705.295238,31.524796600000005,32.09003803333333,0.0715695982666666,18,0,5,158,6,-1.0,-1.8369701987210297e-16,0.4093559588156213,-0.9123747579707273
2020-06-06 18:15:00,1234.7333333333333,1194.9933333333333,128515.73333333334,14192852119.733334,30.778523310344827,30.55973224137931,0.03898931,18,15,5,158,6,-1.0,-1.8369701987210297e-16,0.4093559588156213,-0.9123747579707273
2020-06-06 18:30:00,576.6333333333333,556.9333333333333,128738.93333333333,14192852342.933334,30.2812236,29.554166566666677,0.0180381478,18,30,5,158,6,-1.0,-1.8369701987210297e-16,0.4093559588156213,-0.9123747579707273
2020-06-06 18:45:00,27.75095238095238,26.748095238095235,128805.53333333333,14192852409.533333,29.741580172413794,28.65536179310345,0.0021596940082758,18,45,5,158,6,-1.0,-1.8369701987210297e-16,0.4093559588156213,-0.9123747579707273
2020-06-06 19:00:00,0.0,0.0,128806.0,14192852410.0,29.318510866666664,27.892811,0.0,19,0,5,158,6,-0.9659258262890684,0.2588190451025203,0.4093559588156213,-0.9123747579707273
2020-06-06 19:15:00,0.0,0.0,128806.0,14192852410.0,28.99656524137931,27.534605931034488,0.0,19,15,5,158,6,-0.9659258262890684,0.2588190451025203,0.4093559588156213,-0.9123747579707273
2020-06-06 19:30:00,0.0,0.0,128259.6,14111824044.6,28.65788573333333,27.18081766666667,0.0,19,30,5,158,6,-0.9659258262890684,0.2588190451025203,0.4093559588156213,-0.9123747579707273
2020-06-06 19:45:00,0.0,0.0,128806.0,14192852410.0,28.304477034482755,26.77728789655172,0.0,19,45,5,158,6,-0.9659258262890684,0.2588190451025203,0.4093559588156213,-0.9123747579707273
2020-06-06 20:00:00,0.0,0.0,128806.0,14192852410.0,27.945987933333335,26.595780333333337,0.0,20,0,5,158,6,-0.8660254037844386,0.5000000000000001,0.4093559588156213,-0.9123747579707273
2020-06-06 20:15:00,0.0,0.0,128247.13333333333,14180728429.4,27.288074344827585,26.094200310344824,0.0,20,15,5,158,6,-0.8660254037844386,0.5000000000000001,0.4093559588156213,-0.9123747579707273
2020-06-06 20:30:00,0.0,0.0,128806.0,14192852410.0,26.9000774,25.643047066666664,0.0,20,30,5,158,6,-0.8660254037844386,0.5000000000000001,0.4093559588156213,-0.9123747579707273
2020-06-06 20:45:00,0.0,0.0,128806.0,14192852410.0,26.508464931034485,25.122009275862062,0.0,20,45,5,158,6,-0.8660254037844386,0.5000000000000001,0.4093559588156213,-0.9123747579707273
2020-06-06 21:00:00,0.0,0.0,128806.0,14192852410.0,26.1909464,24.84469293333333,0.0,21,0,5,158,6,-0.7071067811865477,0.7071067811865474,0.4093559588156213,-0.9123747579707273
2020-06-06 21:15:00,0.0,0.0,128806.0,14192852410.0,25.930951,24.55359193333333,0.0,21,15,5,158,6,-0.7071067811865477,0.7071067811865474,0.4093559588156213,-0.9123747579707273
2020-06-06 21:30:00,0.0,0.0,128806.0,14192852410.0,25.632065241379312,24.262790000000003,0.0,21,30,5,158,6,-0.7071067811865477,0.7071067811865474,0.4093559588156213,-0.9123747579707273
2020-06-06 21:45:00,0.0,0.0,128806.0,14192852410.0,25.3672495,24.029856533333337,0.0,21,45,5,158,6,-0.7071067811865477,0.7071067811865474,0.4093559588156213,-0.9123747579707273
2020-06-06 22:00:00,0.0,0.0,128806.0,14192852410.0,25.177572344827592,23.724282206896557,0.0,22,0,5,158,6,-0.5000000000000004,0.8660254037844384,0.4093559588156213,-0.9123747579707273
2020-06-06 22:15:00,0.0,0.0,128806.0,14192852410.0,25.0475006,23.534215333333336,0.0,22,15,5,158,6,-0.5000000000000004,0.8660254037844384,0.4093559588156213,-0.9123747579707273
2020-06-06 22:30:00,0.0,0.0,128806.0,14192852410.0,24.92164444827586,23.52422248275862,0.0,22,30,5,158,6,-0.5000000000000004,0.8660254037844384,0.4093559588156213,-0.9123747579707273
2020-06-06 22:45:00,0.0,0.0,128806.0,14192852410.0,24.808846000000003,23.3340862,0.0,22,45,5,158,6,-0.5000000000000004,0.8660254037844384,0.4093559588156213,-0.9123747579707273
2020-06-06 23:00:00,0.0,0.0,128806.0,14192852410.0,24.802834999999995,23.34043683333333,0.0,23,0,5,158,6,-0.25881904510252157,0.9659258262890681,0.4093559588156213,-0.9123747579707273
2020-06-06 23:15:00,0.0,0.0,128806.0,14192852410.0,24.7329005862069,23.273787999999996,0.0,23,15,5,158,6,-0.25881904510252157,0.9659258262890681,0.4093559588156213,-0.9123747579707273
2020-06-06 23:30:00,0.0,0.0,128806.0,14192852410.0,24.579077266666665,22.9552134,0.0,23,30,5,158,6,-0.25881904510252157,0.9659258262890681,0.4093559588156213,-0.9123747579707273
2020-06-06 23:45:00,0.0,0.0,125426.46666666667,14192852410.0,24.532188689655168,22.799637344827584,0.0,23,45,5,158,6,-0.25881904510252157,0.9659258262890681,0.4093559588156213,-0.9123747579707273
2020-06-07 00:00:00,0.0,0.0,103253.13333333333,14192852410.0,24.3857169,22.619037899999995,0.0,0,0,6,159,6,0.0,1.0,0.39359027665646673,-0.9192859697186104
2020-06-07 00:15:00,0.0,0.0,98863.0,14192852410.0,24.392174500000003,22.688972866666663,0.0,0,15,6,159,6,0.0,1.0,0.39359027665646673,-0.9192859697186104
2020-06-07 00:30:00,0.0,0.0,98863.0,14192852410.0,24.359045827586204,22.73495910344828,0.0,0,30,6,159,6,0.0,1.0,0.39359027665646673,-0.9192859697186104
2020-06-07 00:45:00,0.0,0.0,98863.0,14192852410.0,24.391694266666665,22.958560066666656,0.0,0,45,6,159,6,0.0,1.0,0.39359027665646673,-0.9192859697186104
2020-06-07 01:00:00,0.0,0.0,98863.0,14192852410.0,24.30218727586206,22.827804275862068,0.0,1,0,6,159,6,0.25881904510252074,0.9659258262890683,0.39359027665646673,-0.9192859697186104
2020-06-07 01:15:00,0.0,0.0,98863.0,14192852410.0,24.342613866666667,22.832511500000003,0.0,1,15,6,159,6,0.25881904510252074,0.9659258262890683,0.39359027665646673,-0.9192859697186104
2020-06-07 01:30:00,0.0,0.0,98270.64285714286,14041557441.285715,24.3064719,22.95313816666667,0.0,1,30,6,159,6,0.25881904510252074,0.9659258262890683,0.39359027665646673,-0.9192859697186104
2020-06-07 01:45:00,0.0,0.0,98863.0,14192852410.0,24.19485365517241,22.8620615862069,0.0,1,45,6,159,6,0.25881904510252074,0.9659258262890683,0.39359027665646673,-0.9192859697186104
2020-06-07 02:00:00,0.0,0.0,98863.0,14192852410.0,23.985088166666667,22.50505680000001,0.0,2,0,6,159,6,0.49999999999999994,0.8660254037844387,0.39359027665646673,-0.9192859697186104
2020-06-07 02:15:00,0.0,0.0,98863.0,14192852410.0,23.82529931034483,22.16628610344828,0.0,2,15,6,159,6,0.49999999999999994,0.8660254037844387,0.39359027665646673,-0.9192859697186104
2020-06-07 02:30:00,0.0,0.0,98863.0,14192852410.0,23.664291366666667,21.830670166666664,0.0,2,30,6,159,6,0.49999999999999994,0.8660254037844387,0.39359027665646673,-0.9192859697186104
2020-06-07 02:45:00,0.0,0.0,98863.0,14192852410.0,23.31627113333333,21.218171166666664,0.0,2,45,6,159,6,0.49999999999999994,0.8660254037844387,0.39359027665646673,-0.9192859697186104
2020-06-07 03:00:00,0.0,0.0,98863.0,14192852410.0,23.140631310344837,21.037621965517243,0.0,3,0,6,159,6,0.7071067811865475,0.7071067811865476,0.39359027665646673,-0.9192859697186104
2020-06-07 03:15:00,0.0,0.0,98863.0,14192852410.0,23.056502233333333,21.101725266666666,0.0,3,15,6,159,6,0.7071067811865475,0.7071067811865476,0.39359027665646673,-0.9192859697186104
2020-06-07 03:30:00,0.0,0.0,98863.0,14192852410.0,23.4088904137931,21.518097999999995,0.0,3,30,6,159,6,0.7071067811865475,0.7071067811865476,0.39359027665646673,-0.9192859697186104
2020-06-07 03:45:00,0.0,0.0,98863.0,14192852410.0,23.646175233333327,22.129058866666668,7.678045999999997e-06,3,45,6,159,6,0.7071067811865475,0.7071067811865476,0.39359027665646673,-0.9192859697186104
2020-06-07 04:00:00,0.0,0.0,98863.0,14192852410.0,23.873299,23.0493317,9.08570702e-05,4,0,6,159,6,0.8660254037844386,0.5000000000000001,0.39359027665646673,-0.9192859697186104
2020-06-07 04:15:00,0.0,0.0,98863.0,14192852410.0,23.925614689655177,23.242368655172413,0.0,4,15,6,159,6,0.8660254037844386,0.5000000000000001,0.39359027665646673,-0.9192859697186104
2020-06-07 04:30:00,0.0,0.0,98863.0,14192852410.0,23.995880266666667,23.3759725,0.0,4,30,6,159,6,0.8660254037844386,0.5000000000000001,0.39359027665646673,-0.9192859697186104
2020-06-07 04:45:00,0.0,0.0,98863.0,14192852410.0,23.93255503333333,23.03222253333333,0.0,4,45,6,159,6,0.8660254037844386,0.5000000000000001,0.39359027665646673,-0.9192859697186104
2020-06-07 05:00:00,0.0,0.0,98863.0,14192852410.0,23.76671406896552,22.608825724137933,0.0,5,0,6,159,6,0.9659258262890683,0.25881904510252074,0.39359027665646673,-0.9192859697186104
2020-06-07 05:15:00,0.0,0.0,98863.0,14192852410.0,23.3882874,22.1521474,0.0,5,15,6,159,6,0.9659258262890683,0.25881904510252074,0.39359027665646673,-0.9192859697186104
2020-06-07 05:30:00,0.0,0.0,35225.2,14192852410.0,23.313739655172416,22.205520310344827,0.0,5,30,6,159,6,0.9659258262890683,0.25881904510252074,0.39359027665646673,-0.9192859697186104
2020-06-07 05:45:00,0.0,0.0,22308.32380952381,14192852410.0,23.304092500000007,22.277756933333333,0.0020051966493333,5,45,6,159,6,0.9659258262890683,0.25881904510252074,0.39359027665646673,-0.9192859697186104
2020-06-07 06:00:00,315.74809523809523,304.71142857142854,4363.647619047619,14192852431.714287,23.327774966666667,22.424058966666664,0.01179843906,6,0,6,159,6,1.0,6.123233995736766e-17,0.39359027665646673,-0.9192859697186104
2020-06-07 06:15:00,926.0866666666667,895.34,174.06666666666666,14098703212.199999,23.454492137931037,22.843351172413797,0.0303361282413793,6,15,6,159,6,1.0,6.123233995736766e-17,0.39359027665646673,-0.9192859697186104
2020-06-07 06:30:00,1488.0438095238094,1441.1038095238096,478.5047619047619,14192852889.504763,23.678839033333333,23.679221666666667,0.0494592853999999,6,30,6,159,6,1.0,6.123233995736766e-17,0.39359027665646673,-0.9192859697186104
2020-06-07 06:45:00,1651.7614285714285,1601.311904761905,846.3428571428572,14192853257.342855,23.861757310344828,24.523913241379308,0.0546033535172413,6,45,6,159,6,1.0,6.123233995736766e-17,0.39359027665646673,-0.9192859697186104
2020-06-07 07:00:00,2172.0438095238096,2110.2561904761906,1304.652380952381,14192853715.65238,24.029326533333336,25.32207020000001,0.0703298707,7,0,6,159,6,0.9659258262890683,-0.25881904510252063,0.39359027665646673,-0.9192859697186104
2020-06-07 07:15:00,2803.1214285714286,2728.999047619048,1889.6904761904761,14184205386.47619,24.345213866666665,26.29204303333333,0.0909268875,7,15,6,159,6,0.9659258262890683,-0.25881904510252063,0.39359027665646673,-0.9192859697186104
2020-06-07 07:30:00,4642.453333333333,4551.26,2776.4,14192855187.4,24.664387655172412,27.79724751724138,0.1467895927586206,7,30,6,159,6,0.9659258262890683,-0.25881904510252063,0.39359027665646673,-0.9192859697186104
2020-06-07 07:45:00,7288.704761904762,7160.308571428572,4238.933333333333,14192856649.933332,25.2397206,30.733236733333328,0.226475932,7,45,6,159,6,0.9659258262890683,-0.25881904510252063,0.39359027665646673,-0.9192859697186104
2020-06-07 08:00:00,6712.143333333333,6591.8361904761905,6009.723809523809,14192858420.72381,25.77827624137931,32.73560606896552,0.2199984668965517,8,0,6,159,6,0.8660254037844387,-0.4999999999999998,0.39359027665646673,-0.9192859697186104
2020-06-07 08:15:00,10439.021904761905,10235.991904761904,7895.495238095238,14192860306.495237,25.902603233333327,33.65886329999999,0.3211485096666666,8,15,6,159,6,0.8660254037844387,-0.4999999999999998,0.39359027665646673,-0.9192859697186104
2020-06-07 08:30:00,11176.593809523809,10959.09,10742.314285714285,14192863153.314287,26.49719124137931,36.86738248275863,0.3440621627586207,8,30,6,159,6,0.8660254037844387,-0.4999999999999998,0.39359027665646673,-0.9192859697186104
2020-06-07 08:45:00,15984.693333333333,15648.873333333333,14089.866666666667,14192866500.866667,27.04438073333333,39.0137531,0.5138264700000001,8,45,6,159,6,0.8660254037844387,-0.4999999999999998,0.39359027665646673,-0.9192859697186104
2020-06-07 09:00:00,17379.062857142857,17008.03142857143,18098.30476190476,14192870509.304762,27.667932033333337,40.99160059999999,0.5373073253333333,9,0,6,159,6,0.7071067811865476,-0.7071067811865475,0.39359027665646673,-0.9192859697186104
2020-06-07 09:15:00,13467.516666666666,13172.211428571429,17524.990476190476,11165241240.819048,28.49463520689655,43.01073889655173,0.710892114137931,9,15,6,159,6,0.7071067811865476,-0.7071067811865475,0.39359027665646673,-0.9192859697186104
2020-06-07 09:30:00,3193.0099999999998,3118.512857142857,4462.77619047619,5102433583.9,29.140061533333327,49.17093513333333,0.8125590883333333,9,30,6,159,6,0.7071067811865476,-0.7071067811865475,0.39359027665646673,-0.9192859697186104
2020-06-07 09:45:00,14880.955238095237,14524.03619047619,24297.59523809524,14192878664.595238,30.203821413793104,53.47384431034483,0.8467225089655172,9,45,6,159,6,0.7071067811865476,-0.7071067811865475,0.39359027665646673,-0.9192859697186104
2020-06-07 10:00:00,14644.926666666666,14287.739999999998,27908.86666666667,14192882275.866667,30.35451043333333,54.12945963333334,0.8726596406666667,10,0,6,159,6,0.49999999999999994,-0.8660254037844387,0.39359027665646673,-0.9192859697186104
2020-06-07 10:15:00,14499.562380952382,14145.555238095238,31665.852380952383,14192886032.85238,30.910610862068964,55.755181586206895,0.9375678951724136,10,15,6,159,6,0.49999999999999994,-0.8660254037844387,0.39359027665646673,-0.9192859697186104
2020-06-07 10:30:00,13597.523333333333,13271.237619047619,34881.57142857143,14192889248.571428,31.14486896666667,53.88275476666667,0.7992798963333334,10,30,6,159,6,0.49999999999999994,-0.8660254037844387,0.39359027665646673,-0.9192859697186104
2020-06-07 10:45:00,10727.977142857142,10483.05619047619,37914.46666666667,14192892281.466667,30.656612133333336,47.68844996666667,0.5872014193333333,10,45,6,159,6,0.49999999999999994,-0.8660254037844387,0.39359027665646673,-0.9192859697186104
2020-06-07 11:00:00,11363.593333333332,11099.64,40601.13333333333,14192894968.133333,30.802704931034487,48.10768699999999,0.6607782920689654,11,0,6,159,6,0.258819045102521,-0.9659258262890682,0.39359027665646673,-0.9192859697186104
2020-06-07 11:15:00,12183.68,11898.133333333333,43474.26666666666,14192897841.266666,31.279829933333332,49.56139226666667,0.7916990476666667,11,15,6,159,6,0.258819045102521,-0.9659258262890682,0.39359027665646673,-0.9192859697186104
2020-06-07 11:30:00,13211.36,12894.529047619048,46689.23809523809,14192901056.238094,31.66923168965517,53.56500248275861,0.8945636462068964,11,30,6,159,6,0.258819045102521,-0.9659258262890682,0.39359027665646673,-0.9192859697186104
2020-06-07 11:45:00,13384.83,13063.924285714285,49694.433333333334,14192904061.433332,31.71421196666667,49.82322993333332,0.8207219526666667,11,45,6,159,6,0.258819045102521,-0.9659258262890682,0.39359027665646673,-0.9192859697186104
2020-06-07 12:00:00,14402.409047619049,14051.125714285716,53217.357142857145,14192907584.357143,32.61345410344827,56.431411103448255,0.9401011872413793,12,0,6,159,6,1.2246467991473532e-16,-1.0,0.39359027665646673,-0.9192859697186104
2020-06-07 12:15:00,16081.84,15682.9,56823.2,14192911190.2,32.843473100000004,56.15691226666667,1.0313671876666668,12,15,6,159,6,1.2246467991473532e-16,-1.0,0.39359027665646673,-0.9192859697186104
2020-06-07 12:30:00,15318.98380952381,14942.855238095239,60717.747619047615,14192915084.74762,33.394238200000004,60.12068173333333,1.0608216526666665,12,30,6,159,6,1.2246467991473532e-16,-1.0,0.39359027665646673,-0.9192859697186104
2020-06-07 12:45:00,11766.003809523809,11493.587142857143,64030.938095238096,14192918397.938095,32.92408189655172,55.86176493103447,0.7966550186206898,12,45,6,159,6,1.2246467991473532e-16,-1.0,0.39359027665646673,-0.9192859697186104
2020-06-07 13:00:00,10482.791428571429,10246.79238095238,66751.67142857143,14192921118.671429,32.72522613333333,50.915576066666674,0.6859530023333332,13,0,6,159,6,-0.2588190451025208,-0.9659258262890683,0.39359027665646673,-0.9192859697186104
2020-06-07 13:15:00,13292.390476190478,12974.220952380952,69457.16666666667,14192923824.166668,33.03033251724138,49.4143646551724,0.7973102444827586,13,15,6,159,6,-0.2588190451025208,-0.9659258262890683,0.39359027665646673,-0.9192859697186104
2020-06-07 13:30:00,12719.326666666668,12416.526666666667,72679.0,14192927046.0,33.60120353333335,53.343462,0.7106564423333332,13,30,6,159,6,-0.2588190451025208,-0.9659258262890683,0.39359027665646673,-0.9192859697186104
2020-06-07 13:45:00,14140.407142857142,13796.089523809524,76105.88571428572,14192930472.885714,33.778215,54.16132220689655,0.7980341431034484,13,45,6,159,6,-0.2588190451025208,-0.9659258262890683,0.39359027665646673,-0.9192859697186104
2020-06-07 14:00:00,14029.789047619048,13692.804761904763,80249.9380952381,14192933932.004763,33.454995533333324,53.975506666666654,0.7937635736666667,14,0,6,159,6,-0.4999999999999997,-0.8660254037844388,0.39359027665646673,-0.9192859697186104
2020-06-07 14:15:00,16051.745714285715,15671.312857142857,84474.11428571428,14192937362.047619,32.816685066666686,50.00570463333335,0.739974206,14,15,6,159,6,-0.4999999999999997,-0.8660254037844388,0.39359027665646673,-0.9192859697186104
2020-06-07 14:30:00,15500.199999999999,15137.806666666667,88866.26666666666,14192941277.266666,33.3852034137931,52.575669,0.7410701599999999,14,30,6,159,6,-0.4999999999999997,-0.8660254037844388,0.39359027665646673,-0.9192859697186104
2020-06-07 14:45:00,15282.536190476188,14925.947142857143,92810.78095238094,14192945221.780952,33.7029401,52.67560216666666,0.734267409,14,45,6,159,6,-0.4999999999999997,-0.8660254037844388,0.39359027665646673,-0.9192859697186104
2020-06-07 15:00:00,12328.40857142857,12064.430952380952,95965.56666666667,14192948376.566668,33.60650644827587,48.5469233448276,0.5456832444827587,15,0,6,159,6,-0.7071067811865471,-0.7071067811865479,0.39359027665646673,-0.9192859697186104
2020-06-07 15:15:00,409.12666666666667,399.9666666666667,12120.747619047619,1815884062.5857143,33.931534,49.6021231,0.5886498649999999,15,15,6,159,6,-0.7071067811865471,-0.7071067811865479,0.39359027665646673,-0.9192859697186104
2020-06-07 15:30:00,3958.3952380952383,3871.9309523809525,17016.095238095237,5375253356.604762,34.03528106896551,49.24357441379311,0.5693968248275862,15,30,6,159,6,-0.7071067811865471,-0.7071067811865479,0.39359027665646673,-0.9192859697186104
2020-06-07 15:45:00,14233.26,13939.96,100585.8,14192952996.8,33.72255250000001,46.05866300000001,0.4384509096666665,15,45,6,159,6,-0.7071067811865471,-0.7071067811865479,0.39359027665646673,-0.9192859697186104
2020-06-07 16:00:00,5445.363809523809,5340.107142857142,102906.13333333333,14192955317.133333,32.030420966666675,37.55164403333334,0.1739167188,16,0,6,159,6,-0.8660254037844384,-0.5000000000000004,0.39359027665646673,-0.9192859697186104
2020-06-07 16:15:00,11327.106666666667,11093.766666666666,103962.73333333334,14137050343.8,30.78578237931034,32.54686437931036,0.3473763027931034,16,15,6,159,6,-0.8660254037844384,-0.5000000000000004,0.39359027665646673,-0.9192859697186104
2020-06-07 16:30:00,7708.201904761904,7562.971904761905,107309.74761904762,14192959720.747618,31.264936366666664,36.13893116666667,0.2288779286666666,16,30,6,159,6,-0.8660254037844384,-0.5000000000000004,0.39359027665646673,-0.9192859697186104
2020-06-07 16:45:00,4167.238571428571,4084.562380952381,108633.10952380953,14192961044.109524,31.393933689655174,33.76577124137931,0.1319833670344827,16,45,6,159,6,-0.8660254037844384,-0.5000000000000004,0.39359027665646673,-0.9192859697186104
2020-06-07 17:00:00,7218.8533333333335,7084.714761904762,109910.27619047619,14192962321.27619,31.5385315,34.34889863333335,0.2230345256666667,17,0,6,159,6,-0.9659258262890683,-0.25881904510252063,0.39359027665646673,-0.9192859697186104
2020-06-07 17:15:00,6386.385714285714,6270.1352380952385,111739.64761904761,14192964150.64762,31.88112573333333,35.58254099999999,0.1942116008,17,15,6,159,6,-0.9659258262890683,-0.25881904510252063,0.39359027665646673,-0.9192859697186104
2020-06-07 17:30:00,5228.82,5126.815714285714,113166.17619047618,14192965577.17619,31.704619137931036,34.333354206896544,0.161588177413793,17,30,6,159,6,-0.9659258262890683,-0.25881904510252063,0.39359027665646673,-0.9192859697186104
2020-06-07 17:45:00,3630.150476190476,3550.8371428571427,114257.5142857143,14192966668.514286,31.4926077,33.12576496666667,0.1146412660333333,17,45,6,159,6,-0.9659258262890683,-0.25881904510252063,0.39359027665646673,-0.9192859697186104
2020-06-07 18:00:00,2090.7395238095237,2030.8033333333333,114948.5,14192967359.5,31.154428241379318,31.562369620689655,0.0681029844137931,18,0,6,159,6,-1.0,-1.8369701987210297e-16,0.39359027665646673,-0.9192859697186104
2020-06-07 18:15:00,1278.2733333333333,1237.2466666666667,115356.53333333333,14192967767.533333,30.512081933333334,30.23402086666667,0.0422383711666666,18,15,6,159,6,-1.0,-1.8369701987210297e-16,0.39359027665646673,-0.9192859697186104
2020-06-07 18:30:00,603.7152380952381,583.06,115586.62857142856,14192967997.62857,29.778644275862074,29.073859931034484,0.0192496679655172,18,30,6,159,6,-1.0,-1.8369701987210297e-16,0.39359027665646673,-0.9192859697186104
2020-06-07 18:45:00,62.05619047619047,59.84047619047619,115664.88095238095,14192968075.880953,29.298944166666665,28.245228,0.0037315805733333,18,45,6,159,6,-1.0,-1.8369701987210297e-16,0.39359027665646673,-0.9192859697186104
2020-06-07 19:00:00,0.0,0.0,115481.26666666666,14192936661.266666,28.9192829,27.5814371,2.558505556666667e-05,19,0,6,159,6,-0.9659258262890684,0.2588190451025203,0.39359027665646673,-0.9192859697186104
2020-06-07 19:15:00,0.0,0.0,115667.0,14192968078.0,28.54377696551724,27.12873793103449,0.0,19,15,6,159,6,-0.9659258262890684,0.2588190451025203,0.39359027665646673,-0.9192859697186104
2020-06-07 19:30:00,0.0,0.0,115667.0,14192968078.0,28.2098145,26.85495193333333,0.0,19,30,6,159,6,-0.9659258262890684,0.2588190451025203,0.39359027665646673,-0.9192859697186104
2020-06-07 19:45:00,0.0,0.0,115667.0,14192968078.0,28.011380000000003,26.64253906896552,0.0,19,45,6,159,6,-0.9659258262890684,0.2588190451025203,0.39359027665646673,-0.9192859697186104
2020-06-07 20:00:00,0.0,0.0,115667.0,14192968078.0,27.74761036666667,26.298777366666663,0.0,20,0,6,159,6,-0.8660254037844386,0.5000000000000001,0.39359027665646673,-0.9192859697186104
2020-06-07 20:15:00,0.0,0.0,115667.0,14192968078.0,27.48150217241379,26.08121555172413,0.0,20,15,6,159,6,-0.8660254037844386,0.5000000000000001,0.39359027665646673,-0.9192859697186104
2020-06-07 20:30:00,0.0,0.0,115667.0,14192968078.0,27.152643666666663,25.8109556,0.0,20,30,6,159,6,-0.8660254037844386,0.5000000000000001,0.39359027665646673,-0.9192859697186104
2020-06-07 20:45:00,0.0,0.0,115667.0,14192968078.0,26.817372448275865,25.502152,0.0,20,45,6,159,6,-0.8660254037844386,0.5000000000000001,0.39359027665646673,-0.9192859697186104
2020-06-07 21:00:00,0.0,0.0,115667.0,14192968078.0,26.631459366666665,25.255108466666663,0.0,21,0,6,159,6,-0.7071067811865477,0.7071067811865474,0.39359027665646673,-0.9192859697186104
2020-06-07 21:15:00,0.0,0.0,115667.0,14192968078.0,26.52411093103448,25.14388613793104,0.0,21,15,6,159,6,-0.7071067811865477,0.7071067811865474,0.39359027665646673,-0.9192859697186104
2020-06-07 21:30:00,0.0,0.0,115667.0,14192968078.0,26.3899577,25.038738866666662,0.0,21,30,6,159,6,-0.7071067811865477,0.7071067811865474,0.39359027665646673,-0.9192859697186104
2020-06-07 21:45:00,0.0,0.0,115667.0,14192968078.0,26.28570472413793,24.954618137931043,0.0,21,45,6,159,6,-0.7071067811865477,0.7071067811865474,0.39359027665646673,-0.9192859697186104
2020-06-07 22:00:00,0.0,0.0,115667.0,14192968078.0,26.128687533333338,24.8407493,0.0,22,0,6,159,6,-0.5000000000000004,0.8660254037844384,0.39359027665646673,-0.9192859697186104
2020-06-07 22:15:00,0.0,0.0,115667.0,14192968078.0,26.035083033333333,24.78020146666666,0.0,22,15,6,159,6,-0.5000000000000004,0.8660254037844384,0.39359027665646673,-0.9192859697186104
2020-06-07 22:30:00,0.0,0.0,115463.53333333333,14184895554.6,25.86431058620689,24.63717220689655,0.0,22,30,6,159,6,-0.5000000000000004,0.8660254037844384,0.39359027665646673,-0.9192859697186104
2020-06-07 22:45:00,0.0,0.0,115667.0,14192968078.0,25.652661066666663,24.3556925,0.0,22,45,6,159,6,-0.5000000000000004,0.8660254037844384,0.39359027665646673,-0.9192859697186104
2020-06-07 23:00:00,0.0,0.0,115667.0,14192968078.0,25.51786096551724,24.239691344827584,0.0,23,0,6,159,6,-0.25881904510252157,0.9659258262890681,0.39359027665646673,-0.9192859697186104
2020-06-07 23:15:00,0.0,0.0,115667.0,14192968078.0,25.37638426666667,24.021863866666656,0.0,23,15,6,159,6,-0.25881904510252157,0.9659258262890681,0.39359027665646673,-0.9192859697186104
2020-06-07 23:30:00,0.0,0.0,115667.0,14192968078.0,25.253462275862077,23.747111379310343,0.0,23,30,6,159,6,-0.25881904510252157,0.9659258262890681,0.39359027665646673,-0.9192859697186104
2020-06-07 23:45:00,0.0,0.0,113531.68095238095,14192968078.0,25.127188266666664,23.5922253,0.0,23,45,6,159,6,-0.25881904510252157,0.9659258262890681,0.39359027665646673,-0.9192859697186104
2020-06-08 00:00:00,0.0,0.0,96799.58571428571,14192968078.0,24.993941655172414,23.46560568965517,0.0,0,0,0,160,6,0.0,1.0,0.3777079652039649,-0.9259247771938498
2020-06-08 00:15:00,0.0,0.0,94568.0,14192968078.0,24.852965133333328,23.282042633333337,0.0,0,15,0,160,6,0.0,1.0,0.3777079652039649,-0.9259247771938498
2020-06-08 00:30:00,0.0,0.0,94568.0,14192968078.0,24.749431517241383,23.031024793103448,0.0,0,30,0,160,6,0.0,1.0,0.3777079652039649,-0.9259247771938498
2020-06-08 00:45:00,0.0,0.0,94568.0,14192968078.0,24.5821158,22.699346966666667,0.0,0,45,0,160,6,0.0,1.0,0.3777079652039649,-0.9259247771938498
2020-06-08 01:00:00,0.0,0.0,94568.0,14192968078.0,24.471458758620688,22.484646517241377,0.0,1,0,0,160,6,0.25881904510252074,0.9659258262890683,0.3777079652039649,-0.9259247771938498
2020-06-08 01:15:00,0.0,0.0,94568.0,14192968078.0,24.421980933333334,22.509365933333328,0.0,1,15,0,160,6,0.25881904510252074,0.9659258262890683,0.3777079652039649,-0.9259247771938498
2020-06-08 01:30:00,0.0,0.0,94568.0,14111939585.466667,24.31886606666666,22.5281493,0.0,1,30,0,160,6,0.25881904510252074,0.9659258262890683,0.3777079652039649,-0.9259247771938498
2020-06-08 01:45:00,0.0,0.0,94568.0,14192968078.0,24.233158517241385,22.51216286206897,0.0,1,45,0,160,6,0.25881904510252074,0.9659258262890683,0.3777079652039649,-0.9259247771938498
2020-06-08 02:00:00,0.0,0.0,94568.0,14192968078.0,24.1686308,22.469710366666664,0.0,2,0,0,160,6,0.49999999999999994,0.8660254037844387,0.3777079652039649,-0.9259247771938498
2020-06-08 02:15:00,0.0,0.0,94046.26666666666,14192794653.866667,24.182082689655168,22.57848182758621,0.0,2,15,0,160,6,0.49999999999999994,0.8660254037844387,0.3777079652039649,-0.9259247771938498
2020-06-08 02:30:00,0.0,0.0,94568.0,14192968078.0,24.2773612,23.1083049,0.0,2,30,0,160,6,0.49999999999999994,0.8660254037844387,0.3777079652039649,-0.9259247771938498
2020-06-08 02:45:00,0.0,0.0,94568.0,14192968078.0,24.488492933333333,23.68562743333333,0.0,2,45,0,160,6,0.49999999999999994,0.8660254037844387,0.3777079652039649,-0.9259247771938498
2020-06-08 03:00:00,0.0,0.0,94568.0,14192968078.0,24.461681586206904,23.499139379310343,0.0,3,0,0,160,6,0.7071067811865475,0.7071067811865476,0.3777079652039649,-0.9259247771938498
2020-06-08 03:15:00,0.0,0.0,94568.0,14192968078.0,24.351066133333333,23.058846066666664,0.0,3,15,0,160,6,0.7071067811865475,0.7071067811865476,0.3777079652039649,-0.9259247771938498
2020-06-08 03:30:00,0.0,0.0,94568.0,14192968078.0,24.2730491724138,22.993584862068968,0.0,3,30,0,160,6,0.7071067811865475,0.7071067811865476,0.3777079652039649,-0.9259247771938498
2020-06-08 03:45:00,0.0,0.0,94568.0,14192968078.0,24.285703599999994,23.15494693333333,0.0,3,45,0,160,6,0.7071067811865475,0.7071067811865476,0.3777079652039649,-0.9259247771938498
2020-06-08 04:00:00,0.0,0.0,94568.0,14192968078.0,24.31489576666667,23.3794363,0.0,4,0,0,160,6,0.8660254037844386,0.5000000000000001,0.3777079652039649,-0.9259247771938498
2020-06-08 04:15:00,0.0,0.0,94568.0,14192968078.0,24.185381071428573,23.00484142857143,0.0,4,15,0,160,6,0.8660254037844386,0.5000000000000001,0.3777079652039649,-0.9259247771938498
2020-06-08 04:30:00,0.0,0.0,94568.0,14192968078.0,24.259531699999997,23.466709466666668,0.0,4,30,0,160,6,0.8660254037844386,0.5000000000000001,0.3777079652039649,-0.9259247771938498
2020-06-08 04:45:00,0.0,0.0,94568.0,14192968078.0,24.276126379310345,23.49121834482758,0.0,4,45,0,160,6,0.8660254037844386,0.5000000000000001,0.3777079652039649,-0.9259247771938498
2020-06-08 05:00:00,0.0,0.0,94568.0,14192968078.0,24.22245576666667,23.3793477,0.0,5,0,0,160,6,0.9659258262890683,0.25881904510252074,0.3777079652039649,-0.9259247771938498
2020-06-08 05:15:00,0.0,0.0,94568.0,14192968078.0,24.25752373333333,23.658629566666672,0.0,5,15,0,160,6,0.9659258262890683,0.25881904510252074,0.3777079652039649,-0.9259247771938498
2020-06-08 05:30:00,0.0,0.0,44130.13333333333,14192968078.0,23.98507489655172,22.633693241379305,0.0,5,30,0,160,6,0.9659258262890683,0.25881904510252074,0.3777079652039649,-0.9259247771938498
2020-06-08 05:45:00,0.0,0.0,41301.0,14082291905.4,23.986628266666667,23.037936433333336,0.0018528598456666,5,45,0,160,6,0.9659258262890683,0.25881904510252074,0.3777079652039649,-0.9259247771938498
2020-06-08 06:00:00,412.0028571428572,397.8947619047619,29790.366666666665,14111939612.9,24.205060344827587,23.79898934482759,0.0146551610034482,6,0,0,160,6,1.0,6.123233995736766e-17,0.3777079652039649,-0.9259247771938498
2020-06-08 06:15:00,1197.7004761904761,1159.020476190476,13979.880952380952,14192968294.890478,24.331214600000003,23.9384053,0.0392247689,6,15,0,160,6,1.0,6.123233995736766e-17,0.3777079652039649,-0.9259247771938498
2020-06-08 06:30:00,2055.6680952380952,1996.6195238095236,578.7476190476191,14192968696.747618,24.517363517241385,24.585816517241376,0.0659926922413793,6,30,0,160,6,1.0,6.123233995736766e-17,0.3777079652039649,-0.9259247771938498
2020-06-08 06:45:00,3006.633333333333,2931.3133333333335,1202.1333333333332,14192969320.133335,24.8456013,25.580103466666667,0.0889491841,6,45,0,160,6,1.0,6.123233995736766e-17,0.3777079652039649,-0.9259247771938498
2020-06-08 07:00:00,5088.407142857142,4988.819523809524,2133.7666666666664,14192970251.766666,25.224013166666666,27.116205733333334,0.1950850521333333,7,0,0,160,6,0.9659258262890683,-0.25881904510252063,0.3777079652039649,-0.9259247771938498
2020-06-08 07:15:00,5605.526666666667,5501.170476190477,3546.9,14192971664.9,25.63099824137931,29.72970686206897,0.2136168020344828,7,15,0,160,6,0.9659258262890683,-0.25881904510252063,0.3777079652039649,-0.9259247771938498
2020-06-08 07:30:00,8560.63619047619,8404.224285714286,5121.790476190476,14170999131.057142,25.745165000000004,31.448751766666664,0.3196091196666666,7,30,0,160,6,0.9659258262890683,-0.25881904510252063,0.3777079652039649,-0.9259247771938498
2020-06-08 07:45:00,10352.424761904762,10152.509523809524,7436.8190476190475,14184326422.604761,26.189314172413788,34.096579827586204,0.3787636724137931,7,45,0,160,6,0.9659258262890683,-0.25881904510252063,0.3777079652039649,-0.9259247771938498
2020-06-08 08:00:00,12136.706666666667,11894.906666666668,10282.333333333334,14192978400.333334,26.677007033333336,36.411857066666656,0.4478052886666666,8,0,0,160,6,0.8660254037844387,-0.4999999999999998,0.3777079652039649,-0.9259247771938498
2020-06-08 08:15:00,9958.264761904762,9764.805238095238,13063.585714285715,14192981181.585714,26.91035206896552,36.49297772413794,0.3442403296551724,8,15,0,160,6,0.8660254037844387,-0.4999999999999998,0.3777079652039649,-0.9259247771938498
2020-06-08 08:30:00,15009.029047619048,14698.405714285715,16065.980952380953,14192984183.980951,27.242980966666664,37.49083386666668,0.5150724836666666,8,30,0,160,6,0.8660254037844387,-0.4999999999999998,0.3777079652039649,-0.9259247771938498
2020-06-08 08:45:00,11738.193333333333,11507.001904761904,19267.423809523807,14192987385.42381,27.509329366666663,37.060638399999995,0.3601402536666665,8,45,0,160,6,0.8660254037844387,-0.4999999999999998,0.3777079652039649,-0.9259247771938498
2020-06-08 09:00:00,15433.402857142857,15106.315714285714,22468.890476190478,14192990586.890478,28.029827241379305,38.45545786206896,0.559821446551724,9,0,0,160,6,0.7071067811865476,-0.7071067811865475,0.3777079652039649,-0.9259247771938498
2020-06-08 09:15:00,12811.092307692308,12541.761538461538,25883.76923076923,14084359965.461538,28.497391296296296,40.135088851851854,0.4691874514814814,9,15,0,160,6,0.7071067811865476,-0.7071067811865475,0.3777079652039649,-0.9259247771938498
2020-06-08 09:30:00,15660.337435897434,15307.977435897435,29640.266666666666,14192997758.266666,28.96267034782609,41.09230130434782,0.7317601882608696,9,30,0,160,6,0.7071067811865476,-0.7071067811865475,0.3777079652039649,-0.9259247771938498
2020-06-08 09:45:00,17015.59395604396,16606.17032967033,33626.79120879121,14193001744.791208,29.46306278571428,43.67498875000001,0.8086245521428572,9,45,0,160,6,0.7071067811865476,-0.7071067811865475,0.3777079652039649,-0.9259247771938498
2020-06-08 10:00:00,15453.868095238095,15091.761904761905,37458.82380952381,14192884324.557144,29.789045448275864,43.43828806896552,0.659905465862069,10,0,0,160,6,0.49999999999999994,-0.8660254037844387,0.3777079652039649,-0.9259247771938498
2020-06-08 10:15:00,15252.073333333334,14888.926666666666,41220.0,14193009338.0,30.264954666666668,47.16902866666666,0.8487661903333334,10,15,0,160,6,0.49999999999999994,-0.8660254037844387,0.3777079652039649,-0.9259247771938498
2020-06-08 10:30:00,15407.943333333335,15037.43619047619,44995.14761904762,14193013113.14762,31.225147103448275,55.107678758620686,0.9147767362068968,10,30,0,160,6,0.49999999999999994,-0.8660254037844387,0.3777079652039649,-0.9259247771938498
2020-06-08 10:45:00,13363.815238095238,13047.680476190477,48297.39523809524,14193016415.395239,31.23928343333333,51.54766013333333,0.726866196,10,45,0,160,6,0.49999999999999994,-0.8660254037844387,0.3777079652039649,-0.9259247771938498
2020-06-08 11:00:00,15843.954285714284,15456.74142857143,52160.87619047619,14193020278.87619,31.644782793103456,55.886171586206885,0.968234732413793,11,0,0,160,6,0.258819045102521,-0.9659258262890682,0.3777079652039649,-0.9259247771938498
2020-06-08 11:15:00,15222.673333333334,14854.113333333335,55878.4,14193023996.400002,31.6512615,53.74365429999999,0.8270961906666667,11,15,0,160,6,0.258819045102521,-0.9659258262890682,0.3777079652039649,-0.9259247771938498
2020-06-08 11:30:00,16853.39238095238,16437.408571428572,59799.14285714286,14193027917.142859,31.93157020689656,54.67335772413792,0.9459829844827584,11,30,0,160,6,0.258819045102521,-0.9659258262890682,0.3777079652039649,-0.9259247771938498
2020-06-08 11:45:00,14115.47,13774.873333333333,63564.54285714286,14174182163.87619,32.13035090000001,54.910771700000005,0.8896266996666666,11,45,0,160,6,0.258819045102521,-0.9659258262890682,0.3777079652039649,-0.9259247771938498
2020-06-08 12:00:00,13041.34857142857,12731.450476190475,67143.02857142857,14193035261.028572,32.11926062068966,53.073873758620685,0.7076265589655171,12,0,0,160,6,1.2246467991473532e-16,-1.0,0.3777079652039649,-0.9259247771938498
2020-06-08 12:15:00,16179.191428571428,15781.728571428572,70110.45238095238,14019485906.309525,32.299311299999985,52.531129866666674,0.9929877596666667,12,15,0,160,6,1.2246467991473532e-16,-1.0,0.3777079652039649,-0.9259247771938498
2020-06-08 12:30:00,15941.286666666667,15549.893333333333,74287.46666666666,14193042405.466667,33.3718682413793,57.84481582758621,0.975599393448276,12,30,0,160,6,1.2246467991473532e-16,-1.0,0.3777079652039649,-0.9259247771938498
2020-06-08 12:45:00,16410.883333333335,16005.060000000001,78478.30476190476,14193046596.304762,33.46882423333333,59.603781,0.919472782,12,45,0,160,6,1.2246467991473532e-16,-1.0,0.3777079652039649,-0.9259247771938498
2020-06-08 13:00:00,12540.481904761906,12245.960476190476,81165.34285714285,14180767393.542858,33.097265965517245,51.85124986206896,0.7769413851724137,13,0,0,160,6,-0.2588190451025208,-0.9659258262890683,0.3777079652039649,-0.9259247771938498
2020-06-08 13:15:00,11381.159047619047,11115.90238095238,84682.2,14193052800.2,33.37835496666667,50.7018586,0.6180603946666666,13,15,0,160,6,-0.2588190451025208,-0.9659258262890683,0.3777079652039649,-0.9259247771938498
2020-06-08 13:30:00,15844.686666666665,15456.326666666668,88121.06666666667,14193056239.066668,33.48709813793103,52.67072368965517,0.8907123813793103,13,30,0,160,6,-0.2588190451025208,-0.9659258262890683,0.3777079652039649,-0.9259247771938498
2020-06-08 13:45:00,14432.494761904762,14084.749047619047,91835.26190476191,14193059953.261906,33.73505129999998,52.3897389,0.6725076190000001,13,45,0,160,6,-0.2588190451025208,-0.9659258262890683,0.3777079652039649,-0.9259247771938498
2020-06-08 14:00:00,15500.54,15119.273333333334,95322.46666666667,14193063440.466667,34.04048520689655,52.49896431034484,0.8504849924137932,14,0,0,160,6,-0.4999999999999997,-0.8660254037844388,0.3777079652039649,-0.9259247771938498
2020-06-08 14:15:00,16824.370476190474,16407.952857142856,99350.85238095238,14193067468.85238,34.30160923333333,55.354745566666665,0.8372840246666668,14,15,0,160,6,-0.4999999999999997,-0.8660254037844388,0.3777079652039649,-0.9259247771938498
2020-06-08 14:30:00,18562.054285714286,18105.39238095238,103513.93809523809,14032509428.295238,34.651486133333336,55.11219686666668,0.8272664623333335,14,30,0,160,6,-0.4999999999999997,-0.8660254037844388,0.3777079652039649,-0.9259247771938498
2020-06-08 14:45:00,17941.646666666667,17509.96,107148.33333333333,14146368777.266666,34.95383220689654,55.212895,0.8057083706896551,14,45,0,160,6,-0.4999999999999997,-0.8660254037844388,0.3777079652039649,-0.9259247771938498
2020-06-08 15:00:00,15203.453333333333,14861.26,112444.0,14193080562.0,34.52540486666666,52.0578676,0.5830057133333332,15,0,0,160,6,-0.7071067811865471,-0.7071067811865479,0.3777079652039649,-0.9259247771938498
2020-06-08 15:15:00,19624.089523809525,19184.959523809524,116330.33333333333,14193084448.333332,34.56790527586206,49.88112982758621,0.6698914724137933,15,15,0,160,6,-0.7071067811865471,-0.7071067811865479,0.3777079652039649,-0.9259247771938498
2020-06-08 15:30:00,21131.016666666666,20665.066666666666,121468.78571428571,14193089586.785713,34.643021766666656,49.4074188,0.6618464033333333,15,30,0,160,6,-0.7071067811865471,-0.7071067811865479,0.3777079652039649,-0.9259247771938498
2020-06-08 15:45:00,17921.01523809524,17536.959523809524,126379.73333333334,14193094497.733334,34.78082813793104,48.18100510344827,0.5469249258620686,15,45,0,160,6,-0.7071067811865471,-0.7071067811865479,0.3777079652039649,-0.9259247771938498
2020-06-08 16:00:00,14923.906666666666,14615.809047619048,130271.21428571428,14193098389.214285,34.512670799999995,44.64368766666667,0.4552620366666667,16,0,0,160,6,-0.8660254037844384,-0.5000000000000004,0.3777079652039649,-0.9259247771938498
2020-06-08 16:15:00,12690.22,12436.072857142857,133477.09523809524,14043243538.361904,34.0803748275862,42.50126886206896,0.3886018355172414,16,15,0,160,6,-0.8660254037844384,-0.5000000000000004,0.3777079652039649,-0.9259247771938498
2020-06-08 16:30:00,11121.574285714285,10901.076666666666,136464.39047619049,14193104582.390474,33.91140243333332,40.487863100000006,0.3308074673333333,16,30,0,160,6,-0.8660254037844384,-0.5000000000000004,0.3777079652039649,-0.9259247771938498
2020-06-08 16:45:00,9127.789999999999,8960.803333333333,139092.83333333334,14193107210.833334,33.269952206896555,38.660625275862074,0.2653666793103448,16,45,0,160,6,-0.8660254037844384,-0.5000000000000004,0.3777079652039649,-0.9259247771938498
2020-06-08 17:00:00,7922.062857142857,7785.9538095238095,141011.2142857143,14043251072.480953,32.76734503333332,36.940227333333326,0.2370234883333333,17,0,0,160,6,-0.9659258262890683,-0.25881904510252063,0.3777079652039649,-0.9259247771938498
2020-06-08 17:15:00,6160.52,6043.293333333334,142938.93333333332,14193111056.933334,32.56407086206897,35.58273634482759,0.1857099906896551,17,15,0,160,6,-0.9659258262890683,-0.25881904510252063,0.3777079652039649,-0.9259247771938498
2020-06-08 17:30:00,5606.330952380952,5497.976190476191,144379.80476190476,14193112497.804762,32.27888296666667,34.6460289,0.1699652043333333,17,30,0,160,6,-0.9659258262890683,-0.25881904510252063,0.3777079652039649,-0.9259247771938498
2020-06-08 17:45:00,4693.419047619048,4601.429047619048,145648.45714285714,14193113766.457142,31.91214934482759,33.786106448275845,0.1443323468965517,17,45,0,160,6,-0.9659258262890683,-0.25881904510252063,0.3777079652039649,-0.9259247771938498
2020-06-08 18:00:00,3353.3119047619048,3276.041904761905,146648.53333333333,14193114766.533333,31.7594666,32.757250966666675,0.1046366424666666,18,0,0,160,6,-1.0,-1.8369701987210297e-16,0.3777079652039649,-0.9259247771938498
2020-06-08 18:15:00,1805.4133333333334,1751.8266666666666,147281.19999999998,14193115399.2,31.1259359,31.292101066666664,0.0559951432666666,18,15,0,160,6,-1.0,-1.8369701987210297e-16,0.3777079652039649,-0.9259247771938498
2020-06-08 18:30:00,782.6295238095238,756.3785714285714,146977.12857142856,14112086602.595238,30.52477713793104,29.99747965517241,0.0242596506206896,18,30,0,160,6,-1.0,-1.8369701987210297e-16,0.3777079652039649,-0.9259247771938498
2020-06-08 18:45:00,112.15761904761905,108.20761904761905,147694.07142857142,14193115812.071428,30.0615133,29.054799466666665,0.0044044479416666,18,45,0,160,6,-1.0,-1.8369701987210297e-16,0.3777079652039649,-0.9259247771938498
2020-06-08 19:00:00,0.0,0.0,147497.2,14171141506.466667,29.65547113793104,28.320246241379312,0.0001018989665517,19,0,0,160,6,-0.9659258262890684,0.2588190451025203,0.3777079652039649,-0.9259247771938498
2020-06-08 19:15:00,0.0,0.0,147699.0,14193115817.0,29.30558463333333,27.75169473333333,0.0,19,15,0,160,6,-0.9659258262890684,0.2588190451025203,0.3777079652039649,-0.9259247771938498
2020-06-08 19:30:00,0.0,0.0,147699.0,14193115817.0,29.090157517241384,27.33958275862069,0.0,19,30,0,160,6,-0.9659258262890684,0.2588190451025203,0.3777079652039649,-0.9259247771938498
2020-06-08 19:45:00,0.0,0.0,147699.0,14193115817.0,28.871324533333336,27.222312466666672,0.0,19,45,0,160,6,-0.9659258262890684,0.2588190451025203,0.3777079652039649,-0.9259247771938498
2020-06-08 20:00:00,0.0,0.0,147699.0,14193115817.0,28.650005413793107,27.089618517241377,0.0,20,0,0,160,6,-0.8660254037844386,0.5000000000000001,0.3777079652039649,-0.9259247771938498
2020-06-08 20:15:00,0.0,0.0,147699.0,14193115817.0,28.3504803,26.73160810000001,0.0,20,15,0,160,6,-0.8660254037844386,0.5000000000000001,0.3777079652039649,-0.9259247771938498
2020-06-08 20:30:00,0.0,0.0,147699.0,14193115817.0,27.97277513793104,26.254155620689655,0.0,20,30,0,160,6,-0.8660254037844386,0.5000000000000001,0.3777079652039649,-0.9259247771938498
2020-06-08 20:45:00,0.0,0.0,147699.0,14193115817.0,27.66184373333333,25.776656066666668,0.0,20,45,0,160,6,-0.8660254037844386,0.5000000000000001,0.3777079652039649,-0.9259247771938498
2020-06-08 21:00:00,0.0,0.0,147699.0,14193115817.0,27.4776408,25.611955666666667,0.0,21,0,0,160,6,-0.7071067811865477,0.7071067811865474,0.3777079652039649,-0.9259247771938498
2020-06-08 21:15:00,0.0,0.0,147699.0,14193115817.0,27.332574206896552,25.489046310344825,0.0,21,15,0,160,6,-0.7071067811865477,0.7071067811865474,0.3777079652039649,-0.9259247771938498
2020-06-08 21:30:00,0.0,0.0,147699.0,14193115817.0,27.098923666666668,25.3664722,0.0,21,30,0,160,6,-0.7071067811865477,0.7071067811865474,0.3777079652039649,-0.9259247771938498
2020-06-08 21:45:00,0.0,0.0,147699.0,14193115817.0,26.943985137931037,25.33045903448276,0.0,21,45,0,160,6,-0.7071067811865477,0.7071067811865474,0.3777079652039649,-0.9259247771938498
2020-06-08 22:00:00,0.0,0.0,147699.0,14193115817.0,26.792292433333337,25.27867296666667,0.0,22,0,0,160,6,-0.5000000000000004,0.8660254037844384,0.3777079652039649,-0.9259247771938498
2020-06-08 22:15:00,0.0,0.0,147699.0,14193115817.0,26.628344666666663,25.231978266666665,0.0,22,15,0,160,6,-0.5000000000000004,0.8660254037844384,0.3777079652039649,-0.9259247771938498
2020-06-08 22:30:00,0.0,0.0,147699.0,14193115817.0,26.375718655172413,24.8988825862069,0.0,22,30,0,160,6,-0.5000000000000004,0.8660254037844384,0.3777079652039649,-0.9259247771938498
2020-06-08 22:45:00,0.0,0.0,147699.0,14193115817.0,26.1349161,24.625021466666663,0.0,22,45,0,160,6,-0.5000000000000004,0.8660254037844384,0.3777079652039649,-0.9259247771938498
2020-06-08 23:00:00,0.0,0.0,147699.0,14193115817.0,25.8920394137931,24.41850120689656,0.0,23,0,0,160,6,-0.25881904510252157,0.9659258262890681,0.3777079652039649,-0.9259247771938498
2020-06-08 23:15:00,0.0,0.0,147699.0,14193115817.0,25.684399199999994,24.094589333333328,0.0,23,15,0,160,6,-0.25881904510252157,0.9659258262890681,0.3777079652039649,-0.9259247771938498
2020-06-08 23:30:00,0.0,0.0,147699.0,14193115817.0,25.54389433333333,24.06281656666667,0.0,23,30,0,160,6,-0.25881904510252157,0.9659258262890681,0.3777079652039649,-0.9259247771938498
2020-06-08 23:45:00,0.0,0.0,139375.32857142857,14193115817.0,25.251448,23.655589206896558,0.0,23,45,0,160,6,-0.25881904510252157,0.9659258262890681,0.3777079652039649,-0.9259247771938498
2020-06-09 00:00:00,0.0,0.0,110856.0,14193115817.0,25.08985096666667,23.4152731,0.0,0,0,1,161,6,0.0,1.0,0.36171373072976765,-0.9322892131745133
2020-06-09 00:15:00,0.0,0.0,107853.0,14193115817.0,24.916419517241383,23.182842482758623,0.0,0,15,1,161,6,0.0,1.0,0.36171373072976765,-0.9322892131745133
2020-06-09 00:30:00,0.0,0.0,107853.0,14193115817.0,24.668885166666666,22.861545800000005,0.0,0,30,1,161,6,0.0,1.0,0.36171373072976765,-0.9322892131745133
2020-06-09 00:45:00,0.0,0.0,107853.0,14193115817.0,24.471558793103448,22.49364603448276,0.0,0,45,1,161,6,0.0,1.0,0.36171373072976765,-0.9322892131745133
2020-06-09 01:00:00,0.0,0.0,107853.0,14193115817.0,24.273839433333336,22.1972332,0.0,1,0,1,161,6,0.25881904510252074,0.9659258262890683,0.36171373072976765,-0.9322892131745133
2020-06-09 01:15:00,0.0,0.0,107853.0,14193115817.0,24.257015,22.223686866666664,0.0,1,15,1,161,6,0.25881904510252074,0.9659258262890683,0.36171373072976765,-0.9322892131745133
2020-06-09 01:30:00,0.0,0.0,107853.0,14193115817.0,24.24133093103448,22.27647779310345,0.0,1,30,1,161,6,0.25881904510252074,0.9659258262890683,0.36171373072976765,-0.9322892131745133
2020-06-09 01:45:00,0.0,0.0,107853.0,14193115817.0,24.16173293333333,22.23845016666667,0.0,1,45,1,161,6,0.25881904510252074,0.9659258262890683,0.36171373072976765,-0.9322892131745133
2020-06-09 02:00:00,0.0,0.0,107853.0,14193115817.0,24.05367431034482,22.112273206896557,0.0,2,0,1,161,6,0.49999999999999994,0.8660254037844387,0.36171373072976765,-0.9322892131745133
2020-06-09 02:15:00,0.0,0.0,107853.0,14193115817.0,24.030280766666667,22.13809913333333,0.0,2,15,1,161,6,0.49999999999999994,0.8660254037844387,0.36171373072976765,-0.9322892131745133
2020-06-09 02:30:00,0.0,0.0,107853.0,14193115817.0,23.772527966666665,21.891521300000004,0.0,2,30,1,161,6,0.49999999999999994,0.8660254037844387,0.36171373072976765,-0.9322892131745133
2020-06-09 02:45:00,0.0,0.0,107853.0,14193115817.0,23.60977810344827,21.57529013793104,0.0,2,45,1,161,6,0.49999999999999994,0.8660254037844387,0.36171373072976765,-0.9322892131745133
2020-06-09 03:00:00,0.0,0.0,107853.0,14193115817.0,23.662695533333338,21.656404666666667,0.0,3,0,1,161,6,0.7071067811865475,0.7071067811865476,0.36171373072976765,-0.9322892131745133
2020-06-09 03:15:00,0.0,0.0,107853.0,14193115817.0,23.57151948275862,21.710799551724133,0.0,3,15,1,161,6,0.7071067811865475,0.7071067811865476,0.36171373072976765,-0.9322892131745133
2020-06-09 03:30:00,0.0,0.0,107853.0,14193115817.0,23.445426633333334,21.577228700000006,0.0,3,30,1,161,6,0.7071067811865475,0.7071067811865476,0.36171373072976765,-0.9322892131745133
2020-06-09 03:45:00,0.0,0.0,107853.0,14193115817.0,23.38027648275862,21.517179275862063,0.0,3,45,1,161,6,0.7071067811865475,0.7071067811865476,0.36171373072976765,-0.9322892131745133
2020-06-09 04:00:00,0.0,0.0,107853.0,14193115817.0,23.33068246666667,21.418877233333333,0.0,4,0,1,161,6,0.8660254037844386,0.5000000000000001,0.36171373072976765,-0.9322892131745133
2020-06-09 04:15:00,0.0,0.0,107235.33333333333,14191773430.066666,23.129676689655174,21.083283482758624,0.0,4,15,1,161,6,0.8660254037844386,0.5000000000000001,0.36171373072976765,-0.9322892131745133
2020-06-09 04:30:00,0.0,0.0,107853.0,14193115817.0,22.961422633333335,20.66607250000001,0.0,4,30,1,161,6,0.8660254037844386,0.5000000000000001,0.36171373072976765,-0.9322892131745133
2020-06-09 04:45:00,0.0,0.0,107853.0,14193115817.0,22.85722710344828,20.40460524137931,0.0,4,45,1,161,6,0.8660254037844386,0.5000000000000001,0.36171373072976765,-0.9322892131745133
2020-06-09 05:00:00,0.0,0.0,107853.0,14193115817.0,22.7539153,20.316495866666667,0.0,5,0,1,161,6,0.9659258262890683,0.25881904510252074,0.36171373072976765,-0.9322892131745133
2020-06-09 05:15:00,0.0,0.0,107853.0,14193115817.0,22.652897900000006,20.477499233333333,0.0,5,15,1,161,6,0.9659258262890683,0.25881904510252074,0.36171373072976765,-0.9322892131745133
2020-06-09 05:30:00,0.0,0.0,32703.8,14171141506.466667,22.737865448275866,20.70989455172414,0.0,5,30,1,161,6,0.9659258262890683,0.25881904510252074,0.36171373072976765,-0.9322892131745133
2020-06-09 05:45:00,0.0,0.0,29530.0,14192941777.8,22.977233833333337,20.898189266666662,0.0007921235759999,5,45,1,161,6,0.9659258262890683,0.25881904510252074,0.36171373072976765,-0.9322892131745133
2020-06-09 06:00:00,293.2147619047619,283.0304761904762,18685.49047619048,14193115836.847618,23.10134286206896,21.186319172413796,0.0111385345448275,6,0,1,161,6,1.0,6.123233995736766e-17,0.36171373072976765,-0.9322892131745133
2020-06-09 06:15:00,944.0166666666667,912.8071428571428,11534.685714285713,14193115981.828571,23.319584166666672,21.658508266666672,0.0311052466,6,15,1,161,6,1.0,6.123233995736766e-17,0.36171373072976765,-0.9322892131745133
2020-06-09 06:30:00,1724.2838095238094,1672.3814285714286,458.0047619047619,14193116296.00476,23.57032373333333,22.241770433333333,0.0569932276,6,30,1,161,6,1.0,6.123233995736766e-17,0.36171373072976765,-0.9322892131745133
2020-06-09 06:45:00,2887.0,2813.4933333333333,1004.5333333333333,14193116842.533333,24.037088344827588,23.122031448275862,0.0944432277586207,6,45,1,161,6,1.0,6.123233995736766e-17,0.36171373072976765,-0.9322892131745133
2020-06-09 07:00:00,5342.610476190476,5241.030952380952,1971.1333333333332,14193117809.133333,24.688094066666665,26.047689833333337,0.1855330313333333,7,0,1,161,6,0.9659258262890683,-0.25881904510252063,0.36171373072976765,-0.9322892131745133
2020-06-09 07:15:00,8456.171428571428,8308.908095238095,3659.404761904762,14193119497.40476,25.66310275862069,30.345590448275868,0.304980821724138,7,15,1,161,6,0.9659258262890683,-0.25881904510252063,0.36171373072976765,-0.9322892131745133
2020-06-09 07:30:00,10752.079523809523,10543.796666666667,6022.438095238095,14193121860.438095,26.309327233333327,33.32653273333333,0.3934728033333333,7,30,1,161,6,0.9659258262890683,-0.25881904510252063,0.36171373072976765,-0.9322892131745133
2020-06-09 07:45:00,12344.507142857143,12098.33238095238,8843.619047619048,14193003216.75238,26.52304386206897,34.403433931034485,0.4603070396551724,7,45,1,161,6,0.9659258262890683,-0.25881904510252063,0.36171373072976765,-0.9322892131745133
2020-06-09 08:00:00,10515.82,10313.253333333334,11882.266666666666,14193127720.266666,26.675620500000004,34.63887826666667,0.3834108376666666,8,0,1,161,6,0.8660254037844387,-0.4999999999999998,0.36171373072976765,-0.9322892131745133
2020-06-09 08:15:00,11851.356666666667,11617.818095238095,14264.861904761905,14193130102.861904,26.87966306666667,33.53333140000001,0.4170626293333333,8,15,1,161,6,0.8660254037844387,-0.4999999999999998,0.36171373072976765,-0.9322892131745133
2020-06-09 08:30:00,15759.042857142858,15431.426666666666,17753.22380952381,14193133591.223808,27.64948037931034,37.253409551724125,0.5304539527586206,8,30,1,161,6,0.8660254037844387,-0.4999999999999998,0.36171373072976765,-0.9322892131745133
2020-06-09 08:45:00,16568.740476190476,16221.604761904762,21710.795238095237,14193137548.795238,28.002729266666663,38.87611719999999,0.5585220813333334,8,45,1,161,6,0.8660254037844387,-0.4999999999999998,0.36171373072976765,-0.9322892131745133
2020-06-09 09:00:00,19459.425714285713,19037.75380952381,25999.35714285714,14193141837.357143,28.392504551724134,40.263924206896554,0.65995724,9,0,1,161,6,0.7071067811865476,-0.7071067811865475,0.36171373072976765,-0.9322892131745133
2020-06-09 09:15:00,20246.553333333333,19804.059999999998,31060.0,14193146898.0,28.73394366666667,42.669370366666655,0.681518345,9,15,1,161,6,0.7071067811865476,-0.7071067811865475,0.36171373072976765,-0.9322892131745133
2020-06-09 09:30:00,17763.56476190476,17367.318571428572,35219.985714285714,14011895061.919048,28.85085217241379,41.72331493103448,0.6963356251724138,9,30,1,161,6,0.7071067811865476,-0.7071067811865475,0.36171373072976765,-0.9322892131745133
2020-06-09 09:45:00,5072.236666666667,4952.594285714285,11836.119047619048,7515519443.161904,29.97841589999999,48.841255533333324,0.7644892783333334,9,45,1,161,6,0.7071067811865476,-0.7071067811865475,0.36171373072976765,-0.9322892131745133
2020-06-09 10:00:00,14625.399047619048,14273.230476190474,39235.65714285714,14193156819.657143,29.874267448275855,46.25639937931035,0.7722951262068966,10,0,1,161,6,0.49999999999999994,-0.8660254037844387,0.36171373072976765,-0.9322892131745133
2020-06-09 10:15:00,14139.926666666666,13797.033333333333,42655.26666666666,14193160239.266666,30.301633733333336,49.99048963333334,0.8280756470000001,10,15,1,161,6,0.49999999999999994,-0.8660254037844387,0.36171373072976765,-0.9322892131745133
2020-06-09 10:30:00,15034.273333333334,14666.646666666666,46406.26666666666,14193163990.266666,31.10254106896551,55.13560751724137,0.8762817527586207,10,30,1,161,6,0.49999999999999994,-0.8660254037844387,0.36171373072976765,-0.9322892131745133
2020-06-09 10:45:00,14148.583333333334,13809.587142857143,51425.3,14193167388.014286,31.264162166666665,52.49366256666666,0.8701082106666665,10,45,1,161,6,0.49999999999999994,-0.8660254037844387,0.36171373072976765,-0.9322892131745133
2020-06-09 11:00:00,12274.594761904762,11985.580952380951,54666.74285714285,14193170504.742857,31.781721379310344,53.44999120689656,0.795815186896552,11,0,1,161,6,0.258819045102521,-0.9659258262890682,0.36171373072976765,-0.9322892131745133
2020-06-09 11:15:00,12388.497142857143,12093.957619047618,57819.89047619048,14193173657.890476,32.175657133333324,54.891657333333335,0.7947275603333331,11,15,1,161,6,0.258819045102521,-0.9659258262890682,0.36171373072976765,-0.9322892131745133
2020-06-09 11:30:00,14391.126666666667,14041.593333333334,61197.6,14193177035.6,33.00239186206896,58.08577868965519,0.941355501724138,11,30,1,161,6,0.258819045102521,-0.9659258262890682,0.36171373072976765,-0.9322892131745133
2020-06-09 11:45:00,10800.199999999999,10553.933333333332,64291.86666666667,14193180129.866667,32.501644766666665,50.18232919999999,0.5480442070000002,11,45,1,161,6,0.258819045102521,-0.9659258262890682,0.36171373072976765,-0.9322892131745133
2020-06-09 12:00:00,13178.586666666666,12869.509047619049,67082.61904761905,14193182920.619047,32.48051859999999,48.017826633333335,0.7137815336666666,12,0,1,161,6,1.2246467991473532e-16,-1.0,0.36171373072976765,-0.9322892131745133
2020-06-09 12:15:00,11682.982857142857,11416.173333333332,70147.75238095238,14193185985.752382,32.74632389655172,49.65918703448276,0.6081792393103447,12,15,1,161,6,1.2246467991473532e-16,-1.0,0.36171373072976765,-0.9322892131745133
2020-06-09 12:30:00,11863.605714285713,11603.41,72824.09047619048,14193188662.090477,32.671915799999994,46.348622600000006,0.4990866916666665,12,30,1,161,6,1.2246467991473532e-16,-1.0,0.36171373072976765,-0.9322892131745133
2020-06-09 12:45:00,15349.539999999999,14981.246666666666,76361.06666666667,14193192199.066666,33.75495137931035,53.14650437931035,0.8266699910344828,12,45,1,161,6,1.2246467991473532e-16,-1.0,0.36171373072976765,-0.9322892131745133
2020-06-09 13:00:00,12086.687142857143,11807.057619047619,79929.55238095239,14193195767.552382,33.71502976666666,55.152543,0.7209952,13,0,1,161,6,-0.2588190451025208,-0.9659258262890683,0.36171373072976765,-0.9322892131745133
2020-06-09 13:15:00,12107.23142857143,11829.011904761905,82374.08571428571,14193198212.085714,33.20289665517242,46.4867574137931,0.5841201062068965,13,15,1,161,6,-0.2588190451025208,-0.9659258262890683,0.36171373072976765,-0.9322892131745133
2020-06-09 13:30:00,13389.926666666666,13083.070952380951,85782.40476190476,14193201620.404762,33.793959433333335,50.61013273333334,0.6701499496666666,13,30,1,161,6,-0.2588190451025208,-0.9659258262890683,0.36171373072976765,-0.9322892131745133
2020-06-09 13:45:00,11536.786666666667,11288.48,88833.2,14193204671.199999,33.49189089655172,48.928019724137926,0.5199972951724137,13,45,1,161,6,-0.2588190451025208,-0.9659258262890683,0.36171373072976765,-0.9322892131745133
2020-06-09 14:00:00,11628.046666666665,11380.766666666666,91618.33333333333,14193207456.333334,33.63099263333333,47.320751,0.541861241,14,0,1,161,6,-0.4999999999999997,-0.8660254037844388,0.36171373072976765,-0.9322892131745133
2020-06-09 14:15:00,14528.16238095238,14215.709047619046,94833.77142857143,14193210671.771427,33.932267333333336,46.79574266666666,0.5865618399999997,14,15,1,161,6,-0.4999999999999997,-0.8660254037844388,0.36171373072976765,-0.9322892131745133
2020-06-09 14:30:00,13345.164285714285,13069.039047619048,98340.86666666667,14193214178.866667,33.66286575862069,44.45120344827586,0.4710798586206896,14,30,1,161,6,-0.4999999999999997,-0.8660254037844388,0.36171373072976765,-0.9322892131745133
2020-06-09 14:45:00,14739.919523809524,14436.487619047619,101594.50476190475,14193217432.50476,33.21628106666666,41.622585166666674,0.460747443,14,45,1,161,6,-0.4999999999999997,-0.8660254037844388,0.36171373072976765,-0.9322892131745133
2020-06-09 15:00:00,15227.405714285715,14911.221904761904,105195.15238095238,14193221033.152382,33.44176203448276,41.9188822413793,0.4690195227586206,15,0,1,161,6,-0.7071067811865471,-0.7071067811865479,0.36171373072976765,-0.9322892131745133
2020-06-09 15:15:00,13453.873333333333,13181.52,109121.73333333334,14193224959.733334,33.6994721,43.42953376666667,0.4232792523333333,15,15,1,161,6,-0.7071067811865471,-0.7071067811865479,0.36171373072976765,-0.9322892131745133
2020-06-09 15:30:00,13528.370476190477,13253.179047619047,112087.07142857142,14193227925.071428,33.290031586206894,40.94111372413793,0.4030901289655171,15,30,1,161,6,-0.7071067811865471,-0.7071067811865479,0.36171373072976765,-0.9322892131745133
2020-06-09 15:45:00,17096.117619047618,16732.972380952382,115748.41428571429,14193231586.414286,33.58660966666667,42.744317766666654,0.5008327286666667,15,45,1,161,6,-0.7071067811865471,-0.7071067811865479,0.36171373072976765,-0.9322892131745133
2020-06-09 16:00:00,14122.038571428571,13833.97,119626.67142857143,14193235464.671429,33.0764027,42.459844,0.435199468,16,0,1,161,6,-0.8660254037844384,-0.5000000000000004,0.36171373072976765,-0.9322892131745133
2020-06-09 16:15:00,15617.430952380952,15293.555238095238,123325.74761904763,14193239163.74762,33.27681251724139,42.838554482758624,0.4717216579310344,16,15,1,161,6,-0.8660254037844384,-0.5000000000000004,0.36171373072976765,-0.9322892131745133
2020-06-09 16:30:00,13270.026666666667,13002.253333333334,126756.73333333332,14174392886.666666,33.22364099999999,42.33871990000001,0.4031365280000001,16,30,1,161,6,-0.8660254037844384,-0.5000000000000004,0.36171373072976765,-0.9322892131745133
2020-06-09 16:45:00,7408.85380952381,7275.604285714287,129567.89523809524,14193245405.895237,32.634283482758605,38.626965655172405,0.2255481,16,45,1,161,6,-0.8660254037844384,-0.5000000000000004,0.36171373072976765,-0.9322892131745133
2020-06-09 17:00:00,6078.2219047619055,5961.868571428571,131145.71428571426,14193246983.714285,32.061292366666656,35.74595430000001,0.1854117523333333,17,0,1,161,6,-0.9659258262890683,-0.25881904510252063,0.36171373072976765,-0.9322892131745133
2020-06-09 17:15:00,5235.207142857143,5133.427619047619,132544.6,14193248382.599998,31.747895413793103,34.54536172413794,0.1587967972413793,17,15,1,161,6,-0.9659258262890683,-0.25881904510252063,0.36171373072976765,-0.9322892131745133
2020-06-09 17:30:00,3766.52,3688.1085714285714,133652.39047619049,14193249490.390476,31.548145533333336,33.42435616666667,0.1148093877666666,17,30,1,161,6,-0.9659258262890683,-0.25881904510252063,0.36171373072976765,-0.9322892131745133
2020-06-09 17:45:00,2667.5733333333333,2594.633333333333,134444.0,14193250282.0,31.337953666666667,32.47899783333333,0.0811515678333333,17,45,1,161,6,-0.9659258262890683,-0.25881904510252063,0.36171373072976765,-0.9322892131745133
2020-06-09 18:00:00,1751.9104761904762,1699.4038095238095,134980.4619047619,14193250818.461905,30.9759341724138,31.487286827586203,0.0539801748275862,18,0,1,161,6,-1.0,-1.8369701987210297e-16,0.36171373072976765,-0.9322892131745133
2020-06-09 18:15:00,1049.837619047619,1015.3504761904761,135315.26666666666,14193251153.266666,30.425907533333326,30.5566122,0.0325861480333333,18,15,1,161,6,-1.0,-1.8369701987210297e-16,0.36171373072976765,-0.9322892131745133
2020-06-09 18:30:00,509.4971428571429,491.93523809523805,135504.39047619049,14193251342.390476,29.78792568965517,29.545744862068968,0.0158776952068965,18,30,1,161,6,-1.0,-1.8369701987210297e-16,0.36171373072976765,-0.9322892131745133
2020-06-09 18:45:00,24.33904761904762,23.496666666666666,135565.4619047619,14193251403.461905,29.3878782,28.818895433333328,0.00309579056,18,45,1,161,6,-1.0,-1.8369701987210297e-16,0.36171373072976765,-0.9322892131745133
2020-06-09 19:00:00,0.0,0.0,135099.8,14179298550.466667,29.1135703,28.39846403333333,3.8377585333333325e-05,19,0,1,161,6,-0.9659258262890684,0.2588190451025203,0.36171373072976765,-0.9322892131745133
2020-06-09 19:15:00,0.0,0.0,135566.0,14193251404.0,28.7548711724138,27.99284410344828,0.0,19,15,1,161,6,-0.9659258262890684,0.2588190451025203,0.36171373072976765,-0.9322892131745133
2020-06-09 19:30:00,0.0,0.0,135566.0,14193251404.0,28.49226686666667,27.5837351,0.0,19,30,1,161,6,-0.9659258262890684,0.2588190451025203,0.36171373072976765,-0.9322892131745133
2020-06-09 19:45:00,0.0,0.0,135566.0,14193251404.0,28.32192913793104,27.31227586206897,0.0,19,45,1,161,6,-0.9659258262890684,0.2588190451025203,0.36171373072976765,-0.9322892131745133
2020-06-09 20:00:00,0.0,0.0,135566.0,14193251404.0,28.137156099999995,27.1275268,0.0,20,0,1,161,6,-0.8660254037844386,0.5000000000000001,0.36171373072976765,-0.9322892131745133
2020-06-09 20:15:00,0.0,0.0,135252.93333333332,14112221987.0,28.020356379310343,27.049498482758622,0.0,20,15,1,161,6,-0.8660254037844386,0.5000000000000001,0.36171373072976765,-0.9322892131745133
2020-06-09 20:30:00,0.0,0.0,135566.0,14193251404.0,27.789789733333336,26.98568626666666,0.0,20,30,1,161,6,-0.8660254037844386,0.5000000000000001,0.36171373072976765,-0.9322892131745133
2020-06-09 20:45:00,0.0,0.0,135566.0,14193251404.0,27.563402266666664,26.703043566666665,0.0,20,45,1,161,6,-0.8660254037844386,0.5000000000000001,0.36171373072976765,-0.9322892131745133
2020-06-09 21:00:00,0.0,0.0,135566.0,14193251404.0,27.385646620689656,26.474708103448272,0.0,21,0,1,161,6,-0.7071067811865477,0.7071067811865474,0.36171373072976765,-0.9322892131745133
2020-06-09 21:15:00,0.0,0.0,135566.0,14193251404.0,27.17383313333333,26.231331433333327,0.0,21,15,1,161,6,-0.7071067811865477,0.7071067811865474,0.36171373072976765,-0.9322892131745133
2020-06-09 21:30:00,0.0,0.0,135566.0,14193251404.0,26.97954372413793,25.88630293103448,0.0,21,30,1,161,6,-0.7071067811865477,0.7071067811865474,0.36171373072976765,-0.9322892131745133
2020-06-09 21:45:00,0.0,0.0,135566.0,14193251404.0,26.803884000000004,25.7223277,0.0,21,45,1,161,6,-0.7071067811865477,0.7071067811865474,0.36171373072976765,-0.9322892131745133
2020-06-09 22:00:00,0.0,0.0,135566.0,14193251404.0,26.625941793103447,25.58186593103449,0.0,22,0,1,161,6,-0.5000000000000004,0.8660254037844384,0.36171373072976765,-0.9322892131745133
2020-06-09 22:15:00,0.0,0.0,135566.0,14193251404.0,26.53613793333333,25.50844213333333,0.0,22,15,1,161,6,-0.5000000000000004,0.8660254037844384,0.36171373072976765,-0.9322892131745133
2020-06-09 22:30:00,0.0,0.0,135566.0,14193251404.0,26.33365179310344,25.235205310344828,0.0,22,30,1,161,6,-0.5000000000000004,0.8660254037844384,0.36171373072976765,-0.9322892131745133
2020-06-09 22:45:00,0.0,0.0,135566.0,14193251404.0,26.059421833333335,24.828207433333333,0.0,22,45,1,161,6,-0.5000000000000004,0.8660254037844384,0.36171373072976765,-0.9322892131745133
2020-06-09 23:00:00,0.0,0.0,135566.0,14193251404.0,25.9084695862069,24.625861827586206,0.0,23,0,1,161,6,-0.25881904510252157,0.9659258262890681,0.36171373072976765,-0.9322892131745133
2020-06-09 23:15:00,0.0,0.0,135566.0,14193251404.0,25.75971583333333,24.364313733333333,0.0,23,15,1,161,6,-0.25881904510252157,0.9659258262890681,0.36171373072976765,-0.9322892131745133
2020-06-09 23:30:00,0.0,0.0,135566.0,14193251404.0,25.67693131034483,24.28865624137931,0.0,23,30,1,161,6,-0.25881904510252157,0.9659258262890681,0.36171373072976765,-0.9322892131745133
2020-06-09 23:45:00,0.0,0.0,128578.93333333333,14193251404.0,25.5602008,24.195226966666663,0.0,23,45,1,161,6,-0.25881904510252157,0.9659258262890681,0.36171373072976765,-0.9322892131745133
2020-06-10 00:00:00,0.0,0.0,105992.77142857143,14193251404.0,25.437387933333333,24.202457666666664,0.0,0,0,2,162,6,0.0,1.0,0.3456123126707335,-0.9383773917408641
2020-06-10 00:15:00,0.0,0.0,103323.0,14193251404.0,25.21314627586207,23.828036620689648,0.0,0,15,2,162,6,0.0,1.0,0.3456123126707335,-0.9383773917408641
2020-06-10 00:30:00,0.0,0.0,103323.0,14193251404.0,25.12166253333333,23.604673266666666,0.0,0,30,2,162,6,0.0,1.0,0.3456123126707335,-0.9383773917408641
2020-06-10 00:45:00,0.0,0.0,103323.0,14193251404.0,25.015255551724145,23.578188206896552,0.0,0,45,2,162,6,0.0,1.0,0.3456123126707335,-0.9383773917408641
2020-06-10 01:00:00,0.0,0.0,103323.0,14193251404.0,24.99261046666667,23.7386078,0.0,1,0,2,162,6,0.25881904510252074,0.9659258262890683,0.3456123126707335,-0.9383773917408641
2020-06-10 01:15:00,0.0,0.0,103323.0,14193251404.0,24.88058675862069,23.84842855172414,0.0,1,15,2,162,6,0.25881904510252074,0.9659258262890683,0.3456123126707335,-0.9383773917408641
2020-06-10 01:30:00,0.0,0.0,103323.0,14193251404.0,24.761782666666665,23.54663393333333,0.0,1,30,2,162,6,0.25881904510252074,0.9659258262890683,0.3456123126707335,-0.9383773917408641
2020-06-10 01:45:00,0.0,0.0,103323.0,14193251404.0,24.697293966666678,23.41245213333333,0.0,1,45,2,162,6,0.25881904510252074,0.9659258262890683,0.3456123126707335,-0.9383773917408641
2020-06-10 02:00:00,0.0,0.0,103323.0,14193251404.0,24.64039017241379,23.51370562068965,0.0,2,0,2,162,6,0.49999999999999994,0.8660254037844387,0.3456123126707335,-0.9383773917408641
2020-06-10 02:15:00,0.0,0.0,103323.0,14193251404.0,24.6962769,23.87686546666666,0.0,2,15,2,162,6,0.49999999999999994,0.8660254037844387,0.3456123126707335,-0.9383773917408641
2020-06-10 02:30:00,0.0,0.0,103323.0,14193251404.0,24.722768,23.917120366666676,0.0,2,30,2,162,6,0.49999999999999994,0.8660254037844387,0.3456123126707335,-0.9383773917408641
2020-06-10 02:45:00,0.0,0.0,103323.0,14193251404.0,24.6661955862069,23.741481448275863,0.0,2,45,2,162,6,0.49999999999999994,0.8660254037844387,0.3456123126707335,-0.9383773917408641
2020-06-10 03:00:00,0.0,0.0,103323.0,14193251404.0,24.606493333333336,23.76429046666667,0.0,3,0,2,162,6,0.7071067811865475,0.7071067811865476,0.3456123126707335,-0.9383773917408641
2020-06-10 03:15:00,0.0,0.0,103323.0,14193251404.0,24.51722996551724,23.469060862068968,0.0,3,15,2,162,6,0.7071067811865475,0.7071067811865476,0.3456123126707335,-0.9383773917408641
2020-06-10 03:30:00,0.0,0.0,102783.93333333333,14137343716.733334,24.5019198,23.426099466666663,0.0,3,30,2,162,6,0.7071067811865475,0.7071067811865476,0.3456123126707335,-0.9383773917408641
2020-06-10 03:45:00,0.0,0.0,103323.0,14193251404.0,24.46938972413793,23.309620896551728,0.0,3,45,2,162,6,0.7071067811865475,0.7071067811865476,0.3456123126707335,-0.9383773917408641
2020-06-10 04:00:00,0.0,0.0,103323.0,14193251404.0,24.47257973333333,23.221962599999998,0.0,4,0,2,162,6,0.8660254037844386,0.5000000000000001,0.3456123126707335,-0.9383773917408641
2020-06-10 04:15:00,0.0,0.0,103323.0,14193251404.0,24.40010386666667,23.019968633333328,0.0,4,15,2,162,6,0.8660254037844386,0.5000000000000001,0.3456123126707335,-0.9383773917408641
2020-06-10 04:30:00,0.0,0.0,103323.0,14193251404.0,24.379035827586204,22.848119275862068,0.0,4,30,2,162,6,0.8660254037844386,0.5000000000000001,0.3456123126707335,-0.9383773917408641
2020-06-10 04:45:00,0.0,0.0,103323.0,14193251404.0,24.298586166666663,22.698219800000004,0.0,4,45,2,162,6,0.8660254037844386,0.5000000000000001,0.3456123126707335,-0.9383773917408641
2020-06-10 05:00:00,0.0,0.0,103323.0,14193251404.0,24.17085003448276,22.58803796551725,0.0,5,0,2,162,6,0.9659258262890683,0.25881904510252074,0.3456123126707335,-0.9383773917408641
2020-06-10 05:15:00,0.0,0.0,103323.0,14193251404.0,24.174056900000007,22.795588200000005,0.0,5,15,2,162,6,0.9659258262890683,0.25881904510252074,0.3456123126707335,-0.9383773917408641
2020-06-10 05:30:00,0.0,0.0,24269.600000000002,14193251404.0,24.193324866666664,22.905579666666668,0.0,5,30,2,162,6,0.9659258262890683,0.25881904510252074,0.3456123126707335,-0.9383773917408641
2020-06-10 05:45:00,0.0,0.0,0.0,14193251404.0,24.36266368965517,23.178692965517246,0.0010603241375862,5,45,2,162,6,0.9659258262890683,0.25881904510252074,0.3456123126707335,-0.9383773917408641
2020-06-10 06:00:00,262.5257142857143,253.38,17.914285714285715,14193251421.914286,24.440316933333335,23.3795156,0.00985059336,6,0,2,162,6,1.0,6.123233995736766e-17,0.3456123126707335,-0.9383773917408641
2020-06-10 06:15:00,608.5104761904762,587.702380952381,128.14285714285714,14193251532.142857,24.483821517241385,23.581738724137928,0.019141487275862,6,15,2,162,6,1.0,6.123233995736766e-17,0.3456123126707335,-0.9383773917408641
2020-06-10 06:30:00,891.9409523809525,862.2728571428571,299.48571428571427,14193251703.485714,24.65489093333334,24.195461,0.0282602015,6,30,2,162,6,1.0,6.123233995736766e-17,0.3456123126707335,-0.9383773917408641
2020-06-10 06:45:00,1560.5233333333335,1512.4614285714285,587.2238095238096,14193251991.223808,24.78432903333333,24.78258563333333,0.0481387713999999,6,45,2,162,6,1.0,6.123233995736766e-17,0.3456123126707335,-0.9383773917408641
2020-06-10 07:00:00,2218.14,2155.1466666666665,1066.8,14193252470.8,24.97881231034483,25.66959865517241,0.0670705048965517,7,0,2,162,6,0.9659258262890683,-0.25881904510252063,0.3456123126707335,-0.9383773917408641
2020-06-10 07:15:00,2381.3266666666664,2314.709523809524,1603.685714285714,14193253007.685715,25.1080181,26.313148933333338,0.0715662028,7,15,2,162,6,0.9659258262890683,-0.25881904510252063,0.3456123126707335,-0.9383773917408641
2020-06-10 07:30:00,3757.2619047619046,3678.6,2345.9761904761904,14193253749.97619,25.295457379310346,27.09805717241379,0.1130817917241379,7,30,2,162,6,0.9659258262890683,-0.25881904510252063,0.3456123126707335,-0.9383773917408641
2020-06-10 07:45:00,5272.815714285714,5170.555238095238,3429.8904761904764,14193254833.890476,25.51075433333333,28.222063133333336,0.1587628896666666,7,45,2,162,6,0.9659258262890683,-0.25881904510252063,0.3456123126707335,-0.9383773917408641
2020-06-10 08:00:00,7794.735238095238,7656.8590476190475,4975.528571428571,14193256379.528572,25.9544596,30.214724666666665,0.2368948016666667,8,0,2,162,6,0.8660254037844387,-0.4999999999999998,0.3456123126707335,-0.9383773917408641
2020-06-10 08:15:00,10750.365714285714,10544.25,7231.2,14193258635.2,26.434648172413794,32.84884444827586,0.3426622572413792,8,15,2,162,6,0.8660254037844387,-0.4999999999999998,0.3456123126707335,-0.9383773917408641
2020-06-10 08:30:00,15675.28476190476,15349.147142857144,10519.504761904762,14193261923.50476,27.3451212,37.552455533333344,0.523309134,8,30,2,162,6,0.8660254037844387,-0.4999999999999998,0.3456123126707335,-0.9383773917408641
2020-06-10 08:45:00,13087.453333333333,12825.266666666666,14134.133333333333,14193265538.133335,27.54667075862069,38.06824462068965,0.4238464179310345,8,45,2,162,6,0.8660254037844387,-0.4999999999999998,0.3456123126707335,-0.9383773917408641
2020-06-10 09:00:00,10690.100476190475,10486.249523809523,17104.23333333333,14193268508.233334,27.7801168,36.67724296666666,0.351260774,9,0,2,162,6,0.7071067811865476,-0.7071067811865475,0.3456123126707335,-0.9383773917408641
2020-06-10 09:15:00,11691.594285714285,11461.671904761904,19652.38095238095,14193271056.38095,27.679422172413798,34.81999272413793,0.3692132548275861,9,15,2,162,6,0.7071067811865476,-0.7071067811865475,0.3456123126707335,-0.9383773917408641
2020-06-10 09:30:00,19594.02333333333,19134.367142857143,23580.257142857143,14193274984.257143,28.454675299999995,39.858438,0.7025942073333333,9,30,2,162,6,0.7071067811865476,-0.7071067811865475,0.3456123126707335,-0.9383773917408641
2020-06-10 09:45:00,15202.28380952381,14851.255714285713,27722.91904761905,14193279126.919048,29.13182993333333,43.16924730000001,0.7139898656666664,9,45,2,162,6,0.7071067811865476,-0.7071067811865475,0.3456123126707335,-0.9383773917408641
2020-06-10 10:00:00,13760.904285714285,13457.815714285713,31410.152380952382,14193282814.152382,29.35636106896552,42.23618817241379,0.5876122955172411,10,0,2,162,6,0.49999999999999994,-0.8660254037844387,0.3456123126707335,-0.9383773917408641
2020-06-10 10:15:00,14553.823809523808,14234.854285714286,34783.60952380952,14193286187.609524,29.507195900000006,41.63273206666666,0.6250153523333332,10,15,2,162,6,0.49999999999999994,-0.8660254037844387,0.3456123126707335,-0.9383773917408641
2020-06-10 10:30:00,16388.566666666666,16013.026666666667,38460.53333333333,14193289864.533333,30.09937896551724,44.04637717241379,0.7730966213793103,10,30,2,162,6,0.49999999999999994,-0.8660254037844387,0.3456123126707335,-0.9383773917408641
2020-06-10 10:45:00,17614.010000000002,17190.02619047619,42662.42857142857,14193294066.428572,30.5425225862069,46.75796189655173,0.8169313475862068,10,45,2,162,6,0.49999999999999994,-0.8660254037844387,0.3456123126707335,-0.9383773917408641
2020-06-10 11:00:00,12580.213333333333,12272.881428571429,40262.54761904762,12310097079.704762,30.95782873333334,51.6436981,0.9207850323333334,11,0,2,162,6,0.258819045102521,-0.9659258262890682,0.3456123126707335,-0.9383773917408641
2020-06-10 11:15:00,0.0,0.0,0.0,0.0,31.295486533333335,50.5755861,0.7684907340000002,11,15,2,162,6,0.258819045102521,-0.9659258262890682,0.3456123126707335,-0.9383773917408641
2020-06-10 11:30:00,0.0,0.0,0.0,0.0,31.757299862068965,51.85563372413792,0.7788566541379311,11,30,2,162,6,0.258819045102521,-0.9659258262890682,0.3456123126707335,-0.9383773917408641
2020-06-10 11:45:00,8689.745714285715,8489.560952380953,24019.0,11197858227.25238,31.9201211,48.976285700000005,0.7246776103333333,11,45,2,162,6,0.258819045102521,-0.9659258262890682,0.3456123126707335,-0.9383773917408641
2020-06-10 12:00:00,15082.77380952381,14722.327142857142,45061.80476190476,14193303350.804762,32.280093310344824,53.31676306896552,0.953999098275862,12,0,2,162,6,1.2246467991473532e-16,-1.0,0.3456123126707335,-0.9383773917408641
2020-06-10 12:15:00,15521.713333333333,15139.62,48868.86666666667,14193307157.866667,32.97215269999999,57.7699776,0.9167926003333334,12,15,2,162,6,1.2246467991473532e-16,-1.0,0.3456123126707335,-0.9383773917408641
2020-06-10 12:30:00,13279.923333333334,12959.080952380951,52504.147619047624,14193310793.14762,33.43992889655173,58.82968889655173,0.8183672462068967,12,30,2,162,6,1.2246467991473532e-16,-1.0,0.3456123126707335,-0.9383773917408641
2020-06-10 12:45:00,12309.557619047619,12021.740952380951,55565.747619047615,14193313854.74762,33.301251166666674,53.32308253333333,0.7079482373333333,12,45,2,162,6,1.2246467991473532e-16,-1.0,0.3456123126707335,-0.9383773917408641
2020-06-10 13:00:00,8856.56,8672.526666666667,58458.066666666666,14193316228.666666,33.039216931034474,45.869951793103446,0.3938052779310344,13,0,2,162,6,-0.2588190451025208,-0.9659258262890683,0.3456123126707335,-0.9383773917408641
2020-06-10 13:15:00,11416.39380952381,11170.02,63079.72857142857,14193318913.371428,33.3262257,45.95247896666668,0.5044548416666667,13,15,2,162,6,-0.2588190451025208,-0.9659258262890683,0.3456123126707335,-0.9383773917408641
2020-06-10 13:30:00,13790.306666666667,13493.413333333334,69249.4,14193321627.0,33.499213600000004,44.502122,0.5222638476666666,13,30,2,162,6,-0.2588190451025208,-0.9659258262890683,0.3456123126707335,-0.9383773917408641
2020-06-10 13:45:00,12588.539523809524,12326.921428571428,73857.94761904761,14193325261.94762,33.925000448275874,48.607757586206894,0.4816418755172414,13,45,2,162,6,-0.2588190451025208,-0.9659258262890683,0.3456123126707335,-0.9383773917408641
2020-06-10 14:00:00,3151.6880952380952,3096.204761904762,36547.509523809524,7133312380.652381,33.56310123333334,43.02009363333334,0.3840502260000001,14,0,2,162,6,-0.4999999999999997,-0.8660254037844388,0.3456123126707335,-0.9383773917408641
2020-06-10 14:15:00,6437.92,6310.16,37876.666666666664,10165268071.6,33.70282286206896,43.953741448275856,0.3961507344827586,14,15,2,162,6,-0.4999999999999997,-0.8660254037844388,0.3456123126707335,-0.9383773917408641
2020-06-10 14:30:00,10150.901428571427,9958.727142857142,79056.62857142858,14193330460.628572,33.920901400000005,43.073061066666654,0.334423286,14,30,2,162,6,-0.4999999999999997,-0.8660254037844388,0.3456123126707335,-0.9383773917408641
2020-06-10 14:45:00,5547.333333333333,5441.58,80842.46666666666,14193332246.466667,33.64006713793104,37.95102889655172,0.1738958765517241,14,45,2,162,6,-0.4999999999999997,-0.8660254037844388,0.3456123126707335,-0.9383773917408641
2020-06-10 15:00:00,6630.744285714285,6510.148571428572,82268.27142857143,14193333672.271427,31.627627600000004,32.33192129999999,0.197848304,15,0,2,162,6,-0.7071067811865471,-0.7071067811865479,0.3456123126707335,-0.9383773917408641
2020-06-10 15:15:00,6720.701904761905,6601.044285714286,83943.76190476191,14193335347.761906,30.474946034482755,31.81913165517241,0.1941973317241379,15,15,2,162,6,-0.7071067811865471,-0.7071067811865479,0.3456123126707335,-0.9383773917408641
2020-06-10 15:30:00,5320.8133333333335,5217.613333333334,85451.66666666666,14193336855.666666,28.844152000000005,27.80587658620689,0.1557526934482758,15,30,2,162,6,-0.7071067811865471,-0.7071067811865479,0.3456123126707335,-0.9383773917408641
2020-06-10 15:45:00,5891.509999999999,5775.755238095238,86591.84761904762,14193337995.84762,28.8524355,27.612677428571427,0.1756764994642857,15,45,2,162,6,-0.7071067811865471,-0.7071067811865479,0.3456123126707335,-0.9383773917408641
2020-06-10 16:00:00,8989.787142857143,8831.031904761905,88592.26190476191,14193339996.261906,28.792319482758614,31.002017413793105,0.2759300524137931,16,0,2,162,6,-0.8660254037844384,-0.5000000000000004,0.3456123126707335,-0.9383773917408641
2020-06-10 16:15:00,9532.229047619046,9356.421428571428,90898.76666666666,14193342302.766666,30.2339967,35.32667526666666,0.2930965216666666,16,15,2,162,6,-0.8660254037844384,-0.5000000000000004,0.3456123126707335,-0.9383773917408641
2020-06-10 16:30:00,9111.22,8944.253333333332,93206.8,14193344610.8,31.04575,36.902448896551725,0.2751795737931034,16,30,2,162,6,-0.8660254037844384,-0.5000000000000004,0.3456123126707335,-0.9383773917408641
2020-06-10 16:45:00,4824.712857142857,4732.148571428572,94948.24761904762,14193346352.247618,30.481976366666675,34.33522446666666,0.1438109367333333,16,45,2,162,6,-0.8660254037844384,-0.5000000000000004,0.3456123126707335,-0.9383773917408641
2020-06-10 17:00:00,2073.382857142857,2015.5828571428572,95773.25238095238,14193347177.25238,28.871531551724143,30.45449727586207,0.0598915288965517,17,0,2,162,6,-0.9659258262890683,-0.25881904510252063,0.3456123126707335,-0.9383773917408641
2020-06-10 17:15:00,446.122380952381,430.5961904761905,96037.64761904762,14193347441.64762,28.474115166666675,28.696881133333335,0.0138440747,17,15,2,162,6,-0.9659258262890683,-0.25881904510252063,0.3456123126707335,-0.9383773917408641
2020-06-10 17:30:00,390.1818181818182,376.4927272727273,96118.02727272727,14193347522.027273,28.16179045454546,27.141686227272725,0.0098822284181818,17,30,2,162,6,-0.9659258262890683,-0.25881904510252063,0.3456123126707335,-0.9383773917408641
2020-06-10 17:45:00,312.4642857142857,301.4785714285714,96216.5,14193347620.5,27.759773862068965,25.464605862068968,0.007683457437931,17,45,2,162,6,-0.9659258262890683,-0.25881904510252063,0.3456123126707335,-0.9383773917408641
2020-06-10 18:00:00,186.14000000000001,179.46,96281.93333333333,14193347685.933332,27.594035633333338,25.238632133333333,0.0057233773333333,18,0,2,162,6,-1.0,-1.8369701987210297e-16,0.3456123126707335,-0.9383773917408641
2020-06-10 18:15:00,0.0,0.0,96297.0,14193347701.0,27.48483182758621,25.356442034482757,0.0010758963210344,18,15,2,162,6,-1.0,-1.8369701987210297e-16,0.3456123126707335,-0.9383773917408641
2020-06-10 18:30:00,0.0,0.0,96297.0,14193347701.0,27.020735,24.48984606896552,3.970162241379311e-06,18,30,2,162,6,-1.0,-1.8369701987210297e-16,0.3456123126707335,-0.9383773917408641
2020-06-10 18:45:00,0.0,0.0,96297.0,14193347701.0,26.51906023333333,24.231867599999998,8.954930733333335e-06,18,45,2,162,6,-1.0,-1.8369701987210297e-16,0.3456123126707335,-0.9383773917408641
2020-06-10 19:00:00,0.0,0.0,96297.0,14193347701.0,25.68034753333333,23.940504966666666,0.0,19,0,2,162,6,-0.9659258262890684,0.2588190451025203,0.3456123126707335,-0.9383773917408641
2020-06-10 19:15:00,0.0,0.0,96297.0,14193347701.0,25.42073310344828,23.76359931034483,0.0,19,15,2,162,6,-0.9659258262890684,0.2588190451025203,0.3456123126707335,-0.9383773917408641
2020-06-10 19:30:00,0.0,0.0,96297.0,14193347701.0,25.3429769,23.65935363333333,0.0,19,30,2,162,6,-0.9659258262890684,0.2588190451025203,0.3456123126707335,-0.9383773917408641
2020-06-10 19:45:00,0.0,0.0,96297.0,14193347701.0,25.587558965517243,23.506497137931035,0.0002567820889655,19,45,2,162,6,-0.9659258262890684,0.2588190451025203,0.3456123126707335,-0.9383773917408641
2020-06-10 20:00:00,0.0,0.0,96297.0,14193347701.0,25.62356443333333,23.425383533333328,0.0007306051336666,20,0,2,162,6,-0.8660254037844386,0.5000000000000001,0.3456123126707335,-0.9383773917408641
2020-06-10 20:15:00,0.0,0.0,96297.0,14193347701.0,25.66528827586207,24.142730724137937,0.0007796478882758,20,15,2,162,6,-0.8660254037844386,0.5000000000000001,0.3456123126707335,-0.9383773917408641
2020-06-10 20:30:00,0.0,0.0,96297.0,14193347701.0,25.578056700000005,24.65686333333333,0.0005540524626666,20,30,2,162,6,-0.8660254037844386,0.5000000000000001,0.3456123126707335,-0.9383773917408641
2020-06-10 20:45:00,0.0,0.0,96297.0,14193347701.0,25.580596733333334,24.732138133333336,0.00037619094,20,45,2,162,6,-0.8660254037844386,0.5000000000000001,0.3456123126707335,-0.9383773917408641
2020-06-10 21:00:00,0.0,0.0,96297.0,14193347701.0,25.454093103448272,24.63598003448276,6.618351724137934e-06,21,0,2,162,6,-0.7071067811865477,0.7071067811865474,0.3456123126707335,-0.9383773917408641
2020-06-10 21:15:00,0.0,0.0,96297.0,14193347701.0,25.4409433,24.756742466666665,5.118148956666666e-05,21,15,2,162,6,-0.7071067811865477,0.7071067811865474,0.3456123126707335,-0.9383773917408641
2020-06-10 21:30:00,0.0,0.0,96297.0,14193347701.0,25.329501310344824,24.59076237931034,0.0,21,30,2,162,6,-0.7071067811865477,0.7071067811865474,0.3456123126707335,-0.9383773917408641
2020-06-10 21:45:00,0.0,0.0,96297.0,14193347701.0,25.287559033333327,24.543854733333333,0.0,21,45,2,162,6,-0.7071067811865477,0.7071067811865474,0.3456123126707335,-0.9383773917408641
2020-06-10 22:00:00,0.0,0.0,96297.0,14193347701.0,25.301776066666665,24.221237133333336,0.0,22,0,2,162,6,-0.5000000000000004,0.8660254037844384,0.3456123126707335,-0.9383773917408641
2020-06-10 22:15:00,0.0,0.0,96297.0,14193347701.0,25.103430413793102,23.577908379310344,0.0,22,15,2,162,6,-0.5000000000000004,0.8660254037844384,0.3456123126707335,-0.9383773917408641
2020-06-10 22:30:00,0.0,0.0,96297.0,14193347701.0,24.885064466666662,23.447024333333328,0.0,22,30,2,162,6,-0.5000000000000004,0.8660254037844384,0.3456123126707335,-0.9383773917408641
2020-06-10 22:45:00,0.0,0.0,96297.0,14193347701.0,24.87121975862069,23.496775827586205,0.0,22,45,2,162,6,-0.5000000000000004,0.8660254037844384,0.3456123126707335,-0.9383773917408641
2020-06-10 23:00:00,0.0,0.0,95864.15384615384,14191797733.153847,24.796322600000003,23.435265966666663,0.0,23,0,2,162,6,-0.25881904510252157,0.9659258262890681,0.3456123126707335,-0.9383773917408641
2020-06-10 23:15:00,0.0,0.0,96297.0,14193347701.0,24.7657957,23.433153999999995,0.0,23,15,2,162,6,-0.25881904510252157,0.9659258262890681,0.3456123126707335,-0.9383773917408641
2020-06-10 23:30:00,0.0,0.0,96297.0,14193347701.0,24.622883793103444,23.429897724137927,0.0,23,30,2,162,6,-0.25881904510252157,0.9659258262890681,0.3456123126707335,-0.9383773917408641
2020-06-10 23:45:00,0.0,0.0,91094.05714285714,14193347701.0,24.52480276666667,23.359506299999996,0.0,23,45,2,162,6,-0.25881904510252157,0.9659258262890681,0.3456123126707335,-0.9383773917408641
2020-06-11 00:00:00,0.0,0.0,74919.53333333334,14082670320.8,24.52855189655173,23.398515344827583,0.0,0,0,3,163,6,0.0,1.0,0.3294084822245304,-0.9441875088341993
2020-06-11 00:15:00,0.0,0.0,73532.0,14193347701.0,24.602478866666665,23.42233426666667,0.0,0,15,3,163,6,0.0,1.0,0.3294084822245304,-0.9441875088341993
2020-06-11 00:30:00,0.0,0.0,73201.6,14171251081.733334,24.652273172413796,23.67843110344828,0.0,0,30,3,163,6,0.0,1.0,0.3294084822245304,-0.9441875088341993
2020-06-11 00:45:00,0.0,0.0,73532.0,14193347701.0,24.744776200000008,24.167458166666663,0.0,0,45,3,163,6,0.0,1.0,0.3294084822245304,-0.9441875088341993
2020-06-11 01:00:00,0.0,0.0,73532.0,14193347701.0,24.655353833333333,23.66065673333333,0.0,1,0,3,163,6,0.25881904510252074,0.9659258262890683,0.3294084822245304,-0.9441875088341993
2020-06-11 01:15:00,0.0,0.0,73532.0,14193347701.0,24.631611620689657,23.33763493103448,0.0,1,15,3,163,6,0.25881904510252074,0.9659258262890683,0.3294084822245304,-0.9441875088341993
2020-06-11 01:30:00,0.0,0.0,73532.0,14193347701.0,24.663321966666665,23.41626396666667,0.0,1,30,3,163,6,0.25881904510252074,0.9659258262890683,0.3294084822245304,-0.9441875088341993
2020-06-11 01:45:00,0.0,0.0,73357.46666666667,14185900308.133333,24.628002068965515,23.91842972413793,0.0,1,45,3,163,6,0.25881904510252074,0.9659258262890683,0.3294084822245304,-0.9441875088341993
2020-06-11 02:00:00,0.0,0.0,73532.0,14193347701.0,24.583562166666667,23.807694466666668,0.0,2,0,3,163,6,0.49999999999999994,0.8660254037844387,0.3294084822245304,-0.9441875088341993
2020-06-11 02:15:00,0.0,0.0,73134.64285714286,14193158007.142857,24.18870453333333,23.353352000000005,0.0,2,15,3,163,6,0.49999999999999994,0.8660254037844387,0.3294084822245304,-0.9441875088341993
2020-06-11 02:30:00,0.0,0.0,73532.0,14193347701.0,23.99366620689655,23.231899,0.0,2,30,3,163,6,0.49999999999999994,0.8660254037844387,0.3294084822245304,-0.9441875088341993
2020-06-11 02:45:00,0.0,0.0,73532.0,14193347701.0,24.11983143333333,23.2196046,0.0001151645777666,2,45,3,163,6,0.49999999999999994,0.8660254037844387,0.3294084822245304,-0.9441875088341993
2020-06-11 03:00:00,0.0,0.0,73532.0,14193347701.0,24.193308896551724,23.11700665517241,0.0001363457634482,3,0,3,163,6,0.7071067811865475,0.7071067811865476,0.3294084822245304,-0.9441875088341993
2020-06-11 03:15:00,0.0,0.0,73532.0,14193347701.0,24.191336966666668,23.09600013333333,3.327031936666668e-05,3,15,3,163,6,0.7071067811865475,0.7071067811865476,0.3294084822245304,-0.9441875088341993
2020-06-11 03:30:00,0.0,0.0,73532.0,14193347701.0,24.184912066666666,23.526898266666667,2.559282e-05,3,30,3,163,6,0.7071067811865475,0.7071067811865476,0.3294084822245304,-0.9441875088341993
2020-06-11 03:45:00,0.0,0.0,73532.0,14193347701.0,24.228536862068967,23.631382448275865,3.971314896551726e-06,3,45,3,163,6,0.7071067811865475,0.7071067811865476,0.3294084822245304,-0.9441875088341993
2020-06-11 04:00:00,0.0,0.0,73532.0,14193347701.0,24.204156500000003,23.579078366666664,0.0,4,0,3,163,6,0.8660254037844386,0.5000000000000001,0.3294084822245304,-0.9441875088341993
2020-06-11 04:15:00,0.0,0.0,73532.0,14193347701.0,24.2147461724138,23.664883172413795,0.0,4,15,3,163,6,0.8660254037844386,0.5000000000000001,0.3294084822245304,-0.9441875088341993
2020-06-11 04:30:00,0.0,0.0,73532.0,14193347701.0,24.2575073,23.715879533333336,0.0,4,30,3,163,6,0.8660254037844386,0.5000000000000001,0.3294084822245304,-0.9441875088341993
2020-06-11 04:45:00,0.0,0.0,73532.0,14193347701.0,24.256150931034483,23.536827379310346,0.0,4,45,3,163,6,0.8660254037844386,0.5000000000000001,0.3294084822245304,-0.9441875088341993
2020-06-11 05:00:00,0.0,0.0,73532.0,14193347701.0,24.2076104,23.14459433333334,0.0,5,0,3,163,6,0.9659258262890683,0.25881904510252074,0.3294084822245304,-0.9441875088341993
2020-06-11 05:15:00,0.0,0.0,73532.0,14193347701.0,24.26688568965517,23.236197655172408,0.0,5,15,3,163,6,0.9659258262890683,0.25881904510252074,0.3294084822245304,-0.9441875088341993
2020-06-11 05:30:00,0.0,0.0,32750.933333333334,14193347701.0,24.262456366666665,23.634011800000007,0.0,5,30,3,163,6,0.9659258262890683,0.25881904510252074,0.3294084822245304,-0.9441875088341993
2020-06-11 05:45:00,0.0,0.0,28694.285714285714,14193347701.0,24.228851566666663,23.681645666666665,0.0002546431066666,5,45,3,163,6,0.9659258262890683,0.25881904510252074,0.3294084822245304,-0.9441875088341993
2020-06-11 06:00:00,16.074761904761903,15.507142857142856,23740.86666666667,14193347701.266666,24.265365206896558,23.726225896551725,0.0042637027482758,6,0,3,163,6,1.0,6.123233995736766e-17,0.3294084822245304,-0.9441875088341993
2020-06-11 06:15:00,289.5109523809524,279.22285714285715,12539.033333333333,14193347738.466667,24.30399276666666,23.941916866666663,0.0098950991166666,6,15,3,163,6,1.0,6.123233995736766e-17,0.3294084822245304,-0.9441875088341993
2020-06-11 06:30:00,459.84238095238095,443.9014285714286,118.37619047619047,14193347827.37619,24.28631917241379,24.10950765517241,0.0146363091896551,6,30,3,163,6,1.0,6.123233995736766e-17,0.3294084822245304,-0.9441875088341993
2020-06-11 06:45:00,758.8538095238096,733.2538095238095,255.54761904761904,14193347964.547619,24.22797863333333,23.9388551,0.0224950799666666,6,45,3,163,6,1.0,6.123233995736766e-17,0.3294084822245304,-0.9441875088341993
2020-06-11 07:00:00,1945.2780952380951,1888.4847619047619,566.0095238095238,14193348275.009525,24.14798303448276,23.50303603448276,0.0590051749310344,7,0,3,163,6,0.9659258262890683,-0.25881904510252063,0.3294084822245304,-0.9441875088341993
2020-06-11 07:15:00,3350.153333333333,3272.904285714286,1197.9714285714285,14193348906.971428,24.44488326666666,24.803459733333337,0.1020111090333333,7,15,3,163,6,0.9659258262890683,-0.25881904510252063,0.3294084822245304,-0.9441875088341993
2020-06-11 07:30:00,3308.8385714285714,3230.220476190476,2055.1857142857143,14193349764.185715,24.71686213793104,26.608197379310347,0.0989866136551724,7,30,3,163,6,0.9659258262890683,-0.25881904510252063,0.3294084822245304,-0.9441875088341993
2020-06-11 07:45:00,2374.114285714286,2307.667142857143,2758.0333333333333,14193350467.033333,24.634990400000003,25.5272257,0.0667724374666666,7,45,3,163,6,0.9659258262890683,-0.25881904510252063,0.3294084822245304,-0.9441875088341993
2020-06-11 08:00:00,2295.4347619047617,2230.937142857143,3287.5523809523806,14193350996.552382,24.439050466666664,24.529686466666664,0.0651904124,8,0,3,163,6,0.8660254037844387,-0.4999999999999998,0.3294084822245304,-0.9441875088341993
2020-06-11 08:15:00,3887.392380952381,3808.2566666666667,4048.8190476190475,14193351757.819048,24.048603103448272,24.303316379310345,0.1120032948965517,8,15,3,163,6,0.8660254037844387,-0.4999999999999998,0.3294084822245304,-0.9441875088341993
2020-06-11 08:30:00,4935.38,4838.996666666667,5081.7,14193352790.7,24.360200137931034,25.258221862068964,0.1442327949999999,8,30,3,163,6,0.8660254037844387,-0.4999999999999998,0.3294084822245304,-0.9441875088341993
2020-06-11 08:45:00,7846.240476190475,7710.232857142857,6627.628571428571,14193354336.62857,24.851787299999994,28.614925066666665,0.2382026306666666,8,45,3,163,6,0.8660254037844387,-0.4999999999999998,0.3294084822245304,-0.9441875088341993
2020-06-11 09:00:00,11777.040476190476,11546.167142857143,9023.661904761904,14193356732.661905,25.6061401,31.9640666,0.3654319533333332,9,0,3,163,6,0.7071067811865476,-0.7071067811865475,0.3294084822245304,-0.9441875088341993
2020-06-11 09:15:00,10246.957619047618,10053.16238095238,11908.62380952381,14193359617.62381,26.064864551724135,33.41386689655172,0.3184037789655173,9,15,3,163,6,0.7071067811865476,-0.7071067811865475,0.3294084822245304,-0.9441875088341993
2020-06-11 09:30:00,6207.568095238095,6093.970476190476,13870.790476190476,14193361579.790478,25.912877666666677,30.661452200000003,0.1821246916666667,9,30,3,163,6,0.7071067811865476,-0.7071067811865475,0.3294084822245304,-0.9441875088341993
2020-06-11 09:45:00,7649.705238095238,7513.511428571429,15444.047619047618,14193363153.047619,26.013701448275867,30.348066620689654,0.2250663879310345,9,45,3,163,6,0.7071067811865476,-0.7071067811865475,0.3294084822245304,-0.9441875088341993
2020-06-11 10:00:00,9759.47238095238,9578.859523809524,17618.347619047618,14193365327.34762,26.5930917,32.13797826666667,0.2858397853333333,10,0,3,163,6,0.49999999999999994,-0.8660254037844387,0.3294084822245304,-0.9441875088341993
2020-06-11 10:15:00,10647.74,10442.330952380951,20137.990476190476,14193367846.990477,27.00422489655173,33.281718068965525,0.3116224317241379,10,15,3,163,6,0.49999999999999994,-0.8660254037844387,0.3294084822245304,-0.9441875088341993
2020-06-11 10:30:00,11287.435714285715,11066.210952380952,22684.323809523812,14092494333.180952,27.255816700000004,33.88129156666666,0.3308099630000001,10,30,3,163,6,0.49999999999999994,-0.8660254037844387,0.3294084822245304,-0.9441875088341993
2020-06-11 10:45:00,12582.34,12330.866666666667,25738.466666666667,14193198494.800001,27.62432748275862,35.501297551724136,0.3713926027586207,10,45,3,163,6,0.49999999999999994,-0.8660254037844387,0.3294084822245304,-0.9441875088341993
2020-06-11 11:00:00,12989.85,12728.820952380953,28844.35238095238,14193376553.35238,27.698689666666667,35.23270673333334,0.3794716983333333,11,0,3,163,6,0.258819045102521,-0.9659258262890682,0.3294084822245304,-0.9441875088341993
2020-06-11 11:15:00,14558.90619047619,14260.659523809523,32194.67142857143,14193379903.671427,27.8630768,36.30496026666668,0.4417517606666668,11,15,3,163,6,0.258819045102521,-0.9659258262890682,0.3294084822245304,-0.9441875088341993
2020-06-11 11:30:00,15119.273333333333,14807.346666666666,35976.666666666664,14193383685.666668,28.498860379310344,38.471322,0.4621243431034483,11,30,3,163,6,0.258819045102521,-0.9659258262890682,0.3294084822245304,-0.9441875088341993
2020-06-11 11:45:00,15770.015714285713,15431.141428571429,39329.68095238096,14104096665.528572,28.7643748,39.30720423333333,0.5839224203333333,11,45,3,163,6,0.258819045102521,-0.9659258262890682,0.3294084822245304,-0.9441875088341993
2020-06-11 12:00:00,0.0,0.0,1142.0666666666666,431655976.7333333,29.731161000000004,45.40481068965519,0.6205650234482758,12,0,3,163,6,1.2246467991473532e-16,-1.0,0.3294084822245304,-0.9441875088341993
2020-06-11 12:15:00,1310.5846153846153,1287.876923076923,6138.461538461538,5394449182.846154,29.42076553571429,42.382584821428566,0.3881666475,12,15,3,163,6,1.2246467991473532e-16,-1.0,0.3294084822245304,-0.9441875088341993
2020-06-11 12:30:00,10707.046666666667,10503.893333333333,43059.933333333334,14193390768.933332,28.7703256,35.47568646666666,0.3071335886666666,12,30,3,163,6,1.2246467991473532e-16,-1.0,0.3294084822245304,-0.9441875088341993
2020-06-11 12:45:00,12904.513333333332,12645.199999999999,46182.4,14193393891.4,29.112240413793103,36.74222948275862,0.3871848155172413,12,45,3,163,6,1.2246467991473532e-16,-1.0,0.3294084822245304,-0.9441875088341993
2020-06-11 13:00:00,10758.65238095238,10550.829047619047,48930.81904761905,14193396639.819048,29.050965433333335,35.634093166666666,0.322284215,13,0,3,163,6,-0.2588190451025208,-0.9659258262890683,0.3294084822245304,-0.9441875088341993
2020-06-11 13:15:00,10386.929999999998,10189.84,51558.25714285714,14193399267.257141,29.485296827586204,36.078475517241365,0.3063866934482759,13,15,3,163,6,-0.2588190451025208,-0.9659258262890683,0.3294084822245304,-0.9441875088341993
2020-06-11 13:30:00,11690.96,11460.853333333333,54158.13333333333,14193401867.133333,29.618877933333334,36.03466590000001,0.3484061356666666,13,30,3,163,6,-0.2588190451025208,-0.9659258262890683,0.3294084822245304,-0.9441875088341993
2020-06-11 13:45:00,14369.706666666665,14075.18,57335.2,14193405044.199999,29.861181724137936,37.1695493448276,0.4410198099999999,13,45,3,163,6,-0.2588190451025208,-0.9659258262890683,0.3294084822245304,-0.9441875088341993
2020-06-11 14:00:00,11319.866666666667,11098.720000000001,60505.13333333333,14181251164.6,29.924686866666654,37.945422266666654,0.3551979003333333,14,0,3,163,6,-0.4999999999999997,-0.8660254037844388,0.3294084822245304,-0.9441875088341993
2020-06-11 14:15:00,11092.110476190475,10877.139523809523,63441.27142857143,14193411150.27143,27.71221082758621,34.44660265517241,0.3321471462068965,14,15,3,163,6,-0.4999999999999997,-0.8660254037844388,0.3294084822245304,-0.9441875088341993
2020-06-11 14:30:00,7492.43,7362.432380952381,65727.55714285714,14193413436.557144,27.966856833333335,34.11939593333334,0.2199277286666666,14,30,3,163,6,-0.4999999999999997,-0.8660254037844388,0.3294084822245304,-0.9441875088341993
2020-06-11 14:45:00,5444.624285714286,5339.171904761904,67278.61428571428,14193414987.614286,28.226240379310344,32.649263620689645,0.1599183410344828,14,45,3,163,6,-0.4999999999999997,-0.8660254037844388,0.3294084822245304,-0.9441875088341993
2020-06-11 15:00:00,8302.36,8154.379999999999,68675.06666666667,14073744426.8,28.87674766666667,33.52219136666666,0.2447895886666667,15,0,3,163,6,-0.7071067811865471,-0.7071067811865479,0.3294084822245304,-0.9441875088341993
2020-06-11 15:15:00,12581.673333333332,12330.726666666667,71425.13333333333,14193419134.133333,29.08339506896552,35.22164613793103,0.3615275644827586,15,15,3,163,6,-0.7071067811865471,-0.7071067811865479,0.3294084822245304,-0.9441875088341993
2020-06-11 15:30:00,7391.9,7258.408571428571,73970.1619047619,14193421679.161905,27.1182657,31.176984633333337,0.2182710936666667,15,30,3,163,6,-0.7071067811865471,-0.7071067811865479,0.3294084822245304,-0.9441875088341993
2020-06-11 15:45:00,9515.89619047619,9340.470952380952,76160.78571428571,14193423869.785713,26.06172972413793,30.178076413793104,0.2699164865517241,15,45,3,163,6,-0.7071067811865471,-0.7071067811865479,0.3294084822245304,-0.9441875088341993
2020-06-11 16:00:00,6514.9080952380955,6398.164761904762,77849.28571428571,14103524597.552382,26.01609606666667,29.613266966666668,0.1847001159999999,16,0,3,163,6,-0.8660254037844384,-0.5000000000000004,0.3294084822245304,-0.9441875088341993
2020-06-11 16:15:00,3887.98,3808.846666666667,79374.66666666667,14193427083.666666,25.88879503448276,28.060255413793104,0.1109246423448275,16,15,3,163,6,-0.8660254037844384,-0.5000000000000004,0.3294084822245304,-0.9441875088341993
2020-06-11 16:30:00,3859.485714285714,3779.432380952381,80312.00952380952,14193428021.009523,25.363669599999994,25.50034883333333,0.106418664,16,30,3,163,6,-0.8660254037844384,-0.5000000000000004,0.3294084822245304,-0.9441875088341993
2020-06-11 16:45:00,2357.8314285714287,2291.634285714286,81065.97142857143,14193428774.971428,25.617999166666667,25.562178666666664,0.068217775,16,45,3,163,6,-0.8660254037844384,-0.5000000000000004,0.3294084822245304,-0.9441875088341993
2020-06-11 17:00:00,2567.4138095238095,2496.500476190476,81664.51428571428,14193429373.514286,26.015373551724128,26.399087862068967,0.076213266275862,17,0,3,163,6,-0.9659258262890683,-0.25881904510252063,0.3294084822245304,-0.9441875088341993
2020-06-11 17:15:00,2040.4880952380952,1981.73,82212.70952380952,14193429921.709522,26.459341366666663,27.310375,0.0611145239,17,15,3,163,6,-0.9659258262890683,-0.25881904510252063,0.3294084822245304,-0.9441875088341993
2020-06-11 17:30:00,1931.0866666666666,1874.9399999999998,82708.33333333333,14193430417.333334,26.65583220689655,27.505229931034485,0.0584995239655172,17,30,3,163,6,-0.9659258262890683,-0.25881904510252063,0.3294084822245304,-0.9441875088341993
2020-06-11 17:45:00,1770.118095238095,1717.7666666666667,83153.59047619047,14193430862.590477,26.73281353333333,26.82401533333333,0.0535718095333333,17,45,3,163,6,-0.9659258262890683,-0.25881904510252063,0.3294084822245304,-0.9441875088341993
2020-06-11 18:00:00,1552.787619047619,1504.8223809523809,83563.42380952381,14193431272.42381,26.72596343333333,26.888934466666665,0.0469554367666666,18,0,3,163,6,-1.0,-1.8369701987210297e-16,0.3294084822245304,-0.9441875088341993
2020-06-11 18:15:00,742.8666666666667,717.9266666666666,83846.8,14193431555.800001,26.49930441379311,26.40681503448276,0.0229097102413793,18,15,3,163,6,-1.0,-1.8369701987210297e-16,0.3294084822245304,-0.9441875088341993
2020-06-11 18:30:00,195.2147619047619,188.30190476190475,83958.63809523809,14193431667.638096,26.28690993333333,25.899502400000006,0.0081508001466666,18,30,3,163,6,-1.0,-1.8369701987210297e-16,0.3294084822245304,-0.9441875088341993
2020-06-11 18:45:00,0.0,0.0,83974.0,14193431683.0,26.10765227586207,25.58488510344828,0.0012175895017241,18,45,3,163,6,-1.0,-1.8369701987210297e-16,0.3294084822245304,-0.9441875088341993
2020-06-11 19:00:00,0.0,0.0,83974.0,14193431683.0,26.0361074,25.255116666666677,0.0,19,0,3,163,6,-0.9659258262890684,0.2588190451025203,0.3294084822245304,-0.9441875088341993
2020-06-11 19:15:00,0.0,0.0,83974.0,14193431683.0,25.8624267,25.206319099999995,0.0,19,15,3,163,6,-0.9659258262890684,0.2588190451025203,0.3294084822245304,-0.9441875088341993
2020-06-11 19:30:00,0.0,0.0,83974.0,14193431683.0,24.9431804137931,24.608417379310342,0.0,19,30,3,163,6,-0.9659258262890684,0.2588190451025203,0.3294084822245304,-0.9441875088341993
2020-06-11 19:45:00,0.0,0.0,83974.0,14193431683.0,24.247928966666663,22.8602712,0.0,19,45,3,163,6,-0.9659258262890684,0.2588190451025203,0.3294084822245304,-0.9441875088341993
2020-06-11 20:00:00,0.0,0.0,83974.0,14193431683.0,23.92968324137931,22.196393344827584,0.0,20,0,3,163,6,-0.8660254037844386,0.5000000000000001,0.3294084822245304,-0.9441875088341993
2020-06-11 20:15:00,0.0,0.0,83974.0,14193431683.0,23.84047006666667,22.104235700000007,0.0,20,15,3,163,6,-0.8660254037844386,0.5000000000000001,0.3294084822245304,-0.9441875088341993
2020-06-11 20:30:00,0.0,0.0,83974.0,14193431683.0,23.795964517241377,22.03030396551724,0.0,20,30,3,163,6,-0.8660254037844386,0.5000000000000001,0.3294084822245304,-0.9441875088341993
2020-06-11 20:45:00,0.0,0.0,83974.0,14193431683.0,23.400524000000004,21.926543333333328,0.0,20,45,3,163,6,-0.8660254037844386,0.5000000000000001,0.3294084822245304,-0.9441875088341993
2020-06-11 21:00:00,0.0,0.0,83974.0,14193431683.0,23.184910333333328,21.805719033333336,0.0,21,0,3,163,6,-0.7071067811865477,0.7071067811865474,0.3294084822245304,-0.9441875088341993
2020-06-11 21:15:00,0.0,0.0,83974.0,14193431683.0,23.137103344827583,21.75369079310345,0.0,21,15,3,163,6,-0.7071067811865477,0.7071067811865474,0.3294084822245304,-0.9441875088341993
2020-06-11 21:30:00,0.0,0.0,83974.0,14193431683.0,23.2143099,21.7712443,0.0,21,30,3,163,6,-0.7071067811865477,0.7071067811865474,0.3294084822245304,-0.9441875088341993
2020-06-11 21:45:00,0.0,0.0,83974.0,14193431683.0,23.091332586206903,21.701135,0.0,21,45,3,163,6,-0.7071067811865477,0.7071067811865474,0.3294084822245304,-0.9441875088341993
2020-06-11 22:00:00,0.0,0.0,83974.0,14193431683.0,23.106439166666664,21.6895355,0.0,22,0,3,163,6,-0.5000000000000004,0.8660254037844384,0.3294084822245304,-0.9441875088341993
2020-06-11 22:15:00,0.0,0.0,83974.0,14193431683.0,23.108354766666668,21.676100666666663,0.0,22,15,3,163,6,-0.5000000000000004,0.8660254037844384,0.3294084822245304,-0.9441875088341993
2020-06-11 22:30:00,0.0,0.0,83974.0,14193431683.0,23.167986137931035,21.722446689655172,0.0,22,30,3,163,6,-0.5000000000000004,0.8660254037844384,0.3294084822245304,-0.9441875088341993
2020-06-11 22:45:00,0.0,0.0,83974.0,14193431683.0,23.0900807,21.662187733333333,0.0,22,45,3,163,6,-0.5000000000000004,0.8660254037844384,0.3294084822245304,-0.9441875088341993
2020-06-11 23:00:00,0.0,0.0,83974.0,14193431683.0,23.0771108,21.622833199999995,0.0,23,0,3,163,6,-0.25881904510252157,0.9659258262890681,0.3294084822245304,-0.9441875088341993
2020-06-11 23:15:00,0.0,0.0,83974.0,14193431683.0,23.062493586206894,21.668886448275863,0.0,23,15,3,163,6,-0.25881904510252157,0.9659258262890681,0.3294084822245304,-0.9441875088341993
2020-06-11 23:30:00,0.0,0.0,83974.0,14193431683.0,22.998343899999995,21.65067433333333,0.0,23,30,3,163,6,-0.25881904510252157,0.9659258262890681,0.3294084822245304,-0.9441875088341993
2020-06-11 23:45:00,0.0,0.0,80060.93333333333,14193431683.0,23.00536055172413,21.64281696551724,0.0,23,45,3,163,6,-0.25881904510252157,0.9659258262890681,0.3294084822245304,-0.9441875088341993
2020-06-12 00:00:00,0.0,0.0,66372.82857142857,14153846200.6,23.096333766666664,21.81936953333334,0.0,0,0,4,164,6,0.0,1.0,0.3131070409358269,-0.9497178427914316
2020-06-12 00:15:00,0.0,0.0,64494.0,14193431683.0,23.07342593103449,21.868107310344826,0.0,0,15,4,164,6,0.0,1.0,0.3131070409358269,-0.9497178427914316
2020-06-12 00:30:00,0.0,0.0,64494.0,14193431683.0,23.198418433333337,21.921284133333334,0.0,0,30,4,164,6,0.0,1.0,0.3131070409358269,-0.9497178427914316
2020-06-12 00:45:00,0.0,0.0,64494.0,14193431683.0,23.259188033333327,21.7901601,0.0,0,45,4,164,6,0.0,1.0,0.3131070409358269,-0.9497178427914316
2020-06-12 01:00:00,0.0,0.0,64494.0,14193431683.0,23.26828003448276,22.156882620689657,0.0,1,0,4,164,6,0.25881904510252074,0.9659258262890683,0.3131070409358269,-0.9497178427914316
2020-06-12 01:15:00,0.0,0.0,64494.0,14193431683.0,23.03963933333333,22.2565656,0.0,1,15,4,164,6,0.25881904510252074,0.9659258262890683,0.3131070409358269,-0.9497178427914316
2020-06-12 01:30:00,0.0,0.0,64494.0,14193431683.0,22.93840913793104,22.340520448275857,0.0,1,30,4,164,6,0.25881904510252074,0.9659258262890683,0.3131070409358269,-0.9497178427914316
2020-06-12 01:45:00,0.0,0.0,64494.0,14193431683.0,22.8403045,22.311083166666663,0.0,1,45,4,164,6,0.25881904510252074,0.9659258262890683,0.3131070409358269,-0.9497178427914316
2020-06-12 02:00:00,0.0,0.0,64274.066666666666,14193309575.133333,22.75244333333333,22.36223953333333,0.0,2,0,4,164,6,0.49999999999999994,0.8660254037844387,0.3131070409358269,-0.9497178427914316
2020-06-12 02:15:00,0.0,0.0,64494.0,14193431683.0,22.652374,22.18530289655172,0.0,2,15,4,164,6,0.49999999999999994,0.8660254037844387,0.3131070409358269,-0.9497178427914316
2020-06-12 02:30:00,0.0,0.0,64494.0,14193431683.0,22.610987366666663,22.14618743333333,0.0,2,30,4,164,6,0.49999999999999994,0.8660254037844387,0.3131070409358269,-0.9497178427914316
2020-06-12 02:45:00,0.0,0.0,64494.0,14193431683.0,22.557934620689657,21.900003448275864,0.0,2,45,4,164,6,0.49999999999999994,0.8660254037844387,0.3131070409358269,-0.9497178427914316
2020-06-12 03:00:00,0.0,0.0,64494.0,14193431683.0,22.6381885,21.888890600000003,0.0,3,0,4,164,6,0.7071067811865475,0.7071067811865476,0.3131070409358269,-0.9497178427914316
2020-06-12 03:15:00,0.0,0.0,64494.0,14193431683.0,22.836479599999997,22.47486883333333,7.678095999999998e-06,3,15,4,164,6,0.7071067811865475,0.7071067811865476,0.3131070409358269,-0.9497178427914316
2020-06-12 03:30:00,0.0,0.0,64494.0,14193431683.0,22.870540068965514,22.632726241379306,0.0,3,30,4,164,6,0.7071067811865475,0.7071067811865476,0.3131070409358269,-0.9497178427914316
2020-06-12 03:45:00,0.0,0.0,64494.0,14193431683.0,22.97101426666667,22.699416133333333,0.0,3,45,4,164,6,0.7071067811865475,0.7071067811865476,0.3131070409358269,-0.9497178427914316
2020-06-12 04:00:00,0.0,0.0,64494.0,14193431683.0,23.079390758620686,22.813601965517243,0.0,4,0,4,164,6,0.8660254037844386,0.5000000000000001,0.3131070409358269,-0.9497178427914316
2020-06-12 04:15:00,0.0,0.0,64494.0,14193431683.0,23.20513930000001,22.95454596666666,0.0,4,15,4,164,6,0.8660254037844386,0.5000000000000001,0.3131070409358269,-0.9497178427914316
2020-06-12 04:30:00,0.0,0.0,64494.0,14193431683.0,23.228767833333336,23.02070903333334,0.0,4,30,4,164,6,0.8660254037844386,0.5000000000000001,0.3131070409358269,-0.9497178427914316
2020-06-12 04:45:00,0.0,0.0,64494.0,14193431683.0,23.179444862068973,23.012233275862062,0.0,4,45,4,164,6,0.8660254037844386,0.5000000000000001,0.3131070409358269,-0.9497178427914316
2020-06-12 05:00:00,0.0,0.0,64494.0,14193431683.0,23.2061069,22.8791188,0.0,5,0,4,164,6,0.9659258262890683,0.25881904510252074,0.3131070409358269,-0.9497178427914316
2020-06-12 05:15:00,0.0,0.0,64494.0,14193431683.0,23.23781186206897,22.71333889655173,0.0,5,15,4,164,6,0.9659258262890683,0.25881904510252074,0.3131070409358269,-0.9497178427914316
2020-06-12 05:30:00,0.0,0.0,29073.066666666666,14193431683.0,23.213350633333327,22.55468443333333,1.2796612e-06,5,30,4,164,6,0.9659258262890683,0.25881904510252074,0.3131070409358269,-0.9497178427914316
2020-06-12 05:45:00,0.0,0.0,26543.0,14193431683.0,23.308441233333337,22.930191999999995,0.0007294055549666,5,45,4,164,6,0.9659258262890683,0.25881904510252074,0.3131070409358269,-0.9497178427914316
2020-06-12 06:00:00,18.324761904761907,17.65952380952381,23967.2,14193431683.2,23.326241310344837,23.077431448275856,0.0042056504241379,6,0,4,164,6,1.0,6.123233995736766e-17,0.3131070409358269,-0.9497178427914316
2020-06-12 06:15:00,413.30619047619047,398.9247619047619,18869.942857142858,14193431727.942858,23.362587600000005,23.246462933333326,0.01449843685,6,15,4,164,6,1.0,6.123233995736766e-17,0.3131070409358269,-0.9497178427914316
2020-06-12 06:30:00,1032.5990476190475,998.8633333333333,19026.419047619045,14193431884.419048,23.470018275862063,23.604529000000003,0.0334927551724137,6,30,4,164,6,1.0,6.123233995736766e-17,0.3131070409358269,-0.9497178427914316
2020-06-12 06:45:00,2138.4866666666667,2077.3799999999997,3801.6,14193432270.466667,23.641302533333327,24.350484133333328,0.0671627485333333,6,45,4,164,6,1.0,6.123233995736766e-17,0.3131070409358269,-0.9497178427914316
2020-06-12 07:00:00,2837.195238095238,2764.270476190476,1087.2809523809524,14193432865.280952,23.846849333333335,25.189636166666663,0.0903843469999999,7,0,4,164,6,0.9659258262890683,-0.25881904510252063,0.3131070409358269,-0.9497178427914316
2020-06-12 07:15:00,3681.004761904762,3601.557619047619,1882.1476190476192,14193433660.14762,24.097485965517244,26.135771551724137,0.1164797561724138,7,15,4,164,6,0.9659258262890683,-0.25881904510252063,0.3131070409358269,-0.9497178427914316
2020-06-12 07:30:00,4387.038095238096,4300.052380952381,2887.8333333333335,14193434665.833334,24.3609651,27.16758313333333,0.1372689796666666,7,30,4,164,6,0.9659258262890683,-0.25881904510252063,0.3131070409358269,-0.9497178427914316
2020-06-12 07:45:00,5706.124761904762,5597.93238095238,4068.0857142857144,14193435846.085714,24.55453065517242,27.705915724137927,0.1758698168965517,7,45,4,164,6,0.9659258262890683,-0.25881904510252063,0.3131070409358269,-0.9497178427914316
2020-06-12 08:00:00,5111.046666666666,5011.706666666667,5491.599999999999,14193437269.6,24.89767446666667,28.73435063333333,0.1600963385,8,0,4,164,6,0.8660254037844387,-0.4999999999999998,0.3131070409358269,-0.9497178427914316
2020-06-12 08:15:00,5518.042380952381,5412.830952380952,6735.333333333333,14193438513.333332,25.01737920689655,28.646566448275856,0.1578865952068965,8,15,4,164,6,0.8660254037844387,-0.4999999999999998,0.3131070409358269,-0.9497178427914316
2020-06-12 08:30:00,6723.949523809524,6603.157619047619,8356.966666666667,14193440134.966665,25.175836200000003,29.600538133333337,0.1990606736666666,8,30,4,164,6,0.8660254037844387,-0.4999999999999998,0.3131070409358269,-0.9497178427914316
2020-06-12 08:45:00,4016.6295238095236,3931.352857142857,9524.304761904761,14186316958.238096,25.023628,28.13070258620689,0.1142524157931034,8,45,4,164,6,0.8660254037844387,-0.4999999999999998,0.3131070409358269,-0.9497178427914316
2020-06-12 09:00:00,10077.79238095238,9887.31619047619,11316.37619047619,14193320986.509523,25.58673096666667,30.660331433333333,0.302462571,9,0,4,164,6,0.7071067811865476,-0.7071067811865475,0.3131070409358269,-0.9497178427914316
2020-06-12 09:15:00,8071.26,7929.8,13457.8,14193445235.8,25.9005231,31.52512816666666,0.2399335173333333,9,15,4,164,6,0.7071067811865476,-0.7071067811865475,0.3131070409358269,-0.9497178427914316
2020-06-12 09:30:00,13489.620952380952,13216.731904761906,16129.209523809524,14193447907.209522,26.359519310344815,34.320217758620686,0.4119583196551724,9,30,4,164,6,0.7071067811865476,-0.7071067811865475,0.3131070409358269,-0.9497178427914316
2020-06-12 09:45:00,9607.231904761904,9428.957142857142,19107.4,14193450885.4,26.720213833333336,34.9373119,0.2954317716666666,9,45,4,164,6,0.7071067811865476,-0.7071067811865475,0.3131070409358269,-0.9497178427914316
2020-06-12 10:00:00,7973.1866666666665,7833.066666666667,21171.0,14193452949.0,26.48955672413793,32.30903151724138,0.2300879279310344,10,0,4,164,6,0.49999999999999994,-0.8660254037844387,0.3131070409358269,-0.9497178427914316
2020-06-12 10:15:00,5498.294285714285,5393.142380952381,22829.138095238097,14193454607.138096,26.2019552,30.3946726,0.160934984,10,15,4,164,6,0.49999999999999994,-0.8660254037844387,0.3131070409358269,-0.9497178427914316
2020-06-12 10:30:00,5390.651904761905,5287.3623809523815,24128.04761904762,14193455906.047619,26.23958182758621,29.84086337931035,0.1544609948275861,10,30,4,164,6,0.49999999999999994,-0.8660254037844387,0.3131070409358269,-0.9497178427914316
2020-06-12 10:45:00,6972.48,6841.286666666667,25490.666666666664,14193457268.666666,26.212235466666662,29.820671633333337,0.1954025728666666,10,45,4,164,6,0.49999999999999994,-0.8660254037844387,0.3131070409358269,-0.9497178427914316
2020-06-12 11:00:00,12778.31380952381,12521.551904761904,27886.319047619047,14193459664.319048,26.93907844827586,33.2047645862069,0.3730939703448276,11,0,4,164,6,0.258819045102521,-0.9659258262890682,0.3131070409358269,-0.9497178427914316
2020-06-12 11:15:00,16730.39619047619,16371.958095238095,31829.157142857144,14193463607.157143,27.978457700000007,38.802913200000006,0.5259339126666668,11,15,4,164,6,0.258819045102521,-0.9659258262890682,0.3131070409358269,-0.9497178427914316
2020-06-12 11:30:00,15521.813333333332,15199.859999999999,35663.73333333333,14193467441.733334,26.552858620689655,35.65671510344827,0.4696381220689654,11,30,4,164,6,0.258819045102521,-0.9659258262890682,0.3131070409358269,-0.9497178427914316
2020-06-12 11:45:00,13111.25761904762,12837.900476190476,38724.87619047619,14193470502.876192,24.5112182,29.3274028,0.3676135404666666,11,45,4,164,6,0.258819045102521,-0.9659258262890682,0.3131070409358269,-0.9497178427914316
2020-06-12 12:00:00,13859.137619047619,13577.369523809524,42464.3380952381,14193474242.338095,23.428060655172416,27.380415310344823,0.3948018151724138,12,0,4,164,6,1.2246467991473532e-16,-1.0,0.3131070409358269,-0.9497178427914316
2020-06-12 12:15:00,13289.160476190476,13020.36380952381,45728.26666666666,14193477506.266666,23.30078733333333,26.9148752,0.3823716986666667,12,15,4,164,6,1.2246467991473532e-16,-1.0,0.3131070409358269,-0.9497178427914316
2020-06-12 12:30:00,13055.762857142858,12793.040952380952,48873.75714285714,14193480651.757141,24.715149999999998,31.10258551724138,0.3824357034482758,12,30,4,164,6,1.2246467991473532e-16,-1.0,0.3131070409358269,-0.9497178427914316
2020-06-12 12:45:00,10424.753333333334,10207.446666666667,39016.666666666664,10814116278.8,25.759937466666667,35.285202166666664,0.5171967406666664,12,45,4,164,6,1.2246467991473532e-16,-1.0,0.3131070409358269,-0.9497178427914316
2020-06-12 13:00:00,3140.7228571428573,3078.3519047619047,11452.314285714285,6190317963.390476,26.256600899999995,39.8784078,0.4912427266666668,13,0,4,164,6,-0.2588190451025208,-0.9659258262890683,0.3131070409358269,-0.9497178427914316
2020-06-12 13:15:00,13192.516666666666,12918.127142857142,55310.23333333333,14193487088.233334,25.594030931034485,34.252540413793106,0.4367032972413793,13,15,4,164,6,-0.2588190451025208,-0.9659258262890683,0.3131070409358269,-0.9497178427914316
2020-06-12 13:30:00,12302.10380952381,12039.734761904761,58645.14761904762,14193490423.14762,26.233689366666667,37.80731616666668,0.537373153,13,30,4,164,6,-0.2588190451025208,-0.9659258262890683,0.3131070409358269,-0.9497178427914316
2020-06-12 13:45:00,11463.334285714285,11235.12619047619,61394.8619047619,14193493172.861906,26.18573413793104,35.571158620689644,0.3653654527586207,13,45,4,164,6,-0.2588190451025208,-0.9659258262890683,0.3131070409358269,-0.9497178427914316
2020-06-12 14:00:00,16349.746666666666,16007.406666666666,64800.333333333336,14193496578.333332,26.5335296,35.9721252,0.4868788256666666,14,0,4,164,6,-0.4999999999999997,-0.8660254037844388,0.3131070409358269,-0.9497178427914316
2020-06-12 14:15:00,13838.132380952382,13556.526666666667,68802.95238095238,14193500580.95238,27.018877724137926,37.32093027586206,0.4183158365517241,14,15,4,164,6,-0.4999999999999997,-0.8660254037844388,0.3131070409358269,-0.9497178427914316
2020-06-12 14:30:00,10771.670476190477,10563.709523809524,71651.8619047619,14193503429.861904,26.867152866666668,34.35756966666667,0.325917801,14,30,4,164,6,-0.4999999999999997,-0.8660254037844388,0.3131070409358269,-0.9497178427914316
2020-06-12 14:45:00,11126.340952380953,10908.977619047619,74290.03333333333,14193506068.033335,26.675744433333332,33.7304332,0.329804623,14,45,4,164,6,-0.4999999999999997,-0.8660254037844388,0.3131070409358269,-0.9497178427914316
2020-06-12 15:00:00,14869.313333333334,14563.584761904762,77500.66666666667,14193509278.666668,26.96615486206897,35.406001482758626,0.4389835762068964,15,0,4,164,6,-0.7071067811865471,-0.7071067811865479,0.3131070409358269,-0.9497178427914316
2020-06-12 15:15:00,13241.13238095238,12973.957142857143,80974.24285714286,14193512752.242857,27.368944333333328,36.35862943333333,0.3928341253333332,15,15,4,164,6,-0.7071067811865471,-0.7071067811865479,0.3131070409358269,-0.9497178427914316
2020-06-12 15:30:00,14382.96,14088.166666666666,84323.46666666666,14193516101.466665,27.941324275862076,37.08138175862069,0.42733382,15,30,4,164,6,-0.7071067811865471,-0.7071067811865479,0.3131070409358269,-0.9497178427914316
2020-06-12 15:45:00,11631.765714285715,11402.710952380952,87460.78571428571,14193519238.785713,27.89696146666667,35.5313305,0.3425049133333333,15,45,4,164,6,-0.7071067811865471,-0.7071067811865479,0.3131070409358269,-0.9497178427914316
2020-06-12 16:00:00,9675.270476190475,9495.760952380951,89936.64761904762,14186074062.84762,27.961402655172414,34.75383044827586,0.2889376348275862,16,0,4,164,6,-0.8660254037844384,-0.5000000000000004,0.3131070409358269,-0.9497178427914316
2020-06-12 16:15:00,5205.533333333333,5105.782380952381,92072.1857142857,14193523850.185715,27.8158599,32.435735233333325,0.1577513288333333,16,15,4,164,6,-0.8660254037844384,-0.5000000000000004,0.3131070409358269,-0.9497178427914316
2020-06-12 16:30:00,5125.92619047619,5026.172380952381,93243.7380952381,14193525021.738094,27.547283766666677,30.637098166666664,0.1567048989999999,16,30,4,164,6,-0.8660254037844384,-0.5000000000000004,0.3131070409358269,-0.9497178427914316
2020-06-12 16:45:00,6116.759999999999,6001.1466666666665,94087.8,13989740622.666666,27.76650455172414,31.496946068965517,0.185021294137931,16,45,4,164,6,-0.8660254037844384,-0.5000000000000004,0.3131070409358269,-0.9497178427914316
2020-06-12 17:00:00,5510.630476190476,5403.985238095238,95477.66666666666,14181242609.400002,27.714652300000004,31.382141166666667,0.165160775,17,0,4,164,6,-0.9659258262890683,-0.25881904510252063,0.3131070409358269,-0.9497178427914316
2020-06-12 17:15:00,5559.100952380953,5451.612380952381,97472.92857142857,14193529250.928572,27.653207551724137,31.374698,0.1674244803448276,17,15,4,164,6,-0.9659258262890683,-0.25881904510252063,0.3131070409358269,-0.9497178427914316
2020-06-12 17:30:00,3784.329523809524,3702.962380952381,98174.5380952381,14171432899.938095,27.43312286666666,30.22540276666667,0.1150523565,17,30,4,164,6,-0.9659258262890683,-0.25881904510252063,0.3131070409358269,-0.9497178427914316
2020-06-12 17:45:00,2257.6614285714286,2193.6190476190477,99368.02857142857,14193531146.02857,27.063544931034485,28.678094344827585,0.0685438064137931,17,45,4,164,6,-0.9659258262890683,-0.25881904510252063,0.3131070409358269,-0.9497178427914316
2020-06-12 18:00:00,1490.9333333333334,1445.2,99785.06666666667,14193531563.066666,26.4373973,27.4619964,0.0457077810666666,18,0,4,164,6,-1.0,-1.8369701987210297e-16,0.3131070409358269,-0.9497178427914316
2020-06-12 18:15:00,2014.8957142857141,1956.4557142857143,100255.94285714286,14193532033.942858,25.75769143333333,26.8622061,0.0607748456,18,15,4,164,6,-1.0,-1.8369701987210297e-16,0.3131070409358269,-0.9497178427914316
2020-06-12 18:30:00,704.807619047619,681.2385714285714,100586.05238095237,14193532364.052382,25.43092389655172,25.734652827586206,0.0212704814827586,18,30,4,164,6,-1.0,-1.8369701987210297e-16,0.3131070409358269,-0.9497178427914316
2020-06-12 18:45:00,43.413333333333334,41.86,100663.13333333333,14193532441.133333,24.82610973333334,24.3313711,0.002202877719,18,45,4,164,6,-1.0,-1.8369701987210297e-16,0.3131070409358269,-0.9497178427914316
2020-06-12 19:00:00,0.0,0.0,100664.0,14193532442.0,24.494660517241375,23.72833675862069,0.0,19,0,4,164,6,-0.9659258262890684,0.2588190451025203,0.3131070409358269,-0.9497178427914316
2020-06-12 19:15:00,0.0,0.0,100664.0,14193532442.0,24.276333733333328,23.257940766666668,0.0,19,15,4,164,6,-0.9659258262890684,0.2588190451025203,0.3131070409358269,-0.9497178427914316
2020-06-12 19:30:00,0.0,0.0,100664.0,14193532442.0,24.1361651724138,23.004158689655167,0.0,19,30,4,164,6,-0.9659258262890684,0.2588190451025203,0.3131070409358269,-0.9497178427914316
2020-06-12 19:45:00,0.0,0.0,100664.0,14193532442.0,23.968401166666663,22.7500885,0.0,19,45,4,164,6,-0.9659258262890684,0.2588190451025203,0.3131070409358269,-0.9497178427914316
2020-06-12 20:00:00,0.0,0.0,100360.8,14193356922.4,23.79291786206896,22.52788889655172,0.0,20,0,4,164,6,-0.8660254037844386,0.5000000000000001,0.3131070409358269,-0.9497178427914316
2020-06-12 20:15:00,0.0,0.0,100664.0,14193532442.0,23.74951343333333,22.500599066666663,0.0,20,15,4,164,6,-0.8660254037844386,0.5000000000000001,0.3131070409358269,-0.9497178427914316
2020-06-12 20:30:00,0.0,0.0,100664.0,14193532442.0,23.816572966666666,22.510073933333334,0.0,20,30,4,164,6,-0.8660254037844386,0.5000000000000001,0.3131070409358269,-0.9497178427914316
2020-06-12 20:45:00,0.0,0.0,100664.0,14193532442.0,23.961166,22.79937524137931,0.0,20,45,4,164,6,-0.8660254037844386,0.5000000000000001,0.3131070409358269,-0.9497178427914316
2020-06-12 21:00:00,0.0,0.0,100664.0,14193532442.0,23.154267333333337,22.475289933333336,0.0,21,0,4,164,6,-0.7071067811865477,0.7071067811865474,0.3131070409358269,-0.9497178427914316
2020-06-12 21:15:00,0.0,0.0,100664.0,14193532442.0,22.76536689655172,21.947880275862072,0.0,21,15,4,164,6,-0.7071067811865477,0.7071067811865474,0.3131070409358269,-0.9497178427914316
2020-06-12 21:30:00,0.0,0.0,100367.0,14137623828.2,23.17677313333333,21.9652741,0.0,21,30,4,164,6,-0.7071067811865477,0.7071067811865474,0.3131070409358269,-0.9497178427914316
2020-06-12 21:45:00,0.0,0.0,100664.0,14193532442.0,23.242798758620687,22.311946655172413,0.0,21,45,4,164,6,-0.7071067811865477,0.7071067811865474,0.3131070409358269,-0.9497178427914316
2020-06-12 22:00:00,0.0,0.0,100664.0,14193532442.0,23.19935533333333,22.182686466666663,0.0,22,0,4,164,6,-0.5000000000000004,0.8660254037844384,0.3131070409358269,-0.9497178427914316
2020-06-12 22:15:00,0.0,0.0,100664.0,14193532442.0,23.134124068965523,22.071300586206892,0.0,22,15,4,164,6,-0.5000000000000004,0.8660254037844384,0.3131070409358269,-0.9497178427914316
2020-06-12 22:30:00,0.0,0.0,100664.0,14193532442.0,23.131442766666662,22.122366466666666,0.0,22,30,4,164,6,-0.5000000000000004,0.8660254037844384,0.3131070409358269,-0.9497178427914316
2020-06-12 22:45:00,0.0,0.0,100664.0,14193532442.0,23.006417,22.191467379310343,0.0,22,45,4,164,6,-0.5000000000000004,0.8660254037844384,0.3131070409358269,-0.9497178427914316
2020-06-12 23:00:00,0.0,0.0,100664.0,14193532442.0,22.8288644,22.17601516666667,0.0,23,0,4,164,6,-0.25881904510252157,0.9659258262890681,0.3131070409358269,-0.9497178427914316
2020-06-12 23:15:00,0.0,0.0,100664.0,14193532442.0,22.808352633333328,22.152892166666668,0.0,23,15,4,164,6,-0.25881904510252157,0.9659258262890681,0.3131070409358269,-0.9497178427914316
2020-06-12 23:30:00,0.0,0.0,100664.0,14193532442.0,22.98652075862069,22.442028275862068,0.0,23,30,4,164,6,-0.25881904510252157,0.9659258262890681,0.3131070409358269,-0.9497178427914316
2020-06-12 23:45:00,0.0,0.0,96353.66666666667,14193532442.0,23.099230266666662,22.757665999999997,0.0,23,45,4,164,6,-0.25881904510252157,0.9659258262890681,0.3131070409358269,-0.9497178427914316
2020-06-13 00:00:00,0.0,0.0,79756.19047619047,14193532442.0,23.184429793103448,22.943784551724136,0.0,0,0,5,165,6,0.0,1.0,0.29671281927349075,-0.9549667548552551
2020-06-13 00:15:00,0.0,0.0,77171.0,14193532442.0,23.150216233333328,22.906561333333336,0.0,0,15,5,165,6,0.0,1.0,0.29671281927349075,-0.9549667548552551
2020-06-13 00:30:00,0.0,0.0,77171.0,14193532442.0,23.11269223333333,22.756977566666663,0.0,0,30,5,165,6,0.0,1.0,0.29671281927349075,-0.9549667548552551
2020-06-13 00:45:00,0.0,0.0,77171.0,14193532442.0,23.08237410344828,22.74549496551724,0.0,0,45,5,165,6,0.0,1.0,0.29671281927349075,-0.9549667548552551
2020-06-13 01:00:00,0.0,0.0,77171.0,14193532442.0,23.00601510000001,22.40501096666667,0.0,1,0,5,165,6,0.25881904510252074,0.9659258262890683,0.29671281927349075,-0.9549667548552551
2020-06-13 01:15:00,0.0,0.0,76871.0,14073859936.866667,22.890840482758623,22.013978206896557,0.0,1,15,5,165,6,0.25881904510252074,0.9659258262890683,0.29671281927349075,-0.9549667548552551
2020-06-13 01:30:00,0.0,0.0,77171.0,14193532442.0,22.8207133,21.930839200000005,0.0,1,30,5,165,6,0.25881904510252074,0.9659258262890683,0.29671281927349075,-0.9549667548552551
2020-06-13 01:45:00,0.0,0.0,77171.0,14193532442.0,22.72088706896552,21.77449182758621,0.0,1,45,5,165,6,0.25881904510252074,0.9659258262890683,0.29671281927349075,-0.9549667548552551
2020-06-13 02:00:00,0.0,0.0,77171.0,14193532442.0,22.5558715,21.47388816666667,0.0,2,0,5,165,6,0.49999999999999994,0.8660254037844387,0.29671281927349075,-0.9549667548552551
2020-06-13 02:15:00,0.0,0.0,77171.0,14193532442.0,22.479495266666667,21.197295066666666,0.0,2,15,5,165,6,0.49999999999999994,0.8660254037844387,0.29671281927349075,-0.9549667548552551
2020-06-13 02:30:00,0.0,0.0,77171.0,14193532442.0,22.3614405862069,21.013108,0.0,2,30,5,165,6,0.49999999999999994,0.8660254037844387,0.29671281927349075,-0.9549667548552551
2020-06-13 02:45:00,0.0,0.0,77171.0,14193532442.0,22.19928706896552,20.87596913793103,0.0,2,45,5,165,6,0.49999999999999994,0.8660254037844387,0.29671281927349075,-0.9549667548552551
2020-06-13 03:00:00,0.0,0.0,77171.0,14193532442.0,22.245439433333328,21.0944417,0.0,3,0,5,165,6,0.7071067811865475,0.7071067811865476,0.29671281927349075,-0.9549667548552551
2020-06-13 03:15:00,0.0,0.0,77171.0,14193532442.0,22.36969820689655,21.382351482758622,0.0,3,15,5,165,6,0.7071067811865475,0.7071067811865476,0.29671281927349075,-0.9549667548552551
2020-06-13 03:30:00,0.0,0.0,77171.0,14193532442.0,22.4259338,21.50950313333333,0.0,3,30,5,165,6,0.7071067811865475,0.7071067811865476,0.29671281927349075,-0.9549667548552551
2020-06-13 03:45:00,0.0,0.0,77171.0,14193532442.0,22.485639500000005,21.632194,0.0,3,45,5,165,6,0.7071067811865475,0.7071067811865476,0.29671281927349075,-0.9549667548552551
2020-06-13 04:00:00,0.0,0.0,77171.0,14193532442.0,22.450481344827583,21.66662706896552,0.0,4,0,5,165,6,0.8660254037844386,0.5000000000000001,0.29671281927349075,-0.9549667548552551
2020-06-13 04:15:00,0.0,0.0,77171.0,14193532442.0,22.44443163333333,21.60771493333333,0.0,4,15,5,165,6,0.8660254037844386,0.5000000000000001,0.29671281927349075,-0.9549667548552551
2020-06-13 04:30:00,0.0,0.0,77171.0,14193532442.0,22.41131893103449,21.86795362068966,0.0,4,30,5,165,6,0.8660254037844386,0.5000000000000001,0.29671281927349075,-0.9549667548552551
2020-06-13 04:45:00,0.0,0.0,77171.0,14193532442.0,22.3611438,21.832094433333328,0.0,4,45,5,165,6,0.8660254037844386,0.5000000000000001,0.29671281927349075,-0.9549667548552551
2020-06-13 05:00:00,0.0,0.0,77171.0,14193532442.0,22.523588103448283,22.240750310344826,0.0,5,0,5,165,6,0.9659258262890683,0.25881904510252074,0.29671281927349075,-0.9549667548552551
2020-06-13 05:15:00,0.0,0.0,76862.33333333333,14174681576.666666,22.467644166666663,22.266552033333333,0.0,5,15,5,165,6,0.9659258262890683,0.25881904510252074,0.29671281927349075,-0.9549667548552551
2020-06-13 05:30:00,0.0,0.0,33803.34285714286,14193532442.0,22.4155183,21.997017466666662,0.0,5,30,5,165,6,0.9659258262890683,0.25881904510252074,0.29671281927349075,-0.9549667548552551
2020-06-13 05:45:00,0.0,0.0,31971.0,14193532442.0,22.57172051724138,22.091257103448275,0.0004951048193103,5,45,5,165,6,0.9659258262890683,0.25881904510252074,0.29671281927349075,-0.9549667548552551
2020-06-13 06:00:00,58.82333333333333,56.74523809523809,31972.152380952382,14193532443.152382,22.766307433333335,22.51000266666666,0.0047783350833333,6,0,5,165,6,1.0,6.123233995736766e-17,0.29671281927349075,-0.9549667548552551
2020-06-13 06:15:00,906.0533333333333,875.88,26705.466666666667,14193532547.533333,22.787000999999997,22.631227827586205,0.0294931157931034,6,15,5,165,6,1.0,6.123233995736766e-17,0.29671281927349075,-0.9549667548552551
2020-06-13 06:30:00,1568.9609523809524,1520.5695238095238,22928.833333333332,14193532855.833332,22.937554866666662,23.225595166666665,0.0522247736,6,30,5,165,6,1.0,6.123233995736766e-17,0.29671281927349075,-0.9549667548552551
2020-06-13 06:45:00,2445.0895238095236,2379.3985714285714,20444.628571428573,14193533293.342855,23.255329103448275,24.10833210344828,0.0817221908965517,6,45,5,165,6,1.0,6.123233995736766e-17,0.29671281927349075,-0.9549667548552551
2020-06-13 07:00:00,4218.086666666666,4134.133333333333,2663.2,14193534138.533333,23.702573666666662,25.604902100000004,0.1453918824999999,7,0,5,165,6,0.9659258262890683,-0.25881904510252063,0.29671281927349075,-0.9549667548552551
2020-06-13 07:15:00,3990.2247619047616,3907.063333333333,2425.333333333333,14193535131.333334,23.963179,26.806506931034484,0.1300059603793103,7,15,5,165,6,0.9659258262890683,-0.25881904510252063,0.29671281927349075,-0.9549667548552551
2020-06-13 07:30:00,7451.5723809523815,7322.083333333333,3808.0142857142855,14193536514.014286,24.236652733333333,28.469315533333333,0.253675025,7,30,5,165,6,0.9659258262890683,-0.25881904510252063,0.29671281927349075,-0.9549667548552551
2020-06-13 07:45:00,6195.345714285714,6080.064285714286,5560.271428571428,14193538266.27143,24.56308513793104,29.49788910344828,0.2067145637931034,7,45,5,165,6,0.9659258262890683,-0.25881904510252063,0.29671281927349075,-0.9549667548552551
2020-06-13 08:00:00,8081.4171428571435,7939.035714285714,7264.8761904761905,14193539970.87619,24.8466969,30.34787493333333,0.2621186786666666,8,0,5,165,6,0.8660254037844387,-0.4999999999999998,0.29671281927349075,-0.9549667548552551
2020-06-13 08:15:00,9546.169047619047,9365.032380952382,9482.561904761904,14193542188.561905,25.2793741,32.2735037,0.3103957249999999,8,15,5,165,6,0.8660254037844387,-0.4999999999999998,0.29671281927349075,-0.9549667548552551
2020-06-13 08:30:00,7863.04,7718.36,11584.733333333332,14193544290.733334,25.41420231034483,32.084453827586216,0.2426449144827586,8,30,5,165,6,0.8660254037844387,-0.4999999999999998,0.29671281927349075,-0.9549667548552551
2020-06-13 08:45:00,12399.100952380952,12153.677142857143,14073.828571428572,14193546779.828571,25.86150303333333,34.150635733333324,0.397700346,8,45,5,165,6,0.8660254037844387,-0.4999999999999998,0.29671281927349075,-0.9549667548552551
2020-06-13 09:00:00,13762.022380952381,13477.820952380953,17239.995238095238,14193549945.99524,26.33435162068965,36.220191655172414,0.4468312662068966,9,0,5,165,6,0.7071067811865476,-0.7071067811865475,0.29671281927349075,-0.9549667548552551
2020-06-13 09:15:00,7896.592380952381,7758.378095238095,19830.557142857142,14193552536.557142,26.021283066666665,34.39281413333335,0.2425745116666666,9,15,5,165,6,0.7071067811865476,-0.7071067811865475,0.29671281927349075,-0.9549667548552551
2020-06-13 09:30:00,13896.894285714287,13610.404285714285,22294.838095238094,14193555000.838095,26.22057579310345,34.61468486206896,0.4341903689655172,9,30,5,165,6,0.7071067811865476,-0.7071067811865475,0.29671281927349075,-0.9549667548552551
2020-06-13 09:45:00,5990.16,5864.74,12664.333333333334,7221775517.666666,27.204436200000004,40.3800657,0.6071182516666666,9,45,5,165,6,0.7071067811865476,-0.7071067811865475,0.29671281927349075,-0.9549667548552551
2020-06-13 10:00:00,10508.256666666666,10282.488571428572,20145.885714285712,13306897124.919046,28.234621275862068,47.18160382758621,0.6132955162068963,10,0,5,165,6,0.49999999999999994,-0.8660254037844387,0.29671281927349075,-0.9549667548552551
2020-06-13 10:15:00,12846.57619047619,12577.243809523809,29413.209523809524,14193562119.209526,27.541681866666664,38.509893733333335,0.4145163073333333,10,15,5,165,6,0.49999999999999994,-0.8660254037844387,0.29671281927349075,-0.9549667548552551
2020-06-13 10:30:00,3594.3928571428573,3506.09,10065.3,4457526595.052381,28.801169482758617,47.45520072413794,0.7940656137931034,10,30,5,165,6,0.49999999999999994,-0.8660254037844387,0.29671281927349075,-0.9549667548552551
2020-06-13 10:45:00,0.0,0.0,0.0,0.0,28.721466066666665,45.33758843333334,0.503414697,10,45,5,165,6,0.49999999999999994,-0.8660254037844387,0.29671281927349075,-0.9549667548552551
2020-06-13 11:00:00,7658.426666666666,7473.6866666666665,16713.733333333334,9539977534.933332,28.386927241379315,43.36369134482759,0.739425887586207,11,0,5,165,6,0.258819045102521,-0.9659258262890682,0.29671281927349075,-0.9549667548552551
2020-06-13 11:15:00,10958.68,10710.086666666666,35388.333333333336,14193568094.333334,29.51178283333333,45.455444333333325,0.6750354446666667,11,15,5,165,6,0.258819045102521,-0.9659258262890682,0.29671281927349075,-0.9549667548552551
2020-06-13 11:30:00,10266.35238095238,10043.414761904762,37952.48095238095,14193570658.480953,29.634007931034475,42.70479703448276,0.5872391644827587,11,30,5,165,6,0.258819045102521,-0.9659258262890682,0.29671281927349075,-0.9549667548552551
2020-06-13 11:45:00,11143.806666666667,10893.55380952381,40339.29523809524,14193573045.295237,30.131878566666668,43.11532823333332,0.6300300593333332,11,45,5,165,6,0.258819045102521,-0.9659258262890682,0.29671281927349075,-0.9549667548552551
2020-06-13 12:00:00,13029.143809523808,12727.106190476188,43377.671428571426,14193576083.671429,31.011079034482755,46.759196275862074,0.7281766237931034,12,0,5,165,6,1.2246467991473532e-16,-1.0,0.29671281927349075,-0.9549667548552551
2020-06-13 12:15:00,15658.626666666667,15280.313333333332,46871.46666666667,14193579577.466667,31.3466552,48.538155133333326,0.9020301976666668,12,15,5,165,6,1.2246467991473532e-16,-1.0,0.29671281927349075,-0.9549667548552551
2020-06-13 12:30:00,15476.281428571428,15102.39619047619,50698.619047619046,14193583404.619047,31.878953586206897,51.00864596551724,0.927123663103448,12,30,5,165,6,1.2246467991473532e-16,-1.0,0.29671281927349075,-0.9549667548552551
2020-06-13 12:45:00,10491.970476190476,10264.110476190475,54035.81904761905,14193586741.819048,31.8059285,48.26185130000001,0.6086226563333333,12,45,5,165,6,1.2246467991473532e-16,-1.0,0.29671281927349075,-0.9549667548552551
2020-06-13 13:00:00,14307.80238095238,13966.158571428572,56823.038095238095,14193589529.038095,31.572318206896558,45.87381920689655,0.7856176037931033,13,0,5,165,6,-0.2588190451025208,-0.9659258262890683,0.29671281927349075,-0.9549667548552551
2020-06-13 13:15:00,12320.322857142857,12035.44238095238,60211.58571428571,14193592917.585714,31.76270343333333,46.6904521,0.6571986693333333,13,15,5,165,6,-0.2588190451025208,-0.9659258262890683,0.29671281927349075,-0.9549667548552551
2020-06-13 13:30:00,12553.26,12264.24,63370.666666666664,14193596076.666666,31.910202517241387,47.1551795862069,0.7514176462068966,13,30,5,165,6,-0.2588190451025208,-0.9659258262890683,0.29671281927349075,-0.9549667548552551
2020-06-13 13:45:00,6036.041904761904,5923.228095238095,65641.40476190476,14193598347.404762,30.5955841,39.9424855,0.2910304896666667,13,45,5,165,6,-0.2588190451025208,-0.9659258262890683,0.29671281927349075,-0.9549667548552551
2020-06-13 14:00:00,13403.049047619048,13095.15,67876.4619047619,14193600582.461905,29.455466666666663,38.4217205,0.6234992839999997,14,0,5,165,6,-0.4999999999999997,-0.8660254037844388,0.29671281927349075,-0.9549667548552551
2020-06-13 14:15:00,11217.80619047619,10979.835238095238,70543.09047619048,14193603249.090475,29.423552413793104,37.706329344827594,0.43658024,14,15,5,165,6,-0.4999999999999997,-0.8660254037844388,0.29671281927349075,-0.9549667548552551
2020-06-13 14:30:00,18601.24,18154.373333333333,74533.4,14193607239.4,30.29002973333333,44.31017856666666,0.7933978416666667,14,30,5,165,6,-0.4999999999999997,-0.8660254037844388,0.29671281927349075,-0.9549667548552551
2020-06-13 14:45:00,8843.35761904762,8666.57,77884.59523809524,14193610590.595238,30.83672779310345,43.494223724137925,0.3886319782758621,14,45,5,165,6,-0.4999999999999997,-0.8660254037844388,0.29671281927349075,-0.9549667548552551
2020-06-13 15:00:00,12772.198571428571,12510.532857142856,80376.28095238096,14193613082.28095,30.516839533333336,39.930492,0.4327335193333332,15,0,5,165,6,-0.7071067811865471,-0.7071067811865479,0.29671281927349075,-0.9549667548552551
2020-06-13 15:15:00,15687.341904761905,15353.454761904763,83959.63333333333,14193616665.633331,30.912600620689663,40.987721448275856,0.5063876589655171,15,15,5,165,6,-0.7071067811865471,-0.7071067811865479,0.29671281927349075,-0.9549667548552551
2020-06-13 15:30:00,15304.82857142857,14974.681904761905,88239.70952380952,14193620945.709524,31.013409533333327,42.527682566666655,0.4959789229999999,15,30,5,165,6,-0.7071067811865471,-0.7071067811865479,0.29671281927349075,-0.9549667548552551
2020-06-13 15:45:00,14784.673333333332,14478.486666666666,91619.13333333333,14193624325.133333,30.763786689655173,39.48935248275863,0.4535888472413792,15,45,5,165,6,-0.7071067811865471,-0.7071067811865479,0.29671281927349075,-0.9549667548552551
2020-06-13 16:00:00,9507.649523809523,9314.87380952381,94923.63333333333,14193627629.633333,30.643006366666665,38.751304966666666,0.2837699573333333,16,0,5,165,6,-0.8660254037844384,-0.5000000000000004,0.29671281927349075,-0.9549667548552551
2020-06-13 16:15:00,13396.718095238095,13120.100476190477,97256.5380952381,14193629962.538094,30.497337655172416,36.904718896551714,0.3810035668965517,16,15,5,165,6,-0.8660254037844384,-0.5000000000000004,0.29671281927349075,-0.9549667548552551
2020-06-13 16:30:00,9233.866666666667,9050.48,100156.93333333333,14174781997.599998,30.523774166666666,36.9320934,0.2707068873333333,16,30,5,165,6,-0.8660254037844384,-0.5000000000000004,0.29671281927349075,-0.9549667548552551
2020-06-13 16:45:00,10297.415238095238,10085.889523809523,101930.87142857142,14171659444.671429,30.178978566666668,34.8094543,0.2919719574,16,45,5,165,6,-0.8660254037844384,-0.5000000000000004,0.29671281927349075,-0.9549667548552551
2020-06-13 17:00:00,10823.686666666666,10614.094761904762,105124.19523809524,14193637830.195238,30.02002482758621,35.64223806896552,0.3049379434482758,17,0,5,165,6,-0.9659258262890683,-0.25881904510252063,0.29671281927349075,-0.9549667548552551
2020-06-13 17:15:00,6129.985238095238,6014.270476190476,107318.28571428571,14193640024.285713,29.355659,33.714150966666665,0.1898316065,17,15,5,165,6,-0.9659258262890683,-0.25881904510252063,0.29671281927349075,-0.9549667548552551
2020-06-13 17:30:00,4363.493333333333,4274.7733333333335,108482.86666666667,14193641188.866667,28.722076448275857,31.33327931034482,0.1358335086896552,17,30,5,165,6,-0.9659258262890683,-0.25881904510252063,0.29671281927349075,-0.9549667548552551
2020-06-13 17:45:00,2940.790476190476,2870.197142857143,109332.22857142857,14193642038.22857,28.22930816666667,29.8575644,0.0903164092333333,17,45,5,165,6,-0.9659258262890683,-0.25881904510252063,0.29671281927349075,-0.9549667548552551
2020-06-13 18:00:00,2702.677619047619,2630.4542857142856,110088.57619047619,14193642794.576189,28.09258296551724,29.48600731034482,0.0846159424137931,18,0,5,165,6,-1.0,-1.8369701987210297e-16,0.29671281927349075,-0.9549667548552551
2020-06-13 18:15:00,1522.8514285714286,1476.194761904762,110607.48571428572,14193643313.485714,27.56023966666667,28.012757400000005,0.0482598143666666,18,15,5,165,6,-1.0,-1.8369701987210297e-16,0.29671281927349075,-0.9549667548552551
2020-06-13 18:30:00,619.6466666666666,598.5614285714286,110860.94285714286,14193643566.942858,26.95020889655172,26.744106931034487,0.0196069763620689,18,30,5,165,6,-1.0,-1.8369701987210297e-16,0.29671281927349075,-0.9549667548552551
2020-06-13 18:45:00,33.02047619047619,31.843809523809526,110928.6,14193643634.599998,26.38305143333333,25.734800066666665,0.0022054319846666,18,45,5,165,6,-1.0,-1.8369701987210297e-16,0.29671281927349075,-0.9549667548552551
2020-06-13 19:00:00,0.0,0.0,110929.0,14193643635.0,26.102270724137927,25.34622289655173,0.0,19,0,5,165,6,-0.9659258262890684,0.2588190451025203,0.29671281927349075,-0.9549667548552551
2020-06-13 19:15:00,0.0,0.0,110929.0,14193643635.0,25.9680014,25.22874343333333,0.0,19,15,5,165,6,-0.9659258262890684,0.2588190451025203,0.29671281927349075,-0.9549667548552551
2020-06-13 19:30:00,0.0,0.0,110929.0,14193643635.0,25.766978,24.8300049,0.0,19,30,5,165,6,-0.9659258262890684,0.2588190451025203,0.29671281927349075,-0.9549667548552551
2020-06-13 19:45:00,0.0,0.0,110929.0,14193643635.0,25.689107758620697,24.81120572413793,0.0,19,45,5,165,6,-0.9659258262890684,0.2588190451025203,0.29671281927349075,-0.9549667548552551
2020-06-13 20:00:00,0.0,0.0,110929.0,14193643635.0,25.728445333333333,25.2848774,0.0,20,0,5,165,6,-0.8660254037844386,0.5000000000000001,0.29671281927349075,-0.9549667548552551
2020-06-13 20:15:00,0.0,0.0,110929.0,14193643635.0,24.964022862068965,24.19147475862069,0.0,20,15,5,165,6,-0.8660254037844386,0.5000000000000001,0.29671281927349075,-0.9549667548552551
2020-06-13 20:30:00,0.0,0.0,110929.0,14193643635.0,24.1302543,23.396651266666662,0.0,20,30,5,165,6,-0.8660254037844386,0.5000000000000001,0.29671281927349075,-0.9549667548552551
2020-06-13 20:45:00,0.0,0.0,110929.0,14193643635.0,24.408619233333333,22.987135666666664,0.0,20,45,5,165,6,-0.8660254037844386,0.5000000000000001,0.29671281927349075,-0.9549667548552551
2020-06-13 21:00:00,0.0,0.0,110929.0,14193643635.0,24.628064379310345,22.85595717241379,0.0,21,0,5,165,6,-0.7071067811865477,0.7071067811865474,0.29671281927349075,-0.9549667548552551
2020-06-13 21:15:00,0.0,0.0,110929.0,14193643635.0,24.769791533333333,23.19620366666667,0.0,21,15,5,165,6,-0.7071067811865477,0.7071067811865474,0.29671281927349075,-0.9549667548552551
2020-06-13 21:30:00,0.0,0.0,110929.0,14193643635.0,24.742705965517235,23.634016379310346,0.0,21,30,5,165,6,-0.7071067811865477,0.7071067811865474,0.29671281927349075,-0.9549667548552551
2020-06-13 21:45:00,0.0,0.0,110929.0,14193643635.0,24.633418833333334,23.54427586666667,0.0,21,45,5,165,6,-0.7071067811865477,0.7071067811865474,0.29671281927349075,-0.9549667548552551
2020-06-13 22:00:00,0.0,0.0,110929.0,14193643635.0,24.702783033333336,23.61048796666666,0.0,22,0,5,165,6,-0.5000000000000004,0.8660254037844384,0.29671281927349075,-0.9549667548552551
2020-06-13 22:15:00,0.0,0.0,110929.0,14193643635.0,24.616666586206897,23.65589327586207,0.0,22,15,5,165,6,-0.5000000000000004,0.8660254037844384,0.29671281927349075,-0.9549667548552551
2020-06-13 22:30:00,0.0,0.0,110929.0,14193643635.0,24.5029664,23.412854133333333,0.0,22,30,5,165,6,-0.5000000000000004,0.8660254037844384,0.29671281927349075,-0.9549667548552551
2020-06-13 22:45:00,0.0,0.0,110929.0,14193643635.0,24.393407482758622,23.194318172413794,0.0,22,45,5,165,6,-0.5000000000000004,0.8660254037844384,0.29671281927349075,-0.9549667548552551
2020-06-13 23:00:00,0.0,0.0,110929.0,14193643635.0,24.2540863,22.898698833333327,0.0,23,0,5,165,6,-0.25881904510252157,0.9659258262890681,0.29671281927349075,-0.9549667548552551
2020-06-13 23:15:00,0.0,0.0,110929.0,14193643635.0,24.0774854,22.555913166666663,0.0,23,15,5,165,6,-0.25881904510252157,0.9659258262890681,0.29671281927349075,-0.9549667548552551
2020-06-13 23:30:00,0.0,0.0,110929.0,14193643635.0,23.966242310344825,22.41555251724138,0.0,23,30,5,165,6,-0.25881904510252157,0.9659258262890681,0.29671281927349075,-0.9549667548552551
2020-06-13 23:45:00,0.0,0.0,106120.93333333333,14193643635.0,23.834090966666675,22.169777566666667,0.0,23,45,5,165,6,-0.25881904510252157,0.9659258262890681,0.29671281927349075,-0.9549667548552551
2020-06-14 00:00:00,0.0,0.0,87361.93333333333,14193643635.0,23.775725931034483,22.11771368965517,0.0,0,0,6,166,6,0.0,1.0,0.2802306751992159,-0.9599326896597447
2020-06-14 00:15:00,0.0,0.0,85459.0,14193643635.0,23.7299946,22.241563133333333,0.0,0,15,6,166,6,0.0,1.0,0.2802306751992159,-0.9599326896597447
2020-06-14 00:30:00,0.0,0.0,85459.0,14193643635.0,23.6519716,22.2784547,0.0,0,30,6,166,6,0.0,1.0,0.2802306751992159,-0.9599326896597447
2020-06-14 00:45:00,0.0,0.0,85227.53333333333,14082965452.0,23.77284196551724,22.823528482758626,7.810113413793104e-05,0,45,6,166,6,0.0,1.0,0.2802306751992159,-0.9599326896597447
2020-06-14 01:00:00,0.0,0.0,85459.0,14193643635.0,24.106607299999997,23.5477671,0.0001062090888666,1,0,6,166,6,0.25881904510252074,0.9659258262890683,0.2802306751992159,-0.9599326896597447
2020-06-14 01:15:00,0.0,0.0,85459.0,14193643635.0,24.12137689655172,23.53657382758621,0.0,1,15,6,166,6,0.25881904510252074,0.9659258262890683,0.2802306751992159,-0.9599326896597447
2020-06-14 01:30:00,0.0,0.0,85459.0,14193643635.0,24.116438966666667,23.0164214,0.0,1,30,6,166,6,0.25881904510252074,0.9659258262890683,0.2802306751992159,-0.9599326896597447
2020-06-14 01:45:00,0.0,0.0,85459.0,14193643635.0,24.412602766666677,23.533722033333333,0.0,1,45,6,166,6,0.25881904510252074,0.9659258262890683,0.2802306751992159,-0.9599326896597447
2020-06-14 02:00:00,0.0,0.0,85459.0,14193643635.0,24.50337486206896,23.667025862068968,0.0,2,0,6,166,6,0.49999999999999994,0.8660254037844387,0.2802306751992159,-0.9599326896597447
2020-06-14 02:15:00,0.0,0.0,85459.0,14193643635.0,24.208179866666665,23.21623126666667,0.0,2,15,6,166,6,0.49999999999999994,0.8660254037844387,0.2802306751992159,-0.9599326896597447
2020-06-14 02:30:00,0.0,0.0,85459.0,14154057438.933334,24.03689703448276,22.987598344827592,0.0,2,30,6,166,6,0.49999999999999994,0.8660254037844387,0.2802306751992159,-0.9599326896597447
2020-06-14 02:45:00,0.0,0.0,85459.0,14193643635.0,23.97870283333333,22.8038574,0.0,2,45,6,166,6,0.49999999999999994,0.8660254037844387,0.2802306751992159,-0.9599326896597447
2020-06-14 03:00:00,0.0,0.0,85459.0,14193643635.0,24.195368310344826,23.62546093103448,1.3237111379310342e-06,3,0,6,166,6,0.7071067811865475,0.7071067811865476,0.2802306751992159,-0.9599326896597447
2020-06-14 03:15:00,0.0,0.0,85459.0,14193643635.0,24.0475444,23.161643566666665,0.0,3,15,6,166,6,0.7071067811865475,0.7071067811865476,0.2802306751992159,-0.9599326896597447
2020-06-14 03:30:00,0.0,0.0,85459.0,14193643635.0,23.953640766666663,23.002978366666667,0.0,3,30,6,166,6,0.7071067811865475,0.7071067811865476,0.2802306751992159,-0.9599326896597447
2020-06-14 03:45:00,0.0,0.0,85459.0,14193643635.0,23.967751310344827,22.833656137931037,0.0,3,45,6,166,6,0.7071067811865475,0.7071067811865476,0.2802306751992159,-0.9599326896597447
2020-06-14 04:00:00,0.0,0.0,85459.0,14193643635.0,24.02683333333333,22.792974966666662,0.0,4,0,6,166,6,0.8660254037844386,0.5000000000000001,0.2802306751992159,-0.9599326896597447
2020-06-14 04:15:00,0.0,0.0,85459.0,14193643635.0,24.118332551724134,23.167076379310352,0.0,4,15,6,166,6,0.8660254037844386,0.5000000000000001,0.2802306751992159,-0.9599326896597447
2020-06-14 04:30:00,0.0,0.0,85459.0,14193643635.0,24.161245966666662,23.494035,0.0,4,30,6,166,6,0.8660254037844386,0.5000000000000001,0.2802306751992159,-0.9599326896597447
2020-06-14 04:45:00,0.0,0.0,85459.0,14193643635.0,24.015047433333333,23.30908413333333,0.0,4,45,6,166,6,0.8660254037844386,0.5000000000000001,0.2802306751992159,-0.9599326896597447
2020-06-14 05:00:00,0.0,0.0,85459.0,14193643635.0,23.96164786206897,23.443989827586204,0.0,5,0,6,166,6,0.9659258262890683,0.25881904510252074,0.2802306751992159,-0.9599326896597447
2020-06-14 05:15:00,0.0,0.0,85459.0,14193643635.0,23.917826,23.409377100000004,0.0,5,15,6,166,6,0.9659258262890683,0.25881904510252074,0.2802306751992159,-0.9599326896597447
2020-06-14 05:30:00,0.0,0.0,35692.666666666664,14193643635.0,24.095431655172412,23.63225903448276,0.0,5,30,6,166,6,0.9659258262890683,0.25881904510252074,0.2802306751992159,-0.9599326896597447
2020-06-14 05:45:00,0.0,0.0,34858.0,14193610449.066668,24.128701766666666,23.486613,0.0009635307772,5,45,6,166,6,0.9659258262890683,0.25881904510252074,0.2802306751992159,-0.9599326896597447
2020-06-14 06:00:00,306.3095238095238,295.81904761904764,34874.98095238095,14193643651.980951,24.222949862068965,23.77290606896552,0.0127208571724137,6,0,6,166,6,1.0,6.123233995736766e-17,0.2802306751992159,-0.9599326896597447
2020-06-14 06:15:00,1032.4666666666667,998.5333333333333,35048.13333333333,14154057629.066668,24.349084633333334,24.026523833333336,0.0344617859666666,6,15,6,166,6,1.0,6.123233995736766e-17,0.2802306751992159,-0.9599326896597447
2020-06-14 06:30:00,2118.9709523809524,2058.3338095238096,34967.333333333336,14193644181.066668,24.570349310344827,24.79671503448276,0.0679793497931034,6,30,6,166,6,1.0,6.123233995736766e-17,0.2802306751992159,-0.9599326896597447
2020-06-14 06:45:00,3550.365238095238,3471.6390476190477,27907.090476190475,14193644847.890476,24.901077066666662,26.4780029,0.1124631353999999,6,45,6,166,6,1.0,6.123233995736766e-17,0.2802306751992159,-0.9599326896597447
2020-06-14 07:00:00,5098.398095238095,5000.258095238095,26529.30476190476,14193645889.304762,25.54066827586208,28.2249555862069,0.1760263989655172,7,0,6,166,6,0.9659258262890683,-0.25881904510252063,0.2802306751992159,-0.9599326896597447
2020-06-14 07:15:00,6494.06,6375.486666666667,27922.4,14193647282.4,25.920732666666662,30.01071866666667,0.230661987,7,15,6,166,6,0.9659258262890683,-0.25881904510252063,0.2802306751992159,-0.9599326896597447
2020-06-14 07:30:00,8101.5257142857145,7954.534761904762,15197.9,14193649238.609524,26.400092827586203,32.388297413793104,0.2933428420689654,7,30,6,166,6,0.9659258262890683,-0.25881904510252063,0.2802306751992159,-0.9599326896597447
2020-06-14 07:45:00,10075.604761904762,9879.974761904761,6304.323809523809,14193651250.32381,26.507665,32.670761166666665,0.374707374,7,45,6,166,6,0.9659258262890683,-0.25881904510252063,0.2802306751992159,-0.9599326896597447
2020-06-14 08:00:00,10140.417142857143,9943.520952380952,9004.02380952381,14193653950.02381,27.246093724137925,35.330571758620685,0.3206890286206896,8,0,6,166,6,0.8660254037844387,-0.4999999999999998,0.2802306751992159,-0.9599326896597447
2020-06-14 08:15:00,7856.0233333333335,7710.522380952381,11020.919047619049,14137747116.85238,26.843411166666662,32.82237119999999,0.252571925,8,15,6,166,6,0.8660254037844387,-0.4999999999999998,0.2802306751992159,-0.9599326896597447
2020-06-14 08:30:00,11446.406666666666,11488.042857142858,13314.214285714284,14193658260.214287,27.329228,34.37789599999999,0.4067320644444445,8,30,6,166,6,0.8660254037844387,-0.4999999999999998,0.2802306751992159,-0.9599326896597447
2020-06-14 08:45:00,9610.738095238095,9430.033333333333,15888.642857142857,14193660834.642859,27.568192566666667,35.298638999999994,0.3368159026666667,8,45,6,166,6,0.8660254037844387,-0.4999999999999998,0.2802306751992159,-0.9599326896597447
2020-06-14 09:00:00,15313.48857142857,14985.193333333333,19104.214285714283,14193664050.214285,28.24413975862069,39.94139131034482,0.6121185824137931,9,0,6,166,6,0.7071067811865476,-0.7071067811865475,0.2802306751992159,-0.9599326896597447
2020-06-14 09:15:00,11040.138095238095,10814.327142857142,22214.933333333334,14193667160.933332,28.443925033333336,39.155357066666646,0.464049278,9,15,6,166,6,0.7071067811865476,-0.7071067811865475,0.2802306751992159,-0.9599326896597447
2020-06-14 09:30:00,11644.108571428571,11403.442857142858,25102.666666666668,14193670048.666668,28.6242611724138,39.783995413793114,0.437681084137931,9,30,6,166,6,0.7071067811865476,-0.7071067811865475,0.2802306751992159,-0.9599326896597447
2020-06-14 09:45:00,10842.473333333333,10623.3,27791.533333333333,14193672737.533333,28.734169533333336,38.275773,0.3940888086666666,9,45,6,166,6,0.7071067811865476,-0.7071067811865475,0.2802306751992159,-0.9599326896597447
2020-06-14 10:00:00,12493.129047619048,12226.275238095237,30478.185714285715,14193552671.519047,28.86396534482758,38.06350293103447,0.4686161110344827,10,0,6,166,6,0.49999999999999994,-0.8660254037844387,0.2802306751992159,-0.9599326896597447
2020-06-14 10:15:00,14442.056666666665,14106.534285714286,34201.328571428574,14186554271.72857,30.014205866666664,44.896558733333336,0.7643584866666667,10,15,6,166,6,0.49999999999999994,-0.8660254037844387,0.2802306751992159,-0.9599326896597447
2020-06-14 10:30:00,14876.287142857142,14519.214761904761,37897.2,14193682843.2,30.63661986206896,48.25690844827587,0.8473476258620689,10,30,6,166,6,0.49999999999999994,-0.8660254037844387,0.2802306751992159,-0.9599326896597447
2020-06-14 10:45:00,10248.59761904762,10018.790476190476,40521.0,14193685467.0,30.432905033333327,43.14604706666668,0.5323032116666666,10,45,6,166,6,0.49999999999999994,-0.8660254037844387,0.2802306751992159,-0.9599326896597447
2020-06-14 11:00:00,15261.606666666665,14896.859999999999,43799.066666666666,14193688745.066666,31.127603482758623,47.85183613793103,0.7720220348275862,11,0,6,166,6,0.258819045102521,-0.9659258262890682,0.2802306751992159,-0.9599326896597447
2020-06-14 11:15:00,13697.49,13378.19238095238,47540.909523809525,14193692486.909523,31.79656173333333,50.92126149999999,0.782660194,11,15,6,166,6,0.258819045102521,-0.9659258262890682,0.2802306751992159,-0.9599326896597447
2020-06-14 11:30:00,13162.960476190477,12859.930476190475,50738.63333333333,14193695684.633333,31.37812434482759,47.14193506896552,0.754396708275862,11,30,6,166,6,0.258819045102521,-0.9659258262890682,0.2802306751992159,-0.9599326896597447
2020-06-14 11:45:00,11735.835238095238,11474.687142857143,53751.26666666666,14193698697.266666,31.610847068965523,46.602203379310346,0.5332220434482758,11,45,6,166,6,0.258819045102521,-0.9659258262890682,0.2802306751992159,-0.9599326896597447
2020-06-14 12:00:00,12174.001904761904,11908.557142857142,56576.776190476194,14193701522.776192,30.9920359,42.586829733333325,0.5855762653333334,12,0,6,166,6,1.2246467991473532e-16,-1.0,0.2802306751992159,-0.9599326896597447
2020-06-14 12:15:00,16734.816666666666,16330.534761904762,60303.828571428574,14193705249.828571,32.03907856666667,49.36540720000001,0.8787766163333333,12,15,6,166,6,1.2246467991473532e-16,-1.0,0.2802306751992159,-0.9599326896597447
2020-06-14 12:30:00,17283.906666666666,16859.98380952381,64208.83809523809,14193709154.838097,31.55893686206896,48.934904137931035,0.9213555827586208,12,30,6,166,6,1.2246467991473532e-16,-1.0,0.2802306751992159,-0.9599326896597447
2020-06-14 12:45:00,15620.360476190477,15244.790952380954,68249.64285714286,14193713195.642857,32.10389506666667,52.80110570000001,0.8849503783333332,12,45,6,166,6,1.2246467991473532e-16,-1.0,0.2802306751992159,-0.9599326896597447
2020-06-14 13:00:00,14139.169047619049,13791.481904761906,71982.87142857142,14193716928.871428,32.30668179310345,52.9857893448276,0.9029522003448276,13,0,6,166,6,-0.2588190451025208,-0.9659258262890683,0.2802306751992159,-0.9599326896597447
2020-06-14 13:15:00,14971.369999999999,14602.32619047619,75430.4619047619,14193720376.461905,32.70611060000002,52.174472133333325,0.8873814986666667,13,15,6,166,6,-0.2588190451025208,-0.9659258262890683,0.2802306751992159,-0.9599326896597447
2020-06-14 13:30:00,13391.94,13068.246666666666,78905.26666666666,14193723851.266666,32.6373982413793,50.712911689655165,0.8256354096551723,13,30,6,166,6,-0.2588190451025208,-0.9659258262890683,0.2802306751992159,-0.9599326896597447
2020-06-14 13:45:00,13210.029047619048,12894.168095238096,82318.42380952381,14193727264.423811,32.64825039999999,50.362212133333344,0.757183638,13,45,6,166,6,-0.2588190451025208,-0.9659258262890683,0.2802306751992159,-0.9599326896597447
2020-06-14 14:00:00,14260.520952380952,13917.196190476192,85591.79523809523,14193730537.795238,32.95608731034483,48.68971824137931,0.7570201910344828,14,0,6,166,6,-0.4999999999999997,-0.8660254037844388,0.2802306751992159,-0.9599326896597447
2020-06-14 14:15:00,9263.686666666666,9066.386666666665,88580.53333333334,14193733526.533333,32.494083633333325,44.67058416666666,0.453138228,14,15,6,166,6,-0.4999999999999997,-0.8660254037844388,0.2802306751992159,-0.9599326896597447
2020-06-14 14:30:00,10987.671428571428,10770.567619047619,90631.97619047618,14193735577.97619,31.499514862068967,38.70719641379311,0.3450704103448276,14,30,6,166,6,-0.4999999999999997,-0.8660254037844388,0.2802306751992159,-0.9599326896597447
2020-06-14 14:45:00,18539.486666666668,18109.95333333333,94568.86666666667,14193739514.866669,32.334951633333326,44.24039810000001,0.6560674536666667,14,45,6,166,6,-0.4999999999999997,-0.8660254037844388,0.2802306751992159,-0.9599326896597447
2020-06-14 15:00:00,11473.339523809524,11234.69238095238,98158.54285714286,14193743104.542858,31.692615310344824,42.727485172413786,0.3693632165517241,15,0,6,166,6,-0.7071067811865471,-0.7071067811865479,0.2802306751992159,-0.9599326896597447
2020-06-14 15:15:00,6314.878571428571,6197.971428571428,100286.89523809524,14193745232.895239,30.196788566666665,35.68807996666667,0.1843229213333333,15,15,6,166,6,-0.7071067811865471,-0.7071067811865479,0.2802306751992159,-0.9599326896597447
2020-06-14 15:30:00,14555.386666666665,14250.806666666665,102529.4,14193747475.4,30.659953103448277,35.306102896551714,0.4304188627586207,15,30,6,166,6,-0.7071067811865471,-0.7071067811865479,0.2802306751992159,-0.9599326896597447
2020-06-14 15:45:00,17286.121428571427,16914.095238095237,106945.49523809523,14193751891.495237,31.989416533333337,43.63690883333333,0.5305140446666666,15,45,6,166,6,-0.7071067811865471,-0.7071067811865479,0.2802306751992159,-0.9599326896597447
2020-06-14 16:00:00,10078.293333333333,9888.693333333333,109546.0,14186629616.4,31.394239862068964,39.10474593103448,0.3272701637931034,16,0,6,166,6,-0.8660254037844384,-0.5000000000000004,0.2802306751992159,-0.9599326896597447
2020-06-14 16:15:00,6716.085238095238,6593.959047619048,112072.4619047619,14193757018.461905,30.74876806666666,36.071380600000005,0.2067178053333333,16,15,6,166,6,-0.8660254037844384,-0.5000000000000004,0.2802306751992159,-0.9599326896597447
2020-06-14 16:30:00,10646.092380952381,10440.935238095239,114205.41428571427,14193759151.414286,30.88903913793104,36.300511931034485,0.3138297106896551,16,30,6,166,6,-0.8660254037844384,-0.5000000000000004,0.2802306751992159,-0.9599326896597447
2020-06-14 16:45:00,5888.17380952381,5770.537142857143,115893.78095238096,14193727653.84762,29.79161579999999,35.120568933333324,0.1753590813333333,16,45,6,166,6,-0.8660254037844384,-0.5000000000000004,0.2802306751992159,-0.9599326896597447
2020-06-14 17:00:00,5871.724761904762,5762.763333333333,117216.59523809524,14151225628.42857,27.71768493333333,31.93408716666667,0.1725242038,17,0,6,166,6,-0.9659258262890683,-0.25881904510252063,0.2802306751992159,-0.9599326896597447
2020-06-14 17:15:00,4833.351904761905,4738.783809523809,119019.10476190475,14193763965.104761,26.899515137931036,30.41965662068965,0.1436007848965517,17,15,6,166,6,-0.9659258262890683,-0.25881904510252063,0.2802306751992159,-0.9599326896597447
2020-06-14 17:30:00,3683.7261904761904,3605.691904761905,120103.14761904761,14193765049.14762,26.523709166666663,29.40315043333333,0.1087214031999999,17,30,6,166,6,-0.9659258262890683,-0.25881904510252063,0.2802306751992159,-0.9599326896597447
2020-06-14 17:45:00,3347.1266666666666,3268.2133333333336,120960.59999999999,14193765906.6,26.32929734482758,28.677474517241382,0.1048194387241379,17,45,6,166,6,-0.9659258262890683,-0.25881904510252063,0.2802306751992159,-0.9599326896597447
2020-06-14 18:00:00,2243.5538095238094,2180.0566666666664,121641.80952380953,14193766587.809525,26.29677636666667,28.153064,0.0686907110666666,18,0,6,166,6,-1.0,-1.8369701987210297e-16,0.2802306751992159,-0.9599326896597447
2020-06-14 18:15:00,1312.7533333333333,1271.1266666666666,122083.4,14193767029.4,26.174056413793103,27.16848427586207,0.0407503786551724,18,15,6,166,6,-1.0,-1.8369701987210297e-16,0.2802306751992159,-0.9599326896597447
2020-06-14 18:30:00,494.4271428571428,477.53666666666663,122303.87619047619,14193767249.87619,26.235976966666662,26.387166466666667,0.01679531105,18,30,6,166,6,-1.0,-1.8369701987210297e-16,0.2802306751992159,-0.9599326896597447
2020-06-14 18:45:00,0.0,0.0,122347.0,14193767293.0,26.37077713793104,26.324486310344827,0.0016383259080689,18,45,6,166,6,-1.0,-1.8369701987210297e-16,0.2802306751992159,-0.9599326896597447
2020-06-14 19:00:00,0.0,0.0,122347.0,14193767293.0,26.391504066666663,26.25866303333333,0.0,19,0,6,166,6,-0.9659258262890684,0.2588190451025203,0.2802306751992159,-0.9599326896597447
2020-06-14 19:15:00,0.0,0.0,122347.0,14193767293.0,26.318566620689648,25.850328,0.0,19,15,6,166,6,-0.9659258262890684,0.2588190451025203,0.2802306751992159,-0.9599326896597447
2020-06-14 19:30:00,0.0,0.0,122347.0,14193767293.0,26.152496199999995,25.51716816666667,0.0,19,30,6,166,6,-0.9659258262890684,0.2588190451025203,0.2802306751992159,-0.9599326896597447
2020-06-14 19:45:00,0.0,0.0,122347.0,14193767293.0,26.056760766666667,25.324434333333336,0.0,19,45,6,166,6,-0.9659258262890684,0.2588190451025203,0.2802306751992159,-0.9599326896597447
2020-06-14 20:00:00,0.0,0.0,122347.0,14193767293.0,26.086180827586208,25.719854862068964,0.0,20,0,6,166,6,-0.8660254037844386,0.5000000000000001,0.2802306751992159,-0.9599326896597447
2020-06-14 20:15:00,0.0,0.0,121862.46666666666,14179812647.2,26.057802466666672,25.8777026,0.0,20,15,6,166,6,-0.8660254037844386,0.5000000000000001,0.2802306751992159,-0.9599326896597447
2020-06-14 20:30:00,0.0,0.0,122347.0,14193767293.0,25.538560655172414,25.540892517241385,0.0,20,30,6,166,6,-0.8660254037844386,0.5000000000000001,0.2802306751992159,-0.9599326896597447
2020-06-14 20:45:00,0.0,0.0,122123.86666666667,14083088886.866667,24.681337433333336,24.358361833333337,0.0,20,45,6,166,6,-0.8660254037844386,0.5000000000000001,0.2802306751992159,-0.9599326896597447
2020-06-14 21:00:00,0.0,0.0,122347.0,14193767293.0,24.35666331034483,23.760432896551723,0.0,21,0,6,166,6,-0.7071067811865477,0.7071067811865474,0.2802306751992159,-0.9599326896597447
2020-06-14 21:15:00,0.0,0.0,122347.0,14193767293.0,24.30556033333333,23.6487916,0.0,21,15,6,166,6,-0.7071067811865477,0.7071067811865474,0.2802306751992159,-0.9599326896597447
2020-06-14 21:30:00,0.0,0.0,122347.0,14193767293.0,24.492610689655173,23.475766068965516,0.0,21,30,6,166,6,-0.7071067811865477,0.7071067811865474,0.2802306751992159,-0.9599326896597447
2020-06-14 21:45:00,0.0,0.0,122347.0,14193767293.0,24.1292797,22.79287313333333,0.0,21,45,6,166,6,-0.7071067811865477,0.7071067811865474,0.2802306751992159,-0.9599326896597447
2020-06-14 22:00:00,0.0,0.0,122347.0,14193767293.0,24.05143143333333,22.558529766666677,0.0,22,0,6,166,6,-0.5000000000000004,0.8660254037844384,0.2802306751992159,-0.9599326896597447
2020-06-14 22:15:00,0.0,0.0,122347.0,14193767293.0,24.156552827586204,22.76215020689655,0.0,22,15,6,166,6,-0.5000000000000004,0.8660254037844384,0.2802306751992159,-0.9599326896597447
2020-06-14 22:30:00,0.0,0.0,122347.0,14193767293.0,24.138060566666677,22.858555600000003,0.0,22,30,6,166,6,-0.5000000000000004,0.8660254037844384,0.2802306751992159,-0.9599326896597447
2020-06-14 22:45:00,0.0,0.0,122347.0,14193767293.0,24.185657379310346,22.922952586206897,0.0,22,45,6,166,6,-0.5000000000000004,0.8660254037844384,0.2802306751992159,-0.9599326896597447
2020-06-14 23:00:00,0.0,0.0,122347.0,14193767293.0,24.412541766666664,23.356136166666666,0.0,23,0,6,166,6,-0.25881904510252157,0.9659258262890681,0.2802306751992159,-0.9599326896597447
2020-06-14 23:15:00,0.0,0.0,122347.0,14193767293.0,24.652915366666672,23.91376343333333,0.0,23,15,6,166,6,-0.25881904510252157,0.9659258262890681,0.2802306751992159,-0.9599326896597447
2020-06-14 23:30:00,0.0,0.0,122347.0,14193767293.0,24.70239134482759,24.18513027586207,0.0,23,30,6,166,6,-0.25881904510252157,0.9659258262890681,0.2802306751992159,-0.9599326896597447
2020-06-14 23:45:00,0.0,0.0,117901.0,14193767293.0,24.5347565,23.921970633333338,0.0,23,45,6,166,6,-0.25881904510252157,0.9659258262890681,0.2802306751992159,-0.9599326896597447
2020-06-15 00:00:00,0.0,0.0,95945.6,14193767293.0,24.48687631034483,23.8462514137931,0.0,0,0,0,167,6,0.0,1.0,0.26366549272800704,-0.9646141756912435
2020-06-15 00:15:00,0.0,0.0,92668.0,14193767293.0,24.50937833333333,23.902851233333333,0.0,0,15,0,167,6,0.0,1.0,0.26366549272800704,-0.9646141756912435
2020-06-15 00:30:00,0.0,0.0,92668.0,14193767293.0,24.605338241379307,24.17273686206896,0.0,0,30,0,167,6,0.0,1.0,0.26366549272800704,-0.9646141756912435
2020-06-15 00:45:00,0.0,0.0,92668.0,14193767293.0,24.679791366666663,24.459141966666667,0.0,0,45,0,167,6,0.0,1.0,0.26366549272800704,-0.9646141756912435
2020-06-15 01:00:00,0.0,0.0,92668.0,14193767293.0,24.6363729,24.380418766666665,0.0,1,0,0,167,6,0.25881904510252074,0.9659258262890683,0.26366549272800704,-0.9646141756912435
2020-06-15 01:15:00,0.0,0.0,92668.0,14193767293.0,24.557383482758624,24.403434034482764,0.0,1,15,0,167,6,0.25881904510252074,0.9659258262890683,0.26366549272800704,-0.9646141756912435
2020-06-15 01:30:00,0.0,0.0,92668.0,14193767293.0,24.537739166666665,24.403716133333333,0.0,1,30,0,167,6,0.25881904510252074,0.9659258262890683,0.26366549272800704,-0.9646141756912435
2020-06-15 01:45:00,0.0,0.0,92668.0,14193767293.0,24.49356613793104,24.322199103448277,0.0,1,45,0,167,6,0.25881904510252074,0.9659258262890683,0.26366549272800704,-0.9646141756912435
2020-06-15 02:00:00,0.0,0.0,92668.0,14193767293.0,24.576141533333335,24.331221500000005,0.0,2,0,0,167,6,0.49999999999999994,0.8660254037844387,0.26366549272800704,-0.9646141756912435
2020-06-15 02:15:00,0.0,0.0,92668.0,14193767293.0,24.5805764,24.441901766666664,0.0,2,15,0,167,6,0.49999999999999994,0.8660254037844387,0.26366549272800704,-0.9646141756912435
2020-06-15 02:30:00,0.0,0.0,92668.0,14193767293.0,24.59707010344828,24.429463413793098,0.0,2,30,0,167,6,0.49999999999999994,0.8660254037844387,0.26366549272800704,-0.9646141756912435
2020-06-15 02:45:00,0.0,0.0,92668.0,14193767293.0,24.22866923333333,23.93627113333333,0.0,2,45,0,167,6,0.49999999999999994,0.8660254037844387,0.26366549272800704,-0.9646141756912435
2020-06-15 03:00:00,0.0,0.0,92668.0,14193767293.0,24.000265344827582,23.42331768965517,0.0,3,0,0,167,6,0.7071067811865475,0.7071067811865476,0.26366549272800704,-0.9646141756912435
2020-06-15 03:15:00,0.0,0.0,92668.0,14193767293.0,24.1572967,23.330549266666665,0.0,3,15,0,167,6,0.7071067811865475,0.7071067811865476,0.26366549272800704,-0.9646141756912435
2020-06-15 03:30:00,0.0,0.0,92668.0,14193767293.0,24.214068633333337,23.349376566666663,0.0,3,30,0,167,6,0.7071067811865475,0.7071067811865476,0.26366549272800704,-0.9646141756912435
2020-06-15 03:45:00,0.0,0.0,92668.0,14193767293.0,24.406245896551727,23.089144896551723,0.0,3,45,0,167,6,0.7071067811865475,0.7071067811865476,0.26366549272800704,-0.9646141756912435
2020-06-15 04:00:00,0.0,0.0,92668.0,14193767293.0,24.413990366666667,23.157796266666665,0.0,4,0,0,167,6,0.8660254037844386,0.5000000000000001,0.26366549272800704,-0.9646141756912435
2020-06-15 04:15:00,0.0,0.0,92668.0,14170221891.0,24.43243089655173,23.66372365517241,0.0,4,15,0,167,6,0.8660254037844386,0.5000000000000001,0.26366549272800704,-0.9646141756912435
2020-06-15 04:30:00,0.0,0.0,92668.0,14193767293.0,24.46265573333333,23.8611501,0.0,4,30,0,167,6,0.8660254037844386,0.5000000000000001,0.26366549272800704,-0.9646141756912435
2020-06-15 04:45:00,0.0,0.0,92668.0,14193767293.0,24.452216700000005,23.850167966666675,0.0,4,45,0,167,6,0.8660254037844386,0.5000000000000001,0.26366549272800704,-0.9646141756912435
2020-06-15 05:00:00,0.0,0.0,92668.0,14193767293.0,24.49716172413793,23.95881503448275,3.971212344827586e-06,5,0,0,167,6,0.9659258262890683,0.25881904510252074,0.26366549272800704,-0.9646141756912435
2020-06-15 05:15:00,0.0,0.0,92668.0,14193767293.0,24.4542309,23.661917166666665,0.0,5,15,0,167,6,0.9659258262890683,0.25881904510252074,0.26366549272800704,-0.9646141756912435
2020-06-15 05:30:00,0.0,0.0,23605.13333333333,14193767293.0,24.554839103448277,23.82317896551724,0.0,5,30,0,167,6,0.9659258262890683,0.25881904510252074,0.26366549272800704,-0.9646141756912435
2020-06-15 05:45:00,0.0,0.0,22622.0,14083088886.866667,24.396636066666662,23.91243906666667,0.0005463807966333,5,45,0,167,6,0.9659258262890683,0.25881904510252074,0.26366549272800704,-0.9646141756912435
2020-06-15 06:00:00,242.75666666666666,234.31761904761905,22637.480952380953,14193767308.480951,24.37287865517241,23.7509387586207,0.0104016718137931,6,0,0,167,6,1.0,6.123233995736766e-17,0.26366549272800704,-0.9646141756912435
2020-06-15 06:15:00,718.7199999999999,694.6933333333333,22752.6,14193767423.6,24.39614873333333,24.135337333333336,0.0243275859,6,15,0,167,6,1.0,6.123233995736766e-17,0.26366549272800704,-0.9646141756912435
2020-06-15 06:30:00,1893.787619047619,1838.365238095238,23053.885714285716,14193767724.885714,24.604524833333336,25.12929993333333,0.0618407700333333,6,30,0,167,6,1.0,6.123233995736766e-17,0.26366549272800704,-0.9646141756912435
2020-06-15 06:45:00,2708.1647619047617,2634.2990476190475,13869.761904761903,14193768309.161905,24.86190979310345,26.39437968965517,0.0866776889655172,6,45,0,167,6,1.0,6.123233995736766e-17,0.26366549272800704,-0.9646141756912435
2020-06-15 07:00:00,4421.725714285714,4333.000952380952,10872.138095238095,14193769107.138096,25.043574033333336,27.2910268,0.1527795496666666,7,0,0,167,6,0.9659258262890683,-0.25881904510252063,0.26366549272800704,-0.9646141756912435
2020-06-15 07:15:00,5187.567619047619,5086.727619047619,12136.228571428572,14193770371.228573,25.558769344827592,29.276119931034483,0.1787859391034483,7,15,0,167,6,0.9659258262890683,-0.25881904510252063,0.26366549272800704,-0.9646141756912435
2020-06-15 07:30:00,4842.041428571429,4748.241904761905,6077.557142857143,14193771505.495237,25.937238599999997,29.3118408,0.16240019,7,30,0,167,6,0.9659258262890683,-0.25881904510252063,0.26366549272800704,-0.9646141756912435
2020-06-15 07:45:00,9476.734285714285,9296.184761904762,5435.547619047618,14193773201.547619,26.61436096551725,31.78032931034483,0.3367862144827585,7,45,0,167,6,0.9659258262890683,-0.25881904510252063,0.26366549272800704,-0.9646141756912435
2020-06-15 08:00:00,10876.183333333332,10663.540952380952,7973.109523809523,14193775739.109524,27.25152482758621,34.611373482758616,0.3844586831034483,8,0,0,167,6,0.8660254037844387,-0.4999999999999998,0.26366549272800704,-0.9646141756912435
2020-06-15 08:15:00,12620.513333333332,12367.753333333334,10829.533333333333,14193778595.533333,27.623727433333336,36.123373466666656,0.4489276293333333,8,15,0,167,6,0.8660254037844387,-0.4999999999999998,0.26366549272800704,-0.9646141756912435
2020-06-15 08:30:00,14236.729523809523,13938.757142857141,14228.404761904763,14193781994.404762,28.461725758620688,39.34674931034482,0.5609170755172412,8,30,0,167,6,0.8660254037844387,-0.4999999999999998,0.26366549272800704,-0.9646141756912435
2020-06-15 08:45:00,15184.178095238094,14858.672857142856,17805.871428571427,14193785571.87143,29.14302253333333,41.536315766666654,0.6170584573333334,8,45,0,167,6,0.8660254037844387,-0.4999999999999998,0.26366549272800704,-0.9646141756912435
2020-06-15 09:00:00,10776.784285714286,10546.150476190476,21027.114285714284,14193788793.114285,29.2166411724138,41.27112031034483,0.5270469972413792,9,0,0,167,6,0.7071067811865476,-0.7071067811865475,0.26366549272800704,-0.9646141756912435
2020-06-15 09:15:00,10616.199999999999,10383.833333333332,23590.733333333334,14193791356.733334,29.33822023333333,41.02275870000001,0.6046747926666667,9,15,0,167,6,0.7071067811865476,-0.7071067811865475,0.26366549272800704,-0.9646141756912435
2020-06-15 09:30:00,7090.110476190475,6954.448571428571,25667.242857142857,14154206841.37619,29.227540068965517,39.03180975862068,0.3435623724137931,9,30,0,167,6,0.7071067811865476,-0.7071067811865475,0.26366549272800704,-0.9646141756912435
2020-06-15 09:45:00,10497.716666666667,10270.061904761904,27754.109523809526,14193795520.109524,28.864061433333333,37.6525612,0.5824216149999998,9,45,0,167,6,0.7071067811865476,-0.7071067811865475,0.26366549272800704,-0.9646141756912435
2020-06-15 10:00:00,13908.090952380953,13571.532380952382,30902.719047619048,14193798668.719048,29.990695344827586,45.511953689655165,0.8296770282758622,10,0,0,167,6,0.49999999999999994,-0.8660254037844387,0.26366549272800704,-0.9646141756912435
2020-06-15 10:15:00,12550.119999999999,12251.326666666666,34214.4,14193801980.4,30.60324923333333,47.43976413333333,0.7662448646666666,10,15,0,167,6,0.49999999999999994,-0.8660254037844387,0.26366549272800704,-0.9646141756912435
2020-06-15 10:30:00,11044.62476190476,10790.080952380953,37116.74285714286,14193804882.742857,30.502932862068963,44.8949775862069,0.6442910979310345,10,30,0,167,6,0.49999999999999994,-0.8660254037844387,0.26366549272800704,-0.9646141756912435
2020-06-15 10:45:00,7890.9,7730.806666666667,39349.799999999996,14193807115.8,30.405563433333327,40.946115000000006,0.4127263533333333,10,45,0,167,6,0.49999999999999994,-0.8660254037844387,0.26366549272800704,-0.9646141756912435
2020-06-15 11:00:00,7630.146190476191,7480.081428571429,41412.94285714286,14193809178.942858,30.272137827586207,39.19910075862068,0.3835087662068965,11,0,0,167,6,0.258819045102521,-0.9659258262890682,0.26366549272800704,-0.9646141756912435
2020-06-15 11:15:00,12056.029999999999,11779.477619047619,43639.24285714285,14193811405.242859,30.40659286666667,40.686537566666665,0.663463731,11,15,0,167,6,0.258819045102521,-0.9659258262890682,0.26366549272800704,-0.9646141756912435
2020-06-15 11:30:00,8937.767142857143,8739.598095238094,46326.53333333333,14193814092.533335,31.06111406896552,45.466793827586216,0.574528772413793,11,30,0,167,6,0.258819045102521,-0.9659258262890682,0.26366549272800704,-0.9646141756912435
2020-06-15 11:45:00,7369.58,7215.586666666667,48061.2,14193782142.866667,29.3317616,37.99803143333334,0.379187229,11,45,0,167,6,0.258819045102521,-0.9659258262890682,0.26366549272800704,-0.9646141756912435
2020-06-15 12:00:00,9890.746666666666,9670.119999999999,50180.066666666666,14193817946.066666,29.90018862068966,38.873927758620695,0.5748088220689656,12,0,0,167,6,1.2246467991473532e-16,-1.0,0.26366549272800704,-0.9646141756912435
2020-06-15 12:15:00,12718.292380952382,12413.529047619048,53145.26666666666,14193820911.266666,31.54353016666667,48.458500333333326,0.8202640759999998,12,15,0,167,6,1.2246467991473532e-16,-1.0,0.26366549272800704,-0.9646141756912435
2020-06-15 12:30:00,9683.186666666666,9470.166666666666,55865.0,14193823631.0,31.61373382758621,46.6309174137931,0.5533222127586204,12,30,0,167,6,1.2246467991473532e-16,-1.0,0.26366549272800704,-0.9646141756912435
2020-06-15 12:45:00,7616.791428571429,7463.1957142857145,57769.38095238095,14193825535.38095,30.809874533333332,40.939506866666655,0.383334039,12,45,0,167,6,1.2246467991473532e-16,-1.0,0.26366549272800704,-0.9646141756912435
2020-06-15 13:00:00,9074.153333333334,8890.6,59998.0,14193827764.0,31.107020827586208,41.34869368965517,0.4251167727586207,13,0,0,167,6,-0.2588190451025208,-0.9659258262890683,0.26366549272800704,-0.9646141756912435
2020-06-15 13:15:00,4098.588095238095,4012.793333333333,61572.385714285716,14193829338.385712,28.890861033333334,33.852956166666665,0.1204129034666666,13,15,0,167,6,-0.2588190451025208,-0.9659258262890683,0.26366549272800704,-0.9646141756912435
2020-06-15 13:30:00,8877.599523809524,8715.52619047619,63091.65238095238,14193830857.65238,26.23989765517242,28.749300275862076,0.2385233431034482,13,30,0,167,6,-0.2588190451025208,-0.9659258262890683,0.26366549272800704,-0.9646141756912435
2020-06-15 13:45:00,13761.643333333333,13481.600476190477,65858.49047619046,14193833624.490477,27.20779523333333,33.41558113333332,0.3926790326666667,13,45,0,167,6,-0.2588190451025208,-0.9659258262890683,0.26366549272800704,-0.9646141756912435
2020-06-15 14:00:00,14503.10380952381,14166.74238095238,69470.5380952381,14193837236.538097,28.538208066666662,41.65116596666666,0.7042872753333334,14,0,0,167,6,-0.4999999999999997,-0.8660254037844388,0.26366549272800704,-0.9646141756912435
2020-06-15 14:15:00,6757.5,6618.546666666666,72247.06666666667,14193840013.066668,29.08548496551724,40.65664348275861,0.3452762671034482,14,15,0,167,6,-0.4999999999999997,-0.8660254037844388,0.26366549272800704,-0.9646141756912435
2020-06-15 14:30:00,12002.200476190475,11757.338095238094,74351.14761904761,14193842117.14762,28.050327533333327,32.30449726666667,0.413640262,14,30,0,167,6,-0.4999999999999997,-0.8660254037844388,0.26366549272800704,-0.9646141756912435
2020-06-15 14:45:00,10658.305714285714,10445.35761904762,76957.83333333333,14193844723.833334,28.738911517241377,35.47533944827586,0.3614792344827586,14,45,0,167,6,-0.4999999999999997,-0.8660254037844388,0.26366549272800704,-0.9646141756912435
2020-06-15 15:00:00,9275.715238095238,9103.73857142857,79614.70952380952,14193847380.709524,28.618339066666675,35.30898513333334,0.2982641333333332,15,0,0,167,6,-0.7071067811865471,-0.7071067811865479,0.26366549272800704,-0.9646141756912435
2020-06-15 15:15:00,14124.253333333332,13836.366666666667,82386.73333333334,14193850152.733334,27.744222620689648,31.967591344827586,0.4199067613793104,15,15,0,167,6,-0.7071067811865471,-0.7071067811865479,0.26366549272800704,-0.9646141756912435
2020-06-15 15:30:00,11093.575238095238,10878.87619047619,85561.93809523809,14193853327.938095,28.952817799999995,36.16430876666666,0.340420977,15,30,0,167,6,-0.7071067811865471,-0.7071067811865479,0.26366549272800704,-0.9646141756912435
2020-06-15 15:45:00,4081.580476190476,3995.884285714286,87494.58095238096,14193855260.580952,28.225434413793103,32.09903055172414,0.1223398807241379,15,45,0,167,6,-0.7071067811865471,-0.7071067811865479,0.26366549272800704,-0.9646141756912435
2020-06-15 16:00:00,6685.22,6567.83380952381,88637.10476190476,14193856403.104761,26.919395,29.03463956666667,0.195051521,16,0,0,167,6,-0.8660254037844384,-0.5000000000000004,0.26366549272800704,-0.9646141756912435
2020-06-15 16:15:00,8435.64,8289.373333333333,90148.93333333333,14175006359.2,27.72664462068965,32.24504879310346,0.2541694768965517,16,15,0,167,6,-0.8660254037844384,-0.5000000000000004,0.26366549272800704,-0.9646141756912435
2020-06-15 16:30:00,8153.153809523809,8004.150476190476,92498.19047619047,14193860264.190475,27.96693423333333,32.902970533333324,0.2461391513333333,16,30,0,167,6,-0.8660254037844384,-0.5000000000000004,0.26366549272800704,-0.9646141756912435
2020-06-15 16:45:00,8797.019523809524,8642.181904761905,94731.5238095238,14193862497.52381,28.24675455172414,33.94315637931035,0.2661915168965516,16,45,0,167,6,-0.8660254037844384,-0.5000000000000004,0.26366549272800704,-0.9646141756912435
2020-06-15 17:00:00,5338.022380952381,5235.411428571429,96517.77619047619,14193864283.77619,28.152196400000005,32.68684883333334,0.1638262393333333,17,0,0,167,6,-0.9659258262890683,-0.25881904510252063,0.26366549272800704,-0.9646141756912435
2020-06-15 17:15:00,2038.9604761904761,1980.1795238095237,97167.26190476191,14193688830.861906,27.328246000000004,29.55606289655173,0.0614014910344827,17,15,0,167,6,-0.9659258262890683,-0.25881904510252063,0.26366549272800704,-0.9646141756912435
2020-06-15 17:30:00,3480.46,3405.746666666667,97999.40000000001,14193865765.400002,26.5507874,28.628019366666663,0.1046070664,17,30,0,167,6,-0.9659258262890683,-0.25881904510252063,0.26366549272800704,-0.9646141756912435
2020-06-15 17:45:00,2767.32,2693.1647619047617,98794.58095238096,14193866560.580952,26.566401000000003,28.61441468965517,0.0853782175172413,17,45,0,167,6,-0.9659258262890683,-0.25881904510252063,0.26366549272800704,-0.9646141756912435
2020-06-15 18:00:00,2054.862380952381,1995.7419047619046,99375.2,14193867141.2,26.52256586206896,27.98930210344828,0.0637848718965517,18,0,0,167,6,-1.0,-1.8369701987210297e-16,0.26366549272800704,-0.9646141756912435
2020-06-15 18:15:00,1372.7085714285715,1329.2457142857143,99793.29047619048,14193867559.290476,26.360552689655165,27.035613931034487,0.0432422757931034,18,15,0,167,6,-1.0,-1.8369701987210297e-16,0.26366549272800704,-0.9646141756912435
2020-06-15 18:30:00,732.2933333333333,707.5466666666666,100049.4,14193867815.400002,26.2162729,26.2780466,0.0235382528333333,18,30,0,167,6,-1.0,-1.8369701987210297e-16,0.26366549272800704,-0.9646141756912435
2020-06-15 18:45:00,148.84047619047618,143.62666666666667,100157.26666666666,14193867923.266666,26.025800999999998,25.681154413793102,0.0063746502151724,18,45,0,167,6,-1.0,-1.8369701987210297e-16,0.26366549272800704,-0.9646141756912435
2020-06-15 19:00:00,0.0,0.0,100165.0,14193867931.0,25.977797366666664,25.4262787,2.0468108333333333e-05,19,0,0,167,6,-0.9659258262890684,0.2588190451025203,0.26366549272800704,-0.9646141756912435
2020-06-15 19:15:00,0.0,0.0,100165.0,14193867931.0,25.694723466666677,25.1349934,0.0,19,15,0,167,6,-0.9659258262890684,0.2588190451025203,0.26366549272800704,-0.9646141756912435
2020-06-15 19:30:00,0.0,0.0,100165.0,14193867931.0,25.57116468965517,24.753649413793102,0.0,19,30,0,167,6,-0.9659258262890684,0.2588190451025203,0.26366549272800704,-0.9646141756912435
2020-06-15 19:45:00,0.0,0.0,100165.0,14193867931.0,25.54436513333333,24.447017433333333,0.0,19,45,0,167,6,-0.9659258262890684,0.2588190451025203,0.26366549272800704,-0.9646141756912435
2020-06-15 20:00:00,0.0,0.0,100165.0,14193867931.0,25.423041931034483,24.233159517241376,0.0,20,0,0,167,6,-0.8660254037844386,0.5000000000000001,0.26366549272800704,-0.9646141756912435
2020-06-15 20:15:00,0.0,0.0,100165.0,14193867931.0,25.380932366666663,24.37551273333333,0.0,20,15,0,167,6,-0.8660254037844386,0.5000000000000001,0.26366549272800704,-0.9646141756912435
2020-06-15 20:30:00,0.0,0.0,100165.0,14193867931.0,25.353494,24.392524266666676,0.0,20,30,0,167,6,-0.8660254037844386,0.5000000000000001,0.26366549272800704,-0.9646141756912435
2020-06-15 20:45:00,0.0,0.0,100165.0,14193867931.0,25.238386413793105,24.3006655862069,0.0,20,45,0,167,6,-0.8660254037844386,0.5000000000000001,0.26366549272800704,-0.9646141756912435
2020-06-15 21:00:00,0.0,0.0,100165.0,14193867931.0,25.02231336666667,23.9145406,0.0,21,0,0,167,6,-0.7071067811865477,0.7071067811865474,0.26366549272800704,-0.9646141756912435
2020-06-15 21:15:00,0.0,0.0,100165.0,14193867931.0,24.862420310344827,23.732072448275854,0.0,21,15,0,167,6,-0.7071067811865477,0.7071067811865474,0.26366549272800704,-0.9646141756912435
2020-06-15 21:30:00,0.0,0.0,100165.0,14193867931.0,24.78279923333333,23.7751811,0.0,21,30,0,167,6,-0.7071067811865477,0.7071067811865474,0.26366549272800704,-0.9646141756912435
2020-06-15 21:45:00,0.0,0.0,100165.0,14193867931.0,24.824028206896557,23.956389379310348,0.0,21,45,0,167,6,-0.7071067811865477,0.7071067811865474,0.26366549272800704,-0.9646141756912435
2020-06-15 22:00:00,0.0,0.0,100165.0,14193867931.0,24.740294333333328,23.904019033333338,0.0,22,0,0,167,6,-0.5000000000000004,0.8660254037844384,0.26366549272800704,-0.9646141756912435
2020-06-15 22:15:00,0.0,0.0,100165.0,14193867931.0,24.60149133333333,23.88575026666667,0.0,22,15,0,167,6,-0.5000000000000004,0.8660254037844384,0.26366549272800704,-0.9646141756912435
2020-06-15 22:30:00,0.0,0.0,100165.0,14193867931.0,24.58470113793104,24.069342241379317,0.0,22,30,0,167,6,-0.5000000000000004,0.8660254037844384,0.26366549272800704,-0.9646141756912435
2020-06-15 22:45:00,0.0,0.0,100165.0,14193867931.0,24.6104572,24.226723199999995,0.0,22,45,0,167,6,-0.5000000000000004,0.8660254037844384,0.26366549272800704,-0.9646141756912435
2020-06-15 23:00:00,0.0,0.0,100165.0,14193867931.0,24.623876896551728,24.29973310344828,0.0,23,0,0,167,6,-0.25881904510252157,0.9659258262890681,0.26366549272800704,-0.9646141756912435
2020-06-15 23:15:00,0.0,0.0,100165.0,14193867931.0,24.478887900000004,24.09663800000001,0.0,23,15,0,167,6,-0.25881904510252157,0.9659258262890681,0.26366549272800704,-0.9646141756912435
2020-06-15 23:30:00,0.0,0.0,100165.0,14193867931.0,24.127244133333328,23.3043773,0.0,23,30,0,167,6,-0.25881904510252157,0.9659258262890681,0.26366549272800704,-0.9646141756912435
2020-06-15 23:45:00,0.0,0.0,96569.8,14193867931.0,24.21627196551724,22.99775006896552,0.0,23,45,0,167,6,-0.25881904510252157,0.9659258262890681,0.26366549272800704,-0.9646141756912435
2020-06-16 00:00:00,0.0,0.0,77490.78571428571,14193867931.0,24.232802466666666,23.00721946666667,0.0,0,0,1,168,6,0.0,1.0,0.24702218048093552,-0.9690098257244062
2020-06-16 00:15:00,0.0,0.0,73875.0,14193867931.0,24.267906448275863,23.38954534482759,0.0,0,15,1,168,6,0.0,1.0,0.24702218048093552,-0.9690098257244062
2020-06-16 00:30:00,0.0,0.0,73875.0,14193867931.0,24.174091666666666,23.475119066666664,0.0,0,30,1,168,6,0.0,1.0,0.24702218048093552,-0.9690098257244062
2020-06-16 00:45:00,0.0,0.0,73875.0,14193867931.0,24.00077893103448,22.97504717241379,0.0,0,45,1,168,6,0.0,1.0,0.24702218048093552,-0.9690098257244062
2020-06-16 01:00:00,0.0,0.0,73875.0,14193867931.0,23.92812166666667,22.84316716666667,0.0,1,0,1,168,6,0.25881904510252074,0.9659258262890683,0.24702218048093552,-0.9690098257244062
2020-06-16 01:15:00,0.0,0.0,73875.0,14193867931.0,23.88256216666667,22.92287263333333,0.0,1,15,1,168,6,0.25881904510252074,0.9659258262890683,0.24702218048093552,-0.9690098257244062
2020-06-16 01:30:00,0.0,0.0,73875.0,14193867931.0,23.93120275862069,23.15796427586207,0.0,1,30,1,168,6,0.25881904510252074,0.9659258262890683,0.24702218048093552,-0.9690098257244062
2020-06-16 01:45:00,0.0,0.0,73875.0,14193867931.0,24.0918224,23.367249733333328,0.0,1,45,1,168,6,0.25881904510252074,0.9659258262890683,0.24702218048093552,-0.9690098257244062
2020-06-16 02:00:00,0.0,0.0,73875.0,14193867931.0,24.087300344827582,23.05347944827587,0.0,2,0,1,168,6,0.49999999999999994,0.8660254037844387,0.24702218048093552,-0.9690098257244062
2020-06-16 02:15:00,0.0,0.0,73694.26666666666,14083189344.133333,23.955603033333333,23.07524006666667,0.0,2,15,1,168,6,0.49999999999999994,0.8660254037844387,0.24702218048093552,-0.9690098257244062
2020-06-16 02:30:00,0.0,0.0,73875.0,14193867931.0,23.93550603333333,23.111076766666667,0.0,2,30,1,168,6,0.49999999999999994,0.8660254037844387,0.24702218048093552,-0.9690098257244062
2020-06-16 02:45:00,0.0,0.0,73875.0,14193867931.0,24.02117934482759,23.400910586206887,0.0,2,45,1,168,6,0.49999999999999994,0.8660254037844387,0.24702218048093552,-0.9690098257244062
2020-06-16 03:00:00,0.0,0.0,73875.0,14193867931.0,23.7031547,23.2302114,0.0,3,0,1,168,6,0.7071067811865475,0.7071067811865476,0.24702218048093552,-0.9690098257244062
2020-06-16 03:15:00,0.0,0.0,73875.0,14193867931.0,24.000390517241385,23.13305151724138,0.0,3,15,1,168,6,0.7071067811865475,0.7071067811865476,0.24702218048093552,-0.9690098257244062
2020-06-16 03:30:00,0.0,0.0,73875.0,14193867931.0,24.0750521,22.90254403333333,0.0,3,30,1,168,6,0.7071067811865475,0.7071067811865476,0.24702218048093552,-0.9690098257244062
2020-06-16 03:45:00,0.0,0.0,73875.0,14193867931.0,24.046031310344823,22.70867193103448,0.0,3,45,1,168,6,0.7071067811865475,0.7071067811865476,0.24702218048093552,-0.9690098257244062
2020-06-16 04:00:00,0.0,0.0,73875.0,14193867931.0,24.0400963,22.55592033333334,0.0,4,0,1,168,6,0.8660254037844386,0.5000000000000001,0.24702218048093552,-0.9690098257244062
2020-06-16 04:15:00,0.0,0.0,73875.0,14193867931.0,24.002804689655168,22.56424272413793,0.0,4,15,1,168,6,0.8660254037844386,0.5000000000000001,0.24702218048093552,-0.9690098257244062
2020-06-16 04:30:00,0.0,0.0,73875.0,14193867931.0,24.007177966666664,22.7844391,0.0,4,30,1,168,6,0.8660254037844386,0.5000000000000001,0.24702218048093552,-0.9690098257244062
2020-06-16 04:45:00,0.0,0.0,73875.0,14193867931.0,24.005709066666668,22.99325466666667,0.0,4,45,1,168,6,0.8660254037844386,0.5000000000000001,0.24702218048093552,-0.9690098257244062
2020-06-16 05:00:00,0.0,0.0,73875.0,14193867931.0,24.05566962068966,23.299116586206896,0.0,5,0,1,168,6,0.9659258262890683,0.25881904510252074,0.24702218048093552,-0.9690098257244062
2020-06-16 05:15:00,0.0,0.0,73875.0,14193867931.0,24.045504033333334,23.1849335,0.0,5,15,1,168,6,0.9659258262890683,0.25881904510252074,0.24702218048093552,-0.9690098257244062
2020-06-16 05:30:00,0.0,0.0,18928.0,14193867931.0,24.07248475862069,22.98191475862069,0.0,5,30,1,168,6,0.9659258262890683,0.25881904510252074,0.24702218048093552,-0.9690098257244062
2020-06-16 05:45:00,0.0,0.0,17433.0,14193867931.0,24.026341999999996,22.9824371,0.0003096604275,5,45,1,168,6,0.9659258262890683,0.25881904510252074,0.24702218048093552,-0.9690098257244062
2020-06-16 06:00:00,165.53666666666666,159.75285714285712,17442.147619047617,14193867940.14762,24.0312691724138,23.13576431034483,0.0078786957413793,6,0,1,168,6,1.0,6.123233995736766e-17,0.24702218048093552,-0.9690098257244062
2020-06-16 06:15:00,798.4252380952381,771.7461904761905,17551.32380952381,14193868049.32381,24.226424166666675,23.72798766666666,0.0272717213666666,6,15,1,168,6,1.0,6.123233995736766e-17,0.24702218048093552,-0.9690098257244062
2020-06-16 06:30:00,1579.0414285714287,1530.5714285714284,17833.68095238095,14193868331.680952,24.453495448275856,24.644800655172418,0.0508422554827586,6,30,1,168,6,1.0,6.123233995736766e-17,0.24702218048093552,-0.9690098257244062
2020-06-16 06:45:00,2579.88,2508.726666666667,12568.066666666666,14193868828.466667,24.652406633333328,25.55196726666667,0.0809884197666666,6,45,1,168,6,1.0,6.123233995736766e-17,0.24702218048093552,-0.9690098257244062
2020-06-16 07:00:00,3561.532857142857,3484.8909523809525,9969.528571428571,14193869583.52857,24.937872199999997,26.587941566666665,0.1142949158,7,0,1,168,6,0.9659258262890683,-0.25881904510252063,0.24702218048093552,-0.9690098257244062
2020-06-16 07:15:00,4335.499523809523,4249.629523809524,10913.952380952382,14193870527.952381,25.151438862068964,27.4229261724138,0.137224215137931,7,15,1,168,6,0.9659258262890683,-0.25881904510252063,0.24702218048093552,-0.9690098257244062
2020-06-16 07:30:00,5516.687619047619,5409.878095238095,6009.8476190476185,14193871745.238096,25.37138456666667,28.49546413333333,0.1741159716666666,7,30,1,168,6,0.9659258262890683,-0.25881904510252063,0.24702218048093552,-0.9690098257244062
2020-06-16 07:45:00,6427.869523809524,6309.82619047619,4836.428571428572,14193873191.428572,25.650555724137927,29.344728517241386,0.1999448096551724,7,45,1,168,6,0.9659258262890683,-0.25881904510252063,0.24702218048093552,-0.9690098257244062
2020-06-16 08:00:00,7945.8,7809.513333333333,6608.2,14193874963.2,25.99828293333333,30.62721456666667,0.2459549753333333,8,0,1,168,6,0.8660254037844387,-0.4999999999999998,0.24702218048093552,-0.9690098257244062
2020-06-16 08:15:00,9765.133333333333,9584.600952380952,8774.709523809524,14193877129.709522,26.51300062068965,32.46179948275864,0.2993449948275862,8,15,1,168,6,0.8660254037844387,-0.4999999999999998,0.24702218048093552,-0.9690098257244062
2020-06-16 08:30:00,10888.764285714286,10676.38619047619,11327.042857142857,14193879682.042856,26.84512623333333,33.790195566666675,0.3334688676666667,8,30,1,168,6,0.8660254037844387,-0.4999999999999998,0.24702218048093552,-0.9690098257244062
2020-06-16 08:45:00,11109.108571428571,10891.864285714286,13967.690476190477,14193882322.690475,26.954664344827584,33.82962682758622,0.3349574768965517,8,45,1,168,6,0.8660254037844387,-0.4999999999999998,0.24702218048093552,-0.9690098257244062
2020-06-16 09:00:00,11840.546666666667,11605.94,16779.8,14186759356.533333,27.07185513793104,34.197098586206884,0.3541714110344829,9,0,1,168,6,0.7071067811865476,-0.7071067811865475,0.24702218048093552,-0.9690098257244062
2020-06-16 09:15:00,9404.252380952381,9224.402857142857,19285.12857142857,14074213859.861904,26.756863333333328,32.452368333333325,0.275874822,9,15,1,168,6,0.7071067811865476,-0.7071067811865475,0.24702218048093552,-0.9690098257244062
2020-06-16 09:30:00,12449.395714285714,12200.951904761905,22112.942857142858,14193890467.942856,27.18115962068965,34.36980244827585,0.3721497541379311,9,30,1,168,6,0.7071067811865476,-0.7071067811865475,0.24702218048093552,-0.9690098257244062
2020-06-16 09:45:00,13932.631904761904,13649.375714285714,25325.347619047618,14193893680.347618,27.4878663,35.95871056666667,0.4241206086666666,9,45,1,168,6,0.7071067811865476,-0.7071067811865475,0.24702218048093552,-0.9690098257244062
2020-06-16 10:00:00,14644.061904761906,14343.825714285715,28812.68095238095,14193897167.680952,27.86508813793104,36.855866448275854,0.4501332131034482,10,0,1,168,6,0.49999999999999994,-0.8660254037844387,0.24702218048093552,-0.9690098257244062
2020-06-16 10:15:00,16811.406666666666,16457.873333333333,32703.466666666667,14193901058.466667,28.315391033333327,39.082299766666665,0.5222235923333332,10,15,1,168,6,0.49999999999999994,-0.8660254037844387,0.24702218048093552,-0.9690098257244062
2020-06-16 10:30:00,14910.09857142857,14603.329523809523,35074.380952380954,14193904914.447618,28.50779148275862,39.2861232413793,0.4539040027586206,10,30,1,168,6,0.49999999999999994,-0.8660254037844387,0.24702218048093552,-0.9690098257244062
2020-06-16 10:45:00,15745.961904761903,15418.262380952381,38843.961904761905,14193908790.961905,28.663845800000004,39.3069314,0.4735442633333332,10,45,1,168,6,0.49999999999999994,-0.8660254037844387,0.24702218048093552,-0.9690098257244062
2020-06-16 11:00:00,14481.264761904762,14184.733333333334,42377.12857142857,14193912324.12857,28.428806758620688,37.97691079310346,0.4350143279310344,11,0,1,168,6,0.258819045102521,-0.9659258262890682,0.24702218048093552,-0.9690098257244062
2020-06-16 11:15:00,16333.369523809522,15984.871904761905,45974.84761904762,14193915921.84762,28.543545533333333,38.4572754,0.4930474616666666,11,15,1,168,6,0.258819045102521,-0.9659258262890682,0.24702218048093552,-0.9690098257244062
2020-06-16 11:30:00,22953.673333333336,22419.533333333333,51139.13333333334,14193921086.133331,29.67149510344827,44.916273482758605,0.7684594155172412,11,30,1,168,6,0.258819045102521,-0.9659258262890682,0.24702218048093552,-0.9690098257244062
2020-06-16 11:45:00,15019.400952380953,14687.01619047619,55795.14761904762,14193925742.147617,29.99492096666667,46.36462913333333,0.6149510469999999,11,45,1,168,6,0.258819045102521,-0.9659258262890682,0.24702218048093552,-0.9690098257244062
2020-06-16 12:00:00,15054.61619047619,14734.164761904762,59398.12857142858,14193929345.128572,29.50476093103448,42.10252848275862,0.5206054248275863,12,0,1,168,6,1.2246467991473532e-16,-1.0,0.24702218048093552,-0.9690098257244062
2020-06-16 12:15:00,11476.451904761905,11251.276666666667,62680.05238095238,14193932627.052382,28.9934031,39.03961593333332,0.3585138956666666,12,15,1,168,6,1.2246467991473532e-16,-1.0,0.24702218048093552,-0.9690098257244062
2020-06-16 12:30:00,16730.173333333332,16377.24,65899.59999999999,14193935846.6,28.96235703448276,38.161419068965515,0.5022143431034481,12,30,1,168,6,1.2246467991473532e-16,-1.0,0.24702218048093552,-0.9690098257244062
2020-06-16 12:45:00,18254.20333333333,17862.92523809524,70235.3,14151525527.514286,29.784460466666665,41.95145250000001,0.5490756356666665,12,45,1,168,6,1.2246467991473532e-16,-1.0,0.24702218048093552,-0.9690098257244062
2020-06-16 13:00:00,19207.929047619047,18792.21619047619,74897.94285714286,14193944844.942858,29.940903275862063,41.30325327586206,0.5731489579310346,13,0,1,168,6,-0.2588190451025208,-0.9659258262890683,0.24702218048093552,-0.9690098257244062
2020-06-16 13:15:00,18791.83761904762,18387.29238095238,79712.02857142857,14193949659.02857,30.244002366666663,42.88808180000001,0.5665455406666667,13,15,1,168,6,-0.2588190451025208,-0.9659258262890683,0.24702218048093552,-0.9690098257244062
2020-06-16 13:30:00,11313.669523809524,11094.630000000001,83331.24761904762,14193953278.24762,29.720905172413797,39.2953772413793,0.3407377748275862,13,30,1,168,6,-0.2588190451025208,-0.9659258262890683,0.24702218048093552,-0.9690098257244062
2020-06-16 13:45:00,14014.286666666667,13727.433333333334,85879.4,14193794637.4,29.208245689655172,37.28502382758621,0.407790492413793,13,45,1,168,6,-0.2588190451025208,-0.9659258262890683,0.24702218048093552,-0.9690098257244062
2020-06-16 14:00:00,15014.406190476191,14704.017142857143,90057.8380952381,14193960004.838095,29.726076100000007,39.763498066666656,0.4503316196666666,14,0,1,168,6,-0.4999999999999997,-0.8660254037844388,0.24702218048093552,-0.9690098257244062
2020-06-16 14:15:00,4962.125238095238,4860.438571428572,40553.80476190476,6231449521.438095,30.42987363333333,40.68005649999999,0.492802766,14,15,1,168,6,-0.4999999999999997,-0.8660254037844388,0.24702218048093552,-0.9690098257244062
2020-06-16 14:30:00,0.0,0.0,0.0,869481820.1666667,30.833512862068968,44.37650713793103,0.5629444603448277,14,30,1,168,6,-0.4999999999999997,-0.8660254037844388,0.24702218048093552,-0.9690098257244062
2020-06-16 14:45:00,11906.684761904762,11662.961428571429,73383.42380952381,13911506814.009523,30.503409551724143,41.55000024137932,0.4470176755172414,14,45,1,168,6,-0.4999999999999997,-0.8660254037844388,0.24702218048093552,-0.9690098257244062
2020-06-16 15:00:00,11692.643333333332,11462.718571428572,97442.22857142857,14193967389.22857,30.029818700000003,38.34786576666667,0.3539153346666665,15,0,1,168,6,-0.7071067811865471,-0.7071067811865479,0.24702218048093552,-0.9690098257244062
2020-06-16 15:15:00,12221.565238095238,11978.900476190476,100218.27142857142,14193970165.27143,29.81993893103449,37.0976982413793,0.3624977403448275,15,15,1,168,6,-0.7071067811865471,-0.7071067811865479,0.24702218048093552,-0.9690098257244062
2020-06-16 15:30:00,14169.370476190476,13877.978571428572,103495.68095238095,14193973442.680952,29.93420393103448,38.35378168965518,0.4094117217241379,15,30,1,168,6,-0.7071067811865471,-0.7071067811865479,0.24702218048093552,-0.9690098257244062
2020-06-16 15:45:00,10698.236666666666,10490.870476190476,106630.04285714285,14193976577.042856,30.168884233333344,37.839531366666655,0.3314528773333334,15,45,1,168,6,-0.7071067811865471,-0.7071067811865479,0.24702218048093552,-0.9690098257244062
2020-06-16 16:00:00,5881.867142857143,5772.629523809524,108567.48095238094,14193978514.480953,29.61759165517241,34.59173679310345,0.1742421517241379,16,0,1,168,6,-0.8660254037844384,-0.5000000000000004,0.24702218048093552,-0.9690098257244062
2020-06-16 16:15:00,8100.710952380952,7955.73619047619,110401.49047619048,14193980348.490477,29.74619146666667,34.781945699999994,0.2446072813333333,16,15,1,168,6,-0.8660254037844384,-0.5000000000000004,0.24702218048093552,-0.9690098257244062
2020-06-16 16:30:00,4608.639047619047,4515.696666666667,111603.98095238095,14193947462.64762,29.3732635862069,33.490053206896555,0.1390864883103448,16,30,1,168,6,-0.8660254037844384,-0.5000000000000004,0.24702218048093552,-0.9690098257244062
2020-06-16 16:45:00,3927.795238095238,3844.56,112888.14285714286,14193982835.142857,29.002871666666667,31.513062533333333,0.1172127412666666,16,45,1,168,6,-0.8660254037844384,-0.5000000000000004,0.24702218048093552,-0.9690098257244062
2020-06-16 17:00:00,2775.706666666667,2709.0333333333333,113839.13333333333,14193983786.133333,28.912975379310335,31.268025448275868,0.0852988124482758,17,0,1,168,6,-0.9659258262890683,-0.25881904510252063,0.24702218048093552,-0.9690098257244062
2020-06-16 17:15:00,1151.7761904761905,1115.424761904762,113872.05238095237,14193949730.719048,28.43125003333333,29.47821053333333,0.0333181408999999,17,15,1,168,6,-0.9659258262890683,-0.25881904510252063,0.24702218048093552,-0.9690098257244062
2020-06-16 17:30:00,2245.1809523809525,2181.560476190476,114645.99523809523,14193984592.995237,28.318011137931038,29.483777172413784,0.0679997884482758,17,30,1,168,6,-0.9659258262890683,-0.25881904510252063,0.24702218048093552,-0.9690098257244062
2020-06-16 17:45:00,1804.5642857142857,1751.250476190476,115163.22857142857,14193985110.22857,28.160633266666668,29.38294266666667,0.0553903700666666,17,45,1,168,6,-0.9659258262890683,-0.25881904510252063,0.24702218048093552,-0.9690098257244062
2020-06-16 18:00:00,835.1233333333333,807.5933333333334,115488.67619047618,14193985435.676191,27.803931862068968,28.5828594137931,0.0270350241724137,18,0,1,168,6,-1.0,-1.8369701987210297e-16,0.24702218048093552,-0.9690098257244062
2020-06-16 18:15:00,512.2266666666667,494.6480952380952,115639.01904761905,14193985586.019047,27.565023833333328,27.729070033333336,0.0170127839333333,18,15,1,168,6,-1.0,-1.8369701987210297e-16,0.24702218048093552,-0.9690098257244062
2020-06-16 18:30:00,258.9352380952381,249.72761904761904,115730.27142857142,14193985677.27143,27.35852893103448,27.194241172413797,0.0096089534517241,18,30,1,168,6,-1.0,-1.8369701987210297e-16,0.24702218048093552,-0.9690098257244062
2020-06-16 18:45:00,0.0,0.0,115759.0,14193985706.0,27.16739082758621,26.857379793103448,0.0018699148013793,18,45,1,168,6,-1.0,-1.8369701987210297e-16,0.24702218048093552,-0.9690098257244062
2020-06-16 19:00:00,0.0,0.0,115759.0,14193985706.0,26.27286776666667,26.15560703333333,0.0,19,0,1,168,6,-0.9659258262890684,0.2588190451025203,0.24702218048093552,-0.9690098257244062
2020-06-16 19:15:00,0.0,0.0,115759.0,14193985706.0,26.031714172413796,25.646704275862074,0.0,19,15,1,168,6,-0.9659258262890684,0.2588190451025203,0.24702218048093552,-0.9690098257244062
2020-06-16 19:30:00,0.0,0.0,115759.0,14193985706.0,25.9472687,25.67136833333333,0.0,19,30,1,168,6,-0.9659258262890684,0.2588190451025203,0.24702218048093552,-0.9690098257244062
2020-06-16 19:45:00,0.0,0.0,115759.0,14193985706.0,25.383153166666663,25.148636833333327,0.0,19,45,1,168,6,-0.9659258262890684,0.2588190451025203,0.24702218048093552,-0.9690098257244062
2020-06-16 20:00:00,0.0,0.0,115759.0,14193985706.0,25.054365448275863,24.751304896551726,0.0,20,0,1,168,6,-0.8660254037844386,0.5000000000000001,0.24702218048093552,-0.9690098257244062
2020-06-16 20:15:00,0.0,0.0,115759.0,14193985706.0,24.9061888,24.5387288,0.0,20,15,1,168,6,-0.8660254037844386,0.5000000000000001,0.24702218048093552,-0.9690098257244062
2020-06-16 20:30:00,0.0,0.0,115759.0,14193985706.0,24.60179075862069,24.29950265517241,0.0,20,30,1,168,6,-0.8660254037844386,0.5000000000000001,0.24702218048093552,-0.9690098257244062
2020-06-16 20:45:00,0.0,0.0,115759.0,14193985706.0,24.54720793333333,24.2202108,0.0,20,45,1,168,6,-0.8660254037844386,0.5000000000000001,0.24702218048093552,-0.9690098257244062
2020-06-16 21:00:00,0.0,0.0,115759.0,14193985706.0,24.532666448275865,24.43909203448276,0.0,21,0,1,168,6,-0.7071067811865477,0.7071067811865474,0.24702218048093552,-0.9690098257244062
2020-06-16 21:15:00,0.0,0.0,115759.0,14193985706.0,24.660873333333328,24.546877966666663,0.0,21,15,1,168,6,-0.7071067811865477,0.7071067811865474,0.24702218048093552,-0.9690098257244062
2020-06-16 21:30:00,0.0,0.0,115759.0,14193985706.0,24.715810724137928,24.41328068965517,0.0,21,30,1,168,6,-0.7071067811865477,0.7071067811865474,0.24702218048093552,-0.9690098257244062
2020-06-16 21:45:00,0.0,0.0,115759.0,14193985706.0,24.529312,24.179370033333335,0.0,21,45,1,168,6,-0.7071067811865477,0.7071067811865474,0.24702218048093552,-0.9690098257244062
2020-06-16 22:00:00,0.0,0.0,115759.0,14193985706.0,24.22657483333333,24.19399109999999,0.0,22,0,1,168,6,-0.5000000000000004,0.8660254037844384,0.24702218048093552,-0.9690098257244062
2020-06-16 22:15:00,0.0,0.0,115759.0,14193985706.0,24.013480620689656,23.69034565517241,0.0,22,15,1,168,6,-0.5000000000000004,0.8660254037844384,0.24702218048093552,-0.9690098257244062
2020-06-16 22:30:00,0.0,0.0,115759.0,14193985706.0,23.9964591,23.807730100000004,0.0,22,30,1,168,6,-0.5000000000000004,0.8660254037844384,0.24702218048093552,-0.9690098257244062
2020-06-16 22:45:00,0.0,0.0,115759.0,14193985706.0,23.6294304137931,23.11803037931034,0.0,22,45,1,168,6,-0.5000000000000004,0.8660254037844384,0.24702218048093552,-0.9690098257244062
2020-06-16 23:00:00,0.0,0.0,115759.0,14193985706.0,23.707056833333336,22.795114166666668,0.0,23,0,1,168,6,-0.25881904510252157,0.9659258262890681,0.24702218048093552,-0.9690098257244062
2020-06-16 23:15:00,0.0,0.0,115759.0,14193985706.0,23.738334793103448,22.68643403448276,0.0,23,15,1,168,6,-0.25881904510252157,0.9659258262890681,0.24702218048093552,-0.9690098257244062
2020-06-16 23:30:00,0.0,0.0,115759.0,14193985706.0,23.85089086363636,22.79828709090909,0.0,23,30,1,168,6,-0.25881904510252157,0.9659258262890681,0.24702218048093552,-0.9690098257244062
2020-06-16 23:45:00,0.0,0.0,115759.0,14193985706.0,24.038416586206896,23.19606179310345,3.706513620689655e-05,23,45,1,168,6,-0.25881904510252157,0.9659258262890681,0.24702218048093552,-0.9690098257244062
2020-06-17 00:00:00,0.0,0.0,36866.53333333333,14193985706.0,24.1493894,23.853162633333334,2.4313024333333335e-05,0,0,2,169,6,0.0,1.0,0.23030567023061221,-0.9731183372332619
2020-06-17 00:15:00,0.0,0.0,13423.466666666667,14193985706.0,24.140737482758617,23.967333448275856,0.0,0,15,2,169,6,0.0,1.0,0.23030567023061221,-0.9731183372332619
2020-06-17 00:30:00,0.0,0.0,0.0,14193985706.0,24.0548566,23.8616436,0.0,0,30,2,169,6,0.0,1.0,0.23030567023061221,-0.9731183372332619
2020-06-17 00:45:00,0.0,0.0,0.0,14193985706.0,24.007380241379312,23.76092113793104,0.0,0,45,2,169,6,0.0,1.0,0.23030567023061221,-0.9731183372332619
2020-06-17 01:00:00,0.0,0.0,0.0,14193985706.0,23.982121,23.71447866666666,0.0,1,0,2,169,6,0.25881904510252074,0.9659258262890683,0.23030567023061221,-0.9731183372332619
2020-06-17 01:15:00,0.0,0.0,0.0,14193985706.0,24.055678,23.785183586206895,0.0,1,15,2,169,6,0.25881904510252074,0.9659258262890683,0.23030567023061221,-0.9731183372332619
2020-06-17 01:30:00,0.0,0.0,0.0,14193985706.0,24.11391813333333,23.751051766666663,0.0,1,30,2,169,6,0.25881904510252074,0.9659258262890683,0.23030567023061221,-0.9731183372332619
2020-06-17 01:45:00,0.0,0.0,0.0,14193985706.0,24.11729596551724,23.703195551724136,0.0,1,45,2,169,6,0.25881904510252074,0.9659258262890683,0.23030567023061221,-0.9731183372332619
2020-06-17 02:00:00,0.0,0.0,0.0,14193985706.0,24.049432666666668,23.611703566666662,0.0,2,0,2,169,6,0.49999999999999994,0.8660254037844387,0.23030567023061221,-0.9731183372332619
2020-06-17 02:15:00,0.0,0.0,0.0,14193985706.0,24.0073791724138,23.67943513793103,0.0,2,15,2,169,6,0.49999999999999994,0.8660254037844387,0.23030567023061221,-0.9731183372332619
2020-06-17 02:30:00,0.0,0.0,0.0,14193985706.0,24.043565133333328,23.627613233333335,0.0,2,30,2,169,6,0.49999999999999994,0.8660254037844387,0.23030567023061221,-0.9731183372332619
2020-06-17 02:45:00,0.0,0.0,0.0,14193985706.0,24.148901233333337,23.613637299999997,0.0,2,45,2,169,6,0.49999999999999994,0.8660254037844387,0.23030567023061221,-0.9731183372332619
2020-06-17 03:00:00,0.0,0.0,0.0,14193985706.0,24.040288517241375,23.441451448275867,0.0,3,0,2,169,6,0.7071067811865475,0.7071067811865476,0.23030567023061221,-0.9731183372332619
2020-06-17 03:15:00,0.0,0.0,0.0,14193985706.0,22.963709433333335,22.606509366666664,0.0,3,15,2,169,6,0.7071067811865475,0.7071067811865476,0.23030567023061221,-0.9731183372332619
2020-06-17 03:30:00,0.0,0.0,0.0,14193985706.0,22.602686137931038,22.24742313793104,0.0,3,30,2,169,6,0.7071067811865475,0.7071067811865476,0.23030567023061221,-0.9731183372332619
2020-06-17 03:45:00,0.0,0.0,0.0,14193985706.0,22.7471992,22.305839133333333,0.0,3,45,2,169,6,0.7071067811865475,0.7071067811865476,0.23030567023061221,-0.9731183372332619
2020-06-17 04:00:00,0.0,0.0,0.0,14193985706.0,22.807348499999996,22.3772238,0.0,4,0,2,169,6,0.8660254037844386,0.5000000000000001,0.23030567023061221,-0.9731183372332619
2020-06-17 04:15:00,0.0,0.0,0.0,14193985706.0,22.948314724137933,22.22376027586207,0.0,4,15,2,169,6,0.8660254037844386,0.5000000000000001,0.23030567023061221,-0.9731183372332619
2020-06-17 04:30:00,0.0,0.0,0.0,14193985706.0,22.971486333333328,22.078924633333333,8.189851403333336e-05,4,30,2,169,6,0.8660254037844386,0.5000000000000001,0.23030567023061221,-0.9731183372332619
2020-06-17 04:45:00,0.0,0.0,0.0,14193985706.0,22.75740386206896,21.963833655172408,0.0,4,45,2,169,6,0.8660254037844386,0.5000000000000001,0.23030567023061221,-0.9731183372332619
2020-06-17 05:00:00,0.0,0.0,0.0,14193985706.0,22.7138253,21.9248749,0.0,5,0,2,169,6,0.9659258262890683,0.25881904510252074,0.23030567023061221,-0.9731183372332619
2020-06-17 05:15:00,0.0,0.0,0.0,14193985706.0,22.699171,21.97272155172413,0.0,5,15,2,169,6,0.9659258262890683,0.25881904510252074,0.23030567023061221,-0.9731183372332619
2020-06-17 05:30:00,0.0,0.0,0.0,14193985706.0,22.6257516,22.01064356666667,0.0,5,30,2,169,6,0.9659258262890683,0.25881904510252074,0.23030567023061221,-0.9731183372332619
2020-06-17 05:45:00,0.0,0.0,0.0,14193985706.0,22.5515857,21.9083763,0.0001945111540666,5,45,2,169,6,0.9659258262890683,0.25881904510252074,0.23030567023061221,-0.9731183372332619
2020-06-17 06:00:00,33.85333333333333,32.6552380952381,0.2761904761904761,14193985706.276192,22.577129517241385,21.965800413793104,0.0038972908827586,6,0,2,169,6,1.0,6.123233995736766e-17,0.23030567023061221,-0.9731183372332619
2020-06-17 06:15:00,544.5047619047618,525.8309523809523,55.990476190476194,14193985761.990477,22.6252512,22.165983133333327,0.0173870453666666,6,15,2,169,6,1.0,6.123233995736766e-17,0.23030567023061221,-0.9731183372332619
2020-06-17 06:30:00,1199.172380952381,1160.2457142857143,270.34761904761905,14193985976.347618,22.74754265517241,22.557784551724144,0.0365596514827586,6,30,2,169,6,1.0,6.123233995736766e-17,0.23030567023061221,-0.9731183372332619
2020-06-17 06:45:00,1294.06,1252.3866666666665,577.1333333333333,14193986283.133333,22.9437256,22.734243766666665,0.0382369183,6,45,2,169,6,1.0,6.123233995736766e-17,0.23030567023061221,-0.9731183372332619
2020-06-17 07:00:00,1405.6309523809525,1360.8133333333333,908.2857142857142,14193986614.285715,23.04807344827586,22.764368586206903,0.0411929848275862,7,0,2,169,6,0.9659258262890683,-0.25881904510252063,0.23030567023061221,-0.9731183372332619
2020-06-17 07:15:00,1667.2485714285715,1616.5742857142857,1270.7380952380952,14193986976.738094,23.177676766666664,23.225179099999995,0.0483592085333333,7,15,2,169,6,0.9659258262890683,-0.25881904510252063,0.23030567023061221,-0.9731183372332619
2020-06-17 07:30:00,2203.306666666667,2140.8361904761905,1728.1333333333334,14193987434.133333,23.356808379310348,23.9482885862069,0.0634568153793103,7,30,2,169,6,0.9659258262890683,-0.25881904510252063,0.23030567023061221,-0.9731183372332619
2020-06-17 07:45:00,2854.2566666666667,2777.784285714286,2340.1809523809525,14193988046.180952,23.559034033333337,24.327505466666665,0.0816382889666666,7,45,2,169,6,0.9659258262890683,-0.25881904510252063,0.23030567023061221,-0.9731183372332619
2020-06-17 08:00:00,4029.6390476190477,3949.08,3175.4761904761904,14193988881.47619,23.68637617241379,24.56949586206897,0.1145608286551724,8,0,2,169,6,0.8660254037844387,-0.4999999999999998,0.23030567023061221,-0.9731183372332619
2020-06-17 08:15:00,4007.647619047619,3927.8157142857144,4200.104761904762,14193989906.104761,23.927684896551728,25.617205310344826,0.117114516275862,8,15,2,169,6,0.8660254037844387,-0.4999999999999998,0.23030567023061221,-0.9731183372332619
2020-06-17 08:30:00,4645.117619047619,4553.829047619048,5181.628571428571,14193990887.62857,23.909512133333337,25.18560986666667,0.1322503906666666,8,30,2,169,6,0.8660254037844387,-0.4999999999999998,0.23030567023061221,-0.9731183372332619
2020-06-17 08:45:00,5979.434285714286,5865.463333333333,6561.647619047619,14193992267.647617,24.104574413793102,25.48009506896552,0.1701928875862069,8,45,2,169,6,0.8660254037844387,-0.4999999999999998,0.23030567023061221,-0.9731183372332619
2020-06-17 09:00:00,4146.498571428571,4064.404761904762,7781.119047619048,14193993487.119047,23.981644766666665,24.9001047,0.1183198545,9,0,2,169,6,0.7071067811865476,-0.7071067811865475,0.23030567023061221,-0.9731183372332619
2020-06-17 09:15:00,4288.72,4204.126666666666,8793.8,14193994499.800001,24.04044548275862,24.95021010344828,0.120616978,9,15,2,169,6,0.7071067811865476,-0.7071067811865475,0.23030567023061221,-0.9731183372332619
2020-06-17 09:30:00,7786.6376190476185,7643.225238095238,10141.95238095238,14193995847.952381,24.281436166666655,25.8621012,0.220836565,9,30,2,169,6,0.7071067811865476,-0.7071067811865475,0.23030567023061221,-0.9731183372332619
2020-06-17 09:45:00,12768.910952380953,12512.969523809523,12741.5,14193998447.5,24.92831110344828,28.395366862068965,0.3745028272413792,9,45,2,169,6,0.7071067811865476,-0.7071067811865475,0.23030567023061221,-0.9731183372332619
2020-06-17 10:00:00,12272.751428571428,12028.086666666668,15861.442857142858,14194001567.442858,25.643934066666663,31.385303866666668,0.3563217239999999,10,0,2,169,6,0.49999999999999994,-0.8660254037844387,0.23030567023061221,-0.9731183372332619
2020-06-17 10:15:00,10257.048571428571,10064.066666666668,18674.290476190476,14194004380.290478,26.053684466666667,32.553692600000005,0.299062996,10,15,2,169,6,0.49999999999999994,-0.8660254037844387,0.23030567023061221,-0.9731183372332619
2020-06-17 10:30:00,9960.244285714285,9774.577619047619,21061.58095238095,14194006767.580952,26.16922927586207,32.285136206896546,0.288015658275862,10,30,2,169,6,0.49999999999999994,-0.8660254037844387,0.23030567023061221,-0.9731183372332619
2020-06-17 10:45:00,10945.492857142857,10732.981904761904,23604.433333333334,14194009310.433334,26.079586766666672,31.061916133333327,0.309599092,10,45,2,169,6,0.49999999999999994,-0.8660254037844387,0.23030567023061221,-0.9731183372332619
2020-06-17 11:00:00,11188.36,10969.279999999999,26359.933333333334,14194012065.933332,26.185345793103448,31.186229793103447,0.3145844658620689,11,0,2,169,6,0.258819045102521,-0.9659258262890682,0.23030567023061221,-0.9731183372332619
2020-06-17 11:15:00,7472.539523809523,7334.862380952381,28766.80476190476,14194014472.80476,26.31244396666667,31.6446106,0.2107782023333333,11,15,2,169,6,0.258819045102521,-0.9659258262890682,0.23030567023061221,-0.9731183372332619
2020-06-17 11:30:00,13745.159047619049,13466.61380952381,31079.838095238098,14194016785.838095,26.714392275862068,33.68988655172414,0.401902425862069,11,30,2,169,6,0.258819045102521,-0.9659258262890682,0.23030567023061221,-0.9731183372332619
2020-06-17 11:45:00,16593.00238095238,16244.740952380951,34985.18571428571,14194020691.185715,27.664736866666665,38.98331386666667,0.4954889353333333,11,45,2,169,6,0.258819045102521,-0.9659258262890682,0.23030567023061221,-0.9731183372332619
2020-06-17 12:00:00,11507.998095238096,11283.48142857143,38360.42857142857,14194024066.428572,27.60099303448276,37.102779068965525,0.3403715472413793,12,0,2,169,6,1.2246467991473532e-16,-1.0,0.23030567023061221,-0.9731183372332619
2020-06-17 12:15:00,17500.507619047617,17122.917619047617,41711.9,14194027417.899998,27.8761057,37.319988066666674,0.5203204733333333,12,15,2,169,6,1.2246467991473532e-16,-1.0,0.23030567023061221,-0.9731183372332619
2020-06-17 12:30:00,15889.846666666666,15559.246666666666,46026.933333333334,14194031732.933334,28.204097413793104,37.502085620689655,0.4708963844827586,12,30,2,169,6,1.2246467991473532e-16,-1.0,0.23030567023061221,-0.9731183372332619
2020-06-17 12:45:00,16868.86904761905,16514.214285714283,50048.10952380953,14194035754.109524,28.534304866666663,38.70709236666667,0.5136595323333331,12,45,2,169,6,1.2246467991473532e-16,-1.0,0.23030567023061221,-0.9731183372332619
2020-06-17 13:00:00,16675.518571428573,16325.518095238094,54145.166666666664,14194039851.166668,28.73062768965517,39.987019448275866,0.5109659972413793,13,0,2,169,6,-0.2588190451025208,-0.9659258262890683,0.23030567023061221,-0.9731183372332619
2020-06-17 13:15:00,15151.054761904761,14838.722857142857,58045.68095238095,14194043751.680954,28.46972356666667,37.286170466666654,0.451581596,13,15,2,169,6,-0.2588190451025208,-0.9659258262890683,0.23030567023061221,-0.9731183372332619
2020-06-17 13:30:00,14676.029999999999,14374.724285714285,61599.014285714286,14194047305.014286,27.945867103448272,32.80133382758622,0.4276434196551723,13,30,2,169,6,-0.2588190451025208,-0.9659258262890683,0.23030567023061221,-0.9731183372332619
2020-06-17 13:45:00,1781.9242857142856,1743.6142857142859,12659.228571428572,2889556620.7095237,28.731198133333336,40.46031016666667,0.5789413146666667,13,45,2,169,6,-0.2588190451025208,-0.9659258262890683,0.23030567023061221,-0.9731183372332619
2020-06-17 14:00:00,7473.080952380951,7318.7814285714285,30690.109523809526,9842563918.928572,29.044235827586206,42.32625593103449,0.480736164137931,14,0,2,169,6,-0.4999999999999997,-0.8660254037844388,0.23030567023061221,-0.9731183372332619
2020-06-17 14:15:00,13247.161428571428,12980.05619047619,67360.6380952381,14194053066.638096,28.609255933333337,37.97944833333332,0.3930144640000001,14,15,2,169,6,-0.4999999999999997,-0.8660254037844388,0.23030567023061221,-0.9731183372332619
2020-06-17 14:30:00,10884.326666666666,10672.267142857143,70354.77142857143,14194056060.771427,27.349096793103453,29.945265206896558,0.3096930779310345,14,30,2,169,6,-0.4999999999999997,-0.8660254037844388,0.23030567023061221,-0.9731183372332619
2020-06-17 14:45:00,11470.73380952381,11245.050952380952,73040.99523809525,14194058746.995237,26.842360433333333,28.24684536666668,0.3273643233333334,14,45,2,169,6,-0.4999999999999997,-0.8660254037844388,0.23030567023061221,-0.9731183372332619
2020-06-17 15:00:00,12426.556666666667,12178.413333333332,76000.18571428572,14194061706.185715,27.22757479310345,29.34751727586207,0.3634486806896551,15,0,2,169,6,-0.7071067811865471,-0.7071067811865479,0.23030567023061221,-0.9731183372332619
2020-06-17 15:15:00,12868.019523809524,12610.41380952381,79170.0142857143,14194064876.014284,27.930431033333328,33.72836829999999,0.3843007586666666,15,15,2,169,6,-0.7071067811865471,-0.7071067811865479,0.23030567023061221,-0.9731183372332619
2020-06-17 15:30:00,8087.52,7948.38,81691.88095238095,14194067397.880953,27.7001744137931,32.386005275862075,0.2370183289655172,15,30,2,169,6,-0.7071067811865471,-0.7071067811865479,0.23030567023061221,-0.9731183372332619
2020-06-17 15:45:00,7236.466666666666,7113.7733333333335,83549.4,14194069255.4,27.581203200000004,31.601485266666675,0.21363942,15,45,2,169,6,-0.7071067811865471,-0.7071067811865479,0.23030567023061221,-0.9731183372332619
2020-06-17 16:00:00,6581.850952380953,6461.852857142857,85030.31428571428,14154483351.447618,27.63258606896552,32.10411975862068,0.1966100234482758,16,0,2,169,6,-0.8660254037844384,-0.5000000000000004,0.23030567023061221,-0.9731183372332619
2020-06-17 16:15:00,6512.576666666667,6393.030476190476,86868.81428571428,14194072574.814287,27.648377366666665,31.859703533333334,0.1917219463333333,16,15,2,169,6,-0.8660254037844384,-0.5000000000000004,0.23030567023061221,-0.9731183372332619
2020-06-17 16:30:00,6162.16619047619,6046.765714285714,88458.64285714286,14194074164.642857,27.624499172413795,31.734618137931037,0.1817658131034482,16,30,2,169,6,-0.8660254037844384,-0.5000000000000004,0.23030567023061221,-0.9731183372332619
2020-06-17 16:45:00,4105.105714285714,4019.4385714285713,89750.57142857143,14194075456.57143,27.45880556666667,30.69353546666667,0.1193903119666666,16,45,2,169,6,-0.8660254037844384,-0.5000000000000004,0.23030567023061221,-0.9731183372332619
2020-06-17 17:00:00,1186.08,1148.6733333333332,90346.0,14194076052.0,26.498535,27.3130768,0.0319532306666666,17,0,2,169,6,-0.9659258262890683,-0.25881904510252063,0.23030567023061221,-0.9731183372332619
2020-06-17 17:15:00,2962.206666666667,2886.312857142857,90819.88571428572,14194076525.885714,25.779441068965514,25.30390968965517,0.0858852560344827,17,15,2,169,6,-0.9659258262890683,-0.25881904510252063,0.23030567023061221,-0.9731183372332619
2020-06-17 17:30:00,3003.87,2929.1499999999996,91481.1,14194077187.1,26.14305522727273,27.15584081818181,0.0894936300454545,17,30,2,169,6,-0.9659258262890683,-0.25881904510252063,0.23030567023061221,-0.9731183372332619
2020-06-17 17:45:00,2133.54,2072.66,92165.79999999999,14194077871.8,26.0916641724138,27.23565668965518,0.0654795855517241,17,45,2,169,6,-0.9659258262890683,-0.25881904510252063,0.23030567023061221,-0.9731183372332619
2020-06-17 18:00:00,1326.6666666666667,1284.5466666666666,92601.86666666667,14194078307.866665,25.686603700000003,26.540474400000004,0.0415141276666666,18,0,2,169,6,-1.0,-1.8369701987210297e-16,0.23030567023061221,-0.9731183372332619
2020-06-17 18:15:00,701.8199999999999,677.9933333333333,92834.33333333333,14194078540.333334,25.23544313793104,25.65623,0.0221499413103448,18,15,2,169,6,-1.0,-1.8369701987210297e-16,0.23030567023061221,-0.9731183372332619
2020-06-17 18:30:00,424.72666666666663,410.0,92728.8,14172102289.733334,24.582471766666668,24.78652539999999,0.0133931878633333,18,30,2,169,6,-1.0,-1.8369701987210297e-16,0.23030567023061221,-0.9731183372332619
2020-06-17 18:45:00,75.77904761904762,73.06666666666666,93037.00952380952,14194078743.009523,23.965923344827583,23.28397562068965,0.0026350049782758,18,45,2,169,6,-1.0,-1.8369701987210297e-16,0.23030567023061221,-0.9731183372332619
2020-06-17 19:00:00,0.0,0.0,92742.2,14083399486.466667,23.547951689655168,22.59979141379311,0.0,19,0,2,169,6,-0.9659258262890684,0.2588190451025203,0.23030567023061221,-0.9731183372332619
2020-06-17 19:15:00,0.0,0.0,93040.0,14194078746.0,23.4725741,22.464955766666662,0.0,19,15,2,169,6,-0.9659258262890684,0.2588190451025203,0.23030567023061221,-0.9731183372332619
2020-06-17 19:30:00,0.0,0.0,93040.0,14194078746.0,23.49732753333333,22.438098333333336,0.0,19,30,2,169,6,-0.9659258262890684,0.2588190451025203,0.23030567023061221,-0.9731183372332619
2020-06-17 19:45:00,0.0,0.0,93040.0,14194078746.0,23.602745413793105,22.418766241379316,0.0,19,45,2,169,6,-0.9659258262890684,0.2588190451025203,0.23030567023061221,-0.9731183372332619
2020-06-17 20:00:00,0.0,0.0,93040.0,14194078746.0,23.6651278,22.367719466666667,0.0,20,0,2,169,6,-0.8660254037844386,0.5000000000000001,0.23030567023061221,-0.9731183372332619
2020-06-17 20:15:00,0.0,0.0,93040.0,14194078746.0,23.601208965517245,22.2459434137931,0.0,20,15,2,169,6,-0.8660254037844386,0.5000000000000001,0.23030567023061221,-0.9731183372332619
2020-06-17 20:30:00,0.0,0.0,93040.0,14194078746.0,23.687547066666664,22.3776551,0.0,20,30,2,169,6,-0.8660254037844386,0.5000000000000001,0.23030567023061221,-0.9731183372332619
2020-06-17 20:45:00,0.0,0.0,93040.0,14194078746.0,23.75045548275863,22.825295310344828,0.0,20,45,2,169,6,-0.8660254037844386,0.5000000000000001,0.23030567023061221,-0.9731183372332619
2020-06-17 21:00:00,0.0,0.0,92722.42857142857,14193889210.642857,23.752441133333335,23.187267066666667,0.0,21,0,2,169,6,-0.7071067811865477,0.7071067811865474,0.23030567023061221,-0.9731183372332619
2020-06-17 21:15:00,0.0,0.0,93040.0,14194078746.0,23.811610800000004,23.4716604,0.0,21,15,2,169,6,-0.7071067811865477,0.7071067811865474,0.23030567023061221,-0.9731183372332619
2020-06-17 21:30:00,0.0,0.0,93040.0,14194078746.0,23.899251862068965,23.72964596551724,0.0,21,30,2,169,6,-0.7071067811865477,0.7071067811865474,0.23030567023061221,-0.9731183372332619
2020-06-17 21:45:00,0.0,0.0,93040.0,14194078746.0,23.883053566666668,23.68958143333333,0.0,21,45,2,169,6,-0.7071067811865477,0.7071067811865474,0.23030567023061221,-0.9731183372332619
2020-06-17 22:00:00,0.0,0.0,93040.0,14194078746.0,23.767680034482755,23.39140703448276,0.0,22,0,2,169,6,-0.5000000000000004,0.8660254037844384,0.23030567023061221,-0.9731183372332619
2020-06-17 22:15:00,0.0,0.0,93040.0,14194078746.0,23.656357,23.12314753333333,0.0,22,15,2,169,6,-0.5000000000000004,0.8660254037844384,0.23030567023061221,-0.9731183372332619
2020-06-17 22:30:00,0.0,0.0,93040.0,14194078746.0,23.6281078,23.02921033333333,0.0,22,30,2,169,6,-0.5000000000000004,0.8660254037844384,0.23030567023061221,-0.9731183372332619
2020-06-17 22:45:00,0.0,0.0,93040.0,14194078746.0,23.511703,22.856201172413797,0.0,22,45,2,169,6,-0.5000000000000004,0.8660254037844384,0.23030567023061221,-0.9731183372332619
2020-06-17 23:00:00,0.0,0.0,93040.0,14194078746.0,23.48228243333333,22.744190466666662,0.0,23,0,2,169,6,-0.25881904510252157,0.9659258262890681,0.23030567023061221,-0.9731183372332619
2020-06-17 23:15:00,0.0,0.0,93040.0,14194078746.0,23.3547425862069,22.492245310344828,0.0,23,15,2,169,6,-0.25881904510252157,0.9659258262890681,0.23030567023061221,-0.9731183372332619
2020-06-17 23:30:00,0.0,0.0,93040.0,14194078746.0,23.291048233333328,22.373908566666667,0.0,23,30,2,169,6,-0.25881904510252157,0.9659258262890681,0.23030567023061221,-0.9731183372332619
2020-06-17 23:45:00,0.0,0.0,93040.0,14194078746.0,23.202870689655175,22.53590765517241,0.0,23,45,2,169,6,-0.25881904510252157,0.9659258262890681,0.23030567023061221,-0.9731183372332619
