DATE_TIME,DC_POWER,AC_POWER,DAILY_YIELD,TOTAL_YIELD,AMBIENT_TEMPERATURE,MODULE_TEMPERATURE,IRRADIATION,hour,minute,day_of_week,day_of_year,month,hour_sin,hour_cos,day_sin,day_cos
2020-05-15 00:00:00,-0.7989785578343084,0.0,48899.938095238096,14189595055.0,-0.4072569500272269,-0.7391017220272468,-0.76135947749374,0,0,4,136,5,-0.009122075225956353,1.4217730704921798,1.5836955472768846,1.8026796405535377
2020-05-15 00:15:00,-0.7989785578343084,0.0,28401.0,14189595055.0,-0.43635738830324566,-0.7921051652848222,-0.76135947749374,0,15,4,136,5,-0.009122075225956353,1.4217730704921798,1.5836955472768846,1.8026796405535377
2020-05-15 00:30:00,-0.7989785578343084,0.0,28401.0,14189595055.0,-0.4830196191852163,-0.7916554111385012,-0.76135947749374,0,30,4,136,5,-0.009122075225956353,1.4217730704921798,1.5836955472768846,1.8026796405535377
2020-05-15 00:45:00,-0.7989785578343084,0.0,28401.0,14189595055.0,-0.5256227374571427,-0.7922039874563012,-0.76135947749374,0,45,4,136,5,-0.009122075225956353,1.4217730704921798,1.5836955472768846,1.8026796405535377
2020-05-15 01:00:00,-0.7989785578343084,0.0,26516.0,14189595055.0,-0.5031882006306422,-0.7368268918470764,-0.76135947749374,1,0,4,136,5,0.35681974126132787,1.3735706634564342,1.5836955472768846,1.8026796405535377
2020-05-15 01:15:00,-0.7989785578343084,0.0,18976.0,14189595055.0,-0.522769999745608,-0.7177665552604965,-0.76135947749374,1,15,4,136,5,0.35681974126132787,1.3735706634564342,1.5836955472768846,1.8026796405535377
2020-05-15 01:30:00,-0.7989785578343084,0.0,18976.0,14189595055.0,-0.5270900426068353,-0.7261268108651795,-0.76135947749374,1,30,4,136,5,0.35681974126132787,1.3735706634564342,1.5836955472768846,1.8026796405535377
2020-05-15 01:45:00,-0.7989785578343084,0.0,18976.0,14189595055.0,-0.5444463957286224,-0.7387472090379923,-0.76135947749374,1,45,4,136,5,0.35681974126132787,1.3735706634564342,1.5836955472768846,1.8026796405535377
2020-05-15 02:00:00,-0.7989785578343084,0.0,18976.0,14189595055.0,-0.5487812308026371,-0.769739681218409,-0.76135947749374,2,0,4,136,5,0.6978232277024489,1.2322483567304396,1.5836955472768846,1.8026796405535377
2020-05-15 02:15:00,-0.7989785578343084,0.0,18976.0,14189595055.0,-0.5900699774761231,-0.7806891712007848,-0.76135947749374,2,15,4,136,5,0.6978232277024489,1.2322483567304396,1.5836955472768846,1.8026796405535377
2020-05-15 02:30:00,-0.7989785578343084,0.0,18976.0,14189595055.0,-0.5820123923408375,-0.7870830787756612,-0.76135947749374,2,30,4,136,5,0.6978232277024489,1.2322483567304396,1.5836955472768846,1.8026796405535377
2020-05-15 02:45:00,-0.7989785578343084,0.0,18976.0,14189595055.0,-0.5732256293182486,-0.7865611438510663,-0.76135947749374,2,45,4,136,5,0.6978232277024489,1.2322483567304396,1.5836955472768846,1.8026796405535377
2020-05-15 03:00:00,-0.7989785578343084,0.0,18976.0,14189595055.0,-0.5660831803915313,-0.7851017971862966,-0.76135947749374,3,0,4,136,5,0.9906495600313504,1.007437031971418,1.5836955472768846,1.8026796405535377
2020-05-15 03:15:00,-0.7989785578343084,0.0,18976.0,14189595055.0,-0.6058861634918917,-0.777726195059415,-0.76135947749374,3,15,4,136,5,0.9906495600313504,1.007437031971418,1.5836955472768846,1.8026796405535377
2020-05-15 03:30:00,-0.7989785578343084,0.0,18976.0,14189595055.0,-0.6247172656335852,-0.7606271747745219,-0.76135947749374,3,30,4,136,5,0.9906495600313504,1.007437031971418,1.5836955472768846,1.8026796405535377
2020-05-15 03:45:00,-0.7989785578343084,0.0,18609.666666666668,14189595055.0,-0.6428405246649641,-0.7766792655907481,-0.76135947749374,3,45,4,136,5,0.9906495600313504,1.007437031971418,1.5836955472768846,1.8026796405535377
2020-05-15 04:00:00,-0.7989785578343084,0.0,13481.0,14189595055.0,-0.7142329279775882,-0.7751560305012494,-0.76135947749374,4,0,4,136,5,1.2153431076182126,0.7144572094434171,1.5836955472768846,1.8026796405535377
2020-05-15 04:15:00,-0.7989785578343084,0.0,13481.0,14189595055.0,-0.730551457172631,-0.762964039509571,-0.76135947749374,4,15,4,136,5,1.2153431076182126,0.7144572094434171,1.5836955472768846,1.8026796405535377
2020-05-15 04:30:00,-0.7989785578343084,0.0,13481.0,14189595055.0,-0.7647474572046342,-0.7610107401317889,-0.76135947749374,4,30,4,136,5,1.2153431076182126,0.7144572094434171,1.5836955472768846,1.8026796405535377
2020-05-15 04:45:00,-0.7989785578343084,0.0,13481.0,14189595055.0,-0.8237018470606696,-0.7908578571057532,-0.76135947749374,4,45,4,136,5,1.2153431076182126,0.7144572094434171,1.5836955472768846,1.8026796405535377
2020-05-15 05:00:00,-0.7989785578343084,0.0,13481.0,14189595055.0,-0.8503092070455383,-0.8184267992196893,-0.76135947749374,5,0,4,136,5,1.3565913765186348,0.37327497987967023,1.5836955472768846,1.8026796405535377
2020-05-15 05:15:00,-0.7989785578343084,0.0,13481.0,14028885659.357143,-0.8563513993331934,-0.8356279157463827,-0.76135947749374,5,15,4,136,5,1.3565913765186348,0.37327497987967023,1.5836955472768846,1.8026796405535377
2020-05-15 05:30:00,-0.7989785578343084,0.0,942.3809523809523,14189595055.0,-0.8974115599585165,-0.8404196191164592,-0.76135947749374,5,30,4,136,5,1.3565913765186348,0.37327497987967023,1.5836955472768846,1.8026796405535377
2020-05-15 05:45:00,-0.7989785578343084,0.0,0.0,14189595055.0,-0.9386594801678882,-0.844800583232402,-0.7528082896552161,5,45,4,136,5,1.3565913765186348,0.37327497987967023,1.5836955472768846,1.8026796405535377
2020-05-15 06:00:00,-0.7492297326750349,320.43333333333334,25.933333333333334,14189595080.933332,-0.9383043259283295,-0.8206956801768478,-0.7223044453596802,6,0,4,136,5,1.4047685306308542,0.007141348394654197,1.5836955472768846,1.8026796405535377
2020-05-15 06:15:00,-0.7109903709216032,566.977619047619,141.64285714285714,14189595196.642859,-0.9333449389443441,-0.7975537867019704,-0.6979720208300976,6,15,4,136,5,1.4047685306308542,0.007141348394654197,1.5836955472768846,1.8026796405535377
2020-05-15 06:30:00,-0.606541785363356,1243.5561904761905,345.12857142857143,14189595400.12857,-0.9280832431276604,-0.7815680842981143,-0.6334996822669711,6,30,4,136,5,1.4047685306308542,0.007141348394654197,1.5836955472768846,1.8026796405535377
2020-05-15 06:45:00,-0.28186552764504,3373.6585714285716,873.7619047619048,14189595928.761906,-0.8665914195447817,-0.682203155470386,-0.44952166934719123,6,45,4,136,5,1.4047685306308542,0.007141348394654197,1.5836955472768846,1.8026796405535377
2020-05-15 07:00:00,0.2099918316306234,6614.38,2133.733333333333,14189597188.733334,-0.7198693415016202,-0.4392987971997359,-0.1604060612315289,7,0,4,136,5,1.3565913765186348,-0.3589922830903618,1.5836955472768846,1.8026796405535377
2020-05-15 07:15:00,0.4567010098005428,8234.446666666667,4015.2,14189599070.199999,-0.6251119944933621,-0.26916898648545207,0.1957797533034161,7,15,4,136,5,1.3565913765186348,-0.3589922830903618,1.5836955472768846,1.8026796405535377
2020-05-15 07:30:00,0.7158934549480173,9919.995238095238,6287.171428571429,14189601342.171429,-0.5435474892349853,-0.14628361744254303,0.39237597401912017,7,30,4,136,5,1.3565913765186348,-0.3589922830903618,1.5836955472768846,1.8026796405535377
2020-05-15 07:45:00,1.0070346777299566,11813.325714285715,9009.366666666667,14189604064.366669,-0.3801352700172681,0.05155086274507166,0.5893487118483338,7,45,4,136,5,1.3565913765186348,-0.3589922830903618,1.5836955472768846,1.8026796405535377
2020-05-15 08:00:00,1.0560852785212944,12132.810476190476,11932.72380952381,14189606987.72381,-0.24897257890451457,0.14399032481699353,0.609659388256837,8,0,4,136,5,1.2153431076182126,-0.7001745126541085,1.5836955472768846,1.8026796405535377
2020-05-15 08:15:00,1.3095868204479246,13784.546666666667,15115.866666666667,14095471296.266666,-0.18452266869899123,0.23367120623952387,0.7732306705345128,8,15,4,136,5,1.2153431076182126,-0.7001745126541085,1.5836955472768846,1.8026796405535377
2020-05-15 08:30:00,1.6065473169808986,15718.433333333332,18834.13333333333,14182503447.733334,-0.0500638885235992,0.385554754552496,0.9588234860078275,8,30,4,136,5,1.2153431076182126,-0.7001745126541085,1.5836955472768846,1.8026796405535377
2020-05-15 08:45:00,1.8649040335849634,17399.511428571426,23057.97619047619,14189618112.97619,0.1360644195995288,0.561449184339898,1.1229992285032302,8,45,4,136,5,1.2153431076182126,-0.7001745126541085,1.5836955472768846,1.8026796405535377
2020-05-15 09:00:00,2.002795675417322,18295.993333333332,27479.066666666666,14189622534.066668,0.19546676675798447,0.6222961332393423,1.209791858563011,9,0,4,136,5,0.9906495600313506,-0.9931543351821099,1.5836955472768846,1.8026796405535377
2020-05-15 09:15:00,2.2272573630189667,19754.621904761905,32279.542857142857,14189627334.542858,0.3173984519057055,0.7877032911804843,1.355116312506868,9,15,4,136,5,0.9906495600313506,-0.9931543351821099,1.5836955472768846,1.8026796405535377
2020-05-15 09:30:00,2.1976071956618966,19552.76761904762,37236.34285714286,14189632291.342857,0.4458773302937022,0.8440999389240378,1.5185598831034726,9,30,4,136,5,0.9906495600313506,-0.9931543351821099,1.5836955472768846,1.8026796405535377
2020-05-15 09:45:00,2.0570156340125147,18627.731904761906,41758.799999999996,14189612533.585714,0.6187774109609007,0.9747027908890652,1.6483117271123198,9,45,4,136,5,0.9906495600313506,-0.9931543351821099,1.5836955472768846,1.8026796405535377
2020-05-15 10:00:00,1.9838228821094763,18142.809523809523,46538.72857142857,14189641593.72857,0.7401480366201678,1.0088523868322155,1.7337314031363482,10,0,4,136,5,0.6978232277024489,-1.2179656599411315,1.5836955472768846,1.8026796405535377
2020-05-15 10:15:00,1.8181698822219643,17041.513333333332,50936.0,14189645991.0,0.8681890389561997,1.0928334831352862,1.8745548686073785,10,15,4,136,5,0.6978232277024489,-1.2179656599411315,1.5836955472768846,1.8026796405535377
2020-05-15 10:30:00,1.9093898810762298,17622.486666666668,55344.13333333333,14189650399.133335,1.0176574738853492,1.2203215940329364,1.9746549427035076,10,30,4,136,5,0.6978232277024489,-1.2179656599411315,1.5836955472768846,1.8026796405535377
2020-05-15 10:45:00,2.0008241638116306,18217.238095238095,59787.461904761905,14189654842.461906,1.0454391006863062,1.3505049103497533,2.081005315795222,10,45,4,136,5,0.6978232277024489,-1.2179656599411315,1.5836955472768846,1.8026796405535377
2020-05-15 11:00:00,1.8949799144401538,17528.37714285714,64233.090476190475,14189659288.090477,1.1087302961920533,1.4634463298662275,2.124837287514182,11,0,4,136,5,0.35681974126132826,-1.359287966667126,1.5836955472768846,1.8026796405535377
2020-05-15 11:15:00,1.861941021969823,17313.777619047618,68564.28095238096,14189663619.280952,1.2941382540996726,1.7358227572375955,2.162643926418019,11,15,4,136,5,0.35681974126132826,-1.359287966667126,1.5836955472768846,1.8026796405535377
2020-05-15 11:30:00,1.899748604913814,17559.64,72832.26666666666,14108649304.866667,1.3879668443843958,1.8345136647768425,2.215324784829573,11,30,4,136,5,0.35681974126132826,-1.359287966667126,1.5836955472768846,1.8026796405535377
2020-05-15 11:45:00,1.7573981743379894,16633.173333333332,77331.46666666667,14189672386.466667,1.5053692473992797,1.7938512330573533,2.1111110935767763,11,45,4,136,5,0.35681974126132826,-1.359287966667126,1.5836955472768846,1.8026796405535377
2020-05-15 12:00:00,1.7438146598868323,16544.794761904763,81366.71904761904,14189676421.719048,1.5087919945140622,1.9510103601231896,2.09175431421474,12,0,4,136,5,-0.00912207522595618,-1.4074903737028717,1.5836955472768846,1.8026796405535377
2020-05-15 12:15:00,1.8996086032572077,17558.46476190476,85608.61904761904,14189680663.619047,1.7932094604553694,1.959334445050781,2.1829514604623186,12,15,4,136,5,-0.00912207522595618,-1.4074903737028717,1.5836955472768846,1.8026796405535377
2020-05-15 12:30:00,1.8475994863167668,17220.08619047619,89946.31904761904,14189685001.319048,1.6966683446425972,2.0671440926975064,2.1198278921914127,12,30,4,136,5,-0.00912207522595618,-1.4074903737028717,1.5836955472768846,1.8026796405535377
2020-05-15 12:45:00,1.836312584158099,17147.06,94303.73333333332,14189689358.733334,1.7029106638361027,1.9710235739887167,2.188684663330573,12,45,4,136,5,-0.00912207522595618,-1.4074903737028717,1.5836955472768846,1.8026796405535377
2020-05-15 13:00:00,1.8740455280945418,17397.133333333335,98452.2,14181629233.333332,1.8122283990889547,2.191682426812596,2.0300411662327837,13,0,4,136,5,-0.37506389171324067,-1.359287966667126,1.5836955472768846,1.8026796405535377
2020-05-15 13:15:00,1.8636478719321137,17331.82238095238,102696.79047619048,14189698058.457144,1.925149327239134,1.898851726557653,1.9631774703619458,13,15,4,136,5,-0.37506389171324067,-1.359287966667126,1.5836955472768846,1.8026796405535377
2020-05-15 13:30:00,2.0011105178625788,18226.817142857144,107390.35714285714,14189702445.357143,1.913699384383462,1.9228405889174953,1.9367442985195054,13,30,4,136,5,-0.37506389171324067,-1.359287966667126,1.5836955472768846,1.8026796405535377
2020-05-15 13:45:00,1.8602871899641364,17310.55904761905,111780.09523809524,14189706835.095238,1.8488049781142213,1.5770670669109255,1.8480196130806241,13,45,4,136,5,-0.37506389171324067,-1.359287966667126,1.5836955472768846,1.8026796405535377
2020-05-15 14:00:00,1.9347043498313452,17806.1,116177.46666666667,14189711232.466665,1.9024239327538561,1.7288296582735976,1.7634052294438236,14,0,4,136,5,-0.7160673781543613,-1.2179656599411317,1.5836955472768846,1.8026796405535377
2020-05-15 14:15:00,2.0143320402627864,18327.02,120732.4,14189715787.4,2.0221721314814918,1.6233853784439924,1.7278036636324074,14,15,4,136,5,-0.7160673781543613,-1.2179656599411317,1.5836955472768846,1.8026796405535377
2020-05-15 14:30:00,1.7513793161661961,16642.04095238095,125301.52857142857,14189720356.528572,2.0023660396652945,1.442535984784567,1.2907235503154286,14,30,4,136,5,-0.7160673781543613,-1.2179656599411317,1.5836955472768846,1.8026796405535377
2020-05-15 14:45:00,1.939126532637075,17867.47238095238,129353.90952380952,14189724408.909523,1.9901890326738239,1.2771963771426436,1.30753790691802,14,45,4,136,5,-0.7160673781543613,-1.2179656599411317,1.5836955472768846,1.8026796405535377
2020-05-15 15:00:00,2.209644983362086,19638.640476190474,134048.6476190476,14189729103.64762,1.9664728842939898,1.345567506750212,1.2085912557613447,15,0,4,136,5,-1.0088937104832625,-0.9931543351821105,1.5836955472768846,1.8026796405535377
2020-05-15 15:15:00,2.068114796946652,18720.18,138921.06666666665,14189733976.066668,1.959673439246117,1.1874804406832478,1.0619486759660033,15,15,4,136,5,-1.0088937104832625,-0.9931543351821105,1.5836955472768846,1.8026796405535377
2020-05-15 15:30:00,1.3052451992478562,13755.333333333334,143026.13333333333,14189738081.133335,1.8515717034368195,0.9458481602838467,0.5904030535515358,15,30,4,136,5,-1.0088937104832625,-0.9931543351821105,1.5836955472768846,1.8026796405535377
2020-05-15 15:45:00,1.5769816358426978,15524.318571428572,146637.6380952381,14189741692.638096,1.881991540925781,0.9129544357736432,0.7620798474958168,15,45,4,136,5,-1.0088937104832625,-0.9931543351821105,1.5836955472768846,1.8026796405535377
2020-05-15 16:00:00,1.3268682481764982,13895.899047619047,150335.12380952382,14189745390.12381,1.8817385791372998,0.9181432413648032,0.5959078888917262,16,0,4,136,5,-1.2335872580701248,-0.7001745126541093,1.5836955472768846,1.8026796405535377
2020-05-15 16:15:00,0.7606512424562686,10206.89380952381,153348.16666666666,14189748403.166666,1.8453243523111822,0.6617514098156846,0.22433826633109613,16,15,4,136,5,-1.2335872580701248,-0.7001745126541093,1.5836955472768846,1.8026796405535377
2020-05-15 16:30:00,0.5961343824140575,9140.826666666666,155705.7333333333,14189750760.733334,1.764992592168515,0.5470817839710934,0.11808338150525485,16,30,4,136,5,-1.2335872580701248,-0.7001745126541093,1.5836955472768846,1.8026796405535377
2020-05-15 16:45:00,0.6596203527924148,9553.453333333333,158153.26666666666,14189753208.266665,1.7721697235667064,0.5565998964844829,0.143319585006395,16,45,4,136,5,-1.2335872580701248,-0.7001745126541093,1.5836955472768846,1.8026796405535377
2020-05-15 17:00:00,0.15844396377698228,6274.262380952381,160163.70952380952,14189755218.709524,1.7052326618317375,0.43550344738747065,-0.14729738321190358,17,0,4,136,5,-1.3748355269705475,-0.3589922830903618,1.5836955472768846,1.8026796405535377
2020-05-15 17:15:00,-0.159236349794054,4184.69619047619,161404.39047619049,14189756459.390476,1.617076173551154,0.26248820391612443,-0.35761570362080497,17,15,4,136,5,-1.3748355269705475,-0.3589922830903618,1.5836955472768846,1.8026796405535377
2020-05-15 17:30:00,-0.48563758205201973,2033.4999999999998,162237.20952380952,14189757292.209524,1.5189973789385858,0.14175847901506994,-0.5600524806089842,17,30,4,136,5,-1.3748355269705475,-0.3589922830903618,1.5836955472768846,1.8026796405535377
2020-05-15 17:45:00,-0.6719406835757057,819.44,162551.3333333333,14189757606.333334,1.4067947736050854,0.002942403863676057,-0.6765267278049671,17,45,4,136,5,-1.3748355269705475,-0.3589922830903618,1.5836955472768846,1.8026796405535377
2020-05-15 18:00:00,-0.717274961085853,526.5133333333333,162719.2,14189757774.2,1.3213638619795731,-0.06820313770948488,-0.7074403334776553,18,0,4,136,5,-1.423012681082767,0.00714134839465385,1.5836955472768846,1.8026796405535377
2020-05-15 18:15:00,-0.748932318350502,322.3,162827.1,14189757882.099998,1.231569072177787,-0.12414855284503534,-0.7298074524712198,18,15,4,136,5,-1.423012681082767,0.00714134839465385,1.5836955472768846,1.8026796405535377
2020-05-15 18:30:00,-0.7912265904700354,49.902857142857144,162874.9714285714,14189757929.97143,1.1284024822683623,-0.1880266949946501,-0.7532696982870184,18,30,4,136,5,-1.423012681082767,0.00714134839465385,1.5836955472768846,1.8026796405535377
2020-05-15 18:45:00,-0.7989785578343084,0.0,162876.0,14189757931.0,1.0222211716059297,-0.24130268801480623,-0.76135947749374,18,45,4,136,5,-1.423012681082767,0.00714134839465385,1.5836955472768846,1.8026796405535377
2020-05-15 19:00:00,-0.7989785578343084,0.0,162876.0,14189757931.0,0.9016460202886724,-0.29875887520359445,-0.76135947749374,19,0,4,136,5,-1.3748355269705475,0.37327497987966957,1.5836955472768846,1.8026796405535377
2020-05-15 19:15:00,-0.7989785578343084,0.0,162876.0,14189757931.0,0.7904775435272346,-0.36500485607504274,-0.76135947749374,19,15,4,136,5,-1.3748355269705475,0.37327497987966957,1.5836955472768846,1.8026796405535377
2020-05-15 19:30:00,-0.7989785578343084,0.0,162876.0,14189757931.0,0.7150545579878325,-0.381215462394172,-0.76135947749374,19,30,4,136,5,-1.3748355269705475,0.37327497987966957,1.5836955472768846,1.8026796405535377
2020-05-15 19:45:00,-0.7989785578343084,0.0,162876.0,14189757931.0,0.6493504426782389,-0.41841626340785504,-0.76135947749374,19,45,4,136,5,-1.3748355269705475,0.37327497987966957,1.5836955472768846,1.8026796405535377
2020-05-15 20:00:00,-0.7989785578343084,0.0,162876.0,14189757931.0,0.6357268365586708,-0.46286850866421364,-0.76135947749374,20,0,4,136,5,-1.233587258070125,0.7144572094434171,1.5836955472768846,1.8026796405535377
2020-05-15 20:15:00,-0.7989785578343084,0.0,162312.13333333333,14070093458.2,0.4832107265378939,-0.5408027779292746,-0.76135947749374,20,15,4,136,5,-1.233587258070125,0.7144572094434171,1.5836955472768846,1.8026796405535377
2020-05-15 20:30:00,-0.7989785578343084,0.0,162876.0,14189757931.0,0.42523398455376116,-0.5388203758366382,-0.76135947749374,20,30,4,136,5,-1.233587258070125,0.7144572094434171,1.5836955472768846,1.8026796405535377
2020-05-15 20:45:00,-0.7989785578343084,0.0,162876.0,14189757931.0,0.5418406288025241,-0.3815615748985978,-0.7609966278002447,20,45,4,136,5,-1.233587258070125,0.7144572094434171,1.5836955472768846,1.8026796405535377
2020-05-15 21:00:00,-0.7989785578343084,0.0,162876.0,14189757931.0,0.2977412755429731,-0.39827582154971897,-0.76135947749374,21,0,4,136,5,-1.0088937104832634,1.0074370319714179,1.5836955472768846,1.8026796405535377
2020-05-15 21:15:00,-0.7989785578343084,0.0,162199.92857142858,14182138924.857143,0.05637417211110835,-0.48350055500339684,-0.76135947749374,21,15,4,136,5,-1.0088937104832634,1.0074370319714179,1.5836955472768846,1.8026796405535377
2020-05-15 21:30:00,-0.7989785578343084,0.0,162876.0,14189757931.0,-0.0733309576716292,-0.5438903484848473,-0.76135947749374,21,30,4,136,5,-1.0088937104832634,1.0074370319714179,1.5836955472768846,1.8026796405535377
2020-05-15 21:45:00,-0.7989785578343084,0.0,162876.0,14189757931.0,-0.10304290023866562,-0.5757049122988847,-0.76135947749374,21,45,4,136,5,-1.0088937104832634,1.0074370319714179,1.5836955472768846,1.8026796405535377
2020-05-15 22:00:00,-0.7989785578343084,0.0,162876.0,14189757931.0,-0.0961627607772167,-0.5842207826465328,-0.76135947749374,22,0,4,136,5,-0.7160673781543622,1.2322483567304392,1.5836955472768846,1.8026796405535377
2020-05-15 22:15:00,-0.7989785578343084,0.0,162876.0,14189757931.0,-0.0974993544263487,-0.5884607428062344,-0.76135947749374,22,15,4,136,5,-0.7160673781543622,1.2322483567304392,1.5836955472768846,1.8026796405535377
2020-05-15 22:30:00,-0.7989785578343084,0.0,162876.0,14189757931.0,-0.11986913349482842,-0.5907901442895971,-0.76135947749374,22,30,4,136,5,-0.7160673781543622,1.2322483567304392,1.5836955472768846,1.8026796405535377
2020-05-15 22:45:00,-0.7989785578343084,0.0,162402.93333333335,14079093121.2,-0.1394384916183659,-0.595663761397691,-0.76135947749374,22,45,4,136,5,-0.7160673781543622,1.2322483567304392,1.5836955472768846,1.8026796405535377
2020-05-15 23:00:00,-0.7989785578343084,0.0,162876.0,14189757931.0,-0.24180637248792147,-0.6172361213948543,-0.76135947749374,23,0,4,136,5,-0.3750638917132417,1.373570663456434,1.5836955472768846,1.8026796405535377
2020-05-15 23:30:00,-0.7989785578343084,0.0,162876.0,14189757931.0,-0.4196987165611435,-0.7374086912314989,-0.76135947749374,23,30,4,136,5,-0.3750638917132417,1.373570663456434,1.5836955472768846,1.8026796405535377
2020-05-15 23:45:00,-0.7989785578343084,0.0,149506.4,14189757931.0,-0.46569900014854215,-0.7595346701630865,-0.76135947749374,23,45,4,136,5,-0.3750638917132417,1.373570663456434,1.5836955472768846,1.8026796405535377
2020-05-16 00:00:00,-0.7989785578343084,0.0,51525.26666666666,14189757931.0,-0.5192328331810337,-0.7911598410809015,-0.76135947749374,0,0,5,137,5,-0.009122075225956353,1.4217730704921798,1.4590684828297402,1.620061587643963
2020-05-16 00:15:00,-0.7989785578343084,0.0,27001.0,14189757931.0,-0.48178536154848095,-0.7832060069166226,-0.76135947749374,0,15,5,137,5,-0.009122075225956353,1.4217730704921798,1.4590684828297402,1.620061587643963
2020-05-16 00:30:00,-0.7989785578343084,0.0,27001.0,14189757931.0,-0.49452987317598934,-0.7699900591095142,-0.76135947749374,0,30,5,137,5,-0.009122075225956353,1.4217730704921798,1.4590684828297402,1.620061587643963
2020-05-16 00:45:00,-0.7989785578343084,0.0,27001.0,14189757931.0,-0.4843060748536233,-0.7540630509192804,-0.76135947749374,0,45,5,137,5,-0.009122075225956353,1.4217730704921798,1.4590684828297402,1.620061587643963
2020-05-16 01:00:00,-0.7989785578343084,0.0,26160.8,14189757931.0,-0.5397402344484693,-0.7811597110594412,-0.76135947749374,1,0,5,137,5,0.35681974126132787,1.3735706634564342,1.4590684828297402,1.620061587643963
2020-05-16 01:15:00,-0.7989785578343084,0.0,22800.0,14189757931.0,-0.5978259316471937,-0.8173780044387092,-0.76135947749374,1,15,5,137,5,0.35681974126132787,1.3735706634564342,1.4590684828297402,1.620061587643963
2020-05-16 01:30:00,-0.7989785578343084,0.0,22800.0,14189757931.0,-0.642353107005416,-0.8325037054680544,-0.76135947749374,1,30,5,137,5,0.35681974126132787,1.3735706634564342,1.4590684828297402,1.620061587643963
2020-05-16 01:45:00,-0.7989785578343084,0.0,22800.0,14189757931.0,-0.6538093303988975,-0.8292430361801221,-0.76135947749374,1,45,5,137,5,0.35681974126132787,1.3735706634564342,1.4590684828297402,1.620061587643963
2020-05-16 02:00:00,-0.7989785578343084,0.0,22800.0,14189757931.0,-0.7058991319460315,-0.8452513653887452,-0.76135947749374,2,0,5,137,5,0.6978232277024489,1.2322483567304396,1.4590684828297402,1.620061587643963
2020-05-16 02:15:00,-0.7989785578343084,0.0,22800.0,14189757931.0,-0.7803533848716051,-0.8824868083663507,-0.76135947749374,2,15,5,137,5,0.6978232277024489,1.2322483567304396,1.4590684828297402,1.620061587643963
2020-05-16 02:30:00,-0.7989785578343084,0.0,22800.0,14182323126.6,-0.8326605914149356,-0.9133069180416005,-0.76135947749374,2,30,5,137,5,0.6978232277024489,1.2322483567304396,1.4590684828297402,1.620061587643963
2020-05-16 02:45:00,-0.7989785578343084,0.0,22800.0,14189757931.0,-0.9035910921238958,-0.935392023983797,-0.76135947749374,2,45,5,137,5,0.6978232277024489,1.2322483567304396,1.4590684828297402,1.620061587643963
2020-05-16 03:00:00,-0.7989785578343084,0.0,22800.0,14189757931.0,-0.939214933478934,-0.9628519061631479,-0.76135947749374,3,0,5,137,5,0.9906495600313504,1.007437031971418,1.4590684828297402,1.620061587643963
2020-05-16 03:15:00,-0.7989785578343084,0.0,22800.0,14189757931.0,-1.0216233623255935,-0.9840526111070029,-0.76135947749374,3,15,5,137,5,0.9906495600313504,1.007437031971418,1.4590684828297402,1.620061587643963
2020-05-16 03:30:00,-0.7989785578343084,0.0,22800.0,14189757931.0,-1.033735083188623,-0.9978246736224442,-0.76135947749374,3,30,5,137,5,0.9906495600313504,1.007437031971418,1.4590684828297402,1.620061587643963
2020-05-16 03:45:00,-0.7989785578343084,0.0,22517.4,14189757931.0,-1.0085153180904862,-1.002851918394304,-0.76135947749374,3,45,5,137,5,0.9906495600313504,1.007437031971418,1.4590684828297402,1.620061587643963
2020-05-16 04:00:00,-0.7989785578343084,0.0,18561.0,14189757931.0,-1.078623282879163,-1.0058782727218696,-0.76135947749374,4,0,5,137,5,1.2153431076182126,0.7144572094434171,1.4590684828297402,1.620061587643963
2020-05-16 04:15:00,-0.7989785578343084,0.0,18561.0,14189757931.0,-1.1533415893241385,-1.0107395805994859,-0.76135947749374,4,15,5,137,5,1.2153431076182126,0.7144572094434171,1.4590684828297402,1.620061587643963
2020-05-16 04:30:00,-0.7989785578343084,0.0,18561.0,14189757931.0,-1.129895728856801,-1.0012347727155753,-0.76135947749374,4,30,5,137,5,1.2153431076182126,0.7144572094434171,1.4590684828297402,1.620061587643963
2020-05-16 04:45:00,-0.7989785578343084,0.0,18561.0,14189757931.0,-1.1477631338248784,-1.014007739552126,-0.76135947749374,4,45,5,137,5,1.2153431076182126,0.7144572094434171,1.4590684828297402,1.620061587643963
2020-05-16 05:00:00,-0.7989785578343084,0.0,18561.0,14189757931.0,-1.2169407049671734,-1.037033724587101,-0.76135947749374,5,0,5,137,5,1.3565913765186348,0.37327497987967023,1.4590684828297402,1.620061587643963
2020-05-16 05:15:00,-0.7989785578343084,0.0,18561.0,14189757931.0,-1.2046791382006365,-1.051910689337487,-0.76135947749374,5,15,5,137,5,1.3565913765186348,0.37327497987967023,1.4590684828297402,1.620061587643963
2020-05-16 05:30:00,-0.7989785578343084,0.0,631.0,14079093121.2,-1.1929511634867112,-1.064378223821703,-0.76135947749374,5,30,5,137,5,1.3565913765186348,0.37327497987967023,1.4590684828297402,1.620061587643963
2020-05-16 05:45:00,-0.7989785578343084,0.0,0.0,14189599249.857143,-1.1707258904883588,-1.03299393784093,-0.7569253738599154,5,45,5,137,5,1.3565913765186348,0.37327497987967023,1.4590684828297402,1.620061587643963
2020-05-16 06:00:00,-0.7519923035901729,302.6719047619048,22.295238095238098,14189757953.29524,-1.1022174413783559,-0.9748667985185235,-0.7220733189148755,6,0,5,137,5,1.4047685306308542,0.007141348394654197,1.4590684828297402,1.620061587643963
2020-05-16 06:15:00,-0.6442086530847033,998.9066666666666,179.79999999999998,14095618611.666666,-1.1203485997902976,-0.9363647098840205,-0.6553598018613684,6,15,5,137,5,1.4047685306308542,0.007141348394654197,1.4590684828297402,1.620061587643963
2020-05-16 06:30:00,-0.5154573640562624,1836.4485714285713,533.347619047619,14189758464.34762,-0.9748442684830516,-0.8341128756541328,-0.5777878978542873,6,30,5,137,5,1.4047685306308542,0.007141348394654197,1.4590684828297402,1.620061587643963
2020-05-16 06:45:00,-0.3808153019598044,2715.6866666666665,1101.0666666666666,14189759032.066668,-0.7947653012995928,-0.7060623402921723,-0.4975464942588758,6,45,5,137,5,1.4047685306308542,0.007141348394654197,1.4590684828297402,1.620061587643963
2020-05-16 07:00:00,-0.24439160818029942,3625.84380952381,1899.5047619047618,14189759830.504763,-0.6498396446164201,-0.543224229457247,-0.37835388357610383,7,0,5,137,5,1.3565913765186348,-0.3589922830903618,1.4590684828297402,1.620061587643963
2020-05-16 07:15:00,0.030753105237237337,5433.604761904762,2946.4666666666667,14189760877.466665,-0.5101479966544801,-0.48427380743608583,-0.1654186093429486,7,15,5,137,5,1.3565913765186348,-0.3589922830903618,1.4590684828297402,1.620061587643963
2020-05-16 07:30:00,0.48332016269907474,8408.233333333334,4722.0,14189762653.0,-0.35930581402932604,-0.4159815873476529,0.18824317136197158,7,30,5,137,5,1.3565913765186348,-0.3589922830903618,1.4590684828297402,1.620061587643963
2020-05-16 07:45:00,0.4711998867649218,8324.602380952381,6858.676190476191,14133869603.47619,-0.2286567359291569,0.025650496561379157,0.16028679483578445,7,45,5,137,5,1.3565913765186348,-0.3589922830903618,1.4590684828297402,1.620061587643963
2020-05-16 08:00:00,0.99283528443162,11720.873333333333,9299.599999999999,14189767230.6,-0.13243935115814828,0.3023397852691761,0.5657672179633458,8,0,5,137,5,1.2153431076182126,-0.7001745126541085,1.4590684828297402,1.620061587643963
2020-05-16 08:15:00,1.2536341807998743,13420.211904761905,12439.485714285714,14189770370.485716,0.08774102235795844,0.6910525998313192,0.7149098381519171,8,15,5,137,5,1.2153431076182126,-0.7001745126541085,1.4590684828297402,1.620061587643963
2020-05-16 08:30:00,1.5257966876758546,15192.791428571429,15965.571428571428,14189773896.571428,0.19950414547979015,0.9511928415061484,0.8957221411998679,8,30,5,137,5,1.2153431076182126,-0.7001745126541085,1.4590684828297402,1.620061587643963
2020-05-16 08:45:00,1.6783688803858026,16185.933333333332,19910.6,14189777841.6,0.35069451206472513,1.1143681102593603,0.9830762509696442,8,45,5,137,5,1.2153431076182126,-0.7001745126541085,1.4590684828297402,1.620061587643963
2020-05-16 09:00:00,1.994662735145496,18243.19761904762,24267.061904761904,14189782198.061905,0.39954766972892447,1.232400690243628,1.2167147860644485,9,0,5,137,5,0.9906495600313506,-0.9931543351821099,1.4590684828297402,1.620061587643963
2020-05-16 09:15:00,2.1926648945712524,19529.97857142857,28983.39523809524,14189786914.395237,0.5615354265959678,1.4183763793142536,1.3645562800052051,9,15,5,137,5,0.9906495600313506,-0.9931543351821099,1.4590684828297402,1.620061587643963
2020-05-16 09:30:00,2.377042224072267,20727.341428571428,33962.40476190476,14189791893.404762,0.7037747817084524,1.6865689433002522,1.5064422477538915,9,30,5,137,5,0.9906495600313506,-0.9931543351821099,1.4590684828297402,1.620061587643963
2020-05-16 09:45:00,2.3677423892589133,20661.109047619047,39201.461904761905,14189797132.461903,0.792541191597481,1.8495092051100963,1.621465498916892,9,45,5,137,5,0.9906495600313506,-0.9931543351821099,1.4590684828297402,1.620061587643963
2020-05-16 10:00:00,1.8716529411699758,17418.533333333333,43924.53333333333,14189801855.533333,0.8647714425084762,1.9010233117680078,1.7125163225929478,10,0,5,137,5,0.6978232277024489,-1.2179656599411315,1.4590684828297402,1.620061587643963
2020-05-16 10:15:00,1.990876125609587,18185.29238095238,48401.719047619044,14189806332.71905,0.9942224158674812,2.0510983822944717,1.8022192079237138,10,15,5,137,5,0.6978232277024489,-1.2179656599411315,1.4590684828297402,1.620061587643963
2020-05-16 10:30:00,1.6879724089048214,16192.338571428569,52618.00476190476,14182375744.604763,1.1767352390602182,2.117775571557555,1.93362266306415,10,30,5,137,5,0.6978232277024489,-1.2179656599411315,1.4590684828297402,1.620061587643963
2020-05-16 10:45:00,1.754726583092664,16632.631904761904,56778.57142857143,14189814709.571428,1.205306466602341,2.1517377810405174,1.9028940842056477,10,45,5,137,5,0.6978232277024489,-1.2179656599411315,1.4590684828297402,1.620061587643963
2020-05-16 11:00:00,1.8339932091090057,17139.98380952381,60999.74285714285,14189818930.742859,1.2704963887173302,2.2949952185904055,2.0102109606152183,11,0,5,137,5,0.35681974126132826,-1.359287966667126,1.4590684828297402,1.620061587643963
2020-05-16 11:15:00,1.8657830755868645,17346.83238095238,65264.6380952381,14189823195.638096,1.4318355261051887,2.3954694184811247,2.0417433653735246,11,15,5,137,5,0.35681974126132826,-1.359287966667126,1.4590684828297402,1.620061587643963
2020-05-16 11:30:00,1.942074916148442,17839.440000000002,69717.46666666666,14189827648.466667,1.4300969127322054,2.4158944792312864,2.194554826094573,11,30,5,137,5,0.35681974126132826,-1.359287966667126,1.4590684828297402,1.620061587643963
2020-05-16 11:45:00,1.821142526978615,17051.142857142855,74085.42380952381,14189832016.42381,1.5820651355551476,2.476875562794514,2.2204084898933614,11,45,5,137,5,0.35681974126132826,-1.359287966667126,1.4590684828297402,1.620061587643963
2020-05-16 12:00:00,1.6165592906999242,15727.69904761905,78280.6761904762,14189836211.676191,1.758869733531903,2.658478194014942,2.1908056175213155,12,0,5,137,5,-0.00912207522595618,-1.4074903737028717,1.4590684828297402,1.620061587643963
2020-05-16 12:15:00,1.2479778141752569,13366.500952380951,81777.73333333334,14189839708.733334,1.7888391689740506,2.339337700582066,1.0577352110127047,12,15,5,137,5,-0.00912207522595618,-1.4074903737028717,1.4590684828297402,1.620061587643963
2020-05-16 12:30:00,1.5907244895900836,15586.794285714286,85480.90952380952,14189843411.909525,1.6423256296664464,1.8270632716549762,1.4440760118716027,12,30,5,137,5,-0.00912207522595618,-1.4074903737028717,1.4590684828297402,1.620061587643963
2020-05-16 12:45:00,0.8579249928615726,10827.934285714286,88668.64285714286,14189846599.642857,1.6280553275734684,1.6594361554875934,0.706140535658003,12,45,5,137,5,-0.00912207522595618,-1.4074903737028717,1.4590684828297402,1.620061587643963
2020-05-16 13:00:00,1.6533476872722013,15991.596666666666,92057.65238095238,14189849988.652382,1.5918248926959504,1.6374548937189022,1.3543028464193911,13,0,5,137,5,-0.37506389171324067,-1.359287966667126,1.4590684828297402,1.620061587643963
2020-05-16 13:15:00,1.6809466376971633,16168.62,96045.90952380952,14189853976.909523,1.6949437757222305,1.7180901278719485,1.2953391780070405,13,15,5,137,5,-0.37506389171324067,-1.359287966667126,1.4590684828297402,1.620061587643963
2020-05-16 13:30:00,1.8876448837117368,17497.001904761906,100241.92857142857,14189858172.928572,1.7428342951124574,1.9383690335886594,1.7739241016170557,13,30,5,137,5,-0.37506389171324067,-1.359287966667126,1.4590684828297402,1.620061587643963
2020-05-16 13:45:00,0.7812385502811209,10322.661904761904,103258.63333333333,14039864499.033333,1.6818073508717717,1.57117712778069,0.5887409079118324,13,45,5,137,5,-0.37506389171324067,-1.359287966667126,1.4590684828297402,1.620061587643963
2020-05-16 14:00:00,1.2954261024288338,13678.706666666667,106751.8,14189864682.800001,1.5097980223074126,1.197681866337878,1.149429141615564,14,0,5,137,5,-0.7160673781543613,-1.2179656599411317,1.4590684828297402,1.620061587643963
2020-05-16 14:15:00,2.035412636289533,18474.928095238094,110767.25714285714,14189868698.257145,1.4862604345233343,1.1536664251240365,1.3894170674705484,14,15,5,137,5,-0.7160673781543613,-1.2179656599411317,1.4590684828297402,1.620061587643963
2020-05-16 14:30:00,2.056428155093638,18605.33714285714,115448.37142857142,14189873379.371428,1.554195684848108,1.4507261614184523,1.6416480892301102,14,30,5,137,5,-0.7160673781543613,-1.2179656599411317,1.4590684828297402,1.620061587643963
2020-05-16 14:45:00,1.2672453102566923,13503.72619047619,119503.21904761904,14189877434.219048,1.4775803437665629,1.112162758433567,0.636932078607358,14,45,5,137,5,-0.7160673781543613,-1.2179656599411317,1.4590684828297402,1.620061587643963
2020-05-16 15:00:00,1.2856760074456615,13624.586190476191,123060.6380952381,14189880991.638096,1.3771260044058915,0.8938430955487413,0.5744434307142716,15,0,5,137,5,-1.0088937104832625,-0.9931543351821105,1.4590684828297402,1.620061587643963
2020-05-16 15:15:00,0.6644764551056989,9587.393333333333,125749.53333333333,14189883680.533335,1.2741162752053508,0.5807627328298135,0.1549562157018314,15,15,5,137,5,-1.0088937104832625,-0.9931543351821105,1.4590684828297402,1.620061587643963
2020-05-16 15:30:00,1.0890569530708696,12347.567619047619,128638.08571428571,14189886569.085714,1.361156013486435,0.6954678606348378,0.4240088708809722,15,30,5,137,5,-1.0088937104832625,-0.9931543351821105,1.4590684828297402,1.620061587643963
2020-05-16 15:45:00,0.7108103672781261,9889.089523809524,131293.94285714286,14189889224.942858,1.3137882337767104,0.6013151800507084,0.17774784693720416,15,45,5,137,5,-1.0088937104832625,-0.9931543351821105,1.4590684828297402,1.620061587643963
2020-05-16 16:00:00,0.2869234555016452,7112.233809523809,133537.25238095238,14189891468.25238,1.2725748349371127,0.4745572080030116,-0.09160228856136209,16,0,5,137,5,-1.2335872580701248,-0.7001745126541093,1.4590684828297402,1.620061587643963
2020-05-16 16:15:00,0.250741019208623,6883.972857142858,133960.33809523808,13865816704.671429,1.2050771840659076,0.3688938807018368,-0.10076055059283003,16,15,5,137,5,-1.2335872580701248,-0.7001745126541093,1.4590684828297402,1.620061587643963
2020-05-16 16:30:00,-0.25379740755025876,3559.8066666666664,131889.73333333334,12974607870.733334,1.061386959685665,0.2788981296595663,-0.40947220908358767,16,30,5,137,5,-1.2335872580701248,-0.7001745126541093,1.4590684828297402,1.620061587643963
2020-05-16 16:45:00,-0.4696479942781832,2138.552857142857,132480.45714285714,12974608461.457144,0.667766721423431,-0.033267131644476644,-0.5595893544985657,16,45,5,137,5,-1.2335872580701248,-0.7001745126541093,1.4590684828297402,1.620061587643963
2020-05-16 17:00:00,-0.3771626287691809,2748.0790476190473,132673.73809523808,12955768518.471428,0.6626026041265956,-0.013226175143952563,-0.4929685426946746,17,0,5,137,5,-1.3748355269705475,-0.3589922830903618,1.4590684828297402,1.620061587643963
2020-05-16 17:15:00,-0.6507151622866926,957.4709523809524,133630.81904761904,12974609611.819048,0.7276073191885682,-0.10434881320835962,-0.6685578420379944,17,15,5,137,5,-1.3748355269705475,-0.3589922830903618,1.4590684828297402,1.620061587643963
2020-05-16 17:30:00,-0.7463736132523486,338.8614285714286,133775.9,12974609756.900002,0.5833505818787615,-0.41093249805413773,-0.7447242231151915,17,30,5,137,5,-1.3748355269705475,-0.3589922830903618,1.4590684828297402,1.620061587643963
2020-05-16 17:45:00,-0.7734932613697564,164.02666666666667,133835.3333333333,12974609816.333334,0.4194995491428778,-0.5757643699155538,-0.7532094056941926,17,45,5,137,5,-1.3748355269705475,-0.3589922830903618,1.4590684828297402,1.620061587643963
2020-05-16 18:00:00,-0.7963887412569091,16.682380952380953,133858.8,12974609839.8,0.20415679913602688,-0.6215303960561669,-0.76135947749374,18,0,5,137,5,-1.423012681082767,0.00714134839465385,1.4590684828297402,1.620061587643963
2020-05-16 18:15:00,-0.7989785578343084,0.0,133859.0,12974609840.0,0.06497523614029944,-0.6404464210516243,-0.7600715608499281,18,15,5,137,5,-1.423012681082767,0.00714134839465385,1.4590684828297402,1.620061587643963
2020-05-16 18:30:00,-0.7989785578343084,0.0,133859.0,12974609840.0,0.10614202342643134,-0.6384523344870369,-0.7578866205292207,18,30,5,137,5,-1.423012681082767,0.00714134839465385,1.4590684828297402,1.620061587643963
2020-05-16 18:45:00,-0.7989785578343084,0.0,133307.42857142858,12966990282.285715,0.192003399615942,-0.6782488279096519,-0.7593513104321509,18,45,5,137,5,-1.423012681082767,0.00714134839465385,1.4590684828297402,1.620061587643963
2020-05-16 19:00:00,-0.7989785578343084,0.0,133859.0,12974609840.0,0.3505441985075247,-0.5178637950959853,-0.7570611042595864,19,0,5,137,5,-1.3748355269705475,0.37327497987966957,1.4590684828297402,1.620061587643963
2020-05-16 19:15:00,-0.7989785578343084,0.0,134830.4,13217667201.4,0.2878177497493477,-0.4024076706411482,-0.7610973750759757,19,15,5,137,5,-1.3748355269705475,0.37327497987966957,1.4590684828297402,1.620061587643963
2020-05-16 19:30:00,-0.7989785578343084,0.0,138716.0,14189896647.0,0.25458479396452455,-0.4321936277889168,-0.76135947749374,19,30,5,137,5,-1.3748355269705475,0.37327497987966957,1.4590684828297402,1.620061587643963
2020-05-16 19:45:00,-0.7989785578343084,0.0,138716.0,14189896647.0,0.15979901048153095,-0.46169195324393136,-0.76135947749374,19,45,5,137,5,-1.3748355269705475,0.37327497987966957,1.4590684828297402,1.620061587643963
2020-05-16 20:00:00,-0.7989785578343084,0.0,138716.0,14189896647.0,0.005558766002267883,-0.5089316962582356,-0.76135947749374,20,0,5,137,5,-1.233587258070125,0.7144572094434171,1.4590684828297402,1.620061587643963
2020-05-16 20:15:00,-0.7989785578343084,0.0,138716.0,14189896647.0,-0.12525408344924782,-0.5697540461489168,-0.76135947749374,20,15,5,137,5,-1.233587258070125,0.7144572094434171,1.4590684828297402,1.620061587643963
2020-05-16 20:30:00,-0.7989785578343084,0.0,138716.0,14189896647.0,-0.1253851954103246,-0.5996780119019549,-0.76135947749374,20,30,5,137,5,-1.233587258070125,0.7144572094434171,1.4590684828297402,1.620061587643963
2020-05-16 20:45:00,-0.7989785578343084,0.0,138716.0,14189896647.0,-0.0889587944765087,-0.6022317127570863,-0.76135947749374,20,45,5,137,5,-1.233587258070125,0.7144572094434171,1.4590684828297402,1.620061587643963
2020-05-16 21:00:00,-0.7989785578343084,0.0,138716.0,14189896647.0,-0.037722090139842686,-0.5861746508577984,-0.76135947749374,21,0,5,137,5,-1.0088937104832634,1.0074370319714179,1.4590684828297402,1.620061587643963
2020-05-16 21:15:00,-0.7989785578343084,0.0,138716.0,14189896647.0,-0.03027958726458816,-0.5686818910058836,-0.76135947749374,21,15,5,137,5,-1.0088937104832634,1.0074370319714179,1.4590684828297402,1.620061587643963
2020-05-16 21:30:00,-0.7989785578343084,0.0,138201.26666666666,14095756633.133333,-0.07791311030756942,-0.5949039583416444,-0.76135947749374,21,30,5,137,5,-1.0088937104832634,1.0074370319714179,1.4590684828297402,1.620061587643963
2020-05-16 21:45:00,-0.7989785578343084,0.0,138716.0,14189896647.0,-0.10998236506548507,-0.6082301794612754,-0.76135947749374,21,45,5,137,5,-1.0088937104832634,1.0074370319714179,1.4590684828297402,1.620061587643963
2020-05-16 22:00:00,-0.7989785578343084,0.0,138224.53333333333,14181831514.533333,-0.11292409784122816,-0.6006838134367797,-0.76135947749374,22,0,5,137,5,-0.7160673781543622,1.2322483567304392,1.4590684828297402,1.620061587643963
2020-05-16 22:15:00,-0.7989785578343084,0.0,138716.0,14189896647.0,-0.14166204028142007,-0.5926706690729082,-0.76135947749374,22,15,5,137,5,-0.7160673781543622,1.2322483567304392,1.4590684828297402,1.620061587643963
2020-05-16 22:30:00,-0.7989785578343084,0.0,138716.0,14189896647.0,-0.10002174567185784,-0.5182508650415427,-0.76135947749374,22,30,5,137,5,-0.7160673781543622,1.2322483567304392,1.4590684828297402,1.620061587643963
2020-05-16 22:45:00,-0.7989785578343084,0.0,138716.0,14189896647.0,-0.12466200581100613,-0.5128148772487194,-0.76135947749374,22,45,5,137,5,-0.7160673781543622,1.2322483567304392,1.4590684828297402,1.620061587643963
2020-05-16 23:00:00,-0.7989785578343084,0.0,138192.4,14150323492.266666,-0.28429368020319784,-0.562786842338775,-0.76135947749374,23,0,5,137,5,-0.3750638917132417,1.373570663456434,1.4590684828297402,1.620061587643963
2020-05-16 23:15:00,-0.7989785578343084,0.0,138716.0,14189896647.0,-0.37718261767624256,-0.6032834463441964,-0.76135947749374,23,15,5,137,5,-0.3750638917132417,1.373570663456434,1.4590684828297402,1.620061587643963
2020-05-16 23:30:00,-0.7989785578343084,0.0,138716.0,14189896647.0,-0.4381814910917902,-0.6389317590374505,-0.76135947749374,23,30,5,137,5,-0.3750638917132417,1.373570663456434,1.4590684828297402,1.620061587643963
2020-05-16 23:45:00,-0.7989785578343084,0.0,126347.26666666666,14189896647.0,-0.5197071322505304,-0.6965342607253029,-0.76135947749374,23,45,5,137,5,-0.3750638917132417,1.373570663456434,1.4590684828297402,1.620061587643963
2020-05-17 00:00:00,-0.7989785578343084,0.0,40881.933333333334,14189896647.0,-0.5750521580771857,-0.7092225756422397,-0.76135947749374,0,0,6,138,5,-0.009122075225956353,1.4217730704921798,1.332286756255458,1.4405737366519928
2020-05-17 00:15:00,-0.7989785578343084,0.0,23297.0,14189896647.0,-0.6081972546052932,-0.737932705855682,-0.76135947749374,0,15,6,138,5,-0.009122075225956353,1.4217730704921798,1.332286756255458,1.4405737366519928
2020-05-17 00:30:00,-0.7989785578343084,0.0,23297.0,14189896647.0,-0.6704855134735108,-0.7668878277064382,-0.76135947749374,0,30,6,138,5,-0.009122075225956353,1.4217730704921798,1.332286756255458,1.4405737366519928
2020-05-17 00:45:00,-0.7989785578343084,0.0,23297.0,14189896647.0,-0.665175768601214,-0.7777018801098157,-0.76135947749374,0,45,6,138,5,-0.009122075225956353,1.4217730704921798,1.332286756255458,1.4405737366519928
2020-05-17 01:00:00,-0.7989785578343084,0.0,22161.6,14189896647.0,-0.6988350326879756,-0.7982165485106795,-0.76135947749374,1,0,6,138,5,0.35681974126132787,1.3735706634564342,1.332286756255458,1.4405737366519928
2020-05-17 01:15:00,-0.7989785578343084,0.0,17620.0,14189896647.0,-0.7566806171060282,-0.8379728331153596,-0.76135947749374,1,15,6,138,5,0.35681974126132787,1.3735706634564342,1.332286756255458,1.4405737366519928
2020-05-17 01:30:00,-0.7989785578343084,0.0,17620.0,14189896647.0,-0.7916312125489602,-0.8845692000478395,-0.76135947749374,1,30,6,138,5,0.35681974126132787,1.3735706634564342,1.332286756255458,1.4405737366519928
2020-05-17 01:45:00,-0.7989785578343084,0.0,17620.0,14189896647.0,-0.9177066556249164,-0.9358076428766353,-0.76135947749374,1,45,6,138,5,0.35681974126132787,1.3735706634564342,1.332286756255458,1.4405737366519928
2020-05-17 02:00:00,-0.7989785578343084,0.0,17620.0,14189896647.0,-0.9412917284737093,-0.9588646028519342,-0.76135947749374,2,0,6,138,5,0.6978232277024489,1.2322483567304396,1.332286756255458,1.4405737366519928
2020-05-17 02:15:00,-0.7989785578343084,0.0,17620.0,14189896647.0,-1.0028336657506283,-0.9787347861101657,-0.76135947749374,2,15,6,138,5,0.6978232277024489,1.2322483567304396,1.332286756255458,1.4405737366519928
2020-05-17 02:30:00,-0.7989785578343084,0.0,17620.0,14189896647.0,-1.0529014622640889,-1.007052378119935,-0.76135947749374,2,30,6,138,5,0.6978232277024489,1.2322483567304396,1.332286756255458,1.4405737366519928
2020-05-17 02:45:00,-0.7989785578343084,0.0,17620.0,14189896647.0,-1.0449628381894578,-0.9849829463507691,-0.76135947749374,2,45,6,138,5,0.6978232277024489,1.2322483567304396,1.332286756255458,1.4405737366519928
2020-05-17 03:00:00,-0.7989785578343084,0.0,17620.0,14189896647.0,-1.0704288557432784,-0.991233558043896,-0.76135947749374,3,0,6,138,5,0.9906495600313504,1.007437031971418,1.332286756255458,1.4405737366519928
2020-05-17 03:15:00,-0.7989785578343084,0.0,17620.0,14189896647.0,-1.1238974701103575,-1.016389108606035,-0.76135947749374,3,15,6,138,5,0.9906495600313504,1.007437031971418,1.332286756255458,1.4405737366519928
2020-05-17 03:30:00,-0.7989785578343084,0.0,17620.0,14189896647.0,-1.0849114545321725,-0.9913535123483038,-0.76135947749374,3,30,6,138,5,0.9906495600313504,1.007437031971418,1.332286756255458,1.4405737366519928
2020-05-17 03:45:00,-0.7989785578343084,0.0,17195.666666666668,14189896647.0,-1.0378275152471823,-0.945705893014217,-0.76135947749374,3,45,6,138,5,0.9906495600313504,1.007437031971418,1.332286756255458,1.4405737366519928
2020-05-17 04:00:00,-0.7989785578343084,0.0,11255.0,14189896647.0,-1.0266921967344051,-0.9348121820870918,-0.76135947749374,4,0,6,138,5,1.2153431076182126,0.7144572094434171,1.332286756255458,1.4405737366519928
2020-05-17 04:15:00,-0.7989785578343084,0.0,11255.0,14189896647.0,-0.9629344755187984,-0.8999089412312279,-0.7612245284707803,4,15,6,138,5,1.2153431076182126,0.7144572094434171,1.332286756255458,1.4405737366519928
2020-05-17 04:30:00,-0.7989785578343084,0.0,11255.0,14189896647.0,-0.9418383179527844,-0.8848188704132643,-0.76135947749374,4,30,6,138,5,1.2153431076182126,0.7144572094434171,1.332286756255458,1.4405737366519928
2020-05-17 04:45:00,-0.7989785578343084,0.0,11255.0,14189896647.0,-0.9018364894742033,-0.8670911176350001,-0.76135947749374,4,45,6,138,5,1.2153431076182126,0.7144572094434171,1.332286756255458,1.4405737366519928
2020-05-17 05:00:00,-0.7989785578343084,0.0,11255.0,14189896647.0,-0.939775374196519,-0.8855310665263796,-0.76135947749374,5,0,6,138,5,1.3565913765186348,0.37327497987967023,1.332286756255458,1.4405737366519928
2020-05-17 05:15:00,-0.7989785578343084,0.0,11255.0,14189896647.0,-0.9114927672392542,-0.893212325373242,-0.76135947749374,5,15,6,138,5,1.3565913765186348,0.37327497987967023,1.332286756255458,1.4405737366519928
2020-05-17 05:30:00,-0.7989785578343084,0.0,514.8,14189896647.0,-0.9523164804849975,-0.8988329832806907,-0.76135947749374,5,30,6,138,5,1.3565913765186348,0.37327497987967023,1.332286756255458,1.4405737366519928
2020-05-17 05:45:00,-0.7989785578343084,0.0,0.0,14189896647.0,-1.0016337333011835,-0.9285712677867146,-0.7610762902034598,5,45,6,138,5,1.3565913765186348,0.37327497987967023,1.332286756255458,1.4405737366519928
2020-05-17 06:00:00,-0.7861734725737296,82.42,2.533333333333333,14189896649.533335,-1.0377514968308208,-0.9053496170014862,-0.7446673871370316,6,0,6,138,5,1.4047685306308542,0.007141348394654197,1.332286756255458,1.4405737366519928
2020-05-17 06:15:00,-0.7195205534066431,511.97809523809525,77.89047619047619,14189896724.890476,-0.8646617252480873,-0.8267604778903799,-0.7060084243495875,6,15,6,138,5,1.4047685306308542,0.007141348394654197,1.332286756255458,1.4405737366519928
2020-05-17 06:30:00,-0.6805896748060306,763.4190476190475,239.9904761904762,14189896886.990477,-0.8095614814530128,-0.7588665794082594,-0.6821419669637409,6,30,6,138,5,1.4047685306308542,0.007141348394654197,1.332286756255458,1.4405737366519928
2020-05-17 06:45:00,-0.6576874160415191,911.5719047619046,444.2761904761905,14189897091.276192,-0.7549708487638622,-0.7146736096075348,-0.6674103526149178,6,45,6,138,5,1.4047685306308542,0.007141348394654197,1.332286756255458,1.4405737366519928
2020-05-17 07:00:00,-0.5745066662383237,1451.4990476190476,726.1714285714286,14182785785.97143,-0.7080853859692697,-0.6656307102198833,-0.6177368645424545,7,0,6,138,5,1.3565913765186348,-0.3589922830903618,1.332286756255458,1.4405737366519928
2020-05-17 07:15:00,-0.4622042160856133,2183.94,1175.4,14189897822.400002,-0.6112819798507277,-0.5780915982843252,-0.5521430370295229,7,15,6,138,5,1.3565913765186348,-0.3589922830903618,1.332286756255458,1.4405737366519928
2020-05-17 07:30:00,-0.1884838518360236,3989.193333333333,1917.395238095238,14189898564.395237,-0.4847421704214248,-0.41907874449478466,-0.3785289587039122,7,30,6,138,5,1.3565913765186348,-0.3589922830903618,1.332286756255458,1.4405737366519928
2020-05-17 07:45:00,0.2913375750111486,7145.049047619047,3246.795238095238,14189899893.795237,-0.2662983664184863,-0.12235796420649367,-0.051129618881313406,7,45,6,138,5,1.3565913765186348,-0.3589922830903618,1.332286756255458,1.4405737366519928
2020-05-17 08:00:00,1.0486154551683466,12086.656666666666,5542.909523809523,14189902189.909523,-0.04588690181715967,0.3253144504724121,0.5362590009058927,8,0,6,138,5,1.2153431076182126,-0.7001745126541085,1.332286756255458,1.4405737366519928
2020-05-17 08:15:00,1.2052905812387364,13104.736666666666,8868.985714285714,14189905515.985714,0.11102684002043359,0.7743545387053073,0.629955013809563,8,15,6,138,5,1.2153431076182126,-0.7001745126541085,1.332286756255458,1.4405737366519928
2020-05-17 08:30:00,1.3880037320265166,14295.386666666665,12268.6,14189908915.599998,0.22295474913751331,0.8912207373360164,0.7815489086281471,8,30,6,138,5,1.2153431076182126,-0.7001745126541085,1.332286756255458,1.4405737366519928
2020-05-17 08:45:00,1.2898488702778026,13655.56238095238,15803.614285714286,14189912450.614286,0.2931394366565335,0.920704063437305,0.6575183606237203,8,45,6,138,5,1.2153431076182126,-0.7001745126541085,1.332286756255458,1.4405737366519928
2020-05-17 09:00:00,1.5783227118540395,15533.412857142856,19336.738095238095,14189915983.738094,0.307138736268651,0.8618990118165887,0.8531432852702544,9,0,6,138,5,0.9906495600313506,-0.9931543351821099,1.332286756255458,1.4405737366519928
2020-05-17 09:15:00,2.263052975162926,19986.915238095236,23799.566666666666,14189920446.566666,0.46156009117617924,1.1937973272222906,1.3859972927738482,9,15,6,138,5,0.9906495600313506,-0.9931543351821099,1.332286756255458,1.4405737366519928
2020-05-17 09:30:00,1.7935136781366703,16923.108095238094,28592.69523809524,14189925239.695238,0.6809241440055999,1.4412709022635843,1.3186759014126002,9,30,6,138,5,0.9906495600313506,-0.9931543351821099,1.332286756255458,1.4405737366519928
2020-05-17 09:45:00,1.8559527757810494,17327.48,32742.666666666664,14189929389.666666,0.7180935762240435,1.377288365557953,1.3910121543155873,9,45,6,138,5,0.9906495600313506,-0.9931543351821099,1.332286756255458,1.4405737366519928
2020-05-17 10:00:00,1.593423909910881,15616.679047619047,36918.37619047619,14189933565.37619,0.8528616886727767,1.5026943584397092,1.2743577347739496,10,0,6,138,5,0.6978232277024489,-1.2179656599411315,1.332286756255458,1.4405737366519928
2020-05-17 10:15:00,1.2125882211067756,13140.551904761904,40525.74761904762,14189937172.74762,0.8372467580843457,1.275341933739288,0.9629091137364851,10,15,6,138,5,0.6978232277024489,-1.2179656599411315,1.332286756255458,1.4405737366519928
2020-05-17 10:30:00,1.7918345858932478,16912.12857142857,44121.89523809524,14189940768.895239,0.8692701528268959,1.1947732377995324,1.2596722374164298,10,30,6,138,5,0.6978232277024489,-1.2179656599411315,1.332286756255458,1.4405737366519928
2020-05-17 10:45:00,1.7167323312731986,16411.396666666667,48313.59523809524,14189944960.595238,0.9963053972216812,1.3962377379932573,1.494623526898842,10,45,6,138,5,0.6978232277024489,-1.2179656599411315,1.332286756255458,1.4405737366519928
2020-05-17 11:00:00,1.4678821695636228,14787.346666666666,52241.26666666666,14189948888.266666,1.1387698030499473,1.4457556295022467,1.48065512232405,11,0,6,138,5,0.35681974126132826,-1.359287966667126,1.332286756255458,1.4405737366519928
2020-05-17 11:15:00,1.2685825330114302,13496.586666666666,55927.37619047619,14189952574.37619,1.188566602749442,1.4218004070325556,1.2933367176209465,11,15,6,138,5,0.35681974126132826,-1.359287966667126,1.332286756255458,1.4405737366519928
2020-05-17 11:30:00,1.0134944483564734,11845.550476190476,59024.30476190476,14189955671.304762,1.2287402638711935,1.1637906186293772,0.739454527584739,11,30,6,138,5,0.35681974126132826,-1.359287966667126,1.332286756255458,1.4405737366519928
2020-05-17 11:45:00,1.3390214195049914,13976.182380952381,62185.89047619048,14189958832.890474,1.1597709759145105,0.9019058089520314,0.6106763012140677,11,45,6,138,5,0.35681974126132826,-1.359287966667126,1.332286756255458,1.4405737366519928
2020-05-17 12:00:00,1.6628909194610308,16085.063809523808,65862.81904761905,14189962509.819048,1.1811878416390473,1.0487377751353892,0.8216040200147534,12,0,6,138,5,-0.00912207522595618,-1.4074903737028717,1.332286756255458,1.4405737366519928
2020-05-17 12:15:00,1.892118300558977,17576.47333333333,70129.2,14189966776.2,1.267058118090566,1.2347317489771696,0.9809488892082716,12,15,6,138,5,-0.00912207522595618,-1.4074903737028717,1.332286756255458,1.4405737366519928
2020-05-17 12:30:00,1.9989140188851853,18270.28619047619,74635.39523809524,14189971282.395237,1.3105551308930554,1.3467138544473727,1.0766984286004064,12,30,6,138,5,-0.00912207522595618,-1.4074903737028717,1.332286756255458,1.4405737366519928
2020-05-17 12:45:00,1.9720929981545745,18082.356666666667,79240.59047619048,14189975887.590477,1.3868698605116163,1.4352099859291407,1.3948230742200969,12,45,6,138,5,-0.00912207522595618,-1.4074903737028717,1.332286756255458,1.4405737366519928
2020-05-17 13:00:00,1.9736191018395046,18087.148095238095,83683.62857142858,14189980330.628572,1.4770616791226396,1.6417769679550913,1.5127020349341893,13,0,6,138,5,-0.37506389171324067,-1.359287966667126,1.332286756255458,1.4405737366519928
2020-05-17 13:15:00,1.4237342669478337,14492.764285714286,79785.9,13033189077.790478,1.5928395797733792,1.8725014087497833,1.6485604502920757,13,15,6,138,5,-0.37506389171324067,-1.359287966667126,1.332286756255458,1.4405737366519928
2020-05-17 13:30:00,0.6741337151473603,9615.733333333334,48143.46666666667,11111254503.066668,1.7288464550396785,2.0847624485606246,1.3138699017378088,13,30,6,138,5,-0.37506389171324067,-1.359287966667126,1.332286756255458,1.4405737366519928
2020-05-17 13:45:00,1.8909900812966949,17538.796666666665,94124.9761904762,14189990771.97619,1.754963527218048,1.7696344712405574,1.5324222610254132,13,45,6,138,5,-0.37506389171324067,-1.359287966667126,1.332286756255458,1.4405737366519928
2020-05-17 14:00:00,1.6218099950320823,15788.772380952381,98327.41904761904,14189994974.419046,1.8214901401289278,1.7105426844441296,1.5857706502158724,14,0,6,138,5,-0.7160673781543613,-1.2179656599411317,1.332286756255458,1.4405737366519928
2020-05-17 14:15:00,1.7771845042854704,16807.926666666666,102088.7,14189839704.699999,1.84612655811386,1.5659277063094594,1.4450454532899484,14,15,6,138,5,-0.7160673781543613,-1.2179656599411317,1.332286756255458,1.4405737366519928
2020-05-17 14:30:00,1.420787667351561,14498.411428571428,106383.01904761905,14190003030.019047,1.899718427967935,1.423735992379744,1.0030211391661472,14,30,6,138,5,-0.7160673781543613,-1.2179656599411317,1.332286756255458,1.4405737366519928
2020-05-17 14:45:00,1.3771207082452133,14224.36,109948.4,14190006595.4,1.8297432992254112,1.2771543611782534,0.7231215998523448,14,45,6,138,5,-0.7160673781543613,-1.2179656599411317,1.332286756255458,1.4405737366519928
2020-05-17 15:00:00,0.6079650218934888,9218.361428571428,112935.18095238095,14190009582.180952,1.7302810055413096,0.9711783146437566,0.14670227423653398,15,0,6,138,5,-1.0088937104832625,-0.9931543351821105,1.332286756255458,1.4405737366519928
2020-05-17 15:15:00,0.39780640873546524,7849.193333333334,114969.28571428571,14190011616.285715,1.5682451022020414,0.55231358795752,-0.02272080040422004,15,15,6,138,5,-1.0088937104832625,-0.9931543351821105,1.332286756255458,1.4405737366519928
2020-05-17 15:30:00,0.5942848192442173,9132.170476190477,117069.76190476191,14190013716.761906,1.6135504044599334,0.5806799562346694,0.09160751116923128,15,30,6,138,5,-1.0088937104832625,-0.9931543351821105,1.332286756255458,1.4405737366519928
2020-05-17 15:45:00,0.5596262032248038,8906.853333333333,119361.06666666667,14190016008.066666,1.590004359780856,0.6062832861645788,0.07795925907818664,15,45,6,138,5,-1.0088937104832625,-0.9931543351821105,1.332286756255458,1.4405737366519928
2020-05-17 16:00:00,0.5665131858381196,8950.80380952381,121563.94285714286,14190018210.942858,1.5485154988845646,0.5286301191409878,0.08101980929239848,16,0,6,138,5,-1.2335872580701248,-0.7001745126541093,1.332286756255458,1.4405737366519928
2020-05-17 16:15:00,1.2995912752146757,13719.603296703297,124431.57692307692,14190021078.576921,1.6625918402439832,0.7299102007423947,0.5281142126574391,16,15,6,138,5,-1.2335872580701248,-0.7001745126541093,1.332286756255458,1.4405737366519928
2020-05-17 16:30:00,1.16698799753436,12855.625714285714,127740.80476190476,14190024387.804762,1.7228063678682648,0.8793301207222238,0.4575022280311559,16,30,6,138,5,-1.2335872580701248,-0.7001745126541093,1.332286756255458,1.4405737366519928
2020-05-17 16:45:00,0.6907608028193197,9753.74238095238,130619.96666666666,14190027266.966665,1.808745210770368,0.7965666862233047,0.1546797116868718,16,45,6,138,5,-1.2335872580701248,-0.7001745126541093,1.332286756255458,1.4405737366519928
2020-05-17 17:00:00,-0.3553359994499696,2887.7533333333336,132159.93333333332,14190028806.933332,1.5888617277266106,0.41136288847034336,-0.47865867772348303,17,0,6,138,5,-1.3748355269705475,-0.3589922830903618,1.332286756255458,1.4405737366519928
2020-05-17 17:15:00,-0.2768602186732631,3406.6266666666666,132366.6,14076156013.4,1.492186954977599,0.1767435076464938,-0.4225906376203068,17,15,6,138,5,-1.3748355269705475,-0.3589922830903618,1.332286756255458,1.4405737366519928
2020-05-17 17:30:00,-0.05660436065470328,4857.433333333333,133468.19523809524,14182063698.909523,1.5406156450010413,0.27474212152210625,-0.2881624352587674,17,30,6,138,5,-1.3748355269705475,-0.3589922830903618,1.332286756255458,1.4405737366519928
2020-05-17 17:45:00,-0.41592895904148897,2488.805238095238,134888.34285714285,14190031535.342855,1.4851409822248955,0.20984657079305594,-0.5157424060066558,17,45,6,138,5,-1.3748355269705475,-0.3589922830903618,1.332286756255458,1.4405737366519928
2020-05-17 18:00:00,-0.4613186092761654,2189.615714285714,135451.89047619049,14190032098.890476,1.3699355846806718,0.1046055070234703,-0.5549286199825029,18,0,6,138,5,-1.423012681082767,0.00714134839465385,1.332286756255458,1.4405737366519928
2020-05-17 18:15:00,-0.6722124095228799,818.02,135844.6,14190032491.599998,1.2966987592559704,-0.012183477765890743,-0.6852385987046238,18,15,6,138,5,-1.423012681082767,0.00714134839465385,1.332286756255458,1.4405737366519928
2020-05-17 18:30:00,-0.7754375147528059,151.56857142857143,135953.0095238095,14190032600.009523,1.1933379074062722,-0.17434334304074642,-0.746733435489702,18,30,6,138,5,-1.423012681082767,0.00714134839465385,1.332286756255458,1.4405737366519928
2020-05-17 18:45:00,-0.7989785578343084,0.0,135962.0,14190032609.0,0.8841964038519866,-0.2570261237122726,-0.76135947749374,18,45,6,138,5,-1.423012681082767,0.00714134839465385,1.332286756255458,1.4405737366519928
2020-05-17 19:00:00,-0.7989785578343084,0.0,135962.0,14190032609.0,0.6494122911607575,-0.3020970581254284,-0.76135947749374,19,0,6,138,5,-1.3748355269705475,0.37327497987966957,1.332286756255458,1.4405737366519928
2020-05-17 19:15:00,-0.7989785578343084,0.0,135962.0,14190032609.0,0.5672678694189374,-0.3305485909445718,-0.76135947749374,19,15,6,138,5,-1.3748355269705475,0.37327497987966957,1.332286756255458,1.4405737366519928
2020-05-17 19:30:00,-0.7989785578343084,0.0,135962.0,14190032609.0,0.48439764644916095,-0.34802092428216247,-0.76135947749374,19,30,6,138,5,-1.3748355269705475,0.37327497987966957,1.332286756255458,1.4405737366519928
2020-05-17 19:45:00,-0.7989785578343084,0.0,135962.0,14190032609.0,0.4245159693684857,-0.3605690864668136,-0.76135947749374,19,45,6,138,5,-1.3748355269705475,0.37327497987966957,1.332286756255458,1.4405737366519928
2020-05-17 20:00:00,-0.7989785578343084,0.0,135962.0,14190032609.0,0.3665035971922969,-0.38294900796662446,-0.76135947749374,20,0,6,138,5,-1.233587258070125,0.7144572094434171,1.332286756255458,1.4405737366519928
2020-05-17 20:15:00,-0.7989785578343084,0.0,135962.0,14190032609.0,0.2517121811060189,-0.4110998378898002,-0.76135947749374,20,15,6,138,5,-1.233587258070125,0.7144572094434171,1.332286756255458,1.4405737366519928
2020-05-17 20:30:00,-0.7989785578343084,0.0,135962.0,14190032609.0,0.10685154933445117,-0.45526149662782583,-0.76135947749374,20,30,6,138,5,-1.233587258070125,0.7144572094434171,1.332286756255458,1.4405737366519928
2020-05-17 20:45:00,-0.7989785578343084,0.0,135962.0,14190032609.0,0.01613130417974008,-0.4902815643720218,-0.76135947749374,20,45,6,138,5,-1.233587258070125,0.7144572094434171,1.332286756255458,1.4405737366519928
2020-05-17 21:00:00,-0.7989785578343084,0.0,135962.0,14190032609.0,-0.05696919142364852,-0.5112891190005902,-0.76135947749374,21,0,6,138,5,-1.0088937104832634,1.0074370319714179,1.332286756255458,1.4405737366519928
2020-05-17 21:15:00,-0.7989785578343084,0.0,135962.0,14190032609.0,-0.12166467486711384,-0.5246553207563558,-0.76135947749374,21,15,6,138,5,-1.0088937104832634,1.0074370319714179,1.332286756255458,1.4405737366519928
2020-05-17 21:30:00,-0.7989785578343084,0.0,135962.0,14190032609.0,-0.19500149911515643,-0.5314979253846023,-0.76135947749374,21,30,6,138,5,-1.0088937104832634,1.0074370319714179,1.332286756255458,1.4405737366519928
2020-05-17 21:45:00,-0.7989785578343084,0.0,135962.0,14190032609.0,-0.23084074316379888,-0.5403251231466026,-0.76135947749374,21,45,6,138,5,-1.0088937104832634,1.0074370319714179,1.332286756255458,1.4405737366519928
2020-05-17 22:00:00,-0.7989785578343084,0.0,135962.0,14190032609.0,-0.5240039170988428,-0.7258104252143343,-0.76135947749374,22,0,6,138,5,-0.7160673781543622,1.2322483567304392,1.332286756255458,1.4405737366519928
2020-05-17 22:15:00,-0.7989785578343084,0.0,135492.6,14182596817.733334,-0.5673663551980892,-0.7902138421530307,-0.756391046078578,22,15,6,138,5,-0.7160673781543622,1.2322483567304392,1.332286756255458,1.4405737366519928
2020-05-17 22:30:00,-0.7989785578343084,0.0,135962.0,14190032609.0,-0.49694549338981625,-0.7460323053761148,-0.7555218037847414,22,30,6,138,5,-0.7160673781543622,1.2322483567304392,1.332286756255458,1.4405737366519928
2020-05-17 22:45:00,-0.7989785578343084,0.0,135962.0,14190032609.0,-0.5774601997645973,-0.6769273782861303,-0.7582294471575174,22,45,6,138,5,-0.7160673781543622,1.2322483567304392,1.332286756255458,1.4405737366519928
2020-05-17 23:00:00,-0.7989785578343084,0.0,135962.0,14190032609.0,-0.6320178009374318,-0.6958042878864261,-0.7591120388963116,23,0,6,138,5,-0.3750638917132417,1.373570663456434,1.332286756255458,1.4405737366519928
2020-05-17 23:15:00,-0.7989785578343084,0.0,135962.0,14190032609.0,-0.7561475712340691,-0.7107921113267135,-0.7609287776138963,23,15,6,138,5,-0.3750638917132417,1.373570663456434,1.332286756255458,1.4405737366519928
2020-05-17 23:30:00,-0.7989785578343084,0.0,135962.0,14190032609.0,-1.0016047487568278,-0.7672303828442097,-0.76135947749374,23,30,6,138,5,-0.3750638917132417,1.373570663456434,1.332286756255458,1.4405737366519928
2020-05-17 23:45:00,-0.7989785578343084,0.0,123897.33333333333,14190032609.0,-1.2465269682356375,-0.8416307266773226,-0.76135947749374,23,45,6,138,5,-0.3750638917132417,1.373570663456434,1.332286756255458,1.4405737366519928
2020-05-18 00:00:00,-0.7989785578343084,0.0,40793.828571428574,14190032609.0,-1.2437857026492396,-0.855672589998762,-0.76135947749374,0,0,0,139,5,-0.009122075225956353,1.4217730704921798,1.2033879357157922,1.2642692737015346
2020-05-18 00:15:00,-0.7989785578343084,0.0,22704.0,14190032609.0,-1.1404335702606372,-0.8603219684754991,-0.76135947749374,0,15,0,139,5,-0.009122075225956353,1.4217730704921798,1.2033879357157922,1.2642692737015346
2020-05-18 00:30:00,-0.7989785578343084,0.0,22704.0,14190032609.0,-0.9916229214167045,-0.8511791165221554,-0.76135947749374,0,30,0,139,5,-0.009122075225956353,1.4217730704921798,1.2033879357157922,1.2642692737015346
2020-05-18 00:45:00,-0.7989785578343084,0.0,22704.0,14190032609.0,-0.8700743782192343,-0.8286663960755069,-0.76135947749374,0,45,0,139,5,-0.009122075225956353,1.4217730704921798,1.2033879357157922,1.2642692737015346
2020-05-18 01:00:00,-0.7989785578343084,0.0,22704.0,14190032609.0,-0.787366215738481,-0.799494265514173,-0.76135947749374,1,0,0,139,5,0.35681974126132787,1.3735706634564342,1.2033879357157922,1.2642692737015346
2020-05-18 01:15:00,-0.7989785578343084,0.0,17207.6,14190032609.0,-0.7611138980045469,-0.7916611167323873,-0.76135947749374,1,15,0,139,5,0.35681974126132787,1.3735706634564342,1.2033879357157922,1.2642692737015346
2020-05-18 01:30:00,-0.7989785578343084,0.0,16362.0,14190032609.0,-0.7523772813280989,-0.7769632532401838,-0.76135947749374,1,30,0,139,5,0.35681974126132787,1.3735706634564342,1.2033879357157922,1.2642692737015346
2020-05-18 01:45:00,-0.7989785578343084,0.0,16362.0,14190032609.0,-0.7618160364414385,-0.7445245641454862,-0.76135947749374,1,45,0,139,5,0.35681974126132787,1.3735706634564342,1.2033879357157922,1.2642692737015346
2020-05-18 02:00:00,-0.7989785578343084,0.0,16362.0,14190032609.0,-0.8954964819310438,-0.7548906468547794,-0.76135947749374,2,0,0,139,5,0.6978232277024489,1.2322483567304396,1.2033879357157922,1.2642692737015346
2020-05-18 02:15:00,-0.7989785578343084,0.0,16362.0,14190032609.0,-0.9496136933795856,-0.7693175934239909,-0.76135947749374,2,15,0,139,5,0.6978232277024489,1.2322483567304396,1.2033879357157922,1.2642692737015346
2020-05-18 02:30:00,-0.7989785578343084,0.0,16362.0,14190032609.0,-0.9136154365515536,-0.7613583957954946,-0.76135947749374,2,30,0,139,5,0.6978232277024489,1.2322483567304396,1.2033879357157922,1.2642692737015346
2020-05-18 02:45:00,-0.7989785578343084,0.0,16362.0,14190032609.0,-0.8919298437390727,-0.7522867561112141,-0.76135947749374,2,45,0,139,5,0.6978232277024489,1.2322483567304396,1.2033879357157922,1.2642692737015346
2020-05-18 03:00:00,-0.7989785578343084,0.0,16362.0,14190032609.0,-0.8703151205648596,-0.746254628252961,-0.76135947749374,3,0,0,139,5,0.9906495600313504,1.007437031971418,1.2033879357157922,1.2642692737015346
2020-05-18 03:15:00,-0.7989785578343084,0.0,16362.0,14190032609.0,-0.8791445493634872,-0.7670356918011678,-0.76135947749374,3,15,0,139,5,0.9906495600313504,1.007437031971418,1.2033879357157922,1.2642692737015346
2020-05-18 03:30:00,-0.7989785578343084,0.0,16362.0,14190032609.0,-0.9487564056358367,-0.8184585674088191,-0.7612677475666614,3,30,0,139,5,0.9906495600313504,1.007437031971418,1.2033879357157922,1.2642692737015346
2020-05-18 03:45:00,-0.7989785578343084,0.0,16362.0,14190032609.0,-1.0266492227872621,-0.8413456868933366,-0.7610664740683959,3,45,0,139,5,0.9906495600313504,1.007437031971418,1.2033879357157922,1.2642692737015346
2020-05-18 04:00:00,-0.7989785578343084,0.0,13574.285714285714,14190032609.0,-1.1227514519519473,-0.8692526627508123,-0.76135947749374,4,0,0,139,5,1.2153431076182126,0.7144572094434171,1.2033879357157922,1.2642692737015346
2020-05-18 04:15:00,-0.7989785578343084,0.0,12814.0,14190032609.0,-1.2901118845505823,-0.9228389784416405,-0.7604303289901846,4,15,0,139,5,1.2153431076182126,0.7144572094434171,1.2033879357157922,1.2642692737015346
2020-05-18 04:30:00,-0.7989785578343084,0.0,12814.0,14190032609.0,-1.8305297041246784,-1.0937085356706422,-0.76135947749374,4,30,0,139,5,1.2153431076182126,0.7144572094434171,1.2033879357157922,1.2642692737015346
2020-05-18 04:45:00,-0.7989785578343084,0.0,12814.0,14190032609.0,-1.8272084931806638,-1.0809691641939887,-0.76135947749374,4,45,0,139,5,1.2153431076182126,0.7144572094434171,1.2033879357157922,1.2642692737015346
2020-05-18 05:00:00,-0.7989785578343084,0.0,12814.0,14190032609.0,-1.8255853808246947,-1.0751113627491116,-0.76135947749374,5,0,0,139,5,1.3565913765186348,0.37327497987967023,1.2033879357157922,1.2642692737015346
2020-05-18 05:15:00,-0.7989785578343084,0.0,12814.0,14190032609.0,-1.763744476293649,-1.066742820416762,-0.7612757155573131,5,15,0,139,5,1.3565913765186348,0.37327497987967023,1.2033879357157922,1.2642692737015346
2020-05-18 05:30:00,-0.7989785578343084,0.0,2362.333333333333,14190032609.0,-1.6891300086674204,-1.0512490782592248,-0.76135947749374,5,30,0,139,5,1.3565913765186348,0.37327497987967023,1.2033879357157922,1.2642692737015346
2020-05-18 05:45:00,-0.7989785578343084,0.0,0.0,14181967146.066668,-1.6529391772842978,-1.0508534318056042,-0.76135947749374,5,45,0,139,5,1.3565913765186348,0.37327497987967023,1.2033879357157922,1.2642692737015346
2020-05-18 06:00:00,-0.7989785578343084,0.0,0.0,14190032609.0,-1.683809119982749,-1.0733267013068388,-0.7605574831035,6,0,0,139,5,1.4047685306308542,0.007141348394654197,1.2033879357157922,1.2642692737015346
2020-05-18 06:15:00,-0.7989785578343084,0.0,0.0,14190032609.0,-1.6363508863883605,-1.0604900173011018,-0.7588185432989967,6,15,0,139,5,1.4047685306308542,0.007141348394654197,1.2033879357157922,1.2642692737015346
2020-05-18 06:30:00,-0.7989785578343084,0.0,0.0,14190032609.0,-1.5792794302015387,-1.0489861618770515,-0.7567126432067256,6,30,0,139,5,1.4047685306308542,0.007141348394654197,1.2033879357157922,1.2642692737015346
2020-05-18 06:45:00,-0.7989785578343084,0.0,0.0,14190032609.0,-1.5546800062411825,-1.0461766778062513,-0.7509489730738252,6,45,0,139,5,1.4047685306308542,0.007141348394654197,1.2033879357157922,1.2642692737015346
2020-05-18 07:00:00,-0.786579063509585,79.84,5.3999999999999995,14190032614.4,-1.5196364381140666,-1.0320639564553584,-0.7413122762681983,7,0,0,139,5,1.3565913765186348,-0.3589922830903618,1.2033879357157922,1.2642692737015346
2020-05-18 07:15:00,-0.7512957204241242,306.9557142857143,56.042857142857144,14190032665.042856,-1.419755585740673,-1.0147605766268932,-0.7276332991911273,7,15,0,139,5,1.3565913765186348,-0.3589922830903618,1.2033879357157922,1.2642692737015346
2020-05-18 07:30:00,-0.7100751511215888,573.0171428571429,160.27142857142857,14190032769.271427,-1.3614486942825463,-0.9881603646580771,-0.7014181067195382,7,30,0,139,5,1.3565913765186348,-0.3589922830903618,1.2033879357157922,1.2642692737015346
2020-05-18 07:45:00,-0.6007822370896805,1280.8804761904762,374.6952380952381,14190032983.695238,-1.3108303654809565,-0.9350262391187675,-0.6409047573365783,7,45,0,139,5,1.3565913765186348,-0.3589922830903618,1.2033879357157922,1.2642692737015346
2020-05-18 08:00:00,-0.23799684341982144,3661.5666666666666,927.1333333333333,14190033536.133333,-1.2456363502492938,-0.8055249684042627,-0.42749075088139543,8,0,0,139,5,1.2153431076182126,-0.7001745126541085,1.2033879357157922,1.2642692737015346
2020-05-18 08:15:00,0.2683510440975795,6998.562857142857,2283.385714285714,14190034892.385712,-1.0684621447544351,-0.5816148959558589,-0.11488710093035372,8,15,0,139,5,1.2153431076182126,-0.7001745126541085,1.2033879357157922,1.2642692737015346
2020-05-18 08:30:00,0.6030491227462417,9185.917142857143,4282.728571428572,14190036891.72857,-0.856760550978232,-0.37805542318700586,0.1006157524099946,8,30,0,139,5,1.2153431076182126,-0.7001745126541085,1.2033879357157922,1.2642692737015346
2020-05-18 08:45:00,1.0450658209135737,12061.288571428571,6973.238095238095,14190039582.238094,-0.545708089768208,0.017244647315278448,0.42975815974203985,8,45,0,139,5,1.2153431076182126,-0.7001745126541085,1.2033879357157922,1.2642692737015346
2020-05-18 09:00:00,1.1743716934665518,12903.672857142858,10064.971428571429,14190042673.971428,-0.5137216534297555,0.08332948263350987,0.512920812536749,9,0,0,139,5,0.9906495600313506,-0.9931543351821099,1.2033879357157922,1.2642692737015346
2020-05-18 09:15:00,1.3658507176016397,14151.030476190475,13431.747619047619,14103239428.961905,-0.40203152719030455,0.23267397806608428,0.6644493931141119,9,15,0,139,5,0.9906495600313506,-0.9931543351821099,1.2033879357157922,1.2642692737015346
2020-05-18 09:30:00,1.7985997627839203,16965.243333333332,17298.20952380952,14190049907.209524,-0.33210043291368024,0.3162368549857022,1.009566710749866,9,30,0,139,5,0.9906495600313506,-0.9931543351821099,1.2033879357157922,1.2642692737015346
2020-05-18 09:45:00,1.805177914016099,16994.854761904764,21700.157142857144,14190054309.157143,-0.24358807204724497,0.5018025178583991,1.3286614485365011,9,45,0,139,5,0.9906495600313506,-0.9931543351821099,1.2033879357157922,1.2642692737015346
2020-05-18 10:00:00,1.5537274463083695,15357.569047619047,25697.180952380953,14190058306.180954,-0.2073753254352647,0.5035584362129196,1.2332337480678712,10,0,0,139,5,0.6978232277024489,-1.2179656599411315,1.2033879357157922,1.2642692737015346
2020-05-18 10:15:00,1.5574379897046542,15371.218571428572,29657.8,14190062266.8,-0.09518191855033951,0.6446212011885181,1.309152475492974,10,15,0,139,5,0.6978232277024489,-1.2179656599411315,1.2033879357157922,1.2642692737015346
2020-05-18 10:30:00,0.828381717696957,10635.972857142857,32733.861904761907,14190065342.861904,-0.10840208012696337,0.4126556933159498,0.6175335000246562,10,30,0,139,5,0.6978232277024489,-1.2179656599411315,1.2033879357157922,1.2642692737015346
2020-05-18 10:45:00,1.235397930356191,13299.558095238095,35611.561904761904,14190068220.561905,-0.14289819740709708,0.25774589327616937,0.6038663529856821,10,45,0,139,5,0.6978232277024489,-1.2179656599411315,1.2033879357157922,1.2642692737015346
2020-05-18 11:00:00,1.8236849627711074,17114.22761904762,39551.79047619047,14190072160.790476,0.049404683539494225,0.63454043059385,1.2542659700903789,11,0,0,139,5,0.35681974126132826,-1.359287966667126,1.2033879357157922,1.2642692737015346
2020-05-18 11:15:00,1.7512671435850626,16633.34761904762,43822.78571428572,14190076431.785713,0.12456254181798687,0.8703115447011719,1.4472562634983894,11,15,0,139,5,0.35681974126132826,-1.359287966667126,1.2033879357157922,1.2642692737015346
2020-05-18 11:30:00,1.7652562489720751,16710.66,47994.6,14190080603.6,0.16097289221866784,0.9629847610527317,1.566960158337335,11,30,0,139,5,0.35681974126132826,-1.359287966667126,1.2033879357157922,1.2642692737015346
2020-05-18 11:45:00,1.832598472931625,17132.396666666664,52199.07142857143,14190084808.071428,0.24986468726747738,1.1307803500504043,1.753358121502421,11,45,0,139,5,0.35681974126132826,-1.359287966667126,1.2033879357157922,1.2642692737015346
2020-05-18 12:00:00,1.7957682613895363,16884.27380952381,56421.62857142857,14190089030.628572,0.3485815425862085,1.2991932323196393,1.886070376944829,12,0,0,139,5,-0.00912207522595618,-1.4074903737028717,1.2033879357157922,1.2642692737015346
2020-05-18 12:15:00,1.5958882102222403,15600.797619047618,60496.81428571429,14190093105.814285,0.34250291001048966,1.229070772690195,1.6879566960727972,12,15,0,139,5,-0.00912207522595618,-1.4074903737028717,1.2033879357157922,1.2642692737015346
2020-05-18 12:30:00,1.882161271424858,17450.61380952381,64625.18095238095,14190097234.180954,0.4383191617916517,1.2805181836102277,1.8803883820691527,12,30,0,139,5,-0.00912207522595618,-1.4074903737028717,1.2033879357157922,1.2642692737015346
2020-05-18 12:45:00,1.4280103827856367,14506.186666666666,68465.46666666666,14182665283.2,0.42633017236283943,1.1928527403898108,1.483219048601689,12,45,0,139,5,-0.00912207522595618,-1.4074903737028717,1.2033879357157922,1.2642692737015346
2020-05-18 13:00:00,1.4562538974124963,14689.093333333334,72324.59999999999,14190104933.6,0.45815762857400655,1.0232089999135858,1.5280093323794728,13,0,0,139,5,-0.37506389171324067,-1.359287966667126,1.2033879357157922,1.2642692737015346
2020-05-18 13:15:00,1.5185151030436645,15092.814285714287,76095.78571428571,14190108704.785715,0.6283429666082956,1.2563748460814637,1.7660602681445705,13,15,0,139,5,-0.37506389171324067,-1.359287966667126,1.2033879357157922,1.2642692737015346
2020-05-18 13:30:00,1.7147803713769414,16362.933809523809,79896.94761904763,14190112505.947618,0.7780156032100257,1.339518830514693,1.7435962703351189,13,30,0,139,5,-0.37506389171324067,-1.359287966667126,1.2033879357157922,1.2642692737015346
2020-05-18 13:45:00,1.654022649387306,15979.515238095239,83971.86666666667,14190116580.866667,0.8366111773189913,1.3983039833093767,1.635165525626265,13,45,0,139,5,-0.37506389171324067,-1.359287966667126,1.2033879357157922,1.2642692737015346
2020-05-18 14:00:00,1.7363954283659606,16533.730952380953,88009.87619047618,14190120618.87619,0.8664023562886981,1.3576863923171854,1.5242571784328598,14,0,0,139,5,-0.7160673781543613,-1.2179656599411317,1.2033879357157922,1.2642692737015346
2020-05-18 14:15:00,1.7495071329529595,16623.013333333332,92240.2,14190124849.199999,1.0398841598293036,1.3927558831140308,1.4873613215196837,14,15,0,139,5,-0.7160673781543613,-1.2179656599411317,1.2033879357157922,1.2642692737015346
2020-05-18 14:30:00,1.7445718961660894,16595.72238095238,96415.7,14190129024.7,1.0853175527841468,1.3569850264960954,1.38084017343236,14,30,0,139,5,-0.7160673781543613,-1.2179656599411317,1.2033879357157922,1.2642692737015346
2020-05-18 14:45:00,1.8117954540935621,17039.24142857143,100514.22857142857,14190133123.228573,1.1136071540380266,1.2775023085771091,1.2500843656707572,14,45,0,139,5,-0.7160673781543613,-1.2179656599411317,1.2033879357157922,1.2642692737015346
2020-05-18 15:00:00,1.7731026211231422,16790.788571428573,104850.78571428571,14190137459.785715,1.2090147444954196,1.2634117639607394,1.1138352372520026,15,0,0,139,5,-1.0088937104832625,-0.9931543351821105,1.2033879357157922,1.2642692737015346
2020-05-18 15:15:00,1.4109931885608409,14440.97238095238,108450.0238095238,14096000662.823809,1.171443172468936,1.021054614633459,0.6886561538210195,15,15,0,139,5,-1.0088937104832625,-0.9931543351821105,1.2033879357157922,1.2642692737015346
2020-05-18 15:30:00,0.9227472583588189,11266.753809523809,112037.74761904762,14190144646.74762,1.1442549153580894,0.7614035166424745,0.30294267208373604,15,30,0,139,5,-1.0088937104832625,-0.9931543351821105,1.2033879357157922,1.2642692737015346
2020-05-18 15:45:00,0.8317914216517276,10675.909047619047,114659.67142857143,14190147268.671429,1.0952926788870376,0.5542168946863358,0.26245841658506336,15,45,0,139,5,-1.0088937104832625,-0.9931543351821105,1.2033879357157922,1.2642692737015346
2020-05-18 16:00:00,1.2227359864427843,13218.83,117671.7,14190150280.7,1.2529102241489891,0.6988118810249532,0.49459459793018085,16,0,0,139,5,-1.2335872580701248,-0.7001745126541093,1.2033879357157922,1.2642692737015346
2020-05-18 16:15:00,1.0426463325493847,12045.251428571428,120858.20952380952,14190153467.209524,1.283830521789254,0.7123056632965685,0.37644043296669233,16,15,0,139,5,-1.2335872580701248,-0.7001745126541093,1.2033879357157922,1.2642692737015346
2020-05-18 16:30:00,0.47365376901213047,8340.515238095239,123474.55238095237,14190156083.552382,1.0817195340310117,0.5147836194887578,0.031876106390829995,16,30,0,139,5,-1.2335872580701248,-0.7001745126541093,1.2033879357157922,1.2642692737015346
2020-05-18 16:45:00,0.07955574183045797,5751.407619047619,124638.02857142857,14188731082.242857,0.9021835548804853,0.23196364373718972,-0.21891427520142573,16,45,0,139,5,-1.2335872580701248,-0.7001745126541093,1.2033879357157922,1.2642692737015346
2020-05-18 17:00:00,0.022373057046539337,5375.12,126569.19999999998,14190159178.199999,0.8024067399369865,0.09834913748253903,-0.2552115532927582,17,0,0,139,5,-1.3748355269705475,-0.3589922830903618,1.2033879357157922,1.2642692737015346
2020-05-18 17:15:00,-0.16230689581108337,4163.998571428571,127791.9857142857,14190160400.985714,0.7572543485627715,0.030942793707450258,-0.3684636080004366,17,15,0,139,5,-1.3748355269705475,-0.3589922830903618,1.2033879357157922,1.2642692737015346
2020-05-18 17:30:00,-0.38671499460329345,2677.177142857143,128635.87619047619,14190161244.87619,0.6593613444234663,-0.10016389044154624,-0.5066447955213079,17,30,0,139,5,-1.3748355269705475,-0.3589922830903618,1.2033879357157922,1.2642692737015346
2020-05-18 17:45:00,-0.5382234744207716,1688.5361904761905,129175.29999999999,14190161784.300001,0.5757442882228057,-0.20773750189528153,-0.5912130662084428,17,45,0,139,5,-1.3748355269705475,-0.3589922830903618,1.2033879357157922,1.2642692737015346
2020-05-18 18:00:00,-0.6265603810561239,1113.1895238095237,129527.54761904762,14190162136.547619,0.4832603884995157,-0.29067954534037804,-0.6508041126561077,18,0,0,139,5,-1.423012681082767,0.00714134839465385,1.2033879357157922,1.2642692737015346
2020-05-18 18:15:00,-0.7122070723725656,559.1866666666667,129734.46666666666,14190162343.466667,0.4231621356781526,-0.3616934356458249,-0.7039896774092003,18,15,0,139,5,-1.423012681082767,0.00714134839465385,1.2033879357157922,1.2642692737015346
2020-05-18 18:30:00,-0.7789031622849358,129.21190476190475,129321.63809523809,14040312385.50476,0.3764114024819076,-0.40966092269775634,-0.7425844974284453,18,30,0,139,5,-1.423012681082767,0.00714134839465385,1.2033879357157922,1.2642692737015346
2020-05-18 18:45:00,-0.7989785578343084,0.0,129832.0,14190162441.0,0.30991664183366213,-0.4455513534442387,-0.7612245718940914,18,45,0,139,5,-1.423012681082767,0.00714134839465385,1.2033879357157922,1.2642692737015346
2020-05-18 19:00:00,-0.7989785578343084,0.0,129832.0,14190162441.0,0.1395387556897904,-0.4741384734525966,-0.76135947749374,19,0,0,139,5,-1.3748355269705475,0.37327497987966957,1.2033879357157922,1.2642692737015346
2020-05-18 19:15:00,-0.7989785578343084,0.0,129832.0,14190162441.0,-0.022008305170828992,-0.5110069295343468,-0.76135947749374,19,15,0,139,5,-1.3748355269705475,0.37327497987966957,1.2033879357157922,1.2642692737015346
2020-05-18 19:30:00,-0.7989785578343084,0.0,129832.0,14190162441.0,-0.09520144504839319,-0.5373911949392909,-0.76135947749374,19,30,0,139,5,-1.3748355269705475,0.37327497987966957,1.2033879357157922,1.2642692737015346
2020-05-18 19:45:00,-0.7989785578343084,0.0,129832.0,14190162441.0,-0.1664691761504891,-0.566306765341661,-0.76135947749374,19,45,0,139,5,-1.3748355269705475,0.37327497987966957,1.2033879357157922,1.2642692737015346
2020-05-18 20:00:00,-0.7989785578343084,0.0,129832.0,14190162441.0,-0.21457771849822382,-0.588977302061317,-0.76135947749374,20,0,0,139,5,-1.233587258070125,0.7144572094434171,1.2033879357157922,1.2642692737015346
2020-05-18 20:15:00,-0.7989785578343084,0.0,129832.0,14190162441.0,-0.2703179373302692,-0.623006527099021,-0.76135947749374,20,15,0,139,5,-1.233587258070125,0.7144572094434171,1.2033879357157922,1.2642692737015346
2020-05-18 20:30:00,-0.7989785578343084,0.0,129491.53333333333,14168079252.066668,-0.3383945831399957,-0.6575186396534642,-0.76135947749374,20,30,0,139,5,-1.233587258070125,0.7144572094434171,1.2033879357157922,1.2642692737015346
2020-05-18 20:45:00,-0.7989785578343084,0.0,129832.0,14190162441.0,-0.39238388118442064,-0.7041931639537902,-0.76135947749374,20,45,0,139,5,-1.233587258070125,0.7144572094434171,1.2033879357157922,1.2642692737015346
2020-05-18 21:00:00,-0.7989785578343084,0.0,129832.0,14190162441.0,-0.43178178875573286,-0.7527311213338355,-0.76135947749374,21,0,0,139,5,-1.0088937104832634,1.0074370319714179,1.2033879357157922,1.2642692737015346
2020-05-18 21:15:00,-0.7989785578343084,0.0,129832.0,14190162441.0,-0.4594134274411203,-0.7524512266537148,-0.76135947749374,21,15,0,139,5,-1.0088937104832634,1.0074370319714179,1.2033879357157922,1.2642692737015346
2020-05-18 21:30:00,-0.7989785578343084,0.0,129832.0,14190162441.0,-0.5724018968737469,-0.7799902597881885,-0.76135947749374,21,30,0,139,5,-1.0088937104832634,1.0074370319714179,1.2033879357157922,1.2642692737015346
2020-05-18 21:45:00,-0.7989785578343084,0.0,129832.0,14190162441.0,-0.5146782224601144,-0.7571913615091718,-0.76135947749374,21,45,0,139,5,-1.0088937104832634,1.0074370319714179,1.2033879357157922,1.2642692737015346
2020-05-18 22:00:00,-0.7989785578343084,0.0,129832.0,14190162441.0,-0.5713582738253439,-0.7468901601444075,-0.76135947749374,22,0,0,139,5,-0.7160673781543622,1.2322483567304392,1.2033879357157922,1.2642692737015346
2020-05-18 22:15:00,-0.7989785578343084,0.0,129832.0,14190162441.0,-0.6394684636005252,-0.7699567866178051,-0.76135947749374,22,15,0,139,5,-0.7160673781543622,1.2322483567304392,1.2033879357157922,1.2642692737015346
2020-05-18 22:30:00,-0.7989785578343084,0.0,129832.0,14190162441.0,-0.6378254801453701,-0.77131877584182,-0.76135947749374,22,30,0,139,5,-0.7160673781543622,1.2322483567304392,1.2033879357157922,1.2642692737015346
2020-05-18 22:45:00,-0.7989785578343084,0.0,129832.0,14190162441.0,-0.6543827817656964,-0.7728467410551626,-0.76135947749374,22,45,0,139,5,-0.7160673781543622,1.2322483567304392,1.2033879357157922,1.2642692737015346
2020-05-18 23:00:00,-0.7989785578343084,0.0,129551.0,14182096697.066668,-0.6536863023972201,-0.7670409126160026,-0.76135947749374,23,0,0,139,5,-0.3750638917132417,1.373570663456434,1.2033879357157922,1.2642692737015346
2020-05-18 23:15:00,-0.7989785578343084,0.0,129832.0,14190162441.0,-0.6802700389894331,-0.7770851658269238,-0.76135947749374,23,15,0,139,5,-0.3750638917132417,1.373570663456434,1.2033879357157922,1.2642692737015346
2020-05-18 23:30:00,-0.7989785578343084,0.0,129832.0,14190162441.0,-0.7035674154968178,-0.7858410404233145,-0.76135947749374,23,30,0,139,5,-0.3750638917132417,1.373570663456434,1.2033879357157922,1.2642692737015346
2020-05-18 23:45:00,-0.7989785578343084,0.0,118922.64285714286,14190162441.0,-0.6982339819276577,-0.785711517072459,-0.76135947749374,23,45,0,139,5,-0.3750638917132417,1.373570663456434,1.2033879357157922,1.2642692737015346
2020-05-19 00:00:00,-0.7989785578343084,0.0,39738.8,14190162441.0,-0.6838722382913205,-0.7722704814124702,-0.76135947749374,0,0,1,140,5,-0.009122075225956353,1.4217730704921798,1.072410216713141,1.0912004416099341
2020-05-19 00:15:00,-0.7989785578343084,0.0,22285.0,14190162441.0,-0.6989554655219945,-0.7787068786697404,-0.76135947749374,0,15,1,140,5,-0.009122075225956353,1.4217730704921798,1.072410216713141,1.0912004416099341
2020-05-19 00:30:00,-0.7989785578343084,0.0,22285.0,14190162441.0,-0.7226502078838889,-0.796105210923768,-0.76135947749374,0,30,1,140,5,-0.009122075225956353,1.4217730704921798,1.072410216713141,1.0912004416099341
2020-05-19 00:45:00,-0.7989785578343084,0.0,22285.0,14190162441.0,-0.7407255479283676,-0.8063375454384929,-0.76135947749374,0,45,1,140,5,-0.009122075225956353,1.4217730704921798,1.072410216713141,1.0912004416099341
2020-05-19 01:00:00,-0.7989785578343084,0.0,22285.0,14190162441.0,-0.7515555590119004,-0.8114663884189138,-0.76135947749374,1,0,1,140,5,0.35681974126132787,1.3735706634564342,1.072410216713141,1.0912004416099341
2020-05-19 01:15:00,-0.7989785578343084,0.0,15662.8,14190162441.0,-0.7638740656512317,-0.8196646202612807,-0.76135947749374,1,15,1,140,5,0.35681974126132787,1.3735706634564342,1.072410216713141,1.0912004416099341
2020-05-19 01:30:00,-0.7989785578343084,0.0,14644.0,14190162441.0,-0.7899158088853621,-0.8379394066271584,-0.76135947749374,1,30,1,140,5,0.35681974126132787,1.3735706634564342,1.072410216713141,1.0912004416099341
2020-05-19 01:45:00,-0.7989785578343084,0.0,14644.0,14190162441.0,-0.7946838736978606,-0.8359004903963223,-0.76135947749374,1,45,1,140,5,0.35681974126132787,1.3735706634564342,1.072410216713141,1.0912004416099341
2020-05-19 02:00:00,-0.7989785578343084,0.0,14644.0,14190162441.0,-0.8014249624192645,-0.8400165583276854,-0.76135947749374,2,0,1,140,5,0.6978232277024489,1.2322483567304396,1.072410216713141,1.0912004416099341
2020-05-19 02:15:00,-0.7989785578343084,0.0,14644.0,14190162441.0,-0.8240837784543934,-0.8471136807304548,-0.76135947749374,2,15,1,140,5,0.6978232277024489,1.2322483567304396,1.072410216713141,1.0912004416099341
2020-05-19 02:30:00,-0.7989785578343084,0.0,14644.0,14190162441.0,-0.8437188390881581,-0.849650715255587,-0.76135947749374,2,30,1,140,5,0.6978232277024489,1.2322483567304396,1.072410216713141,1.0912004416099341
2020-05-19 02:45:00,-0.7989785578343084,0.0,14644.0,14190162441.0,-0.845567162721912,-0.8500887404950549,-0.76135947749374,2,45,1,140,5,0.6978232277024489,1.2322483567304396,1.072410216713141,1.0912004416099341
2020-05-19 03:00:00,-0.7989785578343084,0.0,14644.0,14190162441.0,-0.8443825926827454,-0.8381532554059931,-0.76135947749374,3,0,1,140,5,0.9906495600313504,1.007437031971418,1.072410216713141,1.0912004416099341
2020-05-19 03:15:00,-0.7989785578343084,0.0,14644.0,14190162441.0,-0.839914912117755,-0.8360193223857353,-0.76135947749374,3,15,1,140,5,0.9906495600313504,1.007437031971418,1.072410216713141,1.0912004416099341
2020-05-19 03:30:00,-0.7989785578343084,0.0,14644.0,14190162441.0,-0.8467538613544534,-0.8386583305275956,-0.76135947749374,3,30,1,140,5,0.9906495600313504,1.007437031971418,1.072410216713141,1.0912004416099341
2020-05-19 03:45:00,-0.7989785578343084,0.0,14644.0,14190162441.0,-0.8611227857552103,-0.8449627664263811,-0.76135947749374,3,45,1,140,5,0.9906495600313504,1.007437031971418,1.072410216713141,1.0912004416099341
2020-05-19 04:00:00,-0.7989785578343084,0.0,12454.214285714286,14190162441.0,-0.8581265522998138,-0.8349490743200083,-0.76135947749374,4,0,1,140,5,1.2153431076182126,0.7144572094434171,1.072410216713141,1.0912004416099341
2020-05-19 04:15:00,-0.7989785578343084,0.0,11857.0,14190162441.0,-0.8497169102873896,-0.8235196681426887,-0.76135947749374,4,15,1,140,5,1.2153431076182126,0.7144572094434171,1.072410216713141,1.0912004416099341
2020-05-19 04:30:00,-0.7989785578343084,0.0,11857.0,14190162441.0,-0.8525501430890416,-0.8280063137104133,-0.76135947749374,4,30,1,140,5,1.2153431076182126,0.7144572094434171,1.072410216713141,1.0912004416099341
2020-05-19 04:45:00,-0.7989785578343084,0.0,11579.6,14190138278.333334,-0.8548112211632368,-0.8343265612825034,-0.76135947749374,4,45,1,140,5,1.2153431076182126,0.7144572094434171,1.072410216713141,1.0912004416099341
2020-05-19 05:00:00,-0.7989785578343084,0.0,11857.0,14190162441.0,-0.8751929795621307,-0.8438576303837593,-0.76135947749374,5,0,1,140,5,1.3565913765186348,0.37327497987967023,1.072410216713141,1.0912004416099341
2020-05-19 05:15:00,-0.7989785578343084,0.0,11857.0,14190162441.0,-0.8863863683581559,-0.8525207553242304,-0.76135947749374,5,15,1,140,5,1.3565913765186348,0.37327497987967023,1.072410216713141,1.0912004416099341
2020-05-19 05:30:00,-0.7989785578343084,0.0,3025.971428571429,14190162441.0,-0.9071328210779481,-0.8599202372056702,-0.76135947749374,5,30,1,140,5,1.3565913765186348,0.37327497987967023,1.072410216713141,1.0912004416099341
2020-05-19 05:45:00,-0.7989785578343084,0.0,0.0,14190162441.0,-0.911927633091029,-0.861248401839097,-0.7602906157918484,5,45,1,140,5,1.3565913765186348,0.37327497987967023,1.072410216713141,1.0912004416099341
2020-05-19 06:00:00,-0.7715962460584058,176.41285714285715,7.995238095238094,14190162448.995237,-0.9202075806754654,-0.8439493470712554,-0.7347843551534634,6,0,1,140,5,1.4047685306308542,0.007141348394654197,1.072410216713141,1.0912004416099341
2020-05-19 06:15:00,-0.6368146818015682,1046.7938095238096,158.71428571428572,14190162599.714289,-0.9185018131605538,-0.7993430562151397,-0.6542431031346887,6,15,1,140,5,1.4047685306308542,0.007141348394654197,1.072410216713141,1.0912004416099341
2020-05-19 06:30:00,-0.5275962640640006,1757.1599999999999,502.0,14190162942.999998,-0.897241075496445,-0.7606929161155617,-0.5869359797672243,6,30,1,140,5,1.4047685306308542,0.007141348394654197,1.072410216713141,1.0912004416099341
2020-05-19 06:45:00,-0.40582486394699036,2551.4438095238093,1047.4761904761904,14190163488.47619,-0.872323362331804,-0.699841122572281,-0.5093217133492929,6,45,1,140,5,1.4047685306308542,0.007141348394654197,1.072410216713141,1.0912004416099341
2020-05-19 07:00:00,-0.3145195939512142,3154.3061904761903,1740.8095238095236,14190164181.809523,-0.837824087242381,-0.6405199503242616,-0.4523046177588392,7,0,1,140,5,1.3565913765186348,-0.3589922830903618,1.072410216713141,1.0912004416099341
2020-05-19 07:15:00,0.281393746848728,7081.259523809524,2913.3,14190165354.300001,-0.731963766464064,-0.4509599351058557,-0.042009387754725486,7,15,1,140,5,1.3565913765186348,-0.3589922830903618,1.072410216713141,1.0912004416099341
2020-05-19 07:30:00,0.7366082056672111,10052.331904761904,5178.280952380952,14190167619.280952,-0.5518761553780956,-0.12576349928221378,0.3020819318638146,7,30,1,140,5,1.3565913765186348,-0.3589922830903618,1.072410216713141,1.0912004416099341
2020-05-19 07:45:00,0.6698200657359716,9619.6,7614.133333333333,14190170055.133333,-0.5197102171997532,-0.12596204643556896,0.27701173717025845,7,45,1,140,5,1.3565913765186348,-0.3589922830903618,1.072410216713141,1.0912004416099341
2020-05-19 08:00:00,0.6379107483033942,9410.369523809524,10112.819047619048,14190172553.819048,-0.4894295240895233,-0.13159403533819036,0.18074294005027106,8,0,1,140,5,1.2153431076182126,-0.7001745126541085,1.072410216713141,1.0912004416099341
2020-05-19 08:15:00,0.7186706539669288,9936.558571428572,12339.97619047619,14190174780.97619,-0.519462791696985,-0.18208756738227425,0.298265183828528,8,15,1,140,5,1.2153431076182126,-0.7001745126541085,1.072410216713141,1.0912004416099341
2020-05-19 08:30:00,0.8465123603670534,10769.661428571428,15108.914285714285,14190177549.914286,-0.43755890100659395,0.0024510702829610978,0.3334211837709507,8,30,1,140,5,1.2153431076182126,-0.7001745126541085,1.072410216713141,1.0912004416099341
2020-05-19 08:45:00,0.2812637351166505,7078.862857142857,17216.966666666667,14190179657.966665,-0.46761071878720806,-0.16076877668835737,-0.07119710440823904,8,45,1,140,5,1.2153431076182126,-0.7001745126541085,1.072410216713141,1.0912004416099341
2020-05-19 09:00:00,1.2987857140477546,13713.406666666666,19792.333333333332,14188850625.0,-0.30607820025633126,0.1552030229344731,0.7218017382094908,9,0,1,140,5,0.9906495600313506,-0.9931543351821099,1.072410216713141,1.0912004416099341
2020-05-19 09:15:00,0.5802815138930535,9037.463333333333,22641.219047619048,14190185082.219048,-0.3176809965171834,0.047769760641986805,0.06825264102078404,9,15,1,140,5,0.9906495600313506,-0.9931543351821099,1.072410216713141,1.0912004416099341
2020-05-19 09:30:00,0.3204544231116068,7342.032857142857,24763.176190476188,14190187204.17619,-0.3380523569749115,-0.11400894109643894,-0.046525358683728944,9,30,1,140,5,0.9906495600313506,-0.9931543351821099,1.072410216713141,1.0912004416099341
2020-05-19 09:45:00,0.28389258375631443,7101.947619047619,26583.985714285714,14190189024.985714,-0.34298874662311624,-0.17320146562814792,-0.08466118782301565,9,45,1,140,5,0.9906495600313506,-0.9931543351821099,1.072410216713141,1.0912004416099341
2020-05-19 10:00:00,0.4365157250813575,8101.325714285714,28351.814285714285,14182754489.74762,-0.2755395684753188,-0.15161246553692034,0.032787533623489906,10,0,1,140,5,0.6978232277024489,-1.2179656599411315,1.072410216713141,1.0912004416099341
2020-05-19 10:15:00,-0.284393335333759,3355.3661904761907,7931.842857142857,6788327916.209524,0.04639212565107808,0.6266214703894477,1.5761030882954303,10,15,1,140,5,0.6978232277024489,-1.2179656599411315,1.072410216713141,1.0912004416099341
2020-05-19 10:30:00,1.7187461573449285,16401.146666666667,32384.6,14190194920.199999,0.27242348046242176,1.1331848427027207,1.595786778748979,10,30,1,140,5,0.6978232277024489,-1.2179656599411315,1.072410216713141,1.0912004416099341
2020-05-19 10:45:00,1.544319220813882,15258.736666666668,36447.23809523809,14190198888.238094,0.39996204220256704,1.1984889400237704,1.9010393722543317,10,45,1,140,5,0.6978232277024489,-1.2179656599411315,1.072410216713141,1.0912004416099341
2020-05-19 11:00:00,1.5934266928184282,15573.375238095237,40122.97619047619,14190202563.97619,0.4485316711212095,1.2807337604871638,2.109430878009534,11,0,1,140,5,0.35681974126132826,-1.359287966667126,1.072410216713141,1.0912004416099341
2020-05-19 11:15:00,1.69110474974072,16205.442857142856,44016.75714285714,14076332538.290476,0.5233205784317594,1.3518251151285627,2.11376763893889,11,15,1,140,5,0.35681974126132826,-1.359287966667126,1.072410216713141,1.0912004416099341
2020-05-19 11:30:00,1.5217434898682436,15104.705238095237,48083.038095238095,14190210524.038095,0.6375522686386673,1.412991905016871,2.0453915066285724,11,30,1,140,5,0.35681974126132826,-1.359287966667126,1.072410216713141,1.0912004416099341
2020-05-19 11:45:00,1.6179258410188138,15728.153333333332,51932.933333333334,14190214373.933334,0.7108813724180909,1.408719495078611,2.0928601290931717,11,45,1,140,5,0.35681974126132826,-1.359287966667126,1.072410216713141,1.0912004416099341
2020-05-19 12:00:00,1.6250626431019448,15773.602380952381,55782.433333333334,14190218223.433334,0.7798385893505756,1.471467469365646,2.1536522116288603,12,0,1,140,5,-0.00912207522595618,-1.4074903737028717,1.072410216713141,1.0912004416099341
2020-05-19 12:15:00,1.6894331499406936,16194.75857142857,59815.07619047619,14190222256.07619,0.8971581002763763,1.5420296393280677,2.01918799172458,12,15,1,140,5,-0.00912207522595618,-1.4074903737028717,1.072410216713141,1.0912004416099341
2020-05-19 12:30:00,1.4804095349223105,14843.233333333334,63734.066666666666,14190226175.066668,0.9266805424434612,1.5231596865550783,1.7526283786032912,12,30,1,140,5,-0.00912207522595618,-1.4074903737028717,1.072410216713141,1.0912004416099341
2020-05-19 12:45:00,1.6119780540243804,15697.970952380952,67503.66666666666,14190229944.666666,0.9457766598574432,1.3772625399170668,1.7811105519976214,12,45,1,140,5,-0.00912207522595618,-1.4074903737028717,1.072410216713141,1.0912004416099341
2020-05-19 13:00:00,1.631079717358643,15824.035238095239,71504.43333333333,14190233945.433334,1.0064416968097372,1.330704447549363,1.5574068835249288,13,0,1,140,5,-0.37506389171324067,-1.359287966667126,1.072410216713141,1.0912004416099341
2020-05-19 13:15:00,1.7909085198894596,16858.007142857143,75360.06190476191,14190237801.061905,1.109614851950936,1.4641276102537686,1.9689418063730908,13,15,1,140,5,-0.37506389171324067,-1.359287966667126,1.072410216713141,1.0912004416099341
2020-05-19 13:30:00,1.714716578573167,16368.121428571429,79666.06666666667,14190242107.066668,1.2239399916706917,1.611801144193098,1.7681643465089438,13,30,1,140,5,-0.37506389171324067,-1.359287966667126,1.072410216713141,1.0912004416099341
2020-05-19 13:45:00,1.471478542393868,14811.953333333333,83438.13333333333,14190245879.133333,1.1233728978476962,1.3605993194077786,1.3142409010642448,13,45,1,140,5,-0.37506389171324067,-1.359287966667126,1.072410216713141,1.0912004416099341
2020-05-19 14:00:00,1.6004016581241982,15658.530476190475,87322.55714285714,14190249763.557142,1.22950986857165,1.3187443123418643,1.2004286944646287,14,0,1,140,5,-0.7160673781543613,-1.2179656599411317,1.072410216713141,1.0912004416099341
2020-05-19 14:15:00,1.9314521299011052,17812.551904761905,91542.48095238095,14190253983.480951,1.3294789129294,1.3503484679352373,1.3532309514047671,14,15,1,140,5,-0.7160673781543613,-1.2179656599411317,1.072410216713141,1.0912004416099341
2020-05-19 14:30:00,1.5532527108234562,15356.188095238094,95718.09523809524,14190258159.095238,1.35495689221732,1.3034993615778216,1.0734762373865856,14,30,1,140,5,-0.7160673781543613,-1.2179656599411317,1.072410216713141,1.0912004416099341
2020-05-19 14:45:00,1.4030445623965646,14389.110476190477,99443.69523809524,14190261884.695238,1.3377601026430566,1.0751566357808608,0.7398474038046035,14,45,1,140,5,-0.7160673781543613,-1.2179656599411317,1.072410216713141,1.0912004416099341
2020-05-19 15:00:00,0.9921739514278359,11715.866666666667,102606.2,14190265047.2,1.187602608198808,0.6912171744048874,0.35127209135810283,15,0,1,140,5,-1.0088937104832625,-0.9931543351821105,1.072410216713141,1.0912004416099341
2020-05-19 15:15:00,0.3481032518026078,7512.06238095238,105278.0380952381,14190267719.038095,1.055270239104957,0.5037831883248409,-0.058104162764230555,15,15,1,140,5,-1.0088937104832625,-0.9931543351821105,1.072410216713141,1.0912004416099341
2020-05-19 15:30:00,-0.2579302393276823,3531.9366666666665,106486.18095238095,14190268927.180954,-0.39539109842989767,-0.3701138199676795,-0.4686231769275269,15,30,1,140,5,-1.0088937104832625,-0.9931543351821105,1.072410216713141,1.0912004416099341
2020-05-19 15:45:00,-0.527173459719727,1764.4796703296704,107220.94505494506,14190269661.945055,-0.9829210813322932,-0.7834410855933416,-0.6284268523862033,15,45,1,140,5,-1.0088937104832625,-0.9931543351821105,1.072410216713141,1.0912004416099341
2020-05-19 16:15:00,-0.6895177060354162,705.9625,107611.0,14190270052.0,-1.3631167797849495,-1.0658800979766738,-0.692050534824523,16,15,1,140,5,-1.2335872580701248,-0.7001745126541093,1.072410216713141,1.0912004416099341
2020-05-19 16:30:00,-0.5301882213395132,1740.9571428571428,107865.71428571429,14190270306.714285,-1.256589599279435,-1.0079247116098486,-0.5964700650701227,16,30,1,140,5,-1.2335872580701248,-0.7001745126541093,1.072410216713141,1.0912004416099341
2020-05-19 16:45:00,-0.676995585387106,787.2266666666667,108202.93333333333,14190270643.933332,-1.0403301463027155,-0.9642911504213815,-0.6782799634361737,16,45,1,140,5,-1.2335872580701248,-0.7001745126541093,1.072410216713141,1.0912004416099341
2020-05-19 17:00:00,-0.727939205519983,457.70666666666665,108341.13333333333,14190270782.133333,-1.1827983964440192,-0.9956573662725501,-0.713206722455174,17,0,1,140,5,-1.3748355269705475,-0.3589922830903618,1.072410216713141,1.0912004416099341
2020-05-19 17:15:00,-0.7771146090113228,140.77333333333334,108422.86666666667,14190270863.866665,-1.2003440386715616,-0.9954668618363196,-0.7377705871880506,17,15,1,140,5,-1.3748355269705475,-0.3589922830903618,1.072410216713141,1.0912004416099341
2020-05-19 17:30:00,-0.7989785578343084,0.0,108435.0,14190270876.0,-1.270240021951576,-0.9961621190980885,-0.748137029151898,17,30,1,140,5,-1.3748355269705475,-0.3589922830903618,1.072410216713141,1.0912004416099341
2020-05-19 17:45:00,-0.7989785578343084,0.0,108435.0,14190270876.0,-1.3695683060027368,-0.9954659138281906,-0.7474947833500841,17,45,1,140,5,-1.3748355269705475,-0.3589922830903618,1.072410216713141,1.0912004416099341
2020-05-19 18:00:00,-0.7989785578343084,0.0,108435.0,14190270876.0,-1.4435035351112462,-1.0136603949804062,-0.7532238625481033,18,0,1,140,5,-1.423012681082767,0.00714134839465385,1.072410216713141,1.0912004416099341
2020-05-19 18:15:00,-0.7934920912832786,35.331428571428575,108435.40952380953,14190270876.409525,-1.398840504601563,-1.04176625897666,-0.7441165976116011,18,15,1,140,5,-1.423012681082767,0.00714134839465385,1.072410216713141,1.0912004416099341
2020-05-19 18:30:00,-0.7964161421927586,16.493333333333332,108442.46666666666,14190270883.466667,-1.166865964079737,-1.0378174818690733,-0.7421538919357202,18,30,1,140,5,-1.423012681082767,0.00714134839465385,1.072410216713141,1.0912004416099341
2020-05-19 18:45:00,-0.7989785578343084,0.0,108443.0,14190270884.0,-1.2532982377557613,-1.007017107201917,-0.7545618037103714,18,45,1,140,5,-1.423012681082767,0.00714134839465385,1.072410216713141,1.0912004416099341
2020-05-19 19:00:00,-0.7989785578343084,0.0,108443.0,14190270884.0,-0.9557340280894911,-0.9315678802901436,-0.7543553221252615,19,0,1,140,5,-1.3748355269705475,0.37327497987966957,1.072410216713141,1.0912004416099341
2020-05-19 19:15:00,-0.7989785578343084,0.0,108309.73333333334,14076396831.266666,-1.6647317505435084,-1.134408368322793,-0.7613401987821489,19,15,1,140,5,-1.3748355269705475,0.37327497987966957,1.072410216713141,1.0912004416099341
2020-05-19 19:30:00,-0.7989785578343084,0.0,108443.0,14190270884.0,-1.6071800353336838,-1.1156621595982348,-0.7611959408367944,19,30,1,140,5,-1.3748355269705475,0.37327497987966957,1.072410216713141,1.0912004416099341
2020-05-19 19:45:00,-0.7989785578343084,0.0,108443.0,14190270884.0,-1.473012373764048,-1.0841846245933495,-0.7606037520074017,19,45,1,140,5,-1.3748355269705475,0.37327497987966957,1.072410216713141,1.0912004416099341
2020-05-19 20:00:00,-0.7989785578343084,0.0,108443.0,14190270884.0,-1.1924336222370873,-1.0532896782486147,-0.7537011756242349,20,0,1,140,5,-1.233587258070125,0.7144572094434171,1.072410216713141,1.0912004416099341
2020-05-19 20:15:00,-0.7989785578343084,0.0,108443.0,14190270884.0,-1.0204725847856728,-0.9297572051691609,-0.752714903091731,20,15,1,140,5,-1.233587258070125,0.7144572094434171,1.072410216713141,1.0912004416099341
2020-05-19 20:30:00,-0.7989785578343084,0.0,108443.0,14190270884.0,-1.046983004990616,-0.9049476089193853,-0.7560904062411933,20,30,1,140,5,-1.233587258070125,0.7144572094434171,1.072410216713141,1.0912004416099341
2020-05-19 20:45:00,-0.7989785578343084,0.0,108443.0,14190270884.0,-1.14479388692888,-0.9137310429759959,-0.7587182939947051,20,45,1,140,5,-1.233587258070125,0.7144572094434171,1.072410216713141,1.0912004416099341
2020-05-19 21:00:00,-0.7989785578343084,0.0,108443.0,14190270884.0,-1.0872997589670403,-0.9030875191368931,-0.7602865174918039,21,0,1,140,5,-1.0088937104832634,1.0074370319714179,1.072410216713141,1.0912004416099341
2020-05-19 21:15:00,-0.7989785578343084,0.0,108443.0,14190270884.0,-1.101643535040914,-0.9041695824047193,-0.7613479102667853,21,15,1,140,5,-1.0088937104832634,1.0074370319714179,1.072410216713141,1.0912004416099341
2020-05-19 21:30:00,-0.7989785578343084,0.0,108443.0,14190270884.0,-1.037574376975428,-0.8905528981546579,-0.7613517660285879,21,30,1,140,5,-1.0088937104832634,1.0074370319714179,1.072410216713141,1.0912004416099341
2020-05-19 21:45:00,-0.7989785578343084,0.0,108443.0,14190270884.0,-1.031521912497683,-0.8855856213333546,-0.76135947749374,21,45,1,140,5,-1.0088937104832634,1.0074370319714179,1.072410216713141,1.0912004416099341
2020-05-19 22:00:00,-0.7989785578343084,0.0,108443.0,14190270884.0,-1.0451754950415557,-0.8911342929299267,-0.76135947749374,22,0,1,140,5,-0.7160673781543622,1.2322483567304392,1.072410216713141,1.0912004416099341
2020-05-19 22:15:00,-0.7989785578343084,0.0,59143.0,10523775869.0,-1.0639343060604889,-0.9001745280638543,-0.76135947749374,22,15,1,140,5,-0.7160673781543622,1.2322483567304392,1.072410216713141,1.0912004416099341
2020-05-19 22:30:00,-0.7989785578343084,0.0,59143.0,10523775869.0,-1.0720864797543435,-0.9103816178334407,-0.76135947749374,22,30,1,140,5,-0.7160673781543622,1.2322483567304392,1.072410216713141,1.0912004416099341
2020-05-19 22:45:00,-0.7989785578343084,0.0,59009.73333333334,10409901816.266666,-1.116528373752974,-0.9205390601827319,-0.76135947749374,22,45,1,140,5,-0.7160673781543622,1.2322483567304392,1.072410216713141,1.0912004416099341
2020-05-19 23:00:00,-0.7989785578343084,0.0,59143.0,10523775869.0,-1.1680637026315968,-0.9516201316467237,-0.76135947749374,23,0,1,140,5,-0.3750638917132417,1.373570663456434,1.072410216713141,1.0912004416099341
2020-05-19 23:15:00,-0.7989785578343084,0.0,59143.0,10523775869.0,-1.2336324531109957,-1.0126481514337935,-0.76135947749374,23,15,1,140,5,-0.3750638917132417,1.373570663456434,1.072410216713141,1.0912004416099341
2020-05-19 23:30:00,-0.7989785578343084,0.0,59143.0,10523775869.0,-1.3430856870406838,-1.0898655292660564,-0.76135947749374,23,30,1,140,5,-0.3750638917132417,1.373570663456434,1.072410216713141,1.0912004416099341
2020-05-19 23:45:00,-0.7989785578343084,0.0,47049.666666666664,10523775869.0,-1.3562682673945585,-1.0909218621515073,-0.76135947749374,23,45,1,140,5,-0.3750638917132417,1.373570663456434,1.072410216713141,1.0912004416099341
2020-05-20 00:00:00,-0.7989785578343084,0.0,9272.147619047619,10363221789.928572,-1.3781805181619384,-1.0858107176113245,-0.76135947749374,0,0,2,141,5,-0.009122075225956353,1.4217730704921798,0.939392410772371,0.9214185244072663
2020-05-20 00:15:00,-0.7989785578343084,0.0,2825.0,10523775869.0,-1.2290454903613464,-1.0436891364188599,-0.7612757148276367,0,15,2,141,5,-0.009122075225956353,1.4217730704921798,0.939392410772371,0.9214185244072663
2020-05-20 00:30:00,-0.7989785578343084,0.0,2825.0,10523775869.0,-0.9501326923702617,-0.9433195437232755,-0.760931490100434,0,30,2,141,5,-0.009122075225956353,1.4217730704921798,0.939392410772371,0.9214185244072663
2020-05-20 00:45:00,-0.7989785578343084,0.0,2825.0,10523775869.0,-0.9310164447990728,-0.9038169202339916,-0.76135947749374,0,45,2,141,5,-0.009122075225956353,1.4217730704921798,0.939392410772371,0.9214185244072663
2020-05-20 01:00:00,-0.7989785578343084,0.0,2825.0,10523775869.0,-0.967660694905642,-0.9193704655706052,-0.76135947749374,1,0,2,141,5,0.35681974126132787,1.3735706634564342,0.939392410772371,0.9214185244072663
2020-05-20 01:15:00,-0.7989785578343084,0.0,2825.0,10523775869.0,-1.0069495371627086,-0.9330931122802903,-0.76135947749374,1,15,2,141,5,0.35681974126132787,1.3735706634564342,0.939392410772371,0.9214185244072663
2020-05-20 01:30:00,-0.7989785578343084,0.0,2825.0,10523775869.0,-1.0377169379516094,-0.9465642358989472,-0.76135947749374,1,30,2,141,5,0.35681974126132787,1.3735706634564342,0.939392410772371,0.9214185244072663
2020-05-20 01:45:00,-0.7989785578343084,0.0,2825.0,10523775869.0,-1.0193546374524007,-0.9436438904683374,-0.76135947749374,1,45,2,141,5,0.35681974126132787,1.3735706634564342,0.939392410772371,0.9214185244072663
2020-05-20 02:00:00,-0.7989785578343084,0.0,2825.0,10523775869.0,-0.9983535962756634,-0.9348381032725518,-0.76135947749374,2,0,2,141,5,0.6978232277024489,1.2322483567304396,0.939392410772371,0.9214185244072663
2020-05-20 02:15:00,-0.7989785578343084,0.0,2825.0,10523775869.0,-1.019110523844473,-0.9323935742020909,-0.76135947749374,2,15,2,141,5,0.6978232277024489,1.2322483567304396,0.939392410772371,0.9214185244072663
2020-05-20 02:30:00,-0.7989785578343084,0.0,2825.0,10523775869.0,-1.0543207879800107,-0.9597333099389957,-0.76135947749374,2,30,2,141,5,0.6978232277024489,1.2322483567304396,0.939392410772371,0.9214185244072663
2020-05-20 02:45:00,-0.7989785578343084,0.0,2825.0,10523775869.0,-1.0920694115893024,-0.9733143748480152,-0.76135947749374,2,45,2,141,5,0.6978232277024489,1.2322483567304396,0.939392410772371,0.9214185244072663
2020-05-20 03:00:00,-0.7989785578343084,0.0,2825.0,10523775869.0,-1.1179938676553598,-0.9761929686351489,-0.76135947749374,3,0,2,141,5,0.9906495600313504,1.007437031971418,0.939392410772371,0.9214185244072663
2020-05-20 03:15:00,-0.7989785578343084,0.0,2825.0,10523775869.0,-1.1400275359470755,-0.9813824030850508,-0.76135947749374,3,15,2,141,5,0.9906495600313504,1.007437031971418,0.939392410772371,0.9214185244072663
2020-05-20 03:30:00,-0.7989785578343084,0.0,2825.0,10523775869.0,-1.1474033400181443,-0.9609496072293331,-0.76135947749374,3,30,2,141,5,0.9906495600313504,1.007437031971418,0.939392410772371,0.9214185244072663
2020-05-20 03:45:00,-0.7989785578343084,0.0,2825.0,10523775869.0,-1.1114650839952904,-0.9557671885354279,-0.76135947749374,3,45,2,141,5,0.9906495600313504,1.007437031971418,0.939392410772371,0.9214185244072663
2020-05-20 04:00:00,-0.7989785578343084,0.0,2825.0,10523775869.0,-1.113656259581152,-0.9517805682439517,-0.76135947749374,4,0,2,141,5,1.2153431076182126,0.7144572094434171,0.939392410772371,0.9214185244072663
2020-05-20 04:15:00,-0.7989785578343084,0.0,2825.0,10523775869.0,-1.067767424012103,-0.8862348009374853,-0.7612597622168147,4,15,2,141,5,1.2153431076182126,0.7144572094434171,0.939392410772371,0.9214185244072663
2020-05-20 04:30:00,-0.7989785578343084,0.0,2825.0,10523775869.0,-1.0748238610895922,-0.9174936106715088,-0.76135947749374,4,30,2,141,5,1.2153431076182126,0.7144572094434171,0.939392410772371,0.9214185244072663
2020-05-20 04:45:00,-0.7989785578343084,0.0,2825.0,10523775869.0,-1.1122685235617698,-0.9650573830932128,-0.76135947749374,4,45,2,141,5,1.2153431076182126,0.7144572094434171,0.939392410772371,0.9214185244072663
2020-05-20 05:00:00,-0.7989785578343084,0.0,2825.0,10523775869.0,-1.1317485363530704,-0.9783950185472938,-0.76135947749374,5,0,2,141,5,1.3565913765186348,0.37327497987967023,0.939392410772371,0.9214185244072663
2020-05-20 05:15:00,-0.7989785578343084,0.0,2825.0,10523775869.0,-1.1376140084362945,-0.9775842851800483,-0.76135947749374,5,15,2,141,5,1.3565913765186348,0.37327497987967023,0.939392410772371,0.9214185244072663
2020-05-20 05:30:00,-0.7989785578343084,0.0,188.3333333333333,10523775869.0,-1.1433580195489954,-0.9824964016973329,-0.76135947749374,5,30,2,141,5,1.3565913765186348,0.37327497987967023,0.939392410772371,0.9214185244072663
2020-05-20 05:45:00,-0.7989785578343084,0.0,0.0,10523775869.0,-1.1863696196930429,-0.9940595867731633,-0.759932885013716,5,45,2,141,5,1.3565913765186348,0.37327497987967023,0.939392410772371,0.9214185244072663
2020-05-20 06:00:00,-0.7716231474980288,176.22,13.6,10523775882.6,-1.196739061242292,-0.9856936549435852,-0.7215929450099793,6,0,2,141,5,1.4047685306308542,0.007141348394654197,0.939392410772371,0.9214185244072663
2020-05-20 06:15:00,-0.7239210438048255,484.27952380952377,98.92857142857142,10523775967.928572,-1.192680460811534,-0.9428342291645999,-0.6620370777476086,6,15,2,141,5,1.4047685306308542,0.007141348394654197,0.939392410772371,0.9214185244072663
2020-05-20 06:30:00,-0.6703437941398315,832.0352380952381,251.7857142857143,10523776120.785715,-1.1758366353571779,-0.901288538786078,-0.600885742756594,6,30,2,141,5,1.4047685306308542,0.007141348394654197,0.939392410772371,0.9214185244072663
2020-05-20 06:45:00,-0.599154093461353,1296.2466666666667,524.0,10523776393.0,-1.1104729438704883,-0.8173916978258942,-0.5157215868931283,6,45,2,141,5,1.4047685306308542,0.007141348394654197,0.939392410772371,0.9214185244072663
2020-05-20 07:00:00,-0.5354403528037467,1716.5333333333333,891.0,10523776760.0,-1.0669497011738984,-0.7362068382718203,-0.43940690248515535,7,0,2,141,5,1.3565913765186348,-0.3589922830903618,0.939392410772371,0.9214185244072663
2020-05-20 07:15:00,-0.374425746231402,2779.02,1448.6000000000001,10523777317.6,-1.0103162813311923,-0.6146962660980567,-0.23641071451989557,7,15,2,141,5,1.3565913765186348,-0.3589922830903618,0.939392410772371,0.9214185244072663
2020-05-20 07:30:00,-0.12306440292178675,4432.33,2343.152380952381,10523778212.15238,-0.9024703172803081,-0.3999290003099113,0.12985212597611903,7,30,2,141,5,1.3565913765186348,-0.3589922830903618,0.939392410772371,0.9214185244072663
2020-05-20 07:45:00,0.029267103963629006,5423.176666666666,3554.3761904761905,10523779423.37619,-0.7704692051334706,-0.17691918792402436,0.289975039545887,7,45,2,141,5,1.3565913765186348,-0.3589922830903618,0.939392410772371,0.9214185244072663
2020-05-20 08:00:00,0.10973394805546112,5946.213333333333,4989.733333333333,10523780858.733334,-0.7146711677901877,-0.10255415257835164,0.39707218232707836,8,0,2,141,5,1.2153431076182126,-0.7001745126541085,0.939392410772371,0.9214185244072663
2020-05-20 08:15:00,0.17104011690170856,6346.419999999999,6517.066666666667,10523782386.066666,-0.6022505807865461,0.01709568264623567,0.43391217249031416,8,15,2,141,5,1.2153431076182126,-0.7001745126541085,0.939392410772371,0.9214185244072663
2020-05-20 08:30:00,0.4172682802055828,7949.153333333333,8262.742857142857,10404118680.609522,-0.5275862523176972,0.1545165401353921,0.7421548897652382,8,30,2,141,5,1.2153431076182126,-0.7001745126541085,0.939392410772371,0.9214185244072663
2020-05-20 08:45:00,0.4540958515533321,8189.094285714285,10314.67619047619,10523786183.67619,-0.4607881074761345,0.22330721683363747,0.7488978439967577,8,45,2,141,5,1.2153431076182126,-0.7001745126541085,0.939392410772371,0.9214185244072663
2020-05-20 09:00:00,0.5844964057648178,9037.607142857141,12393.757142857143,10523762172.4,-0.34764651262741086,0.36549919060263514,0.9553234043624469,9,0,2,141,5,0.9906495600313506,-0.9931543351821099,0.939392410772371,0.9214185244072663
2020-05-20 09:15:00,0.5739167902627645,8964.253333333332,14763.466666666667,10523790632.466667,-0.23031843956428968,0.5558196775937457,1.1688926093922516,9,15,2,141,5,0.9906495600313506,-0.9931543351821099,0.939392410772371,0.9214185244072663
2020-05-20 09:30:00,0.5311089646658644,8683.806666666667,16978.466666666667,10523792847.466667,-0.11370157952452278,0.6977601434329807,1.1882995565188226,9,30,2,141,5,0.9906495600313506,-0.9931543351821099,0.939392410772371,0.9214185244072663
2020-05-20 09:45:00,0.49021977543125883,8415.08238095238,19173.004761904762,10523795042.004763,-0.06225119415066237,0.7953035476815749,1.3064794651523148,9,45,2,141,5,0.9906495600313506,-0.9931543351821099,0.939392410772371,0.9214185244072663
2020-05-20 10:00:00,0.3942935944882401,7785.319523809524,21178.59523809524,10523797047.595238,-0.03219166804477332,0.8459085104433972,1.4909218064535377,10,0,2,141,5,0.6978232277024489,-1.2179656599411315,0.939392410772371,0.9214185244072663
2020-05-20 10:15:00,0.022292138657858958,5346.84,22770.533333333333,10523798639.533333,0.037731019259486985,0.9442173696576975,1.84225678840626,10,15,2,141,5,0.6978232277024489,-1.2179656599411315,0.939392410772371,0.9214185244072663
2020-05-20 10:30:00,-0.2617204166937796,3496.6466666666665,23875.2,10523799744.2,0.17332878039018937,1.0734113764628224,1.797385236968451,10,30,2,141,5,0.6978232277024489,-1.2179656599411315,0.939392410772371,0.9214185244072663
2020-05-20 10:45:00,-0.2350153504443029,3669.4266666666667,24775.13333333333,10523800644.133333,0.30750859825728677,1.2393677032506847,1.9870501827994353,10,45,2,141,5,0.6978232277024489,-1.2179656599411315,0.939392410772371,0.9214185244072663
2020-05-20 11:00:00,-0.2523712031106137,3557.437142857143,25679.461904761905,10523801548.461905,0.3360590396317449,1.2378345215134323,1.8847393053867743,11,0,2,141,5,0.35681974126132826,-1.359287966667126,0.939392410772371,0.9214185244072663
2020-05-20 11:15:00,-0.23337992844239025,3680.0761904761903,26562.642857142855,10523802431.642857,0.420318002470722,1.2567320798025592,1.9512369754652275,11,15,2,141,5,0.35681974126132826,-1.359287966667126,0.939392410772371,0.9214185244072663
2020-05-20 11:30:00,-0.23009431362158383,3701.4733333333334,27486.066666666666,10523803355.066668,0.5414923096468433,1.4304078936600824,1.9637169772805432,11,30,2,141,5,0.35681974126132826,-1.359287966667126,0.939392410772371,0.9214185244072663
2020-05-20 11:45:00,-0.2083442499382229,3843.0133333333333,28425.666666666664,10523804294.666666,0.6112664579413203,1.5272738689591083,1.9277987701879358,11,45,2,141,5,0.35681974126132826,-1.359287966667126,0.939392410772371,0.9214185244072663
2020-05-20 12:00:00,-0.010900384580399209,5127.686666666667,29554.4,10523805423.4,0.6616037330808299,1.4621175747063135,1.9164731173907112,12,0,2,141,5,-0.00912207522595618,-1.4074903737028717,0.939392410772371,0.9214185244072663
2020-05-20 12:15:00,0.057235396169729454,5570.975238095239,30945.27142857143,10523806814.271427,0.7459788408039326,1.5381616736678143,2.0210623090099498,12,15,2,141,5,-0.00912207522595618,-1.4074903737028717,0.939392410772371,0.9214185244072663
2020-05-20 12:30:00,-0.026424513227813307,5026.708095238095,32223.085714285713,10523808092.085714,0.7688642764749593,1.5103169340386424,1.9575656004878117,12,30,2,141,5,-0.00912207522595618,-1.4074903737028717,0.939392410772371,0.9214185244072663
2020-05-20 12:45:00,-0.026268884474980565,5027.66,33477.0,10523809346.0,0.8522686954263528,1.5048515808787433,1.952117117032548,12,45,2,141,5,-0.00912207522595618,-1.4074903737028717,0.939392410772371,0.9214185244072663
2020-05-20 13:00:00,-0.03454753493171463,4973.773333333333,34735.46666666667,10523810604.466667,0.9670974649802044,1.5899267800193873,1.9209357270730958,13,0,2,141,5,-0.37506389171324067,-1.359287966667126,0.939392410772371,0.9214185244072663
2020-05-20 13:15:00,-0.04122579947898964,4930.326666666666,35993.066666666666,10523811862.066668,1.0126247640376447,1.5823939549112473,1.9043440459397052,13,15,2,141,5,-0.37506389171324067,-1.359287966667126,0.939392410772371,0.9214185244072663
2020-05-20 13:30:00,-0.07732439176257644,4697.182380952381,37180.961904761905,10523813049.961905,1.0651127493610097,1.531736601017007,1.7786926762515762,13,30,2,141,5,-0.37506389171324067,-1.359287966667126,0.939392410772371,0.9214185244072663
2020-05-20 13:45:00,-0.09113246544581267,4608.08,38332.33333333333,10523814201.333334,1.1454640888927439,1.5324550292680523,1.7325066341499344,13,45,2,141,5,-0.37506389171324067,-1.359287966667126,0.939392410772371,0.9214185244072663
2020-05-20 14:00:00,-0.09076533571939169,4610.5,39008.0,10523814877.0,1.1276687905649634,1.4963602629118196,1.7347602939544664,14,0,2,141,5,-0.7160673781543613,-1.2179656599411317,0.939392410772371,0.9214185244072663
2020-05-20 14:15:00,1.543043114990277,15265.65,102360.0,14190373244.0,1.3110179330037175,1.5739204770168334,1.586430435908932,14,15,2,141,5,-0.7160673781543613,-1.2179656599411317,0.939392410772371,0.9214185244072663
2020-05-20 14:30:00,1.7092946897485535,16360.106666666667,104974.4,14190375858.4,1.2738838416059255,1.442701474659888,1.468615078372448,14,30,2,141,5,-0.7160673781543613,-1.2179656599411317,0.939392410772371,0.9214185244072663
2020-05-20 14:45:00,1.7266671685035433,16479.213333333333,109085.86666666667,14190379969.866667,1.3962602440960856,1.3781745214488321,1.3437143182061253,14,45,2,141,5,-0.7160673781543613,-1.2179656599411317,0.939392410772371,0.9214185244072663
2020-05-20 15:00:00,2.1422480288874404,19196.88,113511.93333333332,14190384395.933332,1.3984850146494565,1.3191535434792636,1.2002078137316665,15,0,2,141,5,-1.0088937104832625,-0.9931543351821105,0.939392410772371,0.9214185244072663
2020-05-20 15:15:00,2.0605913847842694,18671.693333333333,118392.93333333333,14190389276.933332,1.4088789115453866,1.2576398247620877,1.022749003743738,15,15,2,141,5,-1.0088937104832625,-0.9931543351821105,0.939392410772371,0.9214185244072663
2020-05-20 15:30:00,2.009076340968364,18336.806666666667,123104.59999999999,14190393988.6,1.4504626354398291,1.2042314353791146,0.971668927353031,15,30,2,141,5,-1.0088937104832625,-0.9931543351821105,0.939392410772371,0.9214185244072663
2020-05-20 15:45:00,1.7673747551815422,16765.018095238094,127487.46666666667,14190398371.466667,1.4974459336534711,1.1179678790609842,0.812157325805375,15,45,2,141,5,-1.0088937104832625,-0.9931543351821105,0.939392410772371,0.9214185244072663
2020-05-20 16:00:00,1.1949618555555548,13037.862380952381,131230.1761904762,14190402114.17619,1.4424518855654032,0.9402368544928031,0.45599284983303107,16,0,2,141,5,-1.2335872580701248,-0.7001745126541093,0.939392410772371,0.9214185244072663
2020-05-20 16:15:00,0.6812944930493597,9695.44,133977.2666666667,14190404861.266668,1.3388333314353529,0.6191442779683762,0.131051482277328,16,15,2,141,5,-1.2335872580701248,-0.7001745126541093,0.939392410772371,0.9214185244072663
2020-05-20 16:30:00,0.4036864783129162,7886.786666666667,135652.26666666666,14096265371.666668,1.2353781821975032,0.44982301425255855,-0.02594599261152833,16,30,2,141,5,-1.2335872580701248,-0.7001745126541093,0.939392410772371,0.9214185244072663
2020-05-20 16:45:00,0.3810782801125605,7739.733333333334,138164.06666666665,14190409048.066668,1.1701900675518873,0.3321576502994854,-0.05133948353834504,16,45,2,141,5,-1.2335872580701248,-0.7001745126541093,0.939392410772371,0.9214185244072663
2020-05-20 17:00:00,0.21834426481566047,6667.336666666666,140020.05714285714,14190410904.057144,1.1480192544855177,0.29875966613393456,-0.13984580389496992,17,0,2,141,5,-1.3748355269705475,-0.3589922830903618,0.939392410772371,0.9214185244072663
2020-05-20 17:15:00,0.10367905479876206,5908.103809523809,141545.6238095238,14190412429.62381,1.0890510240694067,0.20104632670817105,-0.2125750754275197,17,15,2,141,5,-1.3748355269705475,-0.3589922830903618,0.939392410772371,0.9214185244072663
2020-05-20 17:30:00,-0.021355696878676982,5088.523809523809,142953.33809523808,14190413837.338095,1.0651753628742342,0.15229765883570753,-0.2823417717787562,17,30,2,141,5,-1.3748355269705475,-0.3589922830903618,0.939392410772371,0.9214185244072663
2020-05-20 17:45:00,-0.25428291788234186,3556.122380952381,144030.93333333332,14190414914.933332,0.9232913654697896,0.02772814028785184,-0.42533478282459336,17,45,2,141,5,-1.3748355269705475,-0.3589922830903618,0.939392410772371,0.9214185244072663
2020-05-20 18:00:00,-0.4540014890552956,2237.480952380952,144766.49047619046,14190415650.490477,0.7957410438449198,-0.10095755928105038,-0.5452790728577909,18,0,2,141,5,-1.423012681082767,0.00714134839465385,0.939392410772371,0.9214185244072663
2020-05-20 18:15:00,-0.6259213113127176,1117.4090476190477,145174.20476190475,14190416058.20476,0.6681518716130197,-0.22276268688708392,-0.6526526833657894,18,15,2,141,5,-1.423012681082767,0.00714134839465385,0.939392410772371,0.9214185244072663
2020-05-20 18:30:00,-0.7482642064693594,326.64190476190475,145357.49523809523,14190416241.49524,0.5379781709113407,-0.3343363525616137,-0.728045722548241,18,30,2,141,5,-1.423012681082767,0.00714134839465385,0.939392410772371,0.9214185244072663
2020-05-20 18:45:00,-0.7989785578343084,0.0,145383.0,14190416267.0,0.4250903765514274,-0.42649890500616844,-0.7602609686293674,18,45,2,141,5,-1.423012681082767,0.00714134839465385,0.939392410772371,0.9214185244072663
2020-05-20 19:00:00,-0.7989785578343084,0.0,145383.0,14190416267.0,0.32818555677497324,-0.4731368917077288,-0.76135947749374,19,0,2,141,5,-1.3748355269705475,0.37327497987966957,0.939392410772371,0.9214185244072663
2020-05-20 19:15:00,-0.7989785578343084,0.0,145383.0,14190416267.0,0.2447863486676576,-0.5037056587014634,-0.76135947749374,19,15,2,141,5,-1.3748355269705475,0.37327497987966957,0.939392410772371,0.9214185244072663
2020-05-20 19:30:00,-0.7989785578343084,0.0,145383.0,14190416267.0,0.15264346212425597,-0.5196483625193471,-0.76135947749374,19,30,2,141,5,-1.3748355269705475,0.37327497987966957,0.939392410772371,0.9214185244072663
2020-05-20 19:45:00,-0.7989785578343084,0.0,145383.0,14190416267.0,0.06241724060853699,-0.548596462225398,-0.76135947749374,19,45,2,141,5,-1.3748355269705475,0.37327497987966957,0.939392410772371,0.9214185244072663
2020-05-20 20:00:00,-0.7989785578343084,0.0,145383.0,14190416267.0,-0.027960713076877444,-0.586950696777327,-0.76135947749374,20,0,2,141,5,-1.233587258070125,0.7144572094434171,0.939392410772371,0.9214185244072663
2020-05-20 20:15:00,-0.7989785578343084,0.0,145383.0,14190416267.0,-0.08359560944332249,-0.6119676081590841,-0.76135947749374,20,15,2,141,5,-1.233587258070125,0.7144572094434171,0.939392410772371,0.9214185244072663
2020-05-20 20:30:00,-0.7989785578343084,0.0,145383.0,14190416267.0,-0.1528514471398347,-0.5858753486147587,-0.76135947749374,20,30,2,141,5,-1.233587258070125,0.7144572094434171,0.939392410772371,0.9214185244072663
2020-05-20 20:45:00,-0.7989785578343084,0.0,145383.0,14190416267.0,-0.3082079283598989,-0.5916703189185653,-0.76135947749374,20,45,2,141,5,-1.233587258070125,0.7144572094434171,0.939392410772371,0.9214185244072663
2020-05-20 21:00:00,-0.7989785578343084,0.0,145383.0,14190416267.0,-0.307958500554539,-0.6402792552367654,-0.76135947749374,21,0,2,141,5,-1.0088937104832634,1.0074370319714179,0.939392410772371,0.9214185244072663
2020-05-20 21:15:00,-0.7989785578343084,0.0,145383.0,14190416267.0,-0.27994770536458774,-0.6743326637310881,-0.76135947749374,21,15,2,141,5,-1.0088937104832634,1.0074370319714179,0.939392410772371,0.9214185244072663
2020-05-20 21:30:00,-0.7989785578343084,0.0,145383.0,14190416267.0,-0.29895133663772455,-0.6606375124038261,-0.76135947749374,21,30,2,141,5,-1.0088937104832634,1.0074370319714179,0.939392410772371,0.9214185244072663
2020-05-20 21:45:00,-0.7989785578343084,0.0,145383.0,14190416267.0,-0.3685532688291976,-0.6761639115438711,-0.76135947749374,21,45,2,141,5,-1.0088937104832634,1.0074370319714179,0.939392410772371,0.9214185244072663
2020-05-20 22:00:00,-0.7989785578343084,0.0,108033.0,13358532637.0,-0.45292633566085744,-0.7052805064883717,-0.76135947749374,22,0,2,141,5,-0.7160673781543622,1.2322483567304392,0.939392410772371,0.9214185244072663
2020-05-20 22:15:00,-0.7989785578343084,0.0,108033.0,13358532637.0,-0.5217327230789222,-0.7442360416569227,-0.76135947749374,22,15,2,141,5,-0.7160673781543622,1.2322483567304392,0.939392410772371,0.9214185244072663
2020-05-20 22:30:00,-0.7989785578343084,0.0,107197.33333333333,13244508164.8,-0.5621094417003456,-0.7728245274186943,-0.76135947749374,22,30,2,141,5,-0.7160673781543622,1.2322483567304392,0.939392410772371,0.9214185244072663
2020-05-20 22:45:00,-0.7989785578343084,0.0,108033.0,13358532637.0,-0.626529600441842,-0.8024832058455972,-0.76135947749374,22,45,2,141,5,-0.7160673781543622,1.2322483567304392,0.939392410772371,0.9214185244072663
2020-05-20 23:00:00,-0.7989785578343084,0.0,108033.0,13358532637.0,-0.6919536845589659,-0.8470629741194241,-0.76135947749374,23,0,2,141,5,-0.3750638917132417,1.373570663456434,0.939392410772371,0.9214185244072663
2020-05-20 23:15:00,-0.7989785578343084,0.0,108033.0,13358532637.0,-0.7136301447667808,-0.8740295058884536,-0.76135947749374,23,15,2,141,5,-0.3750638917132417,1.373570663456434,0.939392410772371,0.9214185244072663
2020-05-20 23:30:00,-0.7989785578343084,0.0,108033.0,13358532637.0,-0.7125247188408634,-0.8672157983444501,-0.76135947749374,23,30,2,141,5,-0.3750638917132417,1.373570663456434,0.939392410772371,0.9214185244072663
2020-05-20 23:45:00,-0.7989785578343084,0.0,94176.73333333334,13358532637.0,-0.7572853332674391,-0.8725666877708615,-0.76135947749374,23,45,2,141,5,-0.3750638917132417,1.373570663456434,0.939392410772371,0.9214185244072663
2020-05-21 00:00:00,-0.7989785578343084,0.0,28723.933333333334,13358532637.0,-0.8032525576337036,-0.8797111710082361,-0.76135947749374,0,0,3,142,5,-0.009122075225956353,1.4217730704921798,0.8043739339401415,0.7549738321397921
2020-05-21 00:15:00,-0.7989785578343084,0.0,15904.0,13358532637.0,-0.8455530103284576,-0.8999107164341388,-0.76135947749374,0,15,3,142,5,-0.009122075225956353,1.4217730704921798,0.8043739339401415,0.7549738321397921
2020-05-21 00:30:00,-0.7989785578343084,0.0,15904.0,13358532637.0,-0.9023010080241349,-0.9190683804250054,-0.76135947749374,0,30,3,142,5,-0.009122075225956353,1.4217730704921798,0.8043739339401415,0.7549738321397921
2020-05-21 00:45:00,-0.7989785578343084,0.0,15904.0,13358532637.0,-0.9214197940940443,-0.9192694600816703,-0.76135947749374,0,45,3,142,5,-0.009122075225956353,1.4217730704921798,0.8043739339401415,0.7549738321397921
2020-05-21 01:00:00,-0.7989785578343084,0.0,15904.0,13358532637.0,-0.9427657559090962,-0.9393223656611206,-0.76135947749374,1,0,3,142,5,0.35681974126132787,1.3735706634564342,0.8043739339401415,0.7549738321397921
2020-05-21 01:15:00,-0.7989785578343084,0.0,13391.2,13358532637.0,-0.9787203431112717,-0.9525755064341115,-0.76135947749374,1,15,3,142,5,0.35681974126132787,1.3735706634564342,0.8043739339401415,0.7549738321397921
2020-05-21 01:30:00,-0.7989785578343084,0.0,6481.0,13358532637.0,-1.0103195033652839,-0.9611387769021574,-0.76135947749374,1,30,3,142,5,0.35681974126132787,1.3735706634564342,0.8043739339401415,0.7549738321397921
2020-05-21 01:45:00,-0.7989785578343084,0.0,6481.0,13358532637.0,-1.0344601118300134,-0.9694032655685603,-0.76135947749374,1,45,3,142,5,0.35681974126132787,1.3735706634564342,0.8043739339401415,0.7549738321397921
2020-05-21 02:00:00,-0.7989785578343084,0.0,6481.0,13358532637.0,-1.100170676065124,-0.9916053838623563,-0.76135947749374,2,0,3,142,5,0.6978232277024489,1.2322483567304396,0.8043739339401415,0.7549738321397921
2020-05-21 02:15:00,-0.7989785578343084,0.0,6481.0,13358532637.0,-1.1380443521065569,-1.0138622508175357,-0.76135947749374,2,15,3,142,5,0.6978232277024489,1.2322483567304396,0.8043739339401415,0.7549738321397921
2020-05-21 02:30:00,-0.7989785578343084,0.0,6481.0,13358532637.0,-1.1129608356042455,-0.959536005723274,-0.76135947749374,2,30,3,142,5,0.6978232277024489,1.2322483567304396,0.8043739339401415,0.7549738321397921
2020-05-21 02:45:00,-0.7989785578343084,0.0,6481.0,13358532637.0,-1.1418119693973137,-0.9618933072708652,-0.76135947749374,2,45,3,142,5,0.6978232277024489,1.2322483567304396,0.8043739339401415,0.7549738321397921
2020-05-21 03:00:00,-0.7989785578343084,0.0,6481.0,13208681896.933332,-1.167596185215258,-0.9699375418578833,-0.76135947749374,3,0,3,142,5,0.9906495600313504,1.007437031971418,0.8043739339401415,0.7549738321397921
2020-05-21 03:15:00,-0.7989785578343084,0.0,6481.0,13358532637.0,-1.182838862385731,-0.9806513396840171,-0.76135947749374,3,15,3,142,5,0.9906495600313504,1.007437031971418,0.8043739339401415,0.7549738321397921
2020-05-21 03:30:00,-0.7989785578343084,0.0,6481.0,13358532637.0,-1.204538172859931,-0.9930275705536808,-0.76135947749374,3,30,3,142,5,0.9906495600313504,1.007437031971418,0.8043739339401415,0.7549738321397921
2020-05-21 03:45:00,-0.7989785578343084,0.0,6481.0,13358532637.0,-1.2468748159596996,-1.0113205269800145,-0.76135947749374,3,45,3,142,5,0.9906495600313504,1.007437031971418,0.8043739339401415,0.7549738321397921
2020-05-21 04:00:00,-0.7989785578343084,0.0,5674.666666666667,13358532637.0,-1.248889787838053,-1.0048021948161696,-0.76135947749374,4,0,3,142,5,1.2153431076182126,0.7144572094434171,0.8043739339401415,0.7549738321397921
2020-05-21 04:15:00,-0.7989785578343084,0.0,4062.0,13358532637.0,-1.2190665199454211,-0.9892431638670371,-0.76135947749374,4,15,3,142,5,1.2153431076182126,0.7144572094434171,0.8043739339401415,0.7549738321397921
2020-05-21 04:30:00,-0.7989785578343084,0.0,4062.0,13358532637.0,-1.1910736936671937,-0.9779811832485059,-0.76135947749374,4,30,3,142,5,1.2153431076182126,0.7144572094434171,0.8043739339401415,0.7549738321397921
2020-05-21 04:45:00,-0.7989785578343084,0.0,4062.0,13358417377.6,-1.1728163162524754,-0.9915501167620073,-0.76135947749374,4,45,3,142,5,1.2153431076182126,0.7144572094434171,0.8043739339401415,0.7549738321397921
2020-05-21 05:00:00,-0.7989785578343084,0.0,4062.0,13358532637.0,-1.1615128922937514,-0.9853033705238733,-0.76135947749374,5,0,3,142,5,1.3565913765186348,0.37327497987967023,0.8043739339401415,0.7549738321397921
2020-05-21 05:15:00,-0.7989785578343084,0.0,4062.0,13358532637.0,-1.1675955605076465,-0.9937649715540203,-0.76135947749374,5,15,3,142,5,1.3565913765186348,0.37327497987967023,0.8043739339401415,0.7549738321397921
2020-05-21 05:30:00,-0.7989785578343084,0.0,0.0,13358532637.0,-1.1889023327814283,-1.007785136626633,-0.76135947749374,5,30,3,142,5,1.3565913765186348,0.37327497987967023,0.8043739339401415,0.7549738321397921
2020-05-21 05:45:00,-0.7989785578343084,0.0,0.0,13358532637.0,-1.1835240503327287,-1.0052463660890285,-0.7601025079168703,5,45,3,142,5,1.3565913765186348,0.37327497987967023,0.8043739339401415,0.7549738321397921
2020-05-21 06:00:00,-0.7657283784602004,214.14857142857144,16.04285714285714,13358532653.042858,-1.199574305521505,-1.0181026487468319,-0.7314841405827774,6,0,3,142,5,1.4047685306308542,0.007141348394654197,0.8043739339401415,0.7549738321397921
2020-05-21 06:15:00,-0.6781307975965579,779.9257142857143,136.29999999999998,13358532773.300001,-1.1718168102447153,-0.9769736572390264,-0.6651548522654626,6,15,3,142,5,1.4047685306308542,0.007141348394654197,0.8043739339401415,0.7549738321397921
2020-05-21 06:30:00,-0.565350900407991,1513.4490476190476,418.65238095238095,13264391275.25238,-1.0999591875762498,-0.9202561122718431,-0.575948961569396,6,30,3,142,5,1.4047685306308542,0.007141348394654197,0.8043739339401415,0.7549738321397921
2020-05-21 06:45:00,-0.4481204204853917,2281.1466666666665,886.7333333333333,13358533523.733332,-1.0330441511697952,-0.8711459292897327,-0.48628498747579996,6,45,3,142,5,1.4047685306308542,0.007141348394654197,0.8043739339401415,0.7549738321397921
2020-05-21 07:00:00,-0.31500481885688214,3165.3090476190473,1547.1571428571428,13034452514.82381,-0.9422668590110072,-0.6946397198773258,-0.3625342461376407,7,0,3,142,5,1.3565913765186348,-0.3589922830903618,0.8043739339401415,0.7549738321397921
2020-05-21 07:15:00,-0.15718363437326688,4201.012380952381,2363.1047619047617,12143228740.104761,-0.8472110302125521,-0.5240601009510804,-0.18379754688067745,7,15,3,142,5,1.3565913765186348,-0.3589922830903618,0.8043739339401415,0.7549738321397921
2020-05-21 07:30:00,0.11035931733094263,5963.951428571429,3625.133333333333,12143230002.133333,-0.7301637590395017,-0.3115147112414683,0.08369672762255827,7,30,3,142,5,1.3565913765186348,-0.3589922830903618,0.8043739339401415,0.7549738321397921
2020-05-21 07:45:00,0.27360966901275635,7030.54,5264.333333333333,12143231641.333334,-0.6161989091146439,-0.15220517095612196,0.23558695735298849,7,45,3,142,5,1.3565913765186348,-0.3589922830903618,0.8043739339401415,0.7549738321397921
2020-05-21 08:00:00,0.42043958174714224,7982.753333333333,7134.266666666666,12143233511.266666,-0.5424546287023173,-0.03661660789670415,0.33724962588670915,8,0,3,142,5,1.2153431076182126,-0.7001745126541085,0.8043739339401415,0.7549738321397921
2020-05-21 08:15:00,0.7300600242086175,9998.276666666667,9383.295238095237,12143235760.295238,-0.4064886373786324,0.1850157311323907,0.6015957850424613,8,15,3,142,5,1.2153431076182126,-0.7001745126541085,0.8043739339401415,0.7549738321397921
2020-05-21 08:30:00,0.9411759575628826,11373.477619047619,12022.666666666666,12143238399.666666,-0.2747918530979142,0.34166584286420004,0.7716526983083721,8,30,3,142,5,1.2153431076182126,-0.7001745126541085,0.8043739339401415,0.7549738321397921
2020-05-21 08:45:00,1.0144785272791303,11850.83238095238,14925.438095238094,12143241302.438095,-0.19369750872705863,0.4201859084934424,0.8275545100222014,8,45,3,142,5,1.2153431076182126,-0.7001745126541085,0.8043739339401415,0.7549738321397921
2020-05-21 09:00:00,1.1670645631702101,12843.906666666666,18019.4,12143244396.4,-0.05676434318543194,0.5817932868931255,0.9597482240104416,9,0,3,142,5,0.9906495600313506,-0.9931543351821099,0.8043739339401415,0.7549738321397921
2020-05-21 09:15:00,1.2813892594738958,13586.913333333334,21370.0,12143247747.0,0.03548033777719827,0.7189392559707984,1.0856567456831094,9,15,3,142,5,0.9906495600313506,-0.9931543351821099,0.8043739339401415,0.7549738321397921
2020-05-21 09:30:00,1.223409521425814,13201.900476190476,26008.2,13277538227.866667,0.12435479266968064,0.8574107038495752,1.283889419382493,9,30,3,142,5,0.9906495600313506,-0.9931543351821099,0.8043739339401415,0.7549738321397921
2020-05-21 09:45:00,0.47502652735554834,8309.880000000001,20710.800000000003,9607056433.2,0.2630995695460808,1.1835266546371148,1.646156004521768,9,45,3,142,5,0.9906495600313506,-0.9931543351821099,0.8043739339401415,0.7549738321397921
2020-05-21 10:00:00,-0.43170155138324656,2393.7861904761903,5667.976190476191,5325793624.585713,0.42038009678850374,1.5593607729479309,1.7340515914649481,10,0,3,142,5,0.6978232277024489,-1.2179656599411315,0.8043739339401415,0.7549738321397921
2020-05-21 10:15:00,0.6913392194495176,9702.734761904761,29931.35238095238,13358537810.995237,0.4459798363129233,1.4988655405949312,1.8590819007853423,10,15,3,142,5,0.6978232277024489,-1.2179656599411315,0.8043739339401415,0.7549738321397921
2020-05-21 10:30:00,0.595774745131033,9075.140000000001,32296.2,13358566681.2,0.4870925622386258,1.46237455528047,1.9261641050139529,10,30,3,142,5,0.6978232277024489,-1.2179656599411315,0.8043739339401415,0.7549738321397921
2020-05-21 10:45:00,0.4199530724226064,7946.713333333333,34397.0,13358568782.0,0.5205139498090782,1.3611142499234876,1.5801898950600277,10,45,3,142,5,0.6978232277024489,-1.2179656599411315,0.8043739339401415,0.7549738321397921
2020-05-21 11:00:00,0.6148692014483146,9207.779523809524,36519.938095238096,13358570904.938095,0.5736818382958897,1.3753933619576695,1.8379842148390446,11,0,3,142,5,0.35681974126132826,-1.359287966667126,0.8043739339401415,0.7549738321397921
2020-05-21 11:15:00,1.043702981138081,11992.413333333334,39112.13333333333,13358573497.133333,0.7019282191295122,1.6324562621628298,2.155030986037663,11,15,3,142,5,0.35681974126132826,-1.359287966667126,0.8043739339401415,0.7549738321397921
2020-05-21 11:30:00,1.0929842778294223,12315.293333333333,42189.6,13358576574.6,0.7865661393222028,1.7275930029330109,2.0080022756083236,11,30,3,142,5,0.35681974126132826,-1.359287966667126,0.8043739339401415,0.7549738321397921
2020-05-21 11:45:00,1.1065186275805785,12403.713333333333,45358.6,13358579743.6,0.8761680663668558,1.6648022619606047,1.977243287465179,11,45,3,142,5,0.35681974126132826,-1.359287966667126,0.8043739339401415,0.7549738321397921
2020-05-21 12:00:00,1.04721643759474,12015.446666666667,48449.53333333333,13358582834.533333,0.9705797498339597,1.7205240638908024,2.027773382135964,12,0,3,142,5,-0.00912207522595618,-1.4074903737028717,0.8043739339401415,0.7549738321397921
2020-05-21 12:15:00,0.9563146891933095,11421.007142857143,51299.642857142855,13358585684.642857,1.1092185369005068,1.9846255426581554,2.0628846004273673,12,15,3,142,5,-0.00912207522595618,-1.4074903737028717,0.8043739339401415,0.7549738321397921
2020-05-21 12:30:00,0.9444071272950086,11343.846666666666,54093.799999999996,13358588478.800001,1.197826516081128,1.9853200177321675,2.020116988026543,12,30,3,142,5,-0.00912207522595618,-1.4074903737028717,0.8043739339401415,0.7549738321397921
2020-05-21 12:45:00,0.9410415217213711,11322.22,56951.26666666666,13358591336.266666,1.2699524195021612,1.9388344729690572,1.995281529539149,12,45,3,142,5,-0.00912207522595618,-1.4074903737028717,0.8043739339401415,0.7549738321397921
2020-05-21 13:00:00,1.0212316449037648,11846.566666666668,59738.0,13264452342.6,1.2436313491196964,1.9208965453010363,1.9639689161073155,13,0,3,142,5,-0.37506389171324067,-1.359287966667126,0.8043739339401415,0.7549738321397921
2020-05-21 13:15:00,1.0086683158167746,11766.913333333334,62860.933333333334,13358597245.933332,1.282808564086663,1.787689506614046,1.8613913591133788,13,15,3,142,5,-0.37506389171324067,-1.359287966667126,0.8043739339401415,0.7549738321397921
2020-05-21 13:30:00,2.092010696418726,18816.69714285714,67857.18095238095,13358600843.780952,1.314950084697613,1.7782704534172005,1.8850111843766284,13,30,3,142,5,-0.37506389171324067,-1.359287966667126,0.8043739339401415,0.7549738321397921
2020-05-21 13:45:00,2.241707432066364,19810.111904761907,73160.18095238095,13358605797.180952,1.4560200953661921,1.9402303342698874,1.720033557179387,13,45,3,142,5,-0.37506389171324067,-1.359287966667126,0.8043739339401415,0.7549738321397921
2020-05-21 14:00:00,2.1580331086348585,19278.68666666667,78049.13333333333,13358610686.133333,1.4529991472362453,1.7892832899282907,1.6262676059098415,14,0,3,142,5,-0.7160673781543613,-1.2179656599411317,0.8043739339401415,0.7549738321397921
2020-05-21 14:15:00,2.09618948184898,18881.266666666666,82873.8,13358615510.8,1.5283426551252006,1.841935340651853,1.5774296388996716,14,15,3,142,5,-0.7160673781543613,-1.2179656599411317,0.8043739339401415,0.7549738321397921
2020-05-21 14:30:00,2.0514017245671434,18591.08952380952,87617.22380952381,13358620254.22381,1.5819562486131407,1.7947521408586773,1.5329965396339253,14,30,3,142,5,-0.7160673781543613,-1.2179656599411317,0.8043739339401415,0.7549738321397921
2020-05-21 14:45:00,1.8532186047942139,17306.57,92054.54761904762,13358624691.547619,1.616087867215154,1.5706345691499777,1.3404885930706936,14,45,3,142,5,-0.7160673781543613,-1.2179656599411317,0.8043739339401415,0.7549738321397921
2020-05-21 15:00:00,1.763273819806006,16722.845238095237,96210.7238095238,13358628847.72381,1.6010828261227716,1.443588072992703,1.2376496808588757,15,0,3,142,5,-1.0088937104832625,-0.9931543351821105,0.8043739339401415,0.7549738321397921
2020-05-21 15:15:00,1.5481212433762057,15324.766666666666,100352.59999999999,13358632989.6,1.6595876994323948,1.439331538519483,1.0617325979932069,15,15,3,142,5,-1.0088937104832625,-0.9931543351821105,0.8043739339401415,0.7549738321397921
2020-05-21 15:30:00,0.9551772649291406,11466.893333333333,103728.0,13358636365.0,1.6139636098232377,1.1870051798547183,0.5750669795114034,15,30,3,142,5,-1.0088937104832625,-0.9931543351821105,0.8043739339401415,0.7549738321397921
2020-05-21 15:45:00,0.9625846512537855,11515.284285714286,106553.69047619047,13358639190.690477,1.594383662703243,1.0288850827320295,0.5652000921174594,15,45,3,142,5,-1.0088937104832625,-0.9931543351821105,0.8043739339401415,0.7549738321397921
2020-05-21 16:00:00,0.9216071225437067,11248.299047619048,109383.07619047619,13358642020.07619,1.6204323346599252,0.996508101986638,0.5408347602888892,16,0,3,142,5,-1.2335872580701248,-0.7001745126541093,0.8043739339401415,0.7549738321397921
2020-05-21 16:15:00,0.6420836824921391,9426.838095238096,111959.08571428571,13358644596.085714,1.6563800821907404,0.9151383623487264,0.3248406373326544,16,15,3,142,5,-1.2335872580701248,-0.7001745126541093,0.8043739339401415,0.7549738321397921
2020-05-21 16:30:00,0.618175152901197,9271.073333333332,114284.46666666666,13358646921.466667,1.68816648607158,0.8236727409123396,0.2977665169430918,16,30,3,142,5,-1.2335872580701248,-0.7001745126541093,0.8043739339401415,0.7549738321397921
2020-05-21 16:45:00,0.32282902817202136,7353.38,116410.66666666667,13358649047.666666,1.6707552245236166,0.7244270706872169,0.07764137759969067,16,45,3,142,5,-1.2335872580701248,-0.7001745126541093,0.8043739339401415,0.7549738321397921
2020-05-21 17:00:00,0.15811301184867504,6277.251428571429,118138.90000000001,13358650775.9,1.6478643688731347,0.5839575259463408,-0.043923387994453215,17,0,3,142,5,-1.3748355269705475,-0.3589922830903618,0.8043739339401415,0.7549738321397921
2020-05-21 17:15:00,-0.055658172088650655,4868.1238095238095,119524.05714285714,13358652161.057144,1.496502239806572,0.4236341239592872,-0.19613598310019525,17,15,3,142,5,-1.3748355269705475,-0.3589922830903618,0.8043739339401415,0.7549738321397921
2020-05-21 17:30:00,-0.26937127175050385,3464.165714285714,120557.5142857143,13358653194.514286,1.4328642514286347,0.260423405594914,-0.3521263406510916,17,30,3,142,5,-1.3748355269705475,-0.3589922830903618,0.8043739339401415,0.7549738321397921
2020-05-21 17:45:00,-0.4595149284025521,2205.6266666666666,121270.26666666666,13358653907.266666,1.3439849559291588,0.09421643945564663,-0.49419877653552907,17,45,3,142,5,-1.3748355269705475,-0.3589922830903618,0.8043739339401415,0.7549738321397921
2020-05-21 18:00:00,-0.5989882607141805,1294.0533333333333,121154.6,13247986466.066666,1.190141980967204,-0.059284116654367267,-0.6016922094385437,18,0,3,142,5,-1.423012681082767,0.00714134839465385,0.8043739339401415,0.7549738321397921
2020-05-21 18:15:00,-0.695293630649658,668.8138095238096,121956.95714285714,13358654593.957142,1.0275832920725791,-0.17816976340328816,-0.6783625726876841,18,15,3,142,5,-1.423012681082767,0.00714134839465385,0.8043739339401415,0.7549738321397921
2020-05-21 18:30:00,-0.7712577303300986,178.53,122061.35238095238,13358654698.35238,0.8787594390954735,-0.2740254391349544,-0.7364084447608706,18,30,3,142,5,-1.423012681082767,0.00714134839465385,0.8043739339401415,0.7549738321397921
2020-05-21 18:45:00,-0.7989785578343084,0.0,121502.66666666666,13277633722.333334,0.7789764753019951,-0.32984529907075566,-0.7605269792933775,18,45,3,142,5,-1.423012681082767,0.00714134839465385,0.8043739339401415,0.7549738321397921
2020-05-21 19:00:00,-0.7989785578343084,0.0,122074.0,13358654711.0,0.6661093429777765,-0.37496149310073834,-0.76135947749374,19,0,3,142,5,-1.3748355269705475,0.37327497987966957,0.8043739339401415,0.7549738321397921
2020-05-21 19:15:00,-0.7989785578343084,0.0,122074.0,13358654711.0,0.590792504302145,-0.40866731978292464,-0.76135947749374,19,15,3,142,5,-1.3748355269705475,0.37327497987966957,0.8043739339401415,0.7549738321397921
2020-05-21 19:30:00,-0.7989785578343084,0.0,122074.0,13358654711.0,0.5253354758309337,-0.42925076339876134,-0.76135947749374,19,30,3,142,5,-1.3748355269705475,0.37327497987966957,0.8043739339401415,0.7549738321397921
2020-05-21 19:45:00,-0.7989785578343084,0.0,122074.0,13358654711.0,0.4251314615338591,-0.4574521538508474,-0.76135947749374,19,45,3,142,5,-1.3748355269705475,0.37327497987966957,0.8043739339401415,0.7549738321397921
2020-05-21 20:00:00,-0.7989785578343084,0.0,122074.0,13358654711.0,0.29675088486934303,-0.4851518644464134,-0.76135947749374,20,0,3,142,5,-1.233587258070125,0.7144572094434171,0.8043739339401415,0.7549738321397921
2020-05-21 20:15:00,-0.7989785578343084,0.0,122074.0,13358654711.0,0.18193071010492093,-0.5221909487372255,-0.76135947749374,20,15,3,142,5,-1.233587258070125,0.7144572094434171,0.8043739339401415,0.7549738321397921
2020-05-21 20:30:00,-0.7989785578343084,0.0,122074.0,13358654711.0,0.07313828487383826,-0.5538580946172698,-0.76135947749374,20,30,3,142,5,-1.233587258070125,0.7144572094434171,0.8043739339401415,0.7549738321397921
2020-05-21 20:45:00,-0.7989785578343084,0.0,122074.0,13358654711.0,0.004547767803065894,-0.5800708413034029,-0.76135947749374,20,45,3,142,5,-1.233587258070125,0.7144572094434171,0.8043739339401415,0.7549738321397921
2020-05-21 21:00:00,-0.7989785578343084,0.0,122074.0,13358654711.0,-0.09450026809453811,-0.6088620833288539,-0.76135947749374,21,0,3,142,5,-1.0088937104832634,1.0074370319714179,0.8043739339401415,0.7549738321397921
2020-05-21 21:15:00,-0.7989785578343084,0.0,122074.0,13358654711.0,-0.15356345973496857,-0.6302767430850412,-0.76135947749374,21,15,3,142,5,-1.0088937104832634,1.0074370319714179,0.8043739339401415,0.7549738321397921
2020-05-21 21:30:00,-0.7989785578343084,0.0,122074.0,13358654711.0,-0.18555462361238512,-0.6407620242286509,-0.76135947749374,21,30,3,142,5,-1.0088937104832634,1.0074370319714179,0.8043739339401415,0.7549738321397921
2020-05-21 21:45:00,-0.7989785578343084,0.0,122074.0,13358654711.0,-0.2599350147795944,-0.6712793912933995,-0.76135947749374,21,45,3,142,5,-1.0088937104832634,1.0074370319714179,0.8043739339401415,0.7549738321397921
2020-05-21 22:00:00,-0.7989785578343084,0.0,122074.0,13358654711.0,-0.2877017719202082,-0.6835142989620808,-0.76135947749374,22,0,3,142,5,-0.7160673781543622,1.2322483567304392,0.8043739339401415,0.7549738321397921
2020-05-21 22:15:00,-0.7989785578343084,0.0,122074.0,13358654711.0,-0.3402521143973017,-0.7041768596824178,-0.76135947749374,22,15,3,142,5,-0.7160673781543622,1.2322483567304392,0.8043739339401415,0.7549738321397921
2020-05-21 22:30:00,-0.7989785578343084,0.0,122074.0,13358654711.0,-0.4127742327536322,-0.7434489435569254,-0.76135947749374,22,30,3,142,5,-0.7160673781543622,1.2322483567304392,0.8043739339401415,0.7549738321397921
2020-05-21 22:45:00,-0.7989785578343084,0.0,122074.0,13358654711.0,-0.4620036832518949,-0.7714917731176671,-0.76135947749374,22,45,3,142,5,-0.7160673781543622,1.2322483567304392,0.8043739339401415,0.7549738321397921
2020-05-21 23:00:00,-0.7989785578343084,0.0,122074.0,13358654711.0,-0.508166769241697,-0.7797672986125678,-0.76135947749374,23,0,3,142,5,-0.3750638917132417,1.373570663456434,0.8043739339401415,0.7549738321397921
2020-05-21 23:15:00,-0.7989785578343084,0.0,122074.0,13358654711.0,-0.548658046286743,-0.7958172752428915,-0.76135947749374,23,15,3,142,5,-0.3750638917132417,1.373570663456434,0.8043739339401415,0.7549738321397921
2020-05-21 23:30:00,-0.7989785578343084,0.0,122074.0,13358654711.0,-0.5735388377471713,-0.8086005958882021,-0.76135947749374,23,30,3,142,5,-0.3750638917132417,1.373570663456434,0.8043739339401415,0.7549738321397921
2020-05-21 23:45:00,-0.7989785578343084,0.0,109003.17142857143,13358654711.0,-0.5946579429961816,-0.7980596566933951,-0.76135947749374,23,45,3,142,5,-0.3750638917132417,1.373570663456434,0.8043739339401415,0.7549738321397921
2020-05-22 00:00:00,-0.7989785578343084,0.0,37515.228571428575,13358654711.0,-0.6443552287965533,-0.8132683001382576,-0.76135947749374,0,0,4,143,5,-0.009122075225956353,1.4217730704921798,0.6673947951050739,0.591915685961995
2020-05-22 00:15:00,-0.7989785578343084,0.0,18891.0,13358654711.0,-0.6811135410687343,-0.8275549128028389,-0.76135947749374,0,15,4,143,5,-0.009122075225956353,1.4217730704921798,0.6673947951050739,0.591915685961995
2020-05-22 00:30:00,-0.7989785578343084,0.0,18891.0,13358654711.0,-0.7204795434863989,-0.8258852669068718,-0.76135947749374,0,30,4,143,5,-0.009122075225956353,1.4217730704921798,0.6673947951050739,0.591915685961995
2020-05-22 00:45:00,-0.7989785578343084,0.0,18891.0,13358654711.0,-0.7730270306584053,-0.8357389190880976,-0.76135947749374,0,45,4,143,5,-0.009122075225956353,1.4217730704921798,0.6673947951050739,0.591915685961995
2020-05-22 01:00:00,-0.7989785578343084,0.0,18891.0,13358654711.0,-0.8244319678112122,-0.8556559652430481,-0.76135947749374,1,0,4,143,5,0.35681974126132787,1.3735706634564342,0.6673947951050739,0.591915685961995
2020-05-22 01:15:00,-0.7989785578343084,0.0,18891.0,13358654711.0,-0.8632118244795256,-0.8853978965576521,-0.76135947749374,1,15,4,143,5,0.35681974126132787,1.3735706634564342,0.6673947951050739,0.591915685961995
2020-05-22 01:30:00,-0.7989785578343084,0.0,15230.6,13346537818.533333,-0.9064330773086019,-0.9124324563487662,-0.76135947749374,1,30,4,143,5,0.35681974126132787,1.3735706634564342,0.6673947951050739,0.591915685961995
2020-05-22 01:45:00,-0.7989785578343084,0.0,9740.0,13358654711.0,-0.9197349703404202,-0.9153798304999824,-0.76135947749374,1,45,4,143,5,0.35681974126132787,1.3735706634564342,0.6673947951050739,0.591915685961995
2020-05-22 02:00:00,-0.7989785578343084,0.0,9740.0,13358654711.0,-0.9320017716980206,-0.9152724644314612,-0.76135947749374,2,0,4,143,5,0.6978232277024489,1.2322483567304396,0.6673947951050739,0.591915685961995
2020-05-22 02:15:00,-0.7989785578343084,0.0,9740.0,13358654711.0,-0.972875656116303,-0.933860204281156,-0.76135947749374,2,15,4,143,5,0.6978232277024489,1.2322483567304396,0.6673947951050739,0.591915685961995
2020-05-22 02:30:00,-0.7989785578343084,0.0,9740.0,13358654711.0,-0.9803653779821051,-0.9317527731513996,-0.76135947749374,2,30,4,143,5,0.6978232277024489,1.2322483567304396,0.6673947951050739,0.591915685961995
2020-05-22 02:45:00,-0.7989785578343084,0.0,9740.0,13358654711.0,-1.0165952485988787,-0.9426470058548764,-0.76135947749374,2,45,4,143,5,0.6978232277024489,1.2322483567304396,0.6673947951050739,0.591915685961995
2020-05-22 03:00:00,-0.7989785578343084,0.0,9740.0,13358654711.0,-1.0466474358070186,-0.9566013796210229,-0.76135947749374,3,0,4,143,5,0.9906495600313504,1.007437031971418,0.6673947951050739,0.591915685961995
2020-05-22 03:15:00,-0.7989785578343084,0.0,9740.0,13358654711.0,-1.079285993495379,-0.9762143689031461,-0.76135947749374,3,15,4,143,5,0.9906495600313504,1.007437031971418,0.6673947951050739,0.591915685961995
2020-05-22 03:30:00,-0.7989785578343084,0.0,9740.0,13358654711.0,-1.1010801308075508,-0.9748035071996998,-0.76135947749374,3,30,4,143,5,0.9906495600313504,1.007437031971418,0.6673947951050739,0.591915685961995
2020-05-22 03:45:00,-0.7989785578343084,0.0,9740.0,13358654711.0,-1.121031358258827,-0.9588635105734071,-0.76135947749374,3,45,4,143,5,0.9906495600313504,1.007437031971418,0.6673947951050739,0.591915685961995
2020-05-22 04:00:00,-0.7989785578343084,0.0,9740.0,13358654711.0,-1.1626087422479994,-0.9762367246168733,-0.76135947749374,4,0,4,143,5,1.2153431076182126,0.7144572094434171,0.6673947951050739,0.591915685961995
2020-05-22 04:15:00,-0.7989785578343084,0.0,7128.8,13358654711.0,-1.2029679838980771,-0.9964395151255219,-0.76135947749374,4,15,4,143,5,1.2153431076182126,0.7144572094434171,0.6673947951050739,0.591915685961995
2020-05-22 04:30:00,-0.7989785578343084,0.0,4844.0,13358654711.0,-1.2321825210395885,-1.0155334176076543,-0.76135947749374,4,30,4,143,5,1.2153431076182126,0.7144572094434171,0.6673947951050739,0.591915685961995
2020-05-22 04:45:00,-0.7989785578343084,0.0,4844.0,13358654711.0,-1.2296890876230782,-1.0201163736306915,-0.76135947749374,4,45,4,143,5,1.2153431076182126,0.7144572094434171,0.6673947951050739,0.591915685961995
2020-05-22 05:00:00,-0.7989785578343084,0.0,4844.0,13358654711.0,-1.2439155859737008,-1.0258001859288144,-0.76135947749374,5,0,4,143,5,1.3565913765186348,0.37327497987967023,0.6673947951050739,0.591915685961995
2020-05-22 05:15:00,-0.7989785578343084,0.0,4844.0,13302591724.666668,-1.2665146138471037,-1.046840814331637,-0.76135947749374,5,15,4,143,5,1.3565913765186348,0.37327497987967023,0.6673947951050739,0.591915685961995
2020-05-22 05:30:00,-0.7989785578343084,0.0,322.93333333333334,13358654711.0,-1.296585852613601,-1.0600487423065479,-0.76135947749374,5,30,4,143,5,1.3565913765186348,0.37327497987967023,0.6673947951050739,0.591915685961995
2020-05-22 05:45:00,-0.7984311099701488,3.533333333333333,0.0,13358654711.0,-1.2987312164876244,-1.0631895325242722,-0.7557840798474588,5,45,4,143,5,1.3565913765186348,0.37327497987967023,0.6673947951050739,0.591915685961995
2020-05-22 06:00:00,-0.7438002086938176,355.5133333333333,36.13333333333333,13358654747.133333,-1.2947917679029581,-1.0568883245445364,-0.7160239306506674,6,0,4,143,5,1.4047685306308542,0.007141348394654197,0.6673947951050739,0.591915685961995
2020-05-22 06:15:00,-0.6614235764585592,888.1095238095237,183.33333333333334,13358654894.333332,-1.2506021786029413,-1.022648080258598,-0.6515517912013741,6,15,4,143,5,1.4047685306308542,0.007141348394654197,0.6673947951050739,0.591915685961995
2020-05-22 06:30:00,-0.5170918584223259,1828.2133333333334,509.6,13358655220.6,-1.1757547870560205,-0.9654326758828624,-0.5558577201514237,6,30,4,143,5,1.4047685306308542,0.007141348394654197,0.6673947951050739,0.591915685961995
2020-05-22 06:45:00,-0.3524437735857731,2915.945238095238,1098.6571428571428,13358504995.190477,-1.043994613707138,-0.8441237798041914,-0.4470086918709375,6,45,4,143,5,1.4047685306308542,0.007141348394654197,0.6673947951050739,0.591915685961995
2020-05-22 07:00:00,-0.2752963673449367,3425.3790476190475,1915.1809523809525,13277635637.514284,-0.9161758057023972,-0.6029769391630924,-0.3026713613866269,7,0,4,143,5,1.3565913765186348,-0.3589922830903618,0.6673947951050739,0.591915685961995
2020-05-22 07:15:00,-0.058835039445304445,4848.493333333334,2874.133333333333,13115594619.133333,-0.8399863554615884,-0.49299952713539624,-0.0878941982950825,7,15,4,143,5,1.3565913765186348,-0.3589922830903618,0.6673947951050739,0.591915685961995
2020-05-22 07:30:00,0.2701896897070423,7009.609523809523,4405.652380952381,13358659116.65238,-0.67533456656852,-0.22744062823276817,0.2376790472934973,7,30,4,143,5,1.3565913765186348,-0.3589922830903618,0.6673947951050739,0.591915685961995
2020-05-22 07:45:00,0.4704526404101932,8308.887619047619,6329.071428571428,13358661040.071428,-0.5134207575426618,0.014241058818415791,0.4044217828968053,7,45,4,143,5,1.3565913765186348,-0.3589922830903618,0.6673947951050739,0.591915685961995
2020-05-22 08:00:00,0.6497797776356564,9477.212857142857,8556.257142857143,13358663267.257145,-0.37038359305793817,0.16279542332595084,0.5174530417909238,8,0,4,143,5,1.2153431076182126,-0.7001745126541085,0.6673947951050739,0.591915685961995
2020-05-22 08:15:00,0.8520579815426125,10795.281904761905,11056.090476190477,13358665767.090477,-0.28114899112231917,0.23491730523622556,0.6471824258300573,8,15,4,143,5,1.2153431076182126,-0.7001745126541085,0.6673947951050739,0.591915685961995
2020-05-22 08:30:00,1.098729483425739,12401.88,13967.133333333333,13358668678.133333,-0.21423624009331113,0.35989993534703035,0.8206162676252149,8,30,4,143,5,1.2153431076182126,-0.7001745126541085,0.6673947951050739,0.591915685961995
2020-05-22 08:45:00,1.268357688352936,13503.898095238095,17238.457142857143,13358671949.457144,-0.13088547286685812,0.5553294768169489,1.015855625769947,8,45,4,143,5,1.2153431076182126,-0.7001745126541085,0.6673947951050739,0.591915685961995
2020-05-22 09:00:00,1.1468266172774388,12704.272857142856,20421.790476190476,13344730240.457142,0.025877220606263268,0.8033866256191743,1.1975745142246956,9,0,4,143,5,0.9906495600313506,-0.9931543351821099,0.6673947951050739,0.591915685961995
2020-05-22 09:15:00,1.1272267421356212,12571.3,23676.2,13358678387.2,0.1179192331959529,1.1230671768369376,1.3896849151784603,9,15,4,143,5,0.9906495600313506,-0.9931543351821099,0.6673947951050739,0.591915685961995
2020-05-22 09:30:00,1.0736072493611928,12217.949523809522,26796.85714285714,13358681507.857141,0.24511381554191194,1.2887257110241572,1.5309456076548458,9,30,4,143,5,0.9906495600313506,-0.9931543351821099,0.6673947951050739,0.591915685961995
2020-05-22 09:45:00,1.113786154961825,12476.745714285715,29819.466666666667,13358684530.466667,0.33002932125747386,1.45730056918807,1.658008052397916,9,45,4,143,5,0.9906495600313506,-0.9931543351821099,0.6673947951050739,0.591915685961995
2020-05-22 10:00:00,1.083079267659455,12269.733333333334,32967.46666666667,13358687678.466667,0.4443482225363519,1.6738982496822763,1.7799953313949557,10,0,4,143,5,0.6978232277024489,-1.2179656599411315,0.6673947951050739,0.591915685961995
2020-05-22 10:15:00,1.1135558158448402,12454.109047619047,36023.752380952385,13358690734.75238,0.5330812457836974,1.7868307351136903,1.886233200893874,10,15,4,143,5,0.6978232277024489,-1.2179656599411315,0.6673947951050739,0.591915685961995
2020-05-22 10:30:00,1.0677757022743084,12149.306666666667,39161.933333333334,13358693872.933334,0.636454267693319,1.8780343910665487,1.9637818250538084,10,30,4,143,5,0.6978232277024489,-1.2179656599411315,0.6673947951050739,0.591915685961995
2020-05-22 10:45:00,1.052758348226902,12048.417142857143,42170.72857142857,13358696881.72857,0.6979384091265791,1.868672663087882,2.0439125531612787,10,45,4,143,5,0.6978232277024489,-1.2179656599411315,0.6673947951050739,0.591915685961995
2020-05-22 11:00:00,1.0745789835913968,12190.55380952381,45149.08571428571,13358699860.085714,0.6970884864562297,1.8820756999464738,2.0676985563089976,11,0,4,143,5,0.35681974126132826,-1.359287966667126,0.6673947951050739,0.591915685961995
2020-05-22 11:15:00,1.096887341342691,12335.94,48232.26666666667,13358702943.266666,0.8223746596296928,1.9702191564800962,2.0968755598188844,11,15,4,143,5,0.35681974126132826,-1.359287966667126,0.6673947951050739,0.591915685961995
2020-05-22 11:30:00,1.1289310232601764,12544.24,51262.066666666666,13277684984.4,0.9484272243746434,2.104380163675669,2.1168519263771195,11,30,4,143,5,0.35681974126132826,-1.359287966667126,0.6673947951050739,0.591915685961995
2020-05-22 11:45:00,1.1374683414055935,12600.010476190477,54289.580952380944,13263743119.580952,1.047320134712375,2.2351394309747166,2.109474147284792,11,45,4,143,5,0.35681974126132826,-1.359287966667126,0.6673947951050739,0.591915685961995
2020-05-22 12:00:00,1.1301948914262339,12552.449047619048,57560.92380952381,13277691283.257143,1.1365122014803717,2.315419171137943,2.083251222375224,12,0,4,143,5,-0.00912207522595618,-1.4074903737028717,0.6673947951050739,0.591915685961995
2020-05-22 12:15:00,1.1318625666130526,12563.500952380953,60749.52380952381,13358715460.52381,1.238157726034623,2.3841438451302017,2.064359132509886,12,15,4,143,5,-0.00912207522595618,-1.4074903737028717,0.6673947951050739,0.591915685961995
2020-05-22 12:30:00,1.1228561501544205,12504.726666666666,63892.799999999996,13358718603.800001,1.223478813080217,2.221228052743218,2.038726170739281,12,30,4,143,5,-0.00912207522595618,-1.4074903737028717,0.6673947951050739,0.591915685961995
2020-05-22 12:45:00,1.1193746614562525,12482.9,67054.93333333333,13358721765.933334,1.3293582115925417,2.30616173158644,2.009704298630412,12,45,4,143,5,-0.00912207522595618,-1.4074903737028717,0.6673947951050739,0.591915685961995
2020-05-22 13:00:00,1.2350932376580732,13237.46923076923,69322.06007326007,13215917800.417217,1.464188599699665,2.4749989986293537,1.9721306113092478,13,0,4,143,5,-0.37506389171324067,-1.359287966667126,0.6673947951050739,0.591915685961995
2020-05-22 13:15:00,1.195303582331032,12979.090952380951,73567.3619047619,13358728278.361906,1.4299719577166716,2.3215583104436908,1.9318624112721114,13,15,4,143,5,-0.37506389171324067,-1.359287966667126,0.6673947951050739,0.591915685961995
2020-05-22 13:30:00,0.9686097174501068,11504.906666666668,76616.4,13358731327.4,1.4615050422549973,2.4067402230510004,1.8771946129151407,13,30,4,143,5,-0.37506389171324067,-1.359287966667126,0.6673947951050739,0.591915685961995
2020-05-22 13:45:00,1.028594861490673,11899.500476190477,79508.5,13358734219.5,1.5387416789412065,2.443851403636563,1.8218599056441847,13,45,4,143,5,-0.37506389171324067,-1.359287966667126,0.6673947951050739,0.591915685961995
2020-05-22 14:00:00,1.0553022825080745,12080.04,82519.33333333334,13358737230.333334,1.5402572139474158,2.1861599790955206,1.74527739809328,14,0,4,143,5,-0.7160673781543613,-1.2179656599411317,0.6673947951050739,0.591915685961995
2020-05-22 14:15:00,1.1168188819788538,12493.268571428573,85575.40476190476,13358740286.404762,1.6991503706012296,2.374658586886469,1.645737060504378,14,15,4,143,5,-0.7160673781543613,-1.2179656599411317,0.6673947951050739,0.591915685961995
2020-05-22 14:30:00,1.2603228634113004,13434.319523809525,88463.83333333333,13310275604.966667,1.6941301878277741,2.186211241333524,1.5224175478141058,14,30,4,143,5,-0.7160673781543613,-1.2179656599411317,0.6673947951050739,0.591915685961995
2020-05-22 14:45:00,1.4682398088617414,14794.499999999998,91081.13333333333,13176992405.133333,1.7409983755003926,2.1129822468857076,1.3866177431556823,14,45,4,143,5,-0.7160673781543613,-1.2179656599411317,0.6673947951050739,0.591915685961995
2020-05-22 15:00:00,1.5794325924691512,15524.225714285714,94958.59999999999,13176996282.6,1.7523613312613464,1.9190372079558953,1.239012530628657,15,0,4,143,5,-1.0088937104832625,-0.9931543351821105,0.6673947951050739,0.591915685961995
2020-05-22 15:15:00,1.4272368058441152,14535.485238095238,98688.45714285714,13177000012.457144,1.8304060630024885,1.7379597346207105,1.0874517979102112,15,15,4,143,5,-1.0088937104832625,-0.9931543351821105,0.6673947951050739,0.591915685961995
2020-05-22 15:30:00,1.287892628985319,13629.679523809522,102208.42380952381,13177003532.423811,1.8179379090707952,1.608422238305289,0.9447348390575505,15,30,4,143,5,-1.0088937104832625,-0.9931543351821105,0.6673947951050739,0.591915685961995
2020-05-22 15:45:00,1.1165561469637553,12515.073333333334,105475.14761904762,13177006799.14762,1.825764439550895,1.3982986457814102,0.7866327094167439,15,45,4,143,5,-1.0088937104832625,-0.9931543351821105,0.6673947951050739,0.591915685961995
2020-05-22 16:00:00,0.933761863717483,11325.293333333333,108468.06666666667,13177009792.066668,1.8208909489194376,1.2166985006269588,0.6304207473092696,16,0,4,143,5,-1.2335872580701248,-0.7001745126541093,0.6673947951050739,0.591915685961995
2020-05-22 16:15:00,0.735404062978513,10033.02380952381,111166.07619047619,13177012490.07619,1.9174489901258573,1.1647801457385887,0.4655575517769899,16,15,4,143,5,-1.2335872580701248,-0.7001745126541093,0.6673947951050739,0.591915685961995
2020-05-22 16:30:00,0.5352824697074395,8729.007142857143,113510.9619047619,13177014834.961905,1.9074339914860297,1.0190328928023296,0.2963080790959708,16,30,4,143,5,-1.2335872580701248,-0.7001745126541093,0.6673947951050739,0.591915685961995
2020-05-22 16:45:00,0.3209426449946333,7336.501904761904,115524.43809523809,13177016848.438095,1.9172757612679154,0.8789511092271798,0.11743365560976816,16,45,4,143,5,-1.2335872580701248,-0.7001745126541093,0.6673947951050739,0.591915685961995
2020-05-22 17:00:00,0.10240890725157221,5911.764761904762,116971.63333333333,13177018499.833334,1.9133144732828327,0.7522619749465936,-0.0454619383622274,17,0,4,143,5,-1.3748355269705475,-0.3589922830903618,0.6673947951050739,0.591915685961995
2020-05-22 17:15:00,-0.09991760507613949,4577.913333333333,118496.33333333333,13177019820.333332,1.840336142424249,0.5367953463406544,-0.20252905536876759,17,15,4,143,5,-1.3748355269705475,-0.3589922830903618,0.6673947951050739,0.591915685961995
2020-05-22 17:30:00,-0.29644118431508065,3287.2033333333334,119486.55714285714,13177020810.557142,1.8292271871125119,0.38094465452603027,-0.351592391554979,17,30,4,143,5,-1.3748355269705475,-0.3589922830903618,0.6673947951050739,0.591915685961995
2020-05-22 17:45:00,-0.46660734667813536,2160.95,120166.30952380953,13177021490.309525,1.7075230283037541,0.22251411201224466,-0.4860702022138844,17,45,4,143,5,-1.3748355269705475,-0.3589922830903618,0.6673947951050739,0.591915685961995
2020-05-22 18:00:00,-0.6822995931022838,753.4904761904762,120915.41428571427,13201256024.34762,1.4026098127690478,0.006315104407990779,-0.6696061236734365,18,0,4,143,5,-1.423012681082767,0.00714134839465385,0.6673947951050739,0.591915685961995
2020-05-22 18:15:00,-0.7636442661337524,227.52142857142857,120643.4,13177021967.4,1.1329069223564552,-0.21434553878006413,-0.7359704506552149,18,15,4,143,5,-1.423012681082767,0.00714134839465385,0.6673947951050739,0.591915685961995
2020-05-22 18:30:00,-0.7968656887965392,13.600000000000001,120672.66666666666,13177021996.666666,1.0121185403851514,-0.31976979572825587,-0.7539919214662347,18,30,4,143,5,-1.423012681082767,0.00714134839465385,0.6673947951050739,0.591915685961995
2020-05-22 18:45:00,-0.7989785578343084,0.0,120673.0,13177021997.0,0.9648889319674746,-0.3389698620573753,-0.7611744879582363,18,45,4,143,5,-1.423012681082767,0.00714134839465385,0.6673947951050739,0.591915685961995
2020-05-22 19:00:00,-0.7989785578343084,0.0,120673.0,13177021997.0,0.9010014164786041,-0.3673569144949945,-0.76135947749374,19,0,4,143,5,-1.3748355269705475,0.37327497987966957,0.6673947951050739,0.591915685961995
2020-05-22 19:15:00,-0.7989785578343084,0.0,120673.0,13177021997.0,0.8233605467416059,-0.38876051520523414,-0.76135947749374,19,15,4,143,5,-1.3748355269705475,0.37327497987966957,0.6673947951050739,0.591915685961995
2020-05-22 19:30:00,-0.7989785578343084,0.0,120673.0,13177021997.0,0.6826753424710341,-0.3747960668264452,-0.76135947749374,19,30,4,143,5,-1.3748355269705475,0.37327497987966957,0.6673947951050739,0.591915685961995
2020-05-22 19:45:00,-0.7989785578343084,0.0,120673.0,13177021997.0,0.5118908145765184,-0.39171008278141456,-0.76135947749374,19,45,4,143,5,-1.3748355269705475,0.37327497987966957,0.6673947951050739,0.591915685961995
2020-05-22 20:00:00,-0.7989785578343084,0.0,120673.0,13177021997.0,0.3926936179495199,-0.4401593190156424,-0.76135947749374,20,0,4,143,5,-1.233587258070125,0.7144572094434171,0.6673947951050739,0.591915685961995
2020-05-22 20:15:00,-0.7989785578343084,0.0,120673.0,13177021997.0,0.3344928331472026,-0.48222213285806964,-0.76135947749374,20,15,4,143,5,-1.233587258070125,0.7144572094434171,0.6673947951050739,0.591915685961995
2020-05-22 20:30:00,-0.7989785578343084,0.0,120673.0,13177021997.0,0.29209962499920966,-0.5020868344132898,-0.76135947749374,20,30,4,143,5,-1.233587258070125,0.7144572094434171,0.6673947951050739,0.591915685961995
2020-05-22 20:45:00,-0.7989785578343084,0.0,120673.0,13177021997.0,0.2953633002369898,-0.484849590881576,-0.76135947749374,20,45,4,143,5,-1.233587258070125,0.7144572094434171,0.6673947951050739,0.591915685961995
2020-05-22 21:00:00,-0.7989785578343084,0.0,120673.0,13177021997.0,0.22267697013068272,-0.5123633127139116,-0.76135947749374,21,0,4,143,5,-1.0088937104832634,1.0074370319714179,0.6673947951050739,0.591915685961995
2020-05-22 21:15:00,-0.7989785578343084,0.0,120673.0,13177021997.0,0.18581622415964763,-0.5291981791440663,-0.76135947749374,21,15,4,143,5,-1.0088937104832634,1.0074370319714179,0.6673947951050739,0.591915685961995
2020-05-22 21:30:00,-0.7989785578343084,0.0,120673.0,13177021997.0,0.12445962589342431,-0.5497049778950692,-0.76135947749374,21,30,4,143,5,-1.0088937104832634,1.0074370319714179,0.6673947951050739,0.591915685961995
2020-05-22 21:45:00,-0.7989785578343084,0.0,120673.0,13177021997.0,0.04939259686387437,-0.5874587825065214,-0.76135947749374,21,45,4,143,5,-1.0088937104832634,1.0074370319714179,0.6673947951050739,0.591915685961995
2020-05-22 22:00:00,-0.7989785578343084,0.0,120673.0,13177021997.0,-0.02317737247662505,-0.623668311435256,-0.76135947749374,22,0,4,143,5,-0.7160673781543622,1.2322483567304392,0.6673947951050739,0.591915685961995
2020-05-22 22:15:00,-0.7989785578343084,0.0,120673.0,13177021997.0,-0.09698112802223925,-0.6636121269612302,-0.76135947749374,22,15,4,143,5,-0.7160673781543622,1.2322483567304392,0.6673947951050739,0.591915685961995
2020-05-22 22:30:00,-0.7989785578343084,0.0,120673.0,13177021997.0,-0.1525606545154147,-0.6900798014435067,-0.76135947749374,22,30,4,143,5,-0.7160673781543622,1.2322483567304392,0.6673947951050739,0.591915685961995
2020-05-22 22:45:00,-0.7989785578343084,0.0,120673.0,13177021997.0,-0.17971090511660695,-0.6766014727914318,-0.76135947749374,22,45,4,143,5,-0.7160673781543622,1.2322483567304392,0.6673947951050739,0.591915685961995
2020-05-22 23:00:00,-0.7989785578343084,0.0,120673.0,13177021997.0,-0.25368557068105796,-0.6973633473277785,-0.76135947749374,23,0,4,143,5,-0.3750638917132417,1.373570663456434,0.6673947951050739,0.591915685961995
2020-05-22 23:15:00,-0.7989785578343084,0.0,120673.0,13177021997.0,-0.31047128830346576,-0.7202389042025855,-0.76135947749374,23,15,4,143,5,-0.3750638917132417,1.373570663456434,0.6673947951050739,0.591915685961995
2020-05-22 23:30:00,-0.7989785578343084,0.0,120673.0,13177021997.0,-0.3171095571676524,-0.7000329543343171,-0.76135947749374,23,30,4,143,5,-0.3750638917132417,1.373570663456434,0.6673947951050739,0.591915685961995
2020-05-22 23:45:00,-0.7989785578343084,0.0,110969.93333333333,13177021997.0,-0.4050435850427769,-0.7185603456761794,-0.76135947749374,23,45,4,143,5,-0.3750638917132417,1.373570663456434,0.6673947951050739,0.591915685961995
2020-05-23 00:00:00,-0.7989785578343084,0.0,44383.02380952381,13177021997.0,-0.4740655764641132,-0.7492936402340271,-0.76135947749374,0,0,5,144,5,-0.009122075225956353,1.4217730704921798,0.5284955841422615,0.4322924035216825
2020-05-23 00:15:00,-0.7989785578343084,0.0,22883.0,13177021997.0,-0.5361640874780034,-0.781449103365965,-0.76135947749374,0,15,5,144,5,-0.009122075225956353,1.4217730704921798,0.5284955841422615,0.4322924035216825
2020-05-23 00:30:00,-0.7989785578343084,0.0,22883.0,13177021997.0,-0.5934642770522338,-0.8109668459192858,-0.76135947749374,0,30,5,144,5,-0.009122075225956353,1.4217730704921798,0.5284955841422615,0.4322924035216825
2020-05-23 00:45:00,-0.7989785578343084,0.0,22883.0,13027054522.133333,-0.6177961755760493,-0.8188673082366431,-0.76135947749374,0,45,5,144,5,-0.009122075225956353,1.4217730704921798,0.5284955841422615,0.4322924035216825
2020-05-23 01:00:00,-0.7989785578343084,0.0,22883.0,13177021997.0,-0.6733742926317016,-0.8390146304482865,-0.76135947749374,1,0,5,144,5,0.35681974126132787,1.3735706634564342,0.5284955841422615,0.4322924035216825
2020-05-23 01:15:00,-0.7989785578343084,0.0,22883.0,13177021997.0,-0.6867800601027476,-0.8465705694287384,-0.76135947749374,1,15,5,144,5,0.35681974126132787,1.3735706634564342,0.5284955841422615,0.4322924035216825
2020-05-23 01:30:00,-0.7989785578343084,0.0,18937.8,13066353457.133333,-0.6812358256278702,-0.8077818674807639,-0.76135947749374,1,30,5,144,5,0.35681974126132787,1.3735706634564342,0.5284955841422615,0.4322924035216825
2020-05-23 01:45:00,-0.7989785578343084,0.0,13020.0,13177021997.0,-0.6861219628780568,-0.7815475876986986,-0.76135947749374,1,45,5,144,5,0.35681974126132787,1.3735706634564342,0.5284955841422615,0.4322924035216825
2020-05-23 02:00:00,-0.7989785578343084,0.0,13020.0,13177021997.0,-0.7133963516524698,-0.7970146752088426,-0.76135947749374,2,0,5,144,5,0.6978232277024489,1.2322483567304396,0.5284955841422615,0.4322924035216825
2020-05-23 02:15:00,-0.7989785578343084,0.0,13020.0,13177021997.0,-0.7392065558468894,-0.81580811537281,-0.76135947749374,2,15,5,144,5,0.6978232277024489,1.2322483567304396,0.5284955841422615,0.4322924035216825
2020-05-23 02:30:00,-0.7989785578343084,0.0,13020.0,13177021997.0,-0.7726658228266603,-0.8447261706015559,-0.76135947749374,2,30,5,144,5,0.6978232277024489,1.2322483567304396,0.5284955841422615,0.4322924035216825
2020-05-23 02:45:00,-0.7989785578343084,0.0,13020.0,13177021997.0,-0.780487572337082,-0.8616725699687933,-0.76135947749374,2,45,5,144,5,0.6978232277024489,1.2322483567304396,0.5284955841422615,0.4322924035216825
2020-05-23 03:00:00,-0.7989785578343084,0.0,13020.0,13177021997.0,-0.8247955495318933,-0.8908493320580749,-0.76135947749374,3,0,5,144,5,0.9906495600313504,1.007437031971418,0.5284955841422615,0.4322924035216825
2020-05-23 03:15:00,-0.7989785578343084,0.0,13020.0,13177021997.0,-0.8812997110276066,-0.9312857369751713,-0.76135947749374,3,15,5,144,5,0.9906495600313504,1.007437031971418,0.5284955841422615,0.4322924035216825
2020-05-23 03:30:00,-0.7989785578343084,0.0,13020.0,13177021997.0,-0.9269044406374554,-0.9508003077187268,-0.76135947749374,3,30,5,144,5,0.9906495600313504,1.007437031971418,0.5284955841422615,0.4322924035216825
2020-05-23 03:45:00,-0.7989785578343084,0.0,12397.8,13176996430.066668,-0.9596726166555105,-0.9725815153615743,-0.76135947749374,3,45,5,144,5,0.9906495600313504,1.007437031971418,0.5284955841422615,0.4322924035216825
2020-05-23 04:00:00,-0.7989785578343084,0.0,13020.0,13177021997.0,-1.001853559410431,-0.9963964876473276,-0.76135947749374,4,0,5,144,5,1.2153431076182126,0.7144572094434171,0.5284955841422615,0.4322924035216825
2020-05-23 04:15:00,-0.7989785578343084,0.0,11053.6,13177021997.0,-1.061545303788088,-0.9979684178580683,-0.76135947749374,4,15,5,144,5,1.2153431076182126,0.7144572094434171,0.5284955841422615,0.4322924035216825
2020-05-23 04:30:00,-0.7989785578343084,0.0,9333.0,13177021997.0,-1.03852987280398,-0.9971488131486075,-0.76135947749374,4,30,5,144,5,1.2153431076182126,0.7144572094434171,0.5284955841422615,0.4322924035216825
2020-05-23 04:45:00,-0.7989785578343084,0.0,9333.0,13177021997.0,-1.0384145218247371,-1.0020091290599638,-0.76135947749374,4,45,5,144,5,1.2153431076182126,0.7144572094434171,0.5284955841422615,0.4322924035216825
2020-05-23 05:00:00,-0.7989785578343084,0.0,9333.0,13177021997.0,-1.1061321758281728,-1.0208403554815622,-0.76135947749374,5,0,5,144,5,1.3565913765186348,0.37327497987967023,0.5284955841422615,0.4322924035216825
2020-05-23 05:15:00,-0.7989785578343084,0.0,9333.0,13177021997.0,-1.1565805110286607,-1.0087277674652724,-0.76135947749374,5,15,5,144,5,1.3565913765186348,0.37327497987967023,0.5284955841422615,0.4322924035216825
2020-05-23 05:30:00,-0.7989785578343084,0.0,0.0,13177021997.0,-1.1493054168412258,-0.9988133093637229,-0.76135947749374,5,30,5,144,5,1.3565913765186348,0.37327497987967023,0.5284955841422615,0.4322924035216825
2020-05-23 05:45:00,-0.7989785578343084,0.0,0.0,13177021997.0,-1.1813514686360576,-1.0102871900141426,-0.7570256387296008,5,45,5,144,5,1.3565913765186348,0.37327497987967023,0.5284955841422615,0.4322924035216825
2020-05-23 06:00:00,-0.7521524991656471,301.6738095238095,26.814285714285713,13177022023.814285,-1.1510486646541993,-1.010926692821957,-0.7186960047909366,6,0,5,144,5,1.4047685306308542,0.007141348394654197,0.5284955841422615,0.4322924035216825
2020-05-23 06:15:00,-0.6745001022398969,803.46,159.2,13177022156.2,-1.1208375232245726,-0.9600020653805671,-0.6551930348745226,6,15,5,144,5,1.4047685306308542,0.007141348394654197,0.5284955841422615,0.4322924035216825
2020-05-23 06:30:00,-0.568338886834453,1494.4852380952382,442.247619047619,13177022439.247618,-0.9856535630207611,-0.8847344299885248,-0.5844548765634403,6,30,5,144,5,1.4047685306308542,0.007141348394654197,0.5284955841422615,0.4322924035216825
2020-05-23 06:45:00,-0.4335624602530872,2379.6890476190474,918.452380952381,13177022915.452381,-0.8844727081336197,-0.8201366935054449,-0.49794338055507553,6,45,5,144,5,1.4047685306308542,0.007141348394654197,0.5284955841422615,0.4322924035216825
2020-05-23 07:00:00,-0.26965327304862147,3462.7261904761904,1637.8428571428572,13177023634.842855,-0.7912696938475914,-0.7447806085353939,-0.26547545696984803,7,0,5,144,5,1.3565913765186348,-0.3589922830903618,0.5284955841422615,0.4322924035216825
2020-05-23 07:15:00,-0.07824917334749668,4720.984761904762,2641.242857142857,13177024638.242857,-0.6421512514270027,-0.5166682478556363,-0.03272997742537258,7,15,5,144,5,1.3565913765186348,-0.3589922830903618,0.5284955841422615,0.4322924035216825
2020-05-23 07:30:00,0.13472274527094852,6123.36,3997.8,13177025994.800001,-0.42769695384338496,-0.11765060934003052,0.18731922288122102,7,30,5,144,5,1.3565913765186348,-0.3589922830903618,0.5284955841422615,0.4322924035216825
2020-05-23 07:45:00,0.3468065595988138,7504.2152380952375,5708.385714285714,13177027705.385714,-0.30749419221939406,0.13603072803721633,0.3816625156507956,7,45,5,144,5,1.3565913765186348,-0.3589922830903618,0.5284955841422615,0.4322924035216825
2020-05-23 08:00:00,0.5675891720664384,8939.553333333333,7763.333333333333,13177029760.333332,-0.1762121862698782,0.3597007804081371,0.5466850193234154,8,0,5,144,5,1.2153431076182126,-0.7001745126541085,0.5284955841422615,0.4322924035216825
2020-05-23 08:15:00,0.7823691243113272,10338.867619047618,10139.695238095239,13176864378.361904,-0.01615483745833309,0.5683638935586792,0.6958694588196228,8,15,5,144,5,1.2153431076182126,-0.7001745126541085,0.5284955841422615,0.4322924035216825
2020-05-23 08:30:00,0.9847466566107379,11657.077619047619,12861.833333333332,13168967487.9,0.12186123161312509,0.7555733292955849,0.8469071436758249,8,30,5,144,5,1.2153431076182126,-0.7001745126541085,0.5284955841422615,0.4322924035216825
2020-05-23 08:45:00,1.1814336424723233,12937.260476190475,15963.314285714285,13177037960.314285,0.2551352193912196,0.9629913175845111,1.0130847553423488,8,45,5,144,5,1.2153431076182126,-0.7001745126541085,0.5284955841422615,0.4322924035216825
2020-05-23 09:00:00,1.3543929163769313,14062.088095238096,19354.938095238096,13177041351.938097,0.39600713136234433,1.1495396475232884,1.1824015454204693,9,0,5,144,5,0.9906495600313506,-0.9931543351821099,0.5284955841422615,0.4322924035216825
2020-05-23 09:15:00,1.487211674533738,14924.366666666665,22923.333333333332,13087151912.866667,0.5675599406026106,1.303297674421679,1.3533236708548326,9,15,5,144,5,0.9906495600313506,-0.9931543351821099,0.5284955841422615,0.4322924035216825
2020-05-23 09:30:00,1.1782814645005755,12903.364761904762,26582.58095238095,13177048579.580952,0.6837570632391083,1.437314572557741,1.504381482405887,9,30,5,144,5,0.9906495600313506,-0.9931543351821099,0.5284955841422615,0.4322924035216825
2020-05-23 09:45:00,1.0627917289270603,12145.103809523811,29654.69523809524,13177051651.695238,0.7559991158618989,1.5145774307510296,1.6240185130859932,9,45,5,144,5,0.9906495600313506,-0.9931543351821099,0.5284955841422615,0.4322924035216825
2020-05-23 10:00:00,1.1482675211774618,12697.793333333331,32768.799999999996,13177054765.8,0.8969670331151255,1.6116977100412138,1.738880076668392,10,0,5,144,5,0.6978232277024489,-1.2179656599411315,0.5284955841422615,0.4322924035216825
2020-05-23 10:15:00,1.1437964590981462,12660.28,35936.399999999994,13177057933.4,0.977791471144352,1.7519526751158765,1.8231061856987218,10,15,5,144,5,0.6978232277024489,-1.2179656599411315,0.5284955841422615,0.4322924035216825
2020-05-23 10:30:00,1.1047993615692306,12394.346666666666,39018.86666666667,13177061015.866667,1.1529593832044402,1.9055657359142149,1.9383490450157992,10,30,5,144,5,0.6978232277024489,-1.2179656599411315,0.5284955841422615,0.4322924035216825
2020-05-23 10:45:00,1.0310177749718434,11906.953333333333,42094.53333333333,13177064091.533333,1.1246571723015661,1.8097531025359448,2.0188956162664384,10,45,5,144,5,0.6978232277024489,-1.2179656599411315,0.5284955841422615,0.4322924035216825
2020-05-23 11:00:00,1.0723128405687194,12175.625714285716,45100.142857142855,13177067097.142857,1.1825188229041792,1.9278113679909188,2.0650645256709095,11,0,5,144,5,0.35681974126132826,-1.359287966667126,0.5284955841422615,0.4322924035216825
2020-05-23 11:15:00,1.108980144984391,12414.206666666667,48165.26666666666,13177070162.266666,1.2717559571319157,1.8736081696222722,2.0979953462939873,11,15,5,144,5,0.35681974126132826,-1.359287966667126,0.5284955841422615,0.4322924035216825
2020-05-23 11:30:00,1.1261913578148504,12526.244761904762,51290.84761904762,13177073287.847618,1.2695113117014296,1.9077142643692229,2.1108805154775396,11,30,5,144,5,0.35681974126132826,-1.359287966667126,0.5284955841422615,0.4322924035216825
2020-05-23 11:45:00,1.1308221159734138,12556.326666666668,54258.066666666666,13027224721.466667,1.2971466786634476,1.9838914199237068,2.100293912600457,11,45,5,144,5,0.35681974126132826,-1.359287966667126,0.5284955841422615,0.4322924035216825
2020-05-23 12:00:00,1.1210614602128828,12492.816190476191,57287.41904761905,13063204043.285713,1.4351718849270578,2.0695093734565484,2.0693662087918376,12,0,5,144,5,-0.00912207522595618,-1.4074903737028717,0.5284955841422615,0.4322924035216825
2020-05-23 12:15:00,1.1082486684390962,12409.487619047619,60059.01904761905,13015039642.819046,1.5099610461684358,2.0617019601108932,2.024933690039557,12,15,5,144,5,-0.00912207522595618,-1.4074903737028717,0.5284955841422615,0.4322924035216825
2020-05-23 12:30:00,1.2041631468990959,13033.548095238095,66196.07142857142,12959680337.642859,1.5441945072233518,2.1478747108477103,1.9880137516878706,12,30,5,144,5,-0.00912207522595618,-1.4074903737028717,0.5284955841422615,0.4322924035216825
2020-05-23 12:45:00,1.2030180874783234,13026.060476190476,69929.02380952382,12791699721.82381,1.5528961831798618,2.0022426391827763,1.946012090925713,12,45,5,144,5,-0.00912207522595618,-1.4074903737028717,0.5284955841422615,0.4322924035216825
2020-05-23 13:00:00,1.0384712576625268,11955.613333333333,68856.06666666667,11981258326.466667,1.6958264430561119,2.05145219185826,1.913485805208343,13,0,5,144,5,-0.37506389171324067,-1.359287966667126,0.5284955841422615,0.4322924035216825
2020-05-23 13:15:00,1.250803107545113,13339.151904761904,77940.41904761906,13098430872.490477,1.7732995138991505,1.9521680315686256,1.8391522176640702,13,15,5,144,5,-0.37506389171324067,-1.359287966667126,0.5284955841422615,0.4322924035216825
2020-05-23 13:30:00,1.3180577055952274,13778.849047619047,82622.93809523809,13358860861.938095,1.8080951602654858,1.813474953463482,1.7976433344605747,13,30,5,144,5,-0.37506389171324067,-1.359287966667126,0.5284955841422615,0.4322924035216825
2020-05-23 13:45:00,1.2670267449793304,13447.513333333334,84729.2,13115799348.4,1.884105907968326,1.840816823029185,1.7850076832428143,13,45,5,144,5,-0.37506389171324067,-1.359287966667126,0.5284955841422615,0.4322924035216825
2020-05-23 14:00:00,1.1148831913882573,12470.52,82649.13333333333,12143542789.133333,2.019743938588409,2.022957383450165,1.694853997516909,14,0,5,144,5,-0.7160673781543613,-1.2179656599411317,0.5284955841422615,0.4322924035216825
2020-05-23 14:15:00,1.1931977775970366,12990.819523809525,86288.28095238094,12224567634.880953,2.056037249545246,2.0216421878006083,1.6190343326263956,14,15,5,144,5,-0.7160673781543613,-1.2179656599411317,0.5284955841422615,0.4322924035216825
2020-05-23 14:30:00,1.3550112213486392,14051.833809523809,96398.75714285714,13358874637.757143,2.0890447644081465,1.867073857199488,1.4840363744006695,14,30,5,144,5,-0.7160673781543613,-1.2179656599411317,0.5284955841422615,0.4322924035216825
2020-05-23 14:45:00,1.450963661521847,14682.027142857141,95871.5380952381,12710704457.738094,2.0641905881906237,1.722360286410093,1.3580438268497788,14,45,5,144,5,-0.7160673781543613,-1.2179656599411317,0.5284955841422615,0.4322924035216825
2020-05-23 15:00:00,1.525293266836224,15172.6,96119.53333333333,12143556259.533333,2.0891251514601765,1.7728557078910194,1.1954888382965,15,0,5,144,5,-1.0088937104832625,-0.9931543351821105,0.5284955841422615,0.4322924035216825
2020-05-23 15:15:00,1.3773674593810663,14211.393333333333,99854.06666666667,12143559994.066666,2.1726775268106646,1.786632628971962,1.057906491611231,15,15,5,144,5,-1.0088937104832625,-0.9931543351821105,0.5284955841422615,0.4322924035216825
2020-05-23 15:30:00,1.2302218650315815,13254.599999999999,103345.73333333334,12143563485.733334,2.172067594947839,1.608628177576345,0.9100748684080898,15,30,5,144,5,-1.0088937104832625,-0.9931543351821105,0.5284955841422615,0.4322924035216825
2020-05-23 15:45:00,1.06744132522902,12195.368571428571,105956.58571428571,12053673089.11905,2.1297839756271695,1.3667119533902894,0.7683850854657039,15,45,5,144,5,-1.0088937104832625,-0.9931543351821105,0.5284955841422615,0.4322924035216825
2020-05-23 16:00:00,0.845251346465147,10748.592857142858,109344.34285714285,12143569484.34286,2.139759800647002,1.2769002557138427,0.570162437173614,16,0,5,144,5,-1.2335872580701248,-0.7001745126541093,0.5284955841422615,0.4322924035216825
2020-05-23 16:15:00,0.6684839846868939,9597.034285714286,111885.49523809523,12143572025.495237,2.1692842432277173,1.215435509788367,0.4206707070198087,16,15,5,144,5,-1.2335872580701248,-0.7001745126541093,0.5284955841422615,0.4322924035216825
2020-05-23 16:30:00,0.4838626156009702,8394.42,115945.79999999999,12386639705.6,2.178090140653257,1.072204016022805,0.2527732802272473,16,30,5,144,5,-1.2335872580701248,-0.7001745126541093,0.5284955841422615,0.4322924035216825
2020-05-23 16:45:00,0.3168240845379647,7313.553333333332,125117.46666666665,13358903356.466667,2.2378715447408455,0.9426611874238792,0.0761505868803062,16,45,5,144,5,-1.2335872580701248,-0.7001745126541093,0.5284955841422615,0.4322924035216825
2020-05-23 17:00:00,0.1014161941798585,5905.174285714285,126771.12857142858,13358905010.12857,2.3351583388175094,0.8661994244198343,-0.08614721259680364,17,0,5,144,5,-1.3748355269705475,-0.3589922830903618,0.5284955841422615,0.4322924035216825
2020-05-23 17:15:00,-0.1060960166139726,4535.034285714286,128067.09999999999,13358906306.1,2.2242499166371874,0.7208114434888953,-0.2364656907936256,17,15,5,144,5,-1.3748355269705475,-0.3589922830903618,0.5284955841422615,0.4322924035216825
2020-05-23 17:30:00,-0.29906439578304644,3269.1266666666666,129043.20476190475,13358907282.204762,1.9883337643962473,0.4791423201676529,-0.37413992484349684,17,30,5,144,5,-1.3748355269705475,-0.3589922830903618,0.5284955841422615,0.4322924035216825
2020-05-23 17:45:00,-0.46200434623844033,2188.599523809524,129728.14761904761,13358907967.14762,1.8974395960541346,0.3068975559525306,-0.4965059877341052,17,45,5,144,5,-1.3748355269705475,-0.3589922830903618,0.5284955841422615,0.4322924035216825
2020-05-23 18:00:00,-0.5948594249065684,1320.96,130169.0,13358908408.0,1.717597703116691,0.1349906077880735,-0.5982751673283746,18,0,5,144,5,-1.423012681082767,0.00714134839465385,0.5284955841422615,0.4322924035216825
2020-05-23 18:15:00,-0.708942436393269,580.6661904761904,130410.78095238094,13358908649.780952,1.5457047695893504,-0.015651416606657385,-0.6913172321729766,18,15,5,144,5,-1.423012681082767,0.00714134839465385,0.5284955841422615,0.4322924035216825
2020-05-23 18:30:00,-0.7904322487568154,55.09285714285714,130478.69047619046,13358908717.690475,1.3527915806061057,-0.1547769678771083,-0.7498481491649377,18,30,5,144,5,-1.423012681082767,0.00714134839465385,0.5284955841422615,0.4322924035216825
2020-05-23 18:45:00,-0.7989785578343084,0.0,129841.4,13303009330.2,1.2883831426207775,-0.2217473428141869,-0.7608412039204578,18,45,5,144,5,-1.423012681082767,0.00714134839465385,0.5284955841422615,0.4322924035216825
2020-05-23 19:00:00,-0.7989785578343084,0.0,130481.0,13358908720.0,1.192399080342018,-0.26814142043086575,-0.76135947749374,19,0,5,144,5,-1.3748355269705475,0.37327497987966957,0.5284955841422615,0.4322924035216825
2020-05-23 19:15:00,-0.7989785578343084,0.0,130481.0,13358908720.0,1.1468801596526175,-0.270938568762815,-0.76135947749374,19,15,5,144,5,-1.3748355269705475,0.37327497987966957,0.5284955841422615,0.4322924035216825
2020-05-23 19:30:00,-0.7989785578343084,0.0,130481.0,13358908720.0,1.104199336388702,-0.22310791183773102,-0.76135947749374,19,30,5,144,5,-1.3748355269705475,0.37327497987966957,0.5284955841422615,0.4322924035216825
2020-05-23 19:45:00,-0.7989785578343084,0.0,130481.0,13358908720.0,1.0138566591192344,-0.23850227114306022,-0.76135947749374,19,45,5,144,5,-1.3748355269705475,0.37327497987966957,0.5284955841422615,0.4322924035216825
2020-05-23 20:00:00,-0.7989785578343084,0.0,130481.0,13358908720.0,0.8426930346273228,-0.2820565963207578,-0.76135947749374,20,0,5,144,5,-1.233587258070125,0.7144572094434171,0.5284955841422615,0.4322924035216825
2020-05-23 20:15:00,-0.7989785578343084,0.0,130481.0,13358908720.0,0.6681127274068996,-0.30986819123239934,-0.76135947749374,20,15,5,144,5,-1.233587258070125,0.7144572094434171,0.5284955841422615,0.4322924035216825
2020-05-23 20:30:00,-0.7989785578343084,0.0,130481.0,13358908720.0,0.5098249990541928,-0.3601451939097874,-0.76135947749374,20,30,5,144,5,-1.233587258070125,0.7144572094434171,0.5284955841422615,0.4322924035216825
2020-05-23 20:45:00,-0.7989785578343084,0.0,130481.0,13358908720.0,0.3787860235262701,-0.40279183076815134,-0.76135947749374,20,45,5,144,5,-1.233587258070125,0.7144572094434171,0.5284955841422615,0.4322924035216825
2020-05-23 21:00:00,-0.7989785578343084,0.0,130481.0,13358908720.0,0.2482949044330377,-0.45050093754653725,-0.76135947749374,21,0,5,144,5,-1.0088937104832634,1.0074370319714179,0.5284955841422615,0.4322924035216825
2020-05-23 21:15:00,-0.7989785578343084,0.0,130481.0,13358908720.0,0.14932167693497078,-0.48176962708525617,-0.76135947749374,21,15,5,144,5,-1.0088937104832634,1.0074370319714179,0.5284955841422615,0.4322924035216825
2020-05-23 21:30:00,-0.7989785578343084,0.0,130481.0,13358908720.0,0.05651890863493004,-0.5151326231523534,-0.76135947749374,21,30,5,144,5,-1.0088937104832634,1.0074370319714179,0.5284955841422615,0.4322924035216825
2020-05-23 21:45:00,-0.7989785578343084,0.0,130481.0,13358908720.0,-0.04934456212696124,-0.5528567296117384,-0.76135947749374,21,45,5,144,5,-1.0088937104832634,1.0074370319714179,0.5284955841422615,0.4322924035216825
2020-05-23 22:00:00,-0.7989785578343084,0.0,130481.0,13358908720.0,-0.11369388064407229,-0.5800132914315181,-0.76135947749374,22,0,5,144,5,-0.7160673781543622,1.2322483567304392,0.5284955841422615,0.4322924035216825
2020-05-23 22:15:00,-0.7989785578343084,0.0,130481.0,13358908720.0,-0.18609675567444833,-0.613071415064178,-0.76135947749374,22,15,5,144,5,-0.7160673781543622,1.2322483567304392,0.5284955841422615,0.4322924035216825
2020-05-23 22:30:00,-0.7989785578343084,0.0,130481.0,13358908720.0,-0.2726412505850472,-0.6679522847719174,-0.76135947749374,22,30,5,144,5,-0.7160673781543622,1.2322483567304392,0.5284955841422615,0.4322924035216825
2020-05-23 22:45:00,-0.7989785578343084,0.0,130481.0,13358908720.0,-0.3192630363039208,-0.7053343350803083,-0.76135947749374,22,45,5,144,5,-0.7160673781543622,1.2322483567304392,0.5284955841422615,0.4322924035216825
2020-05-23 23:00:00,-0.7989785578343084,0.0,130481.0,13358908720.0,-0.3087065670095264,-0.672290962881323,-0.76135947749374,23,0,5,144,5,-0.3750638917132417,1.373570663456434,0.5284955841422615,0.4322924035216825
2020-05-23 23:15:00,-0.7989785578343084,0.0,130481.0,13358908720.0,-0.36445999321297134,-0.6771546603268055,-0.76135947749374,23,15,5,144,5,-0.3750638917132417,1.373570663456434,0.5284955841422615,0.4322924035216825
2020-05-23 23:30:00,-0.7989785578343084,0.0,130248.57142857142,13358881094.428572,-0.4212146532871807,-0.7007841654349732,-0.76135947749374,23,30,5,144,5,-0.3750638917132417,1.373570663456434,0.5284955841422615,0.4322924035216825
2020-05-23 23:45:00,-0.7989785578343084,0.0,112188.14285714286,13358908720.0,-0.4650417413543297,-0.7184001652947879,-0.76135947749374,23,45,5,144,5,-0.3750638917132417,1.373570663456434,0.5284955841422615,0.4322924035216825
2020-05-24 00:00:00,-0.7989785578343084,0.0,36423.21428571428,13358908720.0,-0.548548316776521,-0.7549945445112084,-0.76135947749374,0,0,6,145,5,-0.009122075225956353,1.4217730704921798,0.3877174598856012,0.27615128464238664
2020-05-24 00:15:00,-0.7989785578343084,0.0,16940.0,13358908720.0,-0.6118287379873654,-0.7961865038127672,-0.76135947749374,0,15,6,145,5,-0.009122075225956353,1.4217730704921798,0.3877174598856012,0.27615128464238664
2020-05-24 00:30:00,-0.7989785578343084,0.0,16940.0,13358908720.0,-0.6464225714119226,-0.8311259197320003,-0.76135947749374,0,30,6,145,5,-0.009122075225956353,1.4217730704921798,0.3877174598856012,0.27615128464238664
2020-05-24 00:45:00,-0.7989785578343084,0.0,16940.0,13358908720.0,-0.6473629409507847,-0.8377280197897734,-0.76135947749374,0,45,6,145,5,-0.009122075225956353,1.4217730704921798,0.3877174598856012,0.27615128464238664
2020-05-24 01:00:00,-0.7989785578343084,0.0,16940.0,13358908720.0,-0.668559379065738,-0.8355759315842641,-0.76135947749374,1,0,6,145,5,0.35681974126132787,1.3735706634564342,0.3877174598856012,0.27615128464238664
2020-05-24 01:15:00,-0.7989785578343084,0.0,16940.0,13358908720.0,-0.6912290973956108,-0.818800007669197,-0.76135947749374,1,15,6,145,5,0.35681974126132787,1.3735706634564342,0.3877174598856012,0.27615128464238664
2020-05-24 01:30:00,-0.7989785578343084,0.0,13064.8,13358908720.0,-0.7270894284970099,-0.7937301549632205,-0.76135947749374,1,30,6,145,5,0.35681974126132787,1.3735706634564342,0.3877174598856012,0.27615128464238664
2020-05-24 01:45:00,-0.7989785578343084,0.0,7252.0,13358908720.0,-0.7088260112525597,-0.7300112353654198,-0.76135947749374,1,45,6,145,5,0.35681974126132787,1.3735706634564342,0.3877174598856012,0.27615128464238664
2020-05-24 02:00:00,-0.7989785578343084,0.0,7252.0,13358908720.0,-0.6803756027028132,-0.7071790732718968,-0.76135947749374,2,0,6,145,5,0.6978232277024489,1.2322483567304396,0.3877174598856012,0.27615128464238664
2020-05-24 02:15:00,-0.7989785578343084,0.0,7252.0,13358908720.0,-0.6842528328377324,-0.7266281667092656,-0.76135947749374,2,15,6,145,5,0.6978232277024489,1.2322483567304396,0.3877174598856012,0.27615128464238664
2020-05-24 02:30:00,-0.7989785578343084,0.0,7252.0,13358908720.0,-0.6853743862046329,-0.705179574231206,-0.76135947749374,2,30,6,145,5,0.6978232277024489,1.2322483567304396,0.3877174598856012,0.27615128464238664
2020-05-24 02:45:00,-0.7989785578343084,0.0,7252.0,13358908720.0,-0.6852201298383808,-0.6963196829661679,-0.76135947749374,2,45,6,145,5,0.6978232277024489,1.2322483567304396,0.3877174598856012,0.27615128464238664
2020-05-24 03:00:00,-0.7989785578343084,0.0,7252.0,13358908720.0,-0.6857491702955988,-0.6966451696666907,-0.76135947749374,3,0,6,145,5,0.9906495600313504,1.007437031971418,0.3877174598856012,0.27615128464238664
2020-05-24 03:15:00,-0.7989785578343084,0.0,7252.0,13358908720.0,-0.6893149565644856,-0.7142553001146787,-0.76135947749374,3,15,6,145,5,0.9906495600313504,1.007437031971418,0.3877174598856012,0.27615128464238664
2020-05-24 03:30:00,-0.7989785578343084,0.0,7252.0,13358908720.0,-0.730930146563206,-0.7939835774078929,-0.76135947749374,3,30,6,145,5,0.9906495600313504,1.007437031971418,0.3877174598856012,0.27615128464238664
2020-05-24 03:45:00,-0.7989785578343084,0.0,7252.0,13358908720.0,-0.7698260936055232,-0.839455660192698,-0.76135947749374,3,45,6,145,5,0.9906495600313504,1.007437031971418,0.3877174598856012,0.27615128464238664
2020-05-24 04:00:00,-0.7989785578343084,0.0,7252.0,13358908720.0,-0.8084886938689041,-0.8675323041411667,-0.76135947749374,4,0,6,145,5,1.2153431076182126,0.7144572094434171,0.3877174598856012,0.27615128464238664
2020-05-24 04:15:00,-0.7989785578343084,0.0,5253.0,13358908720.0,-0.8062230731044315,-0.8796510275112139,-0.76135947749374,4,15,6,145,5,1.2153431076182126,0.7144572094434171,0.3877174598856012,0.27615128464238664
2020-05-24 04:30:00,-0.7989785578343084,0.0,3254.0,13358908720.0,-0.8034918443970955,-0.8750677346029699,-0.76135947749374,4,30,6,145,5,1.2153431076182126,0.7144572094434171,0.3877174598856012,0.27615128464238664
2020-05-24 04:45:00,-0.7989785578343084,0.0,3254.0,13262594126.571428,-0.8269343406182854,-0.8914513843492177,-0.76135947749374,4,45,6,145,5,1.2153431076182126,0.7144572094434171,0.3877174598856012,0.27615128464238664
2020-05-24 05:00:00,-0.7989785578343084,0.0,3254.0,13358908720.0,-0.824440818150581,-0.8890029589291101,-0.76135947749374,5,0,6,145,5,1.3565913765186348,0.37327497987967023,0.3877174598856012,0.27615128464238664
2020-05-24 05:15:00,-0.7989785578343084,0.0,3254.0,13358908720.0,-0.8304958764467241,-0.882639553148678,-0.76135947749374,5,15,6,145,5,1.3565913765186348,0.37327497987967023,0.3877174598856012,0.27615128464238664
2020-05-24 05:30:00,-0.7989785578343084,0.0,0.0,13358908720.0,-0.8692875415731394,-0.8907449996727788,-0.76135947749374,5,30,6,145,5,1.3565913765186348,0.37327497987967023,0.3877174598856012,0.27615128464238664
2020-05-24 05:45:00,-0.7989785578343084,0.0,0.0,13358908720.0,-0.910666207824137,-0.9062470021449618,-0.7573383030723836,5,45,6,145,5,1.3565913765186348,0.37327497987967023,0.3877174598856012,0.27615128464238664
2020-05-24 06:00:00,-0.7611779678374873,243.3895238095238,21.06190476190476,13358908741.061905,-0.866870586940672,-0.8777065108442299,-0.7246784327108814,6,0,6,145,5,1.4047685306308542,0.007141348394654197,0.3877174598856012,0.27615128464238664
2020-05-24 06:15:00,-0.674188416594609,805.58,143.86666666666667,13358908863.866667,-0.8118907605980482,-0.8236688589911011,-0.6556318027929919,6,15,6,145,5,1.4047685306308542,0.007141348394654197,0.3877174598856012,0.27615128464238664
2020-05-24 06:30:00,-0.5502631173926592,1611.8323809523808,442.31904761904764,13358909162.319048,-0.7659018088199864,-0.7460557174199626,-0.5644930545896555,6,30,6,145,5,1.4047685306308542,0.007141348394654197,0.3877174598856012,0.27615128464238664
2020-05-24 06:45:00,-0.4116292241678364,2522.0666666666666,956.1999999999999,13358909676.199999,-0.6780765599460329,-0.6438971105688593,-0.4684534008154332,6,45,6,145,5,1.4047685306308542,0.007141348394654197,0.3877174598856012,0.27615128464238664
2020-05-24 07:00:00,-0.2751123386638017,3426.494285714286,1696.6190476190475,13358910416.619047,-0.5707686221574906,-0.5043483692133086,-0.29715173751264856,7,0,6,145,5,1.3565913765186348,-0.3589922830903618,0.3877174598856012,0.27615128464238664
2020-05-24 07:15:00,-0.1136876456895638,4485.1,2663.0523809523806,13358911383.05238,-0.47240806039388833,-0.3427393976412425,-0.12885575728493828,7,15,6,145,5,1.3565913765186348,-0.3589922830903618,0.3877174598856012,0.27615128464238664
2020-05-24 07:30:00,0.09912065223642617,5890.04,3935.6,13245036779.800001,-0.3437802295826896,-0.15898882982724824,0.07403780309970467,7,30,6,145,5,1.3565913765186348,-0.3589922830903618,0.3877174598856012,0.27615128464238664
2020-05-24 07:45:00,0.33936235326662123,7459.88,5637.0,13358914357.0,-0.24609022870278527,-0.0015375078140791108,0.27840189819034433,7,45,6,145,5,1.3565913765186348,-0.3589922830903618,0.3877174598856012,0.27615128464238664
2020-05-24 08:00:00,0.5795954915043632,9019.699999999999,7705.685714285713,13358916425.685715,-0.1502153618069834,0.18677126664114382,0.457625699698947,8,0,6,145,5,1.2153431076182126,-0.7001745126541085,0.3877174598856012,0.27615128464238664
2020-05-24 08:15:00,0.8000535741380207,10456.368095238096,10119.966666666667,13358918839.966667,-0.009532987205546859,0.3609839007337641,0.6120463220325445,8,15,6,145,5,1.2153431076182126,-0.7001745126541085,0.3877174598856012,0.27615128464238664
2020-05-24 08:30:00,1.000881811856275,11764.720952380952,12849.390476190474,13358921569.390476,0.08496535899405601,0.552605014829467,0.758681017206858,8,30,6,145,5,1.2153431076182126,-0.7001745126541085,0.3877174598856012,0.27615128464238664
2020-05-24 08:45:00,1.1903201084800101,12998.166666666666,15946.4,13358924666.4,0.23979714491543624,0.7913948994853833,0.916690826089344,8,45,6,145,5,1.2153431076182126,-0.7001745126541085,0.3877174598856012,0.27615128464238664
2020-05-24 09:00:00,1.3787670478075036,14224.173333333332,19367.466666666667,13358928087.466667,0.34849805304457093,0.9629186808240542,1.087923030980186,9,0,6,145,5,0.9906495600313506,-0.9931543351821099,0.3877174598856012,0.27615128464238664
2020-05-24 09:15:00,1.5637504803009799,15426.586666666666,23130.13333333333,13358931850.133333,0.4722910816502307,1.2296988162518914,1.2614605082820762,9,15,6,145,5,0.9906495600313506,-0.9931543351821099,0.3877174598856012,0.27615128464238664
2020-05-24 09:30:00,1.402006537881454,14365.951904761905,26908.290476190476,13358935628.290476,0.5587696168815459,1.3739993121895737,1.4095219280627473,9,30,6,145,5,0.9906495600313506,-0.9931543351821099,0.3877174598856012,0.27615128464238664
2020-05-24 09:45:00,1.344701476522062,13986.509999999998,30343.290476190476,13358939063.290476,0.6371312507871769,1.4908139867405634,1.571578743835447,9,45,6,145,5,0.9906495600313506,-0.9931543351821099,0.3877174598856012,0.27615128464238664
2020-05-24 10:00:00,1.241998987058182,13313.140000000001,33339.933333333334,13115876573.533333,0.7694546354251692,1.7032803374404921,1.6810320170913755,10,0,6,145,5,0.6978232277024489,-1.2179656599411315,0.3877174598856012,0.27615128464238664
2020-05-24 10:15:00,1.196506868740485,13011.740000000002,36139.066666666666,12791792057.466667,0.847666268532184,1.676620974036269,1.7829756156309806,10,15,6,145,5,0.6978232277024489,-1.2179656599411315,0.3877174598856012,0.27615128464238664
2020-05-24 10:30:00,0.9159768010794671,11172.133333333335,37895.799999999996,12143619183.8,0.9669172310315611,1.8253398026975978,1.8779840419286074,10,30,6,145,5,0.6978232277024489,-1.2179656599411315,0.3877174598856012,0.27615128464238664
2020-05-24 10:45:00,0.970970550685993,11519.885238095238,40747.880952380954,12143622035.880953,1.0470930091037838,1.8387842553633502,1.943214846616708,10,45,6,145,5,0.6978232277024489,-1.2179656599411315,0.3877174598856012,0.27615128464238664
2020-05-24 11:00:00,1.1142270674165489,12448.370476190477,45653.79047619047,12924908862.361904,1.098448167449011,1.7769571875391716,1.9955884549948315,11,0,6,145,5,0.35681974126132826,-1.359287966667126,0.3877174598856012,0.27615128464238664
2020-05-24 11:15:00,0.735141185250207,9982.300000000001,46327.8,12143627615.800001,1.0984774175278347,1.7602972378581718,2.025076111686651,11,15,6,145,5,0.35681974126132826,-1.359287966667126,0.3877174598856012,0.27615128464238664
2020-05-24 11:30:00,0.6757577914492727,9596.067142857142,48748.46666666667,12143630036.466665,1.2252140713820237,2.0108890494488385,2.035969330472265,11,30,6,145,5,0.35681974126132826,-1.359287966667126,0.3877174598856012,0.27615128464238664
2020-05-24 11:45:00,0.6924971944155736,9704.773333333334,51175.933333333334,12143632463.933334,1.292035210321146,1.9930241706606817,2.0295556237586947,11,45,6,145,5,0.35681974126132826,-1.359287966667126,0.3877174598856012,0.27615128464238664
2020-05-24 12:00:00,0.6953473198835429,9723.08,53622.8,12143634910.8,1.35110375474786,1.8966865014501155,1.9892282250625963,12,0,6,145,5,-0.00912207522595618,-1.4074903737028717,0.3877174598856012,0.27615128464238664
2020-05-24 12:15:00,0.8245190420214246,10566.372857142856,56149.485714285714,12143637437.485714,1.4518506216121088,1.9150916408408316,1.968845559304567,12,15,6,145,5,-0.00912207522595618,-1.4074903737028717,0.3877174598856012,0.27615128464238664
2020-05-24 12:30:00,0.8407353297254532,10672.144285714287,58807.85238095238,12143640095.85238,1.4747257826643778,1.9055443936213672,1.9422389010371086,12,30,6,145,5,-0.00912207522595618,-1.4074903737028717,0.3877174598856012,0.27615128464238664
2020-05-24 12:45:00,0.822634942255357,10553.953333333333,61443.333333333336,12143642731.333332,1.61029736193465,2.134698050072719,1.925269417466485,12,45,6,145,5,-0.00912207522595618,-1.4074903737028717,0.3877174598856012,0.27615128464238664
2020-05-24 13:00:00,0.8584068640068635,10788.033333333333,64111.26666666666,12143645399.266666,1.6340108117934737,1.9654983756940405,1.8969375414396734,13,0,6,145,5,-0.37506389171324067,-1.359287966667126,0.3877174598856012,0.27615128464238664
2020-05-24 13:15:00,0.9429843479723451,11339.728095238097,66908.40476190476,12143648196.404762,1.6239188767004333,1.9072970609812043,1.854787429891401,13,15,6,145,5,-0.37506389171324067,-1.359287966667126,0.3877174598856012,0.27615128464238664
2020-05-24 13:30:00,0.9762261072672077,11562.621904761903,69705.15714285715,12143650993.157143,1.739967379101663,2.063546098049899,1.803502882784168,13,30,6,145,5,-0.37506389171324067,-1.359287966667126,0.3877174598856012,0.27615128464238664
2020-05-24 13:45:00,1.0201633651886537,11859.340476190475,72665.92857142858,12143653953.928572,1.8034053995166437,1.887517954204617,1.7265475771185612,13,45,6,145,5,-0.37506389171324067,-1.359287966667126,0.3877174598856012,0.27615128464238664
2020-05-24 14:00:00,1.0673271546629806,12172.666666666666,76957.4,12386723731.8,1.8817751791778048,1.9229896928031809,1.6526218052018742,14,0,6,145,5,-0.7160673781543613,-1.2179656599411317,0.3877174598856012,0.27615128464238664
2020-05-24 14:15:00,1.109789328871196,12452.813333333334,79582.59999999999,12305704528.2,1.9560894179913342,1.9458572361391455,1.5597827757696647,14,15,6,145,5,-0.7160673781543613,-1.2179656599411317,0.3877174598856012,0.27615128464238664
2020-05-24 14:30:00,1.2730303328379156,13520.666190476191,81918.79523809523,12143663206.795238,2.0006231051506123,1.867116635804094,1.4376069656564523,14,30,6,145,5,-0.7160673781543613,-1.2179656599411317,0.3877174598856012,0.27615128464238664
2020-05-24 14:45:00,1.3179129944027723,13816.695238095237,86884.08571428571,12404095478.942858,2.01877906405008,1.7934918309893622,1.3084577959950672,14,45,6,145,5,-0.7160673781543613,-1.2179656599411317,0.3877174598856012,0.27615128464238664
2020-05-24 15:00:00,1.6177102013622062,15777.090476190475,96485.8238095238,13359005205.823809,2.013936282857605,1.5365581064748635,1.1685900845417185,15,0,6,145,5,-1.0088937104832625,-0.9931543351821105,0.3877174598856012,0.27615128464238664
2020-05-24 15:15:00,1.4516315593331781,14697.878095238095,100309.09523809524,13359009029.095238,2.1402737606893902,1.5803087861437837,1.0183425044523997,15,15,6,145,5,-1.0088937104832625,-0.9931543351821105,0.3877174598856012,0.27615128464238664
2020-05-24 15:30:00,1.2845390826777192,13611.22,103892.93333333333,13359012612.933334,2.087166241625733,1.535684850531656,0.8683124960446099,15,30,6,145,5,-1.0088937104832625,-0.9931543351821105,0.3877174598856012,0.27615128464238664
2020-05-24 15:45:00,1.0968023556275954,12389.385238095238,107169.64285714286,13359015889.642859,2.144809927558887,1.4809165036294758,0.7107307910115158,15,45,6,145,5,-1.0088937104832625,-0.9931543351821105,0.3877174598856012,0.27615128464238664
2020-05-24 16:00:00,0.9114243924718485,11181.83,109538.11428571428,13345072476.84762,2.1504293530835814,1.2915059333775336,0.5596861084086939,16,0,6,145,5,-1.2335872580701248,-0.7001745126541093,0.3877174598856012,0.27615128464238664
2020-05-24 16:15:00,0.7167085614329357,9913.263333333332,112721.74761904762,13359021441.74762,2.35609982660385,1.329084868916761,0.39963302909887866,16,15,6,145,5,-1.2335872580701248,-0.7001745126541093,0.3877174598856012,0.27615128464238664
2020-05-24 16:30:00,0.5186834965373671,8623.24,115053.2,13359023773.2,2.4058682570217815,1.1563488921249767,0.23739306316324485,16,30,6,145,5,-1.2335872580701248,-0.7001745126541093,0.3877174598856012,0.27615128464238664
2020-05-24 16:45:00,0.2905907567960425,7143.070476190476,117052.02857142857,13359025772.028572,2.403887334811721,0.9859126435518485,0.06362228874814493,16,45,6,145,5,-1.2335872580701248,-0.7001745126541093,0.3877174598856012,0.27615128464238664
2020-05-24 17:00:00,0.036678414901481445,5480.172857142857,110372.55714285714,12224713489.357143,2.306722486090109,0.791133543503762,-0.09564986446698319,17,0,6,145,5,-1.3748355269705475,-0.3589922830903618,0.3877174598856012,0.27615128464238664
2020-05-24 17:15:00,-0.1646678004035734,4151.151428571428,110980.51428571428,12143692268.514286,2.284573593649636,0.6623605673047487,-0.24622289930777455,17,15,6,145,5,-1.3748355269705475,-0.3589922830903618,0.3877174598856012,0.27615128464238664
2020-05-24 17:30:00,-0.3365590800194855,3023.558571428571,111869.31904761905,12143693157.319048,2.4515239476612654,0.5369352547763367,-0.3850951879954187,17,30,6,145,5,-1.3748355269705475,-0.3589922830903618,0.3877174598856012,0.27615128464238664
2020-05-24 17:45:00,-0.484669558365212,2041.1933333333332,112502.4,12143693790.4,2.165780289250223,0.3568866082645467,-0.5041013026977404,17,45,6,145,5,-1.3748355269705475,-0.3589922830903618,0.3877174598856012,0.27615128464238664
2020-05-24 18:00:00,-0.6095556028803846,1225.64,112913.8,12143694201.8,2.005719873299694,0.19016575249236495,-0.6063428715438004,18,0,6,145,5,-1.423012681082767,0.00714134839465385,0.3877174598856012,0.27615128464238664
2020-05-24 18:15:00,-0.6978741708685666,652.1295238095238,113148.37619047619,12143694436.37619,1.6198033118403368,0.016459716608639676,-0.6813367501935699,18,15,6,145,5,-1.423012681082767,0.00714134839465385,0.3877174598856012,0.27615128464238664
2020-05-24 18:30:00,-0.762409511462035,235.53,121143.53809523808,13196986205.938095,1.4547907681972028,-0.09860407331838081,-0.7329186241453796,18,30,6,145,5,-1.423012681082767,0.00714134839465385,0.3877174598856012,0.27615128464238664
2020-05-24 18:45:00,-0.7989785578343084,0.0,119775.0,13011792085.857143,1.369785597104809,-0.1557622114046268,-0.7593593603099381,18,45,6,145,5,-1.423012681082767,0.00714134839465385,0.3877174598856012,0.27615128464238664
2020-05-24 19:00:00,-0.7989785578343084,0.0,113275.0,12143694563.0,1.30028940861807,-0.1781346550636104,-0.76135947749374,19,0,6,145,5,-1.3748355269705475,0.37327497987966957,0.3877174598856012,0.27615128464238664
2020-05-24 19:15:00,-0.7989785578343084,0.0,115701.66666666667,12467784304.866667,1.153949922566578,-0.18654457811290007,-0.76135947749374,19,15,6,145,5,-1.3748355269705475,0.37327497987966957,0.3877174598856012,0.27615128464238664
2020-05-24 19:30:00,-0.7989785578343084,0.0,122375.0,13359031095.0,0.9031642786422868,-0.23303723389051675,-0.76135947749374,19,30,6,145,5,-1.3748355269705475,0.37327497987966957,0.3877174598856012,0.27615128464238664
2020-05-24 19:45:00,-0.7989785578343084,0.0,122375.0,13359031095.0,0.797051181194037,-0.2609584179506972,-0.76135947749374,19,45,6,145,5,-1.3748355269705475,0.37327497987966957,0.3877174598856012,0.27615128464238664
2020-05-24 20:00:00,-0.7989785578343084,0.0,122375.0,13359031095.0,0.6583322634349532,-0.3096839777674348,-0.76135947749374,20,0,6,145,5,-1.233587258070125,0.7144572094434171,0.3877174598856012,0.27615128464238664
2020-05-24 20:15:00,-0.7989785578343084,0.0,122375.0,13359031095.0,0.5527550830850202,-0.3455356068329733,-0.76135947749374,20,15,6,145,5,-1.233587258070125,0.7144572094434171,0.3877174598856012,0.27615128464238664
2020-05-24 20:30:00,-0.7989785578343084,0.0,122375.0,13359031095.0,0.4482290864996661,-0.3845940762130926,-0.76135947749374,20,30,6,145,5,-1.233587258070125,0.7144572094434171,0.3877174598856012,0.27615128464238664
2020-05-24 20:45:00,-0.7989785578343084,0.0,119948.33333333333,13034941353.133333,0.37195210109451476,-0.40754671944112925,-0.76135947749374,20,45,6,145,5,-1.233587258070125,0.7144572094434171,0.3877174598856012,0.27615128464238664
2020-05-24 21:00:00,-0.7989785578343084,0.0,113275.0,12143694563.0,0.2654330265413465,-0.4436624693689693,-0.76135947749374,21,0,6,145,5,-1.0088937104832634,1.0074370319714179,0.3877174598856012,0.27615128464238664
2020-05-24 21:15:00,-0.7989785578343084,0.0,113275.0,12143694563.0,0.1770307172985901,-0.4738109798392707,-0.76135947749374,21,15,6,145,5,-1.0088937104832634,1.0074370319714179,0.3877174598856012,0.27615128464238664
2020-05-24 21:30:00,-0.7989785578343084,0.0,113275.0,12143694563.0,0.09153564698672191,-0.4975757197087652,-0.76135947749374,21,30,6,145,5,-1.0088937104832634,1.0074370319714179,0.3877174598856012,0.27615128464238664
2020-05-24 21:45:00,-0.7989785578343084,0.0,113275.0,12143694563.0,0.017358437721002266,-0.5215582090930179,-0.76135947749374,21,45,6,145,5,-1.0088937104832634,1.0074370319714179,0.3877174598856012,0.27615128464238664
2020-05-24 22:00:00,-0.7989785578343084,0.0,113275.0,12143694563.0,-0.06085168313483761,-0.5494577247501311,-0.76135947749374,22,0,6,145,5,-0.7160673781543622,1.2322483567304392,0.3877174598856012,0.27615128464238664
2020-05-24 22:15:00,-0.7989785578343084,0.0,113275.0,12143694563.0,-0.13770909315493784,-0.5761786929493619,-0.76135947749374,22,15,6,145,5,-0.7160673781543622,1.2322483567304392,0.3877174598856012,0.27615128464238664
2020-05-24 22:30:00,-0.7989785578343084,0.0,113275.0,12143694563.0,-0.21750398658974401,-0.6208988240200396,-0.76135947749374,22,30,6,145,5,-0.7160673781543622,1.2322483567304392,0.3877174598856012,0.27615128464238664
2020-05-24 22:45:00,-0.7989785578343084,0.0,112626.07142857143,11983138375.0,-0.272690673187853,-0.655432625478632,-0.76135947749374,22,45,6,145,5,-0.7160673781543622,1.2322483567304392,0.3877174598856012,0.27615128464238664
2020-05-24 23:00:00,-0.7989785578343084,0.0,113275.0,12143694563.0,-0.3448004121981607,-0.6679563868952045,-0.76135947749374,23,0,6,145,5,-0.3750638917132417,1.373570663456434,0.3877174598856012,0.27615128464238664
2020-05-24 23:15:00,-0.7989785578343084,0.0,113275.0,12143694563.0,-0.386540383697514,-0.687335335359324,-0.76135947749374,23,15,6,145,5,-0.3750638917132417,1.373570663456434,0.3877174598856012,0.27615128464238664
2020-05-24 23:30:00,-0.7989785578343084,0.0,113275.0,12143694563.0,-0.42088189839114876,-0.6992399228400487,-0.76135947749374,23,30,6,145,5,-0.3750638917132417,1.373570663456434,0.3877174598856012,0.27615128464238664
2020-05-24 23:45:00,-0.7989785578343084,0.0,98405.98095238095,12143694563.0,-0.4596090467374687,-0.7196079266978092,-0.76135947749374,23,45,6,145,5,-0.3750638917132417,1.373570663456434,0.3877174598856012,0.27615128464238664
2020-05-25 00:00:00,-0.7989785578343084,0.0,38351.00476190476,12143694563.0,-0.5025307783060557,-0.7363200038577852,-0.76135947749374,0,0,0,146,5,-0.009122075225956353,1.4217730704921798,0.24510213793155017,0.12353859730743456
2020-05-25 00:15:00,-0.7989785578343084,0.0,18323.0,12143694563.0,-0.5265701296270932,-0.7395782093925455,-0.76135947749374,0,15,0,146,5,-0.009122075225956353,1.4217730704921798,0.24510213793155017,0.12353859730743456
2020-05-25 00:30:00,-0.7989785578343084,0.0,18323.0,12143694563.0,-0.5549034566360693,-0.7486571045524396,-0.76135947749374,0,30,0,146,5,-0.009122075225956353,1.4217730704921798,0.24510213793155017,0.12353859730743456
2020-05-25 00:45:00,-0.7989785578343084,0.0,18323.0,12143694563.0,-0.5883475401175036,-0.7615158774717901,-0.76135947749374,0,45,0,146,5,-0.009122075225956353,1.4217730704921798,0.24510213793155017,0.12353859730743456
2020-05-25 01:00:00,-0.7989785578343084,0.0,18323.0,12143694563.0,-0.6232798066660071,-0.782826157165749,-0.76135947749374,1,0,0,146,5,0.35681974126132787,1.3735706634564342,0.24510213793155017,0.12353859730743456
2020-05-25 01:15:00,-0.7989785578343084,0.0,18323.0,12143694563.0,-0.6575547391315638,-0.7985803361889994,-0.76135947749374,1,15,0,146,5,0.35681974126132787,1.3735706634564342,0.24510213793155017,0.12353859730743456
2020-05-25 01:30:00,-0.7989785578343084,0.0,16469.0,12129748176.333334,-0.7023131132459929,-0.8220334791741196,-0.76135947749374,1,30,0,146,5,0.35681974126132787,1.3735706634564342,0.24510213793155017,0.12353859730743456
2020-05-25 01:45:00,-0.7989785578343084,0.0,13688.0,12143694563.0,-0.7209638689107186,-0.8315936748763727,-0.76135947749374,1,45,0,146,5,0.35681974126132787,1.3735706634564342,0.24510213793155017,0.12353859730743456
2020-05-25 02:00:00,-0.7989785578343084,0.0,13688.0,12143694563.0,-0.731895690604604,-0.8241596769934669,-0.76135947749374,2,0,0,146,5,0.6978232277024489,1.2322483567304396,0.24510213793155017,0.12353859730743456
2020-05-25 02:15:00,-0.7989785578343084,0.0,13688.0,12143694563.0,-0.7614148440841298,-0.8339907537656588,-0.76135947749374,2,15,0,146,5,0.6978232277024489,1.2322483567304396,0.24510213793155017,0.12353859730743456
2020-05-25 02:30:00,-0.7989785578343084,0.0,13688.0,12143694563.0,-0.7660355032656742,-0.839240520513235,-0.76135947749374,2,30,0,146,5,0.6978232277024489,1.2322483567304396,0.24510213793155017,0.12353859730743456
2020-05-25 02:45:00,-0.7989785578343084,0.0,13688.0,12143694563.0,-0.7395711948481065,-0.8179581785482813,-0.76135947749374,2,45,0,146,5,0.6978232277024489,1.2322483567304396,0.24510213793155017,0.12353859730743456
2020-05-25 03:00:00,-0.7989785578343084,0.0,13688.0,12143694563.0,-0.7625280811489722,-0.8189605454368764,-0.76135947749374,3,0,0,146,5,0.9906495600313504,1.007437031971418,0.24510213793155017,0.12353859730743456
2020-05-25 03:15:00,-0.7989785578343084,0.0,13688.0,12143694563.0,-0.7641218352154281,-0.8173161510561738,-0.76135947749374,3,15,0,146,5,0.9906495600313504,1.007437031971418,0.24510213793155017,0.12353859730743456
2020-05-25 03:30:00,-0.7989785578343084,0.0,13688.0,12143694563.0,-0.7565863831331245,-0.8064986095595095,-0.76135947749374,3,30,0,146,5,0.9906495600313504,1.007437031971418,0.24510213793155017,0.12353859730743456
2020-05-25 03:45:00,-0.7989785578343084,0.0,13688.0,12143694563.0,-0.7599305252991537,-0.8198175269544706,-0.76135947749374,3,45,0,146,5,0.9906495600313504,1.007437031971418,0.24510213793155017,0.12353859730743456
2020-05-25 04:00:00,-0.7989785578343084,0.0,13688.0,12143694563.0,-0.7875292331230572,-0.8366594857097757,-0.76135947749374,4,0,0,146,5,1.2153431076182126,0.7144572094434171,0.24510213793155017,0.12353859730743456
2020-05-25 04:15:00,-0.7989785578343084,0.0,11119.466666666667,12143694563.0,-0.8184152986750086,-0.8591335684841278,-0.76135947749374,4,15,0,146,5,1.2153431076182126,0.7144572094434171,0.24510213793155017,0.12353859730743456
2020-05-25 04:30:00,-0.7989785578343084,0.0,8872.0,12143694563.0,-0.8251529818628913,-0.8633267774064853,-0.76135947749374,4,30,0,146,5,1.2153431076182126,0.7144572094434171,0.24510213793155017,0.12353859730743456
2020-05-25 04:45:00,-0.7989785578343084,0.0,8872.0,12143694563.0,-0.829105683963663,-0.8609461605992191,-0.76135947749374,4,45,0,146,5,1.2153431076182126,0.7144572094434171,0.24510213793155017,0.12353859730743456
2020-05-25 05:00:00,-0.7989785578343084,0.0,8872.0,12143694563.0,-0.849834194217236,-0.8616327446641053,-0.76135947749374,5,0,0,146,5,1.3565913765186348,0.37327497987967023,0.24510213793155017,0.12353859730743456
2020-05-25 05:15:00,-0.7989785578343084,0.0,8872.0,12143694563.0,-0.8177826646945998,-0.8260483869525788,-0.76135947749374,5,15,0,146,5,1.3565913765186348,0.37327497987967023,0.24510213793155017,0.12353859730743456
2020-05-25 05:30:00,-0.7989785578343084,0.0,0.0,12049550639.933334,-0.8225957745691178,-0.8173563406126276,-0.76135947749374,5,30,0,146,5,1.3565913765186348,0.37327497987967023,0.24510213793155017,0.12353859730743456
2020-05-25 05:45:00,-0.7989785578343084,0.0,0.0,12143694563.0,-0.8552798012571476,-0.8383298809917687,-0.7557381398477226,5,45,0,146,5,1.3565913765186348,0.37327497987967023,0.24510213793155017,0.12353859730743456
2020-05-25 06:00:00,-0.7553294378789046,281.21476190476193,27.314285714285713,12143694590.314285,-0.8603638682773751,-0.8464150317316957,-0.7205609341591721,6,0,0,146,5,1.4047685306308542,0.007141348394654197,0.24510213793155017,0.12353859730743456
2020-05-25 06:15:00,-0.6570935150283024,916.6652380952381,166.86190476190475,12143694729.861904,-0.80030458506782,-0.7919666261306446,-0.6379542661307737,6,15,0,146,5,1.4047685306308542,0.007141348394654197,0.24510213793155017,0.12353859730743456
2020-05-25 06:30:00,-0.4961531906804871,1965.4766666666667,513.5857142857143,12143695076.585714,-0.712974084115897,-0.669449061547632,-0.5120902522717614,6,30,0,146,5,1.4047685306308542,0.007141348394654197,0.24510213793155017,0.12353859730743456
2020-05-25 06:45:00,-0.4058180850696318,2564.9533333333334,1082.2666666666667,12129749258.6,-0.6019993401147713,-0.5354968006502054,-0.4369715186337641,6,45,0,146,5,1.4047685306308542,0.007141348394654197,0.24510213793155017,0.12353859730743456
2020-05-25 07:00:00,-0.2686004777165294,3469.3399999999997,1899.0,12953920816.666668,-0.48879019939611423,-0.4145294929164649,-0.28758613444638526,7,0,0,146,5,1.3565913765186348,-0.3589922830903618,0.24510213793155017,0.12353859730743456
2020-05-25 07:15:00,-0.08759203619292659,4656.466666666666,2959.4666666666667,13359034054.466665,-0.3500249512694547,-0.24111259836788987,-0.11059358170861913,7,15,0,146,5,1.3565913765186348,-0.3589922830903618,0.24510213793155017,0.12353859730743456
2020-05-25 07:30:00,0.10768451503844766,5946.650476190476,4266.952380952381,13359035361.952381,-0.2568335708472186,-0.09402225048067875,0.0749353674823988,7,30,0,146,5,1.3565913765186348,-0.3589922830903618,0.24510213793155017,0.12353859730743456
2020-05-25 07:45:00,0.32984402453250933,7398.573333333333,5902.114285714286,13359036997.114286,-0.16223322055330466,0.03232194023851788,0.27362341364861414,7,45,0,146,5,1.3565913765186348,-0.3589922830903618,0.24510213793155017,0.12353859730743456
2020-05-25 08:00:00,0.5015417850389842,8511.733333333334,7885.0,13359038980.0,-0.1268563918273168,0.09579377851904478,0.39936728137990063,8,0,0,146,5,1.2153431076182126,-0.7001745126541085,0.24510213793155017,0.12353859730743456
2020-05-25 08:15:00,0.7082962600573317,9858.486666666666,10204.333333333332,13359041299.333334,-0.07325823657809685,0.2031320636893178,0.5315757563135132,8,15,0,146,5,1.2153431076182126,-0.7001745126541085,0.24510213793155017,0.12353859730743456
2020-05-25 08:30:00,0.9021297666905701,11121.473333333333,12856.0,13359043951.0,0.026606951960222707,0.34832839116994885,0.6741658487309954,8,30,0,146,5,1.2153431076182126,-0.7001745126541085,0.24510213793155017,0.12353859730743456
2020-05-25 08:45:00,1.0587386024760532,12141.597142857143,15743.890476190476,13359046838.890478,0.19110367924836744,0.5639259511219218,0.8011010305636368,8,45,0,146,5,1.2153431076182126,-0.7001745126541085,0.24510213793155017,0.12353859730743456
2020-05-25 09:00:00,1.3136004153404404,13800.155714285713,18906.45238095238,13359050001.45238,0.20874242314939823,0.6644432348449698,1.0254467206086697,9,0,0,146,5,0.9906495600313506,-0.9931543351821099,0.24510213793155017,0.12353859730743456
2020-05-25 09:15:00,1.4899129501262334,14946.76,22501.4,13359053596.4,0.30905170162402135,0.8663002496899624,1.170728546397974,9,15,0,146,5,0.9906495600313506,-0.9931543351821099,0.24510213793155017,0.12353859730743456
2020-05-25 09:30:00,1.5807293560295488,15532.186666666666,26399.533333333333,13359057494.533333,0.4057479424569594,1.007835807354639,1.3808736397462138,9,30,0,146,5,0.9906495600313506,-0.9931543351821099,0.24510213793155017,0.12353859730743456
2020-05-25 09:45:00,1.552463863568727,15344.453333333333,30287.133333333335,13359061382.133333,0.4462709527598656,1.142844806963567,1.4886439780746,9,45,0,146,5,0.9906495600313506,-0.9931543351821099,0.24510213793155017,0.12353859730743456
2020-05-25 10:00:00,1.5042987268736294,15030.235714285714,34028.59523809524,13359065123.59524,0.5882890998504877,1.2753988118431911,1.515014471744453,10,0,0,146,5,0.6978232277024489,-1.2179656599411315,0.24510213793155017,0.12353859730743456
2020-05-25 10:15:00,1.7866492442101476,16861.33380952381,38009.25238095238,13359069104.25238,0.6594346556835465,1.3592264884492757,1.6913311786669798,10,15,0,146,5,0.6978232277024489,-1.2179656599411315,0.24510213793155017,0.12353859730743456
2020-05-25 10:30:00,1.8577643058810778,17317.448095238095,42285.07619047619,13359073380.07619,0.760291123788318,1.485725071093469,1.7865760670225475,10,30,0,146,5,0.6978232277024489,-1.2179656599411315,0.24510213793155017,0.12353859730743456
2020-05-25 10:45:00,1.8769675810191155,17431.72,46644.93333333333,13359077739.933332,0.8169865950423212,1.5109681083502833,1.690728073384722,10,45,0,146,5,0.6978232277024489,-1.2179656599411315,0.24510213793155017,0.12353859730743456
2020-05-25 11:00:00,1.9120501979781586,17646.766666666666,50885.799999999996,13209229538.666668,0.8758002404123177,1.5084359384932988,1.9545559073329386,11,0,0,146,5,0.35681974126132826,-1.359287966667126,0.24510213793155017,0.12353859730743456
2020-05-25 11:15:00,1.7342894095621544,16486.051428571427,55411.276190476194,13359086506.27619,1.022985044647756,1.6614130356378873,1.9809280771220021,11,15,0,146,5,0.35681974126132826,-1.359287966667126,0.24510213793155017,0.12353859730743456
2020-05-25 11:30:00,1.7007242621389844,16270.109999999999,59436.23333333333,13359090531.233334,1.0843919360596666,1.5873314764635185,1.7414218677618616,11,30,0,146,5,0.35681974126132826,-1.359287966667126,0.24510213793155017,0.12353859730743456
2020-05-25 11:45:00,1.8031915602368225,16933.932857142856,63577.28571428571,13359094672.285713,1.197625979269936,1.787057335946352,2.002441403991083,11,45,0,146,5,0.35681974126132826,-1.359287966667126,0.24510213793155017,0.12353859730743456
2020-05-25 12:00:00,1.8275863850824898,17092.593333333334,67861.2,13359098956.199999,1.200483391899279,1.780714669440922,1.9713571843042754,12,0,0,146,5,-0.00912207522595618,-1.4074903737028717,0.24510213793155017,0.12353859730743456
2020-05-25 12:15:00,1.8493074779847187,17233.946666666667,72200.4,13359103295.400002,1.2422975956639277,1.7721199631873215,1.973880440699251,12,15,0,146,5,-0.00912207522595618,-1.4074903737028717,0.24510213793155017,0.12353859730743456
2020-05-25 12:30:00,1.8348380712976984,17139.745714285717,76494.78571428571,13359107589.785715,1.377710193727506,1.9131015147990427,1.9507187836282558,12,30,0,146,5,-0.00912207522595618,-1.4074903737028717,0.24510213793155017,0.12353859730743456
2020-05-25 12:45:00,1.8285528389240144,17098.922857142858,80734.15238095238,13359111829.15238,1.4333941338244083,1.9142226267143236,1.9440312895933074,12,45,0,146,5,-0.00912207522595618,-1.4074903737028717,0.24510213793155017,0.12353859730743456
2020-05-25 13:00:00,1.7811508611062874,16790.5,84958.74285714285,13359116053.742857,1.479551080139202,1.9224805546533756,1.902267763441132,13,0,0,146,5,-0.37506389171324067,-1.359287966667126,0.24510213793155017,0.12353859730743456
2020-05-25 13:15:00,1.7985974080159959,16904.286666666667,88719.85714285714,13346135871.785713,1.5664007823639159,1.84805574330448,1.8442631204521434,13,15,0,146,5,-0.37506389171324067,-1.359287966667126,0.24510213793155017,0.12353859730743456
2020-05-25 13:30:00,1.8434325460827392,17200.122857142855,93501.56666666667,13359124596.566666,1.6249969614812907,1.9204155761133601,1.8109928644417843,13,30,0,146,5,-0.37506389171324067,-1.359287966667126,0.24510213793155017,0.12353859730743456
2020-05-25 13:45:00,1.8686903576944571,17379.430952380953,97799.83333333333,13359128894.833334,1.7682718780805045,2.025964500898229,1.7345299415912256,13,45,0,146,5,-0.37506389171324067,-1.359287966667126,0.24510213793155017,0.12353859730743456
2020-05-25 14:00:00,1.8122128902256442,17024.173333333332,102094.43333333333,13359133189.433334,1.7378978455570855,1.9521836374682886,1.6441148967339432,14,0,0,146,5,-0.7160673781543613,-1.2179656599411317,0.24510213793155017,0.12353859730743456
2020-05-25 14:15:00,1.9229685432783303,17754.39476190476,106361.18571428572,13359137456.185715,1.8059423697917778,1.8512446590948082,1.54593412185516,14,15,0,146,5,-0.7160673781543613,-1.2179656599411317,0.24510213793155017,0.12353859730743456
2020-05-25 14:30:00,1.9184277657971265,17729.76,110861.73333333332,13359141956.733332,1.8654049544157063,1.739161382887425,1.4447121039778603,14,30,0,146,5,-0.7160673781543613,-1.2179656599411317,0.24510213793155017,0.12353859730743456
2020-05-25 14:45:00,1.764226287753191,16729.02,115214.4,13359146309.4,1.9808968482690452,1.8766447821186705,1.3132356406975012,14,45,0,146,5,-0.7160673781543613,-1.2179656599411317,0.24510213793155017,0.12353859730743456
2020-05-25 15:00:00,1.638536268383289,15912.644761904761,119301.79047619046,13359150396.790476,1.9467908221704742,1.649332319365024,1.1810064008228447,15,0,0,146,5,-1.0088937104832625,-0.9931543351821105,0.24510213793155017,0.12353859730743456
2020-05-25 15:15:00,1.4771511783241458,14863.877619047618,123102.73809523808,13359154197.738094,1.9958092364519828,1.5720317320310697,1.02958503639335,15,15,0,146,5,-1.0088937104832625,-0.9931543351821105,0.24510213793155017,0.12353859730743456
2020-05-25 15:30:00,1.3001530492892854,13712.781904761905,126681.29999999999,13359157776.3,2.032949537596382,1.474610582594237,0.8721190396214981,15,30,0,146,5,-1.0088937104832625,-0.9931543351821105,0.24510213793155017,0.12353859730743456
2020-05-25 15:45:00,1.123411589958203,12562.646666666666,129983.93333333332,13359161078.933334,2.064390229902392,1.3986245518482323,0.7300372497402402,15,45,0,146,5,-1.0088937104832625,-0.9931543351821105,0.24510213793155017,0.12353859730743456
2020-05-25 16:00:00,1.045113558481499,12052.886666666665,133062.06666666665,13359164157.066666,2.14416327395226,1.3575678426705677,0.6692821484959256,16,0,0,146,5,-1.2335872580701248,-0.7001745126541093,0.24510213793155017,0.12353859730743456
2020-05-25 16:15:00,0.8967667470640706,11086.669047619047,136113.7380952381,13359167208.738096,2.1827309985344354,1.386953782534235,0.5733018037793507,16,15,0,146,5,-1.2335872580701248,-0.7001745126541093,0.24510213793155017,0.12353859730743456
2020-05-25 16:30:00,0.04947757756394684,5557.9823809523805,138132.9380952381,13359169227.938095,2.03177867685352,1.0011669796154414,-0.10332691601752089,16,30,0,146,5,-1.2335872580701248,-0.7001745126541093,0.24510213793155017,0.12353859730743456
2020-05-25 16:45:00,0.21679147376091912,6661.3557142857135,139555.17142857143,13359170650.171429,1.9700807469819301,0.7333797466983969,0.011457037673033037,16,45,0,146,5,-1.2335872580701248,-0.7001745126541093,0.24510213793155017,0.12353859730743456
2020-05-25 17:00:00,-0.029824298614659253,5038.686666666667,141121.93333333332,13359172216.933332,1.9351196664356014,0.645495529004524,-0.18510506923569364,17,0,0,146,5,-1.3748355269705475,-0.3589922830903618,0.24510213793155017,0.12353859730743456
2020-05-25 17:15:00,-0.4754948116782753,2102.8133333333335,142005.53333333333,13359173100.533333,1.8676190104913906,0.4230589544973374,-0.5275436214057614,17,15,0,146,5,-1.3748355269705475,-0.3589922830903618,0.24510213793155017,0.12353859730743456
2020-05-25 17:30:00,-0.670459891334173,829.47,142352.21904761903,13359173447.219048,1.7054585901065575,0.16534124251663604,-0.6721570057906407,17,30,0,146,5,-1.3748355269705475,-0.3589922830903618,0.24510213793155017,0.12353859730743456
2020-05-25 17:45:00,-0.7311418326105995,437.23333333333335,142505.05714285714,13359173600.057142,1.5938113320322222,0.02133135626827364,-0.716863504953773,17,45,0,146,5,-1.3748355269705475,-0.3589922830903618,0.24510213793155017,0.12353859730743456
2020-05-25 18:00:00,-0.7627044283054357,233.5609523809524,142586.15714285715,13359173681.157143,1.5348638122251856,-0.0456104589465369,-0.7360037713960178,18,0,0,146,5,-1.423012681082767,0.00714134839465385,0.24510213793155017,0.12353859730743456
2020-05-25 18:15:00,-0.7969625910644653,12.966666666666667,142614.8,13359173709.8,1.427588113667188,-0.10400519067941896,-0.750684209569679,18,15,0,146,5,-1.423012681082767,0.00714134839465385,0.24510213793155017,0.12353859730743456
2020-05-25 18:30:00,-0.7989785578343084,0.0,142615.0,13359173710.0,1.3352794521205877,-0.15612504440004674,-0.7526561682672541,18,30,0,146,5,-1.423012681082767,0.00714134839465385,0.24510213793155017,0.12353859730743456
2020-05-25 18:45:00,-0.7989785578343084,0.0,142615.0,13359173710.0,1.2734188378619138,-0.1956120992730293,-0.7592744344851559,18,45,0,146,5,-1.423012681082767,0.00714134839465385,0.24510213793155017,0.12353859730743456
2020-05-25 19:00:00,-0.7989785578343084,0.0,142615.0,13359173710.0,1.2210993195863136,-0.2235839697292202,-0.76135947749374,19,0,0,146,5,-1.3748355269705475,0.37327497987966957,0.24510213793155017,0.12353859730743456
2020-05-25 19:15:00,-0.7989785578343084,0.0,142615.0,13359173710.0,1.2304113580896014,-0.2142385806353786,-0.76135947749374,19,15,0,146,5,-1.3748355269705475,0.37327497987966957,0.24510213793155017,0.12353859730743456
2020-05-25 19:30:00,-0.7989785578343084,0.0,142615.0,13359173710.0,1.2166099126889394,-0.196942419857351,-0.76135947749374,19,30,0,146,5,-1.3748355269705475,0.37327497987966957,0.24510213793155017,0.12353859730743456
2020-05-25 19:45:00,-0.7989785578343084,0.0,142615.0,13359173710.0,1.1946390492355894,-0.19646157396222128,-0.76135947749374,19,45,0,146,5,-1.3748355269705475,0.37327497987966957,0.24510213793155017,0.12353859730743456
2020-05-25 20:00:00,-0.7989785578343084,0.0,142615.0,13359173710.0,1.1925606097621115,-0.1826107438141961,-0.76135947749374,20,0,0,146,5,-1.233587258070125,0.7144572094434171,0.24510213793155017,0.12353859730743456
2020-05-25 20:15:00,-0.7989785578343084,0.0,142615.0,13359173710.0,1.1957111638085567,-0.2005561224332553,-0.76135947749374,20,15,0,146,5,-1.233587258070125,0.7144572094434171,0.24510213793155017,0.12353859730743456
2020-05-25 20:30:00,-0.7989785578343084,0.0,142615.0,13359173710.0,1.099752022641208,-0.25587395342203384,-0.76135947749374,20,30,0,146,5,-1.233587258070125,0.7144572094434171,0.24510213793155017,0.12353859730743456
2020-05-25 20:45:00,-0.7989785578343084,0.0,142615.0,13359173710.0,1.0278885735960235,-0.2514924382561041,-0.76135947749374,20,45,0,146,5,-1.233587258070125,0.7144572094434171,0.24510213793155017,0.12353859730743456
2020-05-25 21:00:00,-0.7989785578343084,0.0,142615.0,13359173710.0,0.8373608960783953,-0.2533315394132357,-0.76135947749374,21,0,0,146,5,-1.0088937104832634,1.0074370319714179,0.24510213793155017,0.12353859730743456
2020-05-25 21:15:00,-0.7989785578343084,0.0,142615.0,13359173710.0,0.6397196451581559,-0.2991802377365114,-0.76135947749374,21,15,0,146,5,-1.0088937104832634,1.0074370319714179,0.24510213793155017,0.12353859730743456
2020-05-25 21:30:00,-0.7989785578343084,0.0,142615.0,13359173710.0,0.5176401922379597,-0.32284419743825504,-0.76135947749374,21,30,0,146,5,-1.0088937104832634,1.0074370319714179,0.24510213793155017,0.12353859730743456
2020-05-25 21:45:00,-0.7989785578343084,0.0,142615.0,13359173710.0,0.41977423024758465,-0.3537720556463813,-0.76135947749374,21,45,0,146,5,-1.0088937104832634,1.0074370319714179,0.24510213793155017,0.12353859730743456
2020-05-25 22:00:00,-0.7989785578343084,0.0,142615.0,13359173710.0,0.3370595810620207,-0.401920673086751,-0.76135947749374,22,0,0,146,5,-0.7160673781543622,1.2322483567304392,0.24510213793155017,0.12353859730743456
2020-05-25 22:15:00,-0.7989785578343084,0.0,142615.0,13359173710.0,0.25964896236064966,-0.4360196000836452,-0.76135947749374,22,15,0,146,5,-0.7160673781543622,1.2322483567304392,0.24510213793155017,0.12353859730743456
2020-05-25 22:30:00,-0.7989785578343084,0.0,142615.0,13359173710.0,0.18459972818822157,-0.46210131616037353,-0.76135947749374,22,30,0,146,5,-0.7160673781543622,1.2322483567304392,0.24510213793155017,0.12353859730743456
2020-05-25 22:45:00,-0.7989785578343084,0.0,142615.0,13359173710.0,0.025703004089630443,-0.5146142996600546,-0.76135947749374,22,45,0,146,5,-0.7160673781543622,1.2322483567304392,0.24510213793155017,0.12353859730743456
2020-05-25 23:00:00,-0.7989785578343084,0.0,142615.0,13359173710.0,-0.08769096831777103,-0.5720618398742721,-0.76135947749374,23,0,0,146,5,-0.3750638917132417,1.373570663456434,0.24510213793155017,0.12353859730743456
2020-05-25 23:15:00,-0.7989785578343084,0.0,142615.0,13359173710.0,-0.13203842649412392,-0.600526430928505,-0.76135947749374,23,15,0,146,5,-0.3750638917132417,1.373570663456434,0.24510213793155017,0.12353859730743456
2020-05-25 23:30:00,-0.7989785578343084,0.0,142615.0,13359173710.0,-0.15970118047605977,-0.6073586877552852,-0.76135947749374,23,30,0,146,5,-0.3750638917132417,1.373570663456434,0.24510213793155017,0.12353859730743456
2020-05-25 23:45:00,-0.7989785578343084,0.0,124003.46666666667,13359173710.0,-0.12539777375647412,-0.5618646140806395,-0.76135947749374,23,45,0,146,5,-0.3750638917132417,1.373570663456434,0.24510213793155017,0.12353859730743456
2020-05-26 00:00:00,-0.7989785578343084,0.0,39760.81428571429,13359173710.0,-0.09325665306633445,-0.5375913490913392,-0.76135947749374,0,0,1,147,5,-0.009122075225956353,1.4217730704921798,0.10069187827789013,-0.025500436050270598
2020-05-26 00:15:00,-0.7989785578343084,0.0,18711.0,13359173710.0,-0.09594939411771684,-0.49810298882394155,-0.76135947749374,0,15,1,147,5,-0.009122075225956353,1.4217730704921798,0.10069187827789013,-0.025500436050270598
2020-05-26 00:30:00,-0.7989785578343084,0.0,18711.0,13359173710.0,-0.41855086196923036,-0.565339043849727,-0.76135947749374,0,30,1,147,5,-0.009122075225956353,1.4217730704921798,0.10069187827789013,-0.025500436050270598
2020-05-26 00:45:00,-0.7989785578343084,0.0,18711.0,13359173710.0,-0.7726016738549788,-0.699599261688427,-0.76135947749374,0,45,1,147,5,-0.009122075225956353,1.4217730704921798,0.10069187827789013,-0.025500436050270598
2020-05-26 01:00:00,-0.7989785578343084,0.0,18711.0,13359173710.0,-0.9588795429177989,-0.755741971122897,-0.76135947749374,1,0,1,147,5,0.35681974126132787,1.3735706634564342,0.10069187827789013,-0.025500436050270598
2020-05-26 01:15:00,-0.7989785578343084,0.0,18711.0,13359173710.0,-1.0124548387256638,-0.8132691180837143,-0.76135947749374,1,15,1,147,5,0.35681974126132787,1.3735706634564342,0.10069187827789013,-0.025500436050270598
2020-05-26 01:30:00,-0.7989785578343084,0.0,15416.714285714286,13359173710.0,-1.0485986359669286,-0.8308196724855327,-0.76135947749374,1,30,1,147,5,0.35681974126132787,1.3735706634564342,0.10069187827789013,-0.025500436050270598
2020-05-26 01:45:00,-0.7989785578343084,0.0,9487.0,13359173710.0,-1.1321557113314658,-0.8758633917612749,-0.76135947749374,1,45,1,147,5,0.35681974126132787,1.3735706634564342,0.10069187827789013,-0.025500436050270598
2020-05-26 02:00:00,-0.7989785578343084,0.0,9487.0,13359173710.0,-1.1327706681102707,-0.8983378741636763,-0.76135947749374,2,0,1,147,5,0.6978232277024489,1.2322483567304396,0.10069187827789013,-0.025500436050270598
2020-05-26 02:15:00,-0.7989785578343084,0.0,9487.0,13359173710.0,-1.0385867265939546,-0.8718147964157315,-0.76135947749374,2,15,1,147,5,0.6978232277024489,1.2322483567304396,0.10069187827789013,-0.025500436050270598
2020-05-26 02:30:00,-0.7989785578343084,0.0,9487.0,13359173710.0,-0.9365663658672844,-0.8451665137981376,-0.76135947749374,2,30,1,147,5,0.6978232277024489,1.2322483567304396,0.10069187827789013,-0.025500436050270598
2020-05-26 02:45:00,-0.7989785578343084,0.0,9487.0,13359173710.0,-0.8373359782217461,-0.8084161411779578,-0.76135947749374,2,45,1,147,5,0.6978232277024489,1.2322483567304396,0.10069187827789013,-0.025500436050270598
2020-05-26 03:00:00,-0.7989785578343084,0.0,9487.0,13359173710.0,-0.771555063004111,-0.7818672758353171,-0.76135947749374,3,0,1,147,5,0.9906495600313504,1.007437031971418,0.10069187827789013,-0.025500436050270598
2020-05-26 03:15:00,-0.7989785578343084,0.0,9487.0,13302936944.933332,-0.7984254634835894,-0.7848266829768611,-0.76135947749374,3,15,1,147,5,0.9906495600313504,1.007437031971418,0.10069187827789013,-0.025500436050270598
2020-05-26 03:30:00,-0.7989785578343084,0.0,9487.0,13359173710.0,-0.9091301146752893,-0.8513253795301315,-0.76135947749374,3,30,1,147,5,0.9906495600313504,1.007437031971418,0.10069187827789013,-0.025500436050270598
2020-05-26 03:45:00,-0.7989785578343084,0.0,9487.0,13359173710.0,-0.9522705195449476,-0.9143531196742137,-0.76135947749374,3,45,1,147,5,0.9906495600313504,1.007437031971418,0.10069187827789013,-0.025500436050270598
2020-05-26 04:00:00,-0.7989785578343084,0.0,9487.0,13359173710.0,-0.9823511364815223,-0.9351532021229848,-0.76135947749374,4,0,1,147,5,1.2153431076182126,0.7144572094434171,0.10069187827789013,-0.025500436050270598
2020-05-26 04:15:00,-0.7989785578343084,0.0,7842.0,13359173710.0,-1.0359533913238674,-0.9599614617976309,-0.76135947749374,4,15,1,147,5,1.2153431076182126,0.7144572094434171,0.10069187827789013,-0.025500436050270598
2020-05-26 04:30:00,-0.7989785578343084,0.0,6197.0,13359173710.0,-1.0499097555776933,-0.9800987656554127,-0.76135947749374,4,30,1,147,5,1.2153431076182126,0.7144572094434171,0.10069187827789013,-0.025500436050270598
2020-05-26 04:45:00,-0.7989785578343084,0.0,6197.0,13359173710.0,-1.0586152485921776,-0.9997304480139422,-0.76135947749374,4,45,1,147,5,1.2153431076182126,0.7144572094434171,0.10069187827789013,-0.025500436050270598
2020-05-26 05:00:00,-0.7989785578343084,0.0,6197.0,13359173710.0,-1.0889468660321595,-1.0197926720498816,-0.76135947749374,5,0,1,147,5,1.3565913765186348,0.37327497987967023,0.10069187827789013,-0.025500436050270598
2020-05-26 05:15:00,-0.7989785578343084,0.0,6197.0,13359173710.0,-1.1238040859017193,-1.043082316339097,-0.76135947749374,5,15,1,147,5,1.3565913765186348,0.37327497987967023,0.10069187827789013,-0.025500436050270598
2020-05-26 05:30:00,-0.7989785578343084,0.0,0.0,13359173710.0,-1.2052996466467216,-1.0474992362998725,-0.76135947749374,5,30,1,147,5,1.3565913765186348,0.37327497987967023,0.10069187827789013,-0.025500436050270598
2020-05-26 05:45:00,-0.7989785578343084,0.0,0.0,13359173710.0,-1.206186016621287,-1.0593268566196987,-0.7570756289870264,5,45,1,147,5,1.3565913765186348,0.37327497987967023,0.10069187827789013,-0.025500436050270598
2020-05-26 06:00:00,-0.7526742586524477,298.29333333333335,28.46666666666667,13359173738.466667,-1.2891800301947796,-1.042065681556278,-0.7219923847820365,6,0,1,147,5,1.4047685306308542,0.007141348394654197,0.10069187827789013,-0.025500436050270598
2020-05-26 06:15:00,-0.6663810051492032,855.9538095238096,166.7095238095238,13209294055.909523,-1.262026806093282,-0.999188862469425,-0.6573461823500075,6,15,1,147,5,1.4047685306308542,0.007141348394654197,0.10069187827789013,-0.025500436050270598
2020-05-26 06:30:00,-0.5554239837606649,1578.0866666666666,466.5857142857143,13359174176.585714,-1.1548606701869608,-0.9034337074476411,-0.5816664650982529,6,30,1,147,5,1.4047685306308542,0.007141348394654197,0.10069187827789013,-0.025500436050270598
2020-05-26 06:45:00,-0.42301816626990246,2446.794761904762,957.6476190476191,13359174667.64762,-0.9538109956316245,-0.7471994381181313,-0.47352930563386164,6,45,1,147,5,1.4047685306308542,0.007141348394654197,0.10069187827789013,-0.025500436050270598
2020-05-26 07:00:00,-0.26286940072775994,3506.848571428571,1685.5809523809523,13359175395.580954,-0.7108335881039293,-0.5520109935568975,-0.2762826890771606,7,0,1,147,5,1.3565913765186348,-0.3589922830903618,0.10069187827789013,-0.025500436050270598
2020-05-26 07:15:00,-0.07116460429832859,4765.26,2714.6,13359176424.6,-0.5170549613037704,-0.31325692314532505,-0.06862294021700481,7,15,1,147,5,1.3565913765186348,-0.3589922830903618,0.10069187827789013,-0.025500436050270598
2020-05-26 07:30:00,0.13817626218043688,6146.9,4095.333333333333,13359177805.333334,-0.39318702580255444,-0.011598224346619578,0.12475709999929664,7,30,1,147,5,1.3565913765186348,-0.3589922830903618,0.10069187827789013,-0.025500436050270598
2020-05-26 07:45:00,0.3653042606387275,7628.56238095238,5813.519047619047,13359179523.519047,-0.23337128070454086,0.25534192650042087,0.3208061460800309,7,45,1,147,5,1.3565913765186348,-0.3589922830903618,0.10069187827789013,-0.025500436050270598
2020-05-26 08:00:00,0.5920713373951256,9100.953333333333,7884.290476190476,13359181594.290476,-0.0860944304570375,0.48328744423350706,0.4874047490418962,8,0,1,147,5,1.2153431076182126,-0.7001745126541085,0.10069187827789013,-0.025500436050270598
2020-05-26 08:15:00,0.8205364872515506,10589.797142857144,10306.27619047619,13359184016.27619,0.08804001929581555,0.7008709615469828,0.6459433077850777,8,15,1,147,5,1.2153431076182126,-0.7001745126541085,0.10069187827789013,-0.025500436050270598
2020-05-26 08:30:00,1.0215533204735812,11899.426666666666,13119.666666666666,13359186829.666668,0.17383287356034333,0.7816423841907181,0.7900228953123057,8,30,1,147,5,1.2153431076182126,-0.7001745126541085,0.10069187827789013,-0.025500436050270598
2020-05-26 08:45:00,1.2326663995636953,13273.573333333334,16257.6,13347071012.466667,0.12007214861118207,0.640733601213853,0.9517898789491062,8,45,1,147,5,1.2153431076182126,-0.7001745126541085,0.10069187827789013,-0.025500436050270598
2020-05-26 09:00:00,1.435648821793304,14594.092857142858,19810.190476190477,13359193520.190475,0.16298728337529697,0.746940568172513,1.124769842782718,9,0,1,147,5,0.9906495600313506,-0.9931543351821099,0.10069187827789013,-0.025500436050270598
2020-05-26 09:15:00,1.6032240972299032,15683.190476190475,23572.128571428573,13359197282.128572,0.29866689955346226,0.9476867561608463,1.290468051488615,9,15,1,147,5,0.9906495600313506,-0.9931543351821099,0.10069187827789013,-0.025500436050270598
2020-05-26 09:30:00,1.7485122791831322,16626.942857142858,27549.461904761905,13359201259.461905,0.5585766426754961,1.239008773470389,1.437221452489022,9,30,1,147,5,0.9906495600313506,-0.9931543351821099,0.10069187827789013,-0.025500436050270598
2020-05-26 09:45:00,1.6346399837473786,15878.353333333333,31623.266666666666,13347086378.133333,0.5941554524611186,1.2438819097089393,1.5688342457307842,9,45,1,147,5,0.9906495600313506,-0.9931543351821099,0.10069187827789013,-0.025500436050270598
2020-05-26 10:00:00,1.5753557756256908,15485.92,35648.933333333334,13359209358.933334,0.6315858772665779,1.293808138317486,1.6791361083207308,10,0,1,147,5,0.6978232277024489,-1.2179656599411315,0.10069187827789013,-0.025500436050270598
2020-05-26 10:15:00,1.6468692212154954,15946.645714285714,39371.64285714286,13346228486.857143,0.7623235971945563,1.473746765253391,1.772427305897651,10,15,1,147,5,0.6978232277024489,-1.2179656599411315,0.10069187827789013,-0.025500436050270598
2020-05-26 10:30:00,1.7542265873700147,16628.588571428572,43561.04285714286,13359217271.042858,0.761093321225573,1.4199251942223754,1.8624910119324554,10,30,1,147,5,0.6978232277024489,-1.2179656599411315,0.10069187827789013,-0.025500436050270598
2020-05-26 10:45:00,1.9447092592465969,17861.94,47895.73333333333,13359221605.733334,0.9343533756908631,1.5317960182036363,1.9267241533887234,10,45,1,147,5,0.6978232277024489,-1.2179656599411315,0.10069187827789013,-0.025500436050270598
2020-05-26 11:00:00,1.8906852458853693,17507.024761904762,52360.933333333334,13359226070.933332,0.9714055166934562,1.5490087587479284,1.9866320364772276,11,0,1,147,5,0.35681974126132826,-1.359287966667126,0.10069187827789013,-0.025500436050270598
2020-05-26 11:15:00,1.851867752928155,17253.537142857145,56272.728571428575,13266088001.461905,1.0682546783945932,1.5887106509332687,2.0176820945985536,11,15,1,147,5,0.35681974126132826,-1.359287966667126,0.10069187827789013,-0.025500436050270598
2020-05-26 11:30:00,1.589963043271204,15549.373333333335,57206.171428571426,12143885524.171429,1.0688368646040616,1.6184868613903385,2.0344768795993486,11,30,1,147,5,0.35681974126132826,-1.359287966667126,0.10069187827789013,-0.025500436050270598
2020-05-26 11:45:00,1.6025571984110247,15631.268095238096,61116.938095238096,12143889434.938095,1.18533636839362,1.662498293546266,2.0125073423250464,11,45,1,147,5,0.35681974126132826,-1.359287966667126,0.10069187827789013,-0.025500436050270598
2020-05-26 12:00:00,1.6246280813849567,15774.78,65047.46666666666,12143893365.466667,1.26607534911969,1.660560105801385,2.0069061454552295,12,0,1,147,5,-0.00912207522595618,-1.4074903737028717,0.10069187827789013,-0.025500436050270598
2020-05-26 12:15:00,1.6264859219208352,15785.48142857143,69062.1857142857,12143897380.185715,1.2841033201358543,1.641623050701636,1.9025874690936686,12,15,1,147,5,-0.00912207522595618,-1.4074903737028717,0.10069187827789013,-0.025500436050270598
2020-05-26 12:30:00,1.638108985039886,15860.725238095236,72947.01428571428,12143901265.014286,1.4678758909249714,1.7749291161895004,1.9663119287162847,12,30,1,147,5,-0.00912207522595618,-1.4074903737028717,0.10069187827789013,-0.025500436050270598
2020-05-26 12:45:00,1.614848373411218,15710.013333333332,76859.56666666667,12143905177.566666,1.4821044126266492,1.834669390797768,1.9431658656112079,12,45,1,147,5,-0.00912207522595618,-1.4074903737028717,0.10069187827789013,-0.025500436050270598
2020-05-26 13:00:00,1.5860429968862364,15522.686666666666,80780.53333333333,12143909098.533333,1.5125393675001766,1.8291019721953685,1.890427927577617,13,0,1,147,5,-0.37506389171324067,-1.359287966667126,0.10069187827789013,-0.025500436050270598
2020-05-26 13:15:00,1.5467895864365622,15275.346666666666,84644.26666666666,12143912962.266666,1.496568099370726,1.6821871004984397,1.4583998589331766,13,15,1,147,5,-0.37506389171324067,-1.359287966667126,0.10069187827789013,-0.025500436050270598
2020-05-26 13:30:00,1.575142847520027,15460.34380952381,88459.41428571429,12143916777.414286,1.434278470463393,1.3169118035695657,1.4702140585227184,13,30,1,147,5,-0.37506389171324067,-1.359287966667126,0.10069187827789013,-0.025500436050270598
2020-05-26 13:45:00,1.820608850938984,17053.92095238095,92587.94285714286,12143920905.942858,1.5346992132374415,1.5733587480318338,1.8160474760907033,13,45,1,147,5,-0.37506389171324067,-1.359287966667126,0.10069187827789013,-0.025500436050270598
2020-05-26 14:00:00,1.736785249492382,16518.301904761905,96740.44761904761,12143925058.447618,1.608179423399538,1.638924857273745,1.710918254391168,14,0,1,147,5,-0.7160673781543613,-1.2179656599411317,0.10069187827789013,-0.025500436050270598
2020-05-26 14:15:00,1.581863212463529,15529.819999999998,100754.26666666666,12143929072.266666,1.669701445861231,1.5546930486735635,1.2151421829817943,14,15,1,147,5,-0.7160673781543613,-1.2179656599411317,0.10069187827789013,-0.025500436050270598
2020-05-26 14:30:00,1.8569837359923864,17324.253333333334,104855.46666666666,12143933173.466667,1.595829465497795,1.478866930078528,1.509022433257152,14,30,1,147,5,-0.7160673781543613,-1.2179656599411317,0.10069187827789013,-0.025500436050270598
2020-05-26 14:45:00,1.769424116841952,16757.5,109180.47142857143,12143937498.471428,1.5924474436525937,1.526997068988687,1.4210347946517994,14,45,1,147,5,-0.7160673781543613,-1.2179656599411317,0.10069187827789013,-0.025500436050270598
2020-05-26 15:00:00,1.5848244401635756,15559.263809523809,113215.16666666667,12143941533.166666,1.6327217234479663,1.4284147843772612,1.228081144485291,15,0,1,147,5,-1.0088937104832625,-0.9931543351821105,0.10069187827789013,-0.025500436050270598
2020-05-26 15:15:00,1.421330120253456,14497.114285714286,116940.9857142857,12143945258.985714,1.6289574919915233,1.3250464414399399,1.0714243703589987,15,15,1,147,5,-1.0088937104832625,-0.9931543351821105,0.10069187827789013,-0.025500436050270598
2020-05-26 15:30:00,1.1710435501098955,12868.94,120352.93333333333,12143948670.933334,1.637489427198355,1.203071521401472,0.8765136976433519,15,30,1,147,5,-1.0088937104832625,-0.9931543351821105,0.10069187827789013,-0.025500436050270598
2020-05-26 15:45:00,1.0664371237440986,12189.014761904762,123497.5380952381,12143951815.538095,1.6809101800668473,1.0991616270563174,0.749582542555769,15,45,1,147,5,-1.0088937104832625,-0.9931543351821105,0.10069187827789013,-0.025500436050270598
2020-05-26 16:00:00,0.8795295604298372,10972.140000000001,126416.66666666666,12143954734.666666,1.688682845368996,1.017386073096062,0.6016297821025773,16,0,1,147,5,-1.2335872580701248,-0.7001745126541093,0.10069187827789013,-0.025500436050270598
2020-05-26 16:15:00,0.6985769911269899,9793.207142857143,128999.7761904762,12143957317.776192,1.671077823805666,0.9226211477507714,0.4484092930896443,16,15,1,147,5,-1.2335872580701248,-0.7001745126541093,0.10069187827789013,-0.025500436050270598
2020-05-26 16:30:00,0.5751989257193882,8989.041428571429,131325.11428571428,12143959643.114285,1.7350242434207759,0.873251048725758,0.34970900762960105,16,30,1,147,5,-1.2335872580701248,-0.7001745126541093,0.10069187827789013,-0.025500436050270598
2020-05-26 16:45:00,0.3602033338178925,7589.833333333333,133491.13333333333,12143961809.133333,1.7795249716539552,0.8474463761532235,0.18265075173662101,16,45,1,147,5,-1.2335872580701248,-0.7001745126541093,0.10069187827789013,-0.025500436050270598
2020-05-26 17:00:00,-0.24241424533309852,3641.758571428571,134611.5285714286,12015747697.171429,1.6212477424369522,0.5582311797087,-0.296054556918325,17,0,1,147,5,-1.3748355269705475,-0.3589922830903618,0.10069187827789013,-0.025500436050270598
2020-05-26 17:15:00,-0.3723713896087282,2788.752380952381,135658.34285714285,12143963976.342857,1.4753648968731483,0.29408496300551706,-0.413939241051199,17,15,1,147,5,-1.3748355269705475,-0.3589922830903618,0.10069187827789013,-0.025500436050270598
2020-05-26 17:30:00,-0.45734540222138587,2221.102380952381,136289.40476190473,12143964607.404762,1.38125645376819,0.17891611323856157,-0.48845814495815176,17,30,1,147,5,-1.3748355269705475,-0.3589922830903618,0.10069187827789013,-0.025500436050270598
2020-05-26 17:45:00,-0.6002180204236338,1286.58,136210.93333333332,12135896353.4,1.273455701547924,0.05945317702520289,-0.6038241457963328,17,45,1,147,5,-1.3748355269705475,-0.3589922830903618,0.10069187827789013,-0.025500436050270598
2020-05-26 18:00:00,-0.6823411940022844,752.6933333333333,136977.93333333332,12143965295.933334,1.2030667764659944,-0.04297465612485855,-0.6669856030195709,18,0,1,147,5,-1.423012681082767,0.00714134839465385,0.10069187827789013,-0.025500436050270598
2020-05-26 18:15:00,-0.7046653929196168,608.2319047619047,130259.62857142856,11529055283.49524,1.175745748343348,-0.08819354645851718,-0.6794697356269915,18,15,1,147,5,-1.423012681082767,0.00714134839465385,0.10069187827789013,-0.025500436050270598
2020-05-26 18:30:00,-0.7380270313088211,392.81333333333333,127893.53333333331,11305451719.533333,1.1011904584733951,-0.1151728925474467,-0.7068091165052672,18,30,1,147,5,-1.423012681082767,0.00714134839465385,0.10069187827789013,-0.025500436050270598
2020-05-26 18:45:00,-0.7955263967002918,22.245714285714286,127940.30476190476,11844496401.519047,0.9789167535974458,-0.18623840276324655,-0.7529533878520454,18,45,1,147,5,-1.423012681082767,0.00714134839465385,0.10069187827789013,-0.025500436050270598
2020-05-26 19:00:00,-0.7989785578343084,0.0,127941.0,12143965644.0,0.9000098362969121,-0.2396120648405888,-0.76135947749374,19,0,1,147,5,-1.3748355269705475,0.37327497987966957,0.10069187827789013,-0.025500436050270598
2020-05-26 19:15:00,-0.7989785578343084,0.0,127941.0,12143965644.0,0.8175986592764507,-0.27756506310460294,-0.76135947749374,19,15,1,147,5,-1.3748355269705475,0.37327497987966957,0.10069187827789013,-0.025500436050270598
2020-05-26 19:30:00,-0.7989785578343084,0.0,127941.0,12143965644.0,0.7842440708951688,-0.29416160484900034,-0.76135947749374,19,30,1,147,5,-1.3748355269705475,0.37327497987966957,0.10069187827789013,-0.025500436050270598
2020-05-26 19:45:00,-0.7989785578343084,0.0,127941.0,12143965644.0,0.7197043665933633,-0.3210627826997437,-0.76135947749374,19,45,1,147,5,-1.3748355269705475,0.37327497987966957,0.10069187827789013,-0.025500436050270598
2020-05-26 20:00:00,-0.7989785578343084,0.0,127941.0,12143965644.0,0.6375127342264115,-0.3248531658806051,-0.76135947749374,20,0,1,147,5,-1.233587258070125,0.7144572094434171,0.10069187827789013,-0.025500436050270598
2020-05-26 20:15:00,-0.7989785578343084,0.0,127941.0,12143965644.0,0.5603147800293722,-0.3495595189722898,-0.76135947749374,20,15,1,147,5,-1.233587258070125,0.7144572094434171,0.10069187827789013,-0.025500436050270598
2020-05-26 20:30:00,-0.7989785578343084,0.0,127941.0,12143965644.0,0.4974501389306824,-0.3733364258042933,-0.76135947749374,20,30,1,147,5,-1.233587258070125,0.7144572094434171,0.10069187827789013,-0.025500436050270598
2020-05-26 20:45:00,-0.7989785578343084,0.0,127941.0,12143965644.0,0.45521127970821534,-0.3868694638319587,-0.76135947749374,20,45,1,147,5,-1.233587258070125,0.7144572094434171,0.10069187827789013,-0.025500436050270598
2020-05-26 21:00:00,-0.7989785578343084,0.0,127941.0,12143965644.0,0.41004651939308157,-0.40461191636210353,-0.76135947749374,21,0,1,147,5,-1.0088937104832634,1.0074370319714179,0.10069187827789013,-0.025500436050270598
2020-05-26 21:15:00,-0.7989785578343084,0.0,127941.0,12143965644.0,0.3575317056436519,-0.42423831773750975,-0.76135947749374,21,15,1,147,5,-1.0088937104832634,1.0074370319714179,0.10069187827789013,-0.025500436050270598
2020-05-26 21:30:00,-0.7989785578343084,0.0,127941.0,12143965644.0,0.29697940345447904,-0.44337706933807963,-0.76135947749374,21,30,1,147,5,-1.0088937104832634,1.0074370319714179,0.10069187827789013,-0.025500436050270598
2020-05-26 21:45:00,-0.7989785578343084,0.0,127941.0,12143965644.0,0.23410817634540523,-0.4557387169782868,-0.76135947749374,21,45,1,147,5,-1.0088937104832634,1.0074370319714179,0.10069187827789013,-0.025500436050270598
2020-05-26 22:00:00,-0.7989785578343084,0.0,127941.0,12143965644.0,0.15725603006039524,-0.4863917996739061,-0.76135947749374,22,0,1,147,5,-0.7160673781543622,1.2322483567304392,0.10069187827789013,-0.025500436050270598
2020-05-26 22:15:00,-0.7989785578343084,0.0,127941.0,12143965644.0,0.10650746065016274,-0.5024069035839537,-0.76135947749374,22,15,1,147,5,-0.7160673781543622,1.2322483567304392,0.10069187827789013,-0.025500436050270598
2020-05-26 22:30:00,-0.7989785578343084,0.0,127941.0,12143965644.0,0.039909527178154325,-0.5241516807104263,-0.76135947749374,22,30,1,147,5,-0.7160673781543622,1.2322483567304392,0.10069187827789013,-0.025500436050270598
2020-05-26 22:45:00,-0.7989785578343084,0.0,127941.0,12143965644.0,-0.002270203131274589,-0.542248199783027,-0.76135947749374,22,45,1,147,5,-0.7160673781543622,1.2322483567304392,0.10069187827789013,-0.025500436050270598
2020-05-26 23:00:00,-0.7989785578343084,0.0,127941.0,12143965644.0,-0.08093266708008584,-0.5633857151506317,-0.76135947749374,23,0,1,147,5,-0.3750638917132417,1.373570663456434,0.10069187827789013,-0.025500436050270598
2020-05-26 23:15:00,-0.7989785578343084,0.0,127941.0,12143965644.0,-0.15304189957800007,-0.5864165145069141,-0.76135947749374,23,15,1,147,5,-0.3750638917132417,1.373570663456434,0.10069187827789013,-0.025500436050270598
2020-05-26 23:30:00,-0.7989785578343084,0.0,127941.0,12143965644.0,-0.19259630598652722,-0.5976890418350743,-0.76135947749374,23,30,1,147,5,-0.3750638917132417,1.373570663456434,0.10069187827789013,-0.025500436050270598
2020-05-26 23:45:00,-0.7989785578343084,0.0,113394.06666666667,12143965644.0,-0.232502396606439,-0.6162652081093651,-0.76135947749374,23,45,1,147,5,-0.3750638917132417,1.373570663456434,0.10069187827789013,-0.025500436050270598
2020-05-27 00:00:00,-0.7989785578343084,0.0,42731.619047619046,12143965644.0,-0.2803849982661611,-0.6371038820791615,-0.76135947749374,0,0,2,148,5,-0.009122075225956353,1.4217730704921798,-0.04547052719880675,-0.17092165194860914
2020-05-27 00:15:00,-0.7989785578343084,0.0,20850.0,12143965644.0,-0.33586264344773203,-0.6664802518474884,-0.76135947749374,0,15,2,148,5,-0.009122075225956353,1.4217730704921798,-0.04547052719880675,-0.17092165194860914
2020-05-27 00:30:00,-0.7989785578343084,0.0,20850.0,12143965644.0,-0.35121291766716645,-0.6762576566941444,-0.76135947749374,0,30,2,148,5,-0.009122075225956353,1.4217730704921798,-0.04547052719880675,-0.17092165194860914
2020-05-27 00:45:00,-0.7989785578343084,0.0,20850.0,12143965644.0,-0.3995680403408873,-0.6788169233543948,-0.76135947749374,0,45,2,148,5,-0.009122075225956353,1.4217730704921798,-0.04547052719880675,-0.17092165194860914
2020-05-27 01:00:00,-0.7989785578343084,0.0,20850.0,12143965644.0,-0.4738723291677347,-0.6927286202585103,-0.76135947749374,1,0,2,148,5,0.35681974126132787,1.3735706634564342,-0.04547052719880675,-0.17092165194860914
2020-05-27 01:15:00,-0.7989785578343084,0.0,20850.0,12143965644.0,-0.5397231973360502,-0.6997075355257468,-0.76135947749374,1,15,2,148,5,0.35681974126132787,1.3735706634564342,-0.04547052719880675,-0.17092165194860914
2020-05-27 01:30:00,-0.7989785578343084,0.0,17049.6,12143965644.0,-0.5640716515561389,-0.7101886987173277,-0.76135947749374,1,30,2,148,5,0.35681974126132787,1.3735706634564342,-0.04547052719880675,-0.17092165194860914
2020-05-27 01:45:00,-0.7989785578343084,0.0,11349.0,12143965644.0,-0.5721381998289723,-0.7074782455476176,-0.76135947749374,1,45,2,148,5,0.35681974126132787,1.3735706634564342,-0.04547052719880675,-0.17092165194860914
2020-05-27 02:00:00,-0.7989785578343084,0.0,11349.0,12143965644.0,-0.5737246905562676,-0.7041279092988779,-0.76135947749374,2,0,2,148,5,0.6978232277024489,1.2322483567304396,-0.04547052719880675,-0.17092165194860914
2020-05-27 02:15:00,-0.7989785578343084,0.0,11349.0,12143965644.0,-0.5676109507618696,-0.6896841696743807,-0.76135947749374,2,15,2,148,5,0.6978232277024489,1.2322483567304396,-0.04547052719880675,-0.17092165194860914
2020-05-27 02:30:00,-0.7989785578343084,0.0,11349.0,12143965644.0,-0.5590637767370249,-0.6697115181035673,-0.76135947749374,2,30,2,148,5,0.6978232277024489,1.2322483567304396,-0.04547052719880675,-0.17092165194860914
2020-05-27 02:45:00,-0.7989785578343084,0.0,11349.0,12143965644.0,-0.561796029263235,-0.6670474347557397,-0.76135947749374,2,45,2,148,5,0.6978232277024489,1.2322483567304396,-0.04547052719880675,-0.17092165194860914
2020-05-27 03:00:00,-0.7989785578343084,0.0,11349.0,12143965644.0,-0.5655427454293337,-0.6762573138016451,-0.76135947749374,3,0,2,148,5,0.9906495600313504,1.007437031971418,-0.04547052719880675,-0.17092165194860914
2020-05-27 03:15:00,-0.7989785578343084,0.0,11349.0,12143965644.0,-0.574210033323011,-0.6954070662823045,-0.76135947749374,3,15,2,148,5,0.9906495600313504,1.007437031971418,-0.04547052719880675,-0.17092165194860914
2020-05-27 03:30:00,-0.7989785578343084,0.0,11349.0,12143965644.0,-0.6103372681217031,-0.7220260419847413,-0.76135947749374,3,30,2,148,5,0.9906495600313504,1.007437031971418,-0.04547052719880675,-0.17092165194860914
2020-05-27 03:45:00,-0.7989785578343084,0.0,11349.0,12143965644.0,-0.6453352514825985,-0.7451027113179436,-0.76135947749374,3,45,2,148,5,0.9906495600313504,1.007437031971418,-0.04547052719880675,-0.17092165194860914
2020-05-27 04:00:00,-0.7989785578343084,0.0,11349.0,12143965644.0,-0.6776320811528513,-0.7744045037792997,-0.76135947749374,4,0,2,148,5,1.2153431076182126,0.7144572094434171,-0.04547052719880675,-0.17092165194860914
2020-05-27 04:15:00,-0.7989785578343084,0.0,7956.8,12143965644.0,-0.706538313347974,-0.7862905076498546,-0.76135947749374,4,15,2,148,5,1.2153431076182126,0.7144572094434171,-0.04547052719880675,-0.17092165194860914
2020-05-27 04:30:00,-0.7989785578343084,0.0,4080.0,12143965644.0,-0.7273332385213228,-0.793592254107818,-0.76135947749374,4,30,2,148,5,1.2153431076182126,0.7144572094434171,-0.04547052719880675,-0.17092165194860914
2020-05-27 04:45:00,-0.7989785578343084,0.0,4080.0,12123774737.857143,-0.7294337594525513,-0.7920954882977977,-0.76135947749374,4,45,2,148,5,1.2153431076182126,0.7144572094434171,-0.04547052719880675,-0.17092165194860914
2020-05-27 05:00:00,-0.7989785578343084,0.0,4080.0,12143965644.0,-0.7222896069495186,-0.7814065653391613,-0.76135947749374,5,0,2,148,5,1.3565913765186348,0.37327497987967023,-0.04547052719880675,-0.17092165194860914
2020-05-27 05:15:00,-0.7989785578343084,0.0,4080.0,12143965644.0,-0.7242169705336122,-0.7817070870627856,-0.76135947749374,5,15,2,148,5,1.3565913765186348,0.37327497987967023,-0.04547052719880675,-0.17092165194860914
2020-05-27 05:30:00,-0.7989785578343084,0.0,272.0,12143965644.0,-0.7187996450733324,-0.7673519769490394,-0.7613324896006844,5,30,2,148,5,1.3565913765186348,0.37327497987967023,-0.04547052719880675,-0.17092165194860914
2020-05-27 05:45:00,-0.7989785578343084,0.0,0.0,12143965644.0,-0.6778557445589808,-0.7251397090815326,-0.7580631045446301,5,45,2,148,5,1.3565913765186348,0.37327497987967023,-0.04547052719880675,-0.17092165194860914
2020-05-27 06:00:00,-0.7609945813657861,244.78714285714284,15.161904761904761,12143965659.161905,-0.6745100191706714,-0.7028813324839573,-0.7204192455684261,6,0,2,148,5,1.4047685306308542,0.007141348394654197,-0.04547052719880675,-0.17092165194860914
2020-05-27 06:15:00,-0.6930787930250949,683.1995238095237,133.86666666666667,12143965777.866669,-0.672907383192151,-0.7007019818455177,-0.6675048027133935,6,15,2,148,5,1.4047685306308542,0.007141348394654197,-0.04547052719880675,-0.17092165194860914
2020-05-27 06:30:00,-0.5911223368536794,1345.6714285714286,376.56190476190477,12404399132.633333,-0.676260150371046,-0.6738867126783322,-0.5910169350135767,6,30,2,148,5,1.4047685306308542,0.007141348394654197,-0.04547052719880675,-0.17092165194860914
2020-05-27 06:45:00,-0.47289543331597017,2117.62,805.6,12143966449.6,-0.6395089157797829,-0.5979052493824765,-0.48285296193627425,6,45,2,148,5,1.4047685306308542,0.007141348394654197,-0.04547052719880675,-0.17092165194860914
2020-05-27 07:00:00,-0.32854102387973666,3076.4733333333334,1449.2,12143967093.199999,-0.5619470581983562,-0.4851904315568485,-0.3251831346577632,7,0,2,148,5,1.3565913765186348,-0.3589922830903618,-0.04547052719880675,-0.17092165194860914
2020-05-27 07:15:00,-0.173092589184838,4096.091428571429,2330.8142857142857,12131848394.280952,-0.4819018971784508,-0.3516222652783188,-0.14886554527303564,7,15,2,148,5,1.3565913765186348,-0.3589922830903618,-0.04547052719880675,-0.17092165194860914
2020-05-27 07:30:00,0.03041865683534527,5438.863809523809,3497.0857142857144,12130983876.228573,-0.3785663598845245,-0.19455115946092813,0.057555050251410486,7,30,2,148,5,1.3565913765186348,-0.3589922830903618,-0.04547052719880675,-0.17092165194860914
2020-05-27 07:45:00,0.24582369292930037,6848.608095238095,5003.590476190476,12131851067.057142,-0.2672304790227515,-0.01068082480822555,0.2595767423726531,7,45,2,148,5,1.3565913765186348,-0.3589922830903618,-0.04547052719880675,-0.17092165194860914
2020-05-27 08:00:00,0.4718447363932338,8315.26,6940.2,12143972584.2,-0.18622315520827828,0.1308708831313295,0.4380766365243039,8,0,2,148,5,1.2153431076182126,-0.7001745126541085,-0.04547052719880675,-0.17092165194860914
2020-05-27 08:15:00,0.6702965851359791,9608.74,9196.866666666667,12143974840.866667,-0.0917669272548032,0.24912075045016932,0.5790010057778908,8,15,2,148,5,1.2153431076182126,-0.7001745126541085,-0.04547052719880675,-0.17092165194860914
2020-05-27 08:30:00,0.8858471887016347,11013.166666666666,11808.333333333332,12143977452.333334,-0.01668578496035181,0.4132348526696863,0.7414493591469931,8,30,2,148,5,1.2153431076182126,-0.7001745126541085,-0.04547052719880675,-0.17092165194860914
2020-05-27 08:45:00,1.0752168402725388,12246.20619047619,14665.147619047619,12143980309.147621,0.08812578126199866,0.5515117946826269,0.9044514288195415,8,45,2,148,5,1.2153431076182126,-0.7001745126541085,-0.04547052719880675,-0.17092165194860914
2020-05-27 09:00:00,1.2597221121641209,13446.573333333334,17810.6,12143983454.6,0.18088618008360485,0.692995521514199,1.0776715160810753,9,0,2,148,5,0.9906495600313506,-0.9931543351821099,-0.04547052719880675,-0.17092165194860914
2020-05-27 09:15:00,1.3205527606028138,13838.893333333333,20187.533333333333,11495327433.6,0.31909647466531066,0.8956248175174085,1.2555651620321384,9,15,2,148,5,0.9906495600313506,-0.9931543351821099,-0.04547052719880675,-0.17092165194860914
2020-05-27 09:30:00,1.0631473702402734,12154.786666666665,20620.4,9712091409.4,0.4324286474334218,1.0493091031715203,1.4039607556950628,9,30,2,148,5,0.9906495600313506,-0.9931543351821099,-0.04547052719880675,-0.17092165194860914
2020-05-27 09:45:00,0.8400209787650645,10694.811428571427,23437.428571428572,9712094226.428572,0.5154922426411003,1.173332400546694,1.5405992222907776,9,45,2,148,5,0.9906495600313506,-0.9931543351821099,-0.04547052719880675,-0.17092165194860914
2020-05-27 10:00:00,0.7939241132303769,10391.484761904761,26044.185714285715,9712096833.185715,0.6041887675821813,1.2847208510639052,1.6432198185295195,10,0,2,148,5,0.6978232277024489,-1.2179656599411315,-0.04547052719880675,-0.17092165194860914
2020-05-27 10:15:00,0.8273332037610913,10605.926666666666,28634.466666666667,9712099423.466667,0.7472816592243571,1.459848219459028,1.759275509566745,10,15,2,148,5,0.6978232277024489,-1.2179656599411315,-0.04547052719880675,-0.17092165194860914
2020-05-27 10:30:00,0.8519094170935536,10753.193333333333,31379.13333333333,9712102168.133333,0.7816839208642297,1.4615802259247397,1.8505001893027198,10,30,2,148,5,0.6978232277024489,-1.2179656599411315,-0.04547052719880675,-0.17092165194860914
2020-05-27 10:45:00,0.7585505753977451,10141.0,33992.066666666666,9712104781.066666,0.8383293480460378,1.6837216178572865,1.909692203043568,10,45,2,148,5,0.6978232277024489,-1.2179656599411315,-0.04547052719880675,-0.17092165194860914
2020-05-27 11:00:00,0.7365976448898525,9996.518095238096,36531.28571428572,9712107320.285715,0.9659502314079264,1.9102943175046398,1.9754546110505118,11,0,2,148,5,0.35681974126132826,-1.359287966667126,-0.04547052719880675,-0.17092165194860914
2020-05-27 11:15:00,0.6353997807731661,9336.726666666667,38865.066666666666,9712109654.066668,1.0447914518651273,1.9406440672539789,2.0177365835208048,11,15,2,148,5,0.35681974126132826,-1.359287966667126,-0.04547052719880675,-0.17092165194860914
2020-05-27 11:30:00,0.6543426756640299,9459.286666666667,41253.666666666664,9712112042.666666,1.0898034014117144,1.9788162180695237,2.0404329965908006,11,30,2,148,5,0.35681974126132826,-1.359287966667126,-0.04547052719880675,-0.17092165194860914
2020-05-27 11:45:00,0.6580868993772966,9483.66,43651.73333333333,9712114440.733334,1.1551244678700319,2.120778723619777,2.0288702060861166,11,45,2,148,5,0.35681974126132826,-1.359287966667126,-0.04547052719880675,-0.17092165194860914
2020-05-27 12:00:00,0.6731596261492316,9581.570952380953,46031.51904761905,9712116820.519047,1.2308580550670558,2.1476758465473984,2.0091747454640343,12,0,2,148,5,-0.00912207522595618,-1.4074903737028717,-0.04547052719880675,-0.17092165194860914
2020-05-27 12:15:00,0.6926059418797265,9708.235714285714,48388.25714285715,9712119177.257143,1.2593498608181157,2.1419213977268514,1.9783310341823395,12,15,2,148,5,-0.00912207522595618,-1.4074903737028717,-0.04547052719880675,-0.17092165194860914
2020-05-27 12:30:00,0.8581331400747836,10784.82,50910.0,9712121699.0,1.3296852925782912,2.243967461080606,1.9515100124343367,12,30,2,148,5,-0.00912207522595618,-1.4074903737028717,-0.04547052719880675,-0.17092165194860914
2020-05-27 12:45:00,0.846454918301015,10709.086666666666,53645.46666666667,9712124434.466667,1.5190330439415631,2.342422458961442,1.9335850235088798,12,45,2,148,5,-0.00912207522595618,-1.4074903737028717,-0.04547052719880675,-0.17092165194860914
2020-05-27 13:00:00,0.822985588606306,10556.86,55965.6,9711956799.0,1.4395289590524527,2.0794192653475494,1.8942002547308108,13,0,2,148,5,-0.37506389171324067,-1.359287966667126,-0.04547052719880675,-0.17092165194860914
2020-05-27 13:15:00,0.8124392252816116,10490.066666666668,59017.13333333334,9712129806.133333,1.4449658147887137,2.0401101270563275,1.86496245121477,13,15,2,148,5,-0.37506389171324067,-1.359287966667126,-0.04547052719880675,-0.17092165194860914
2020-05-27 13:30:00,0.7557754457203428,10124.268095238096,61586.47619047619,9712132375.47619,1.4910836079922696,2.083430004255015,1.8168695176178515,13,30,2,148,5,-0.37506389171324067,-1.359287966667126,-0.04547052719880675,-0.17092165194860914
2020-05-27 13:45:00,0.8834316249506532,10960.513333333334,64163.066666666666,9712134952.066668,1.591528640963523,2.028387265639635,1.7441444191535564,13,45,2,148,5,-0.37506389171324067,-1.359287966667126,-0.04547052719880675,-0.17092165194860914
2020-05-27 14:00:00,0.991657686399526,11672.124761904763,67021.92380952381,9712137810.92381,1.581558178174794,1.9024869705252752,1.6611588466546952,14,0,2,148,5,-0.7160673781543613,-1.2179656599411317,-0.04547052719880675,-0.17092165194860914
2020-05-27 14:15:00,0.9399935786383358,11343.42,69932.93333333333,9712140721.933332,1.6241407434312736,1.923846518607914,1.5608408680220716,14,15,2,148,5,-0.7160673781543613,-1.2179656599411317,-0.04547052719880675,-0.17092165194860914
2020-05-27 14:30:00,1.0865245072029053,12302.743333333334,72838.07619047619,9712143627.07619,1.6839821081160837,1.8915782558581473,1.4304099571482658,14,30,2,148,5,-0.7160673781543613,-1.2179656599411317,-0.04547052719880675,-0.17092165194860914
2020-05-27 14:45:00,1.2020467429649553,13012.780476190477,76031.56666666667,9712146820.566666,1.759966188494567,1.9349685392996754,1.3336420493939443,14,45,2,148,5,-0.7160673781543613,-1.2179656599411317,-0.04547052719880675,-0.17092165194860914
2020-05-27 15:00:00,1.0912472440237342,12340.388571428572,79165.02857142857,9712149954.028572,1.825010864065261,1.767833415989634,1.18414683879143,15,0,2,148,5,-1.0088937104832625,-0.9931543351821105,-0.04547052719880675,-0.17092165194860914
2020-05-27 15:15:00,1.418952589572287,14483.515238095239,100668.60476190476,12838385210.17619,1.8384310826560402,1.5259032916892106,1.0543697344120306,15,15,2,148,5,-1.0088937104832625,-0.9931543351821105,-0.04547052719880675,-0.17092165194860914
2020-05-27 15:30:00,1.3246206578708026,13872.066666666666,107321.46666666666,13359427488.466667,1.8120208733781946,1.333556886724774,0.8862166280791806,15,30,2,148,5,-1.0088937104832625,-0.9931543351821105,-0.04547052719880675,-0.17092165194860914
2020-05-27 15:45:00,1.1217724574128938,12551.959047619048,110648.34761904762,13359430815.347618,1.8942458759258503,1.3311612707544904,0.7228585265750427,15,45,2,148,5,-1.0088937104832625,-0.9931543351821105,-0.04547052719880675,-0.17092165194860914
2020-05-27 16:00:00,0.9263548341758571,11279.345238095237,113632.10476190476,13359433799.104761,1.872472228753584,1.192886449888285,0.5680133923927182,16,0,2,148,5,-1.2335872580701248,-0.7001745126541093,-0.04547052719880675,-0.17092165194860914
2020-05-27 16:15:00,0.6798118455361287,9671.76761904762,114665.84285714285,13281523243.699999,1.9309873154255406,1.0542749553107216,0.3937094054153247,16,15,2,148,5,-1.2335872580701248,-0.7001745126541093,-0.04547052719880675,-0.17092165194860914
2020-05-27 16:30:00,0.5068024792956707,8545.046666666667,117721.00000000001,13266294672.6,1.8399083677459949,0.8977007876881898,0.2372210182554676,16,30,2,148,5,-1.2335872580701248,-0.7001745126541093,-0.04547052719880675,-0.17092165194860914
2020-05-27 16:45:00,0.2877913658733569,7124.54,119782.66666666666,13323081208.066668,1.8278929646537947,0.7481259890230703,0.07443960278333177,16,45,2,148,5,-1.2335872580701248,-0.7001745126541093,-0.04547052719880675,-0.17092165194860914
2020-05-27 17:00:00,0.0813825422436943,5773.526666666667,121967.93333333332,13209588495.066668,1.7954917292055315,0.6127107755591032,-0.0841540153520811,17,0,2,148,5,-1.3748355269705475,-0.3589922830903618,-0.04547052719880675,-0.17092165194860914
2020-05-27 17:15:00,-0.10634619286680667,4533.225714285714,123245.22857142857,13347323831.695236,1.7386101563387923,0.4825890251329173,-0.22268770786531888,17,15,2,148,5,-1.3748355269705475,-0.3589922830903618,-0.04547052719880675,-0.17092165194860914
2020-05-27 17:30:00,-0.297524306203777,3279.9195238095235,123589.93333333332,13320487962.361904,1.624865326007141,0.3310000062206085,-0.3659181297356195,17,30,2,148,5,-1.3748355269705475,-0.3589922830903618,-0.04547052719880675,-0.17092165194860914
2020-05-27 17:45:00,-0.43611388697765563,2360.5380952380956,121382.01428571428,12917885579.14762,1.535026524946736,0.20583511797119894,-0.46472290606103955,17,45,2,148,5,-1.3748355269705475,-0.3589922830903618,-0.04547052719880675,-0.17092165194860914
2020-05-27 18:00:00,-0.5468248707963788,1634.5133333333333,123938.6,13173157674.8,1.4414593036927081,0.09896342110004928,-0.554016104136442,18,0,2,148,5,-1.423012681082767,0.00714134839465385,-0.04547052719880675,-0.17092165194860914
2020-05-27 18:15:00,-0.6435243432545039,1004.22,124922.46666666666,13310966767.333334,1.3071944948268839,0.0014163110188326494,-0.6334327221062612,18,15,2,148,5,-1.423012681082767,0.00714134839465385,-0.04547052719880675,-0.17092165194860914
2020-05-27 18:30:00,-0.7352733799691551,410.5733333333333,125666.55238095237,13335206672.485714,1.0739137708289277,-0.1071248045200225,-0.7099096093221823,18,30,2,148,5,-1.423012681082767,0.00714134839465385,-0.04547052719880675,-0.17092165194860914
2020-05-27 18:45:00,-0.796340004696531,16.980476190476192,125671.87619047618,13333475309.161903,0.9391114705476276,-0.1958744728711014,-0.7529923331586575,18,45,2,148,5,-1.423012681082767,0.00714134839465385,-0.04547052719880675,-0.17092165194860914
2020-05-27 19:00:00,-0.7989785578343084,0.0,125712.73333333334,13335206718.666666,0.8345628387680096,-0.2519090138342734,-0.7609089379694803,19,0,2,148,5,-1.3748355269705475,0.37327497987966957,-0.04547052719880675,-0.17092165194860914
2020-05-27 19:15:00,-0.7989785578343084,0.0,126279.0,13359446446.0,0.76002323728967,-0.2888893976181092,-0.76135947749374,19,15,2,148,5,-1.3748355269705475,0.37327497987966957,-0.04547052719880675,-0.17092165194860914
2020-05-27 19:30:00,-0.7989785578343084,0.0,125712.73333333334,13335206718.666666,0.6997905606123896,-0.31863830769140894,-0.76135947749374,19,30,2,148,5,-1.3748355269705475,0.37327497987966957,-0.04547052719880675,-0.17092165194860914
2020-05-27 19:45:00,-0.7989785578343084,0.0,125146.46666666667,13310966991.333334,0.6441010985319413,-0.3380107779092715,-0.76135947749374,19,45,2,148,5,-1.3748355269705475,0.37327497987966957,-0.04547052719880675,-0.17092165194860914
2020-05-27 20:00:00,-0.7989785578343084,0.0,125065.57142857142,13307504173.142857,0.5706213665477652,-0.3569352997923155,-0.76135947749374,20,0,2,148,5,-1.233587258070125,0.7144572094434171,-0.04547052719880675,-0.17092165194860914
2020-05-27 20:15:00,-0.7989785578343084,0.0,124580.2,13286727264.0,0.4751162129520931,-0.3742818536578655,-0.76135947749374,20,15,2,148,5,-1.233587258070125,0.7144572094434171,-0.04547052719880675,-0.17092165194860914
2020-05-27 20:30:00,-0.7989785578343084,0.0,124580.2,13286727264.0,0.40964224316595704,-0.399008657483755,-0.76135947749374,20,30,2,148,5,-1.233587258070125,0.7144572094434171,-0.04547052719880675,-0.17092165194860914
2020-05-27 20:45:00,-0.7989785578343084,0.0,125995.86666666667,13347326582.333334,0.35866254246254564,-0.41777374045706356,-0.76135947749374,20,45,2,148,5,-1.233587258070125,0.7144572094434171,-0.04547052719880675,-0.17092165194860914
2020-05-27 21:00:00,-0.7989785578343084,0.0,124297.06666666667,13274607400.333334,0.2576452282032039,-0.4408672593903936,-0.76135947749374,21,0,2,148,5,-1.0088937104832634,1.0074370319714179,-0.04547052719880675,-0.17092165194860914
2020-05-27 21:15:00,-0.7989785578343084,0.0,125065.57142857143,13307504173.142857,0.162294676654329,-0.4724405795461482,-0.76135947749374,21,15,2,148,5,-1.0088937104832634,1.0074370319714179,-0.04547052719880675,-0.17092165194860914
2020-05-27 21:30:00,-0.7989785578343084,0.0,124863.33333333333,13298847127.666666,0.06754684840909354,-0.4984685642918819,-0.76135947749374,21,30,2,148,5,-1.0088937104832634,1.0074370319714179,-0.04547052719880675,-0.17092165194860914
2020-05-27 21:45:00,-0.7989785578343084,0.0,124013.93333333333,13262487536.666666,-0.02000602659561996,-0.5300684756847088,-0.76135947749374,21,45,2,148,5,-1.0088937104832634,1.0074370319714179,-0.04547052719880675,-0.17092165194860914
2020-05-27 22:00:00,-0.7989785578343084,0.0,123730.8,13250367673.0,-0.12325920934584628,-0.5676682517647436,-0.76135947749374,22,0,2,148,5,-0.7160673781543622,1.2322483567304392,-0.04547052719880675,-0.17092165194860914
2020-05-27 22:15:00,-0.7989785578343084,0.0,122245.2,13093404456.266666,-0.20135700156597575,-0.5918162335035181,-0.76135947749374,22,15,2,148,5,-0.7160673781543622,1.2322483567304392,-0.04547052719880675,-0.17092165194860914
2020-05-27 22:30:00,-0.7989785578343084,0.0,123245.42857142858,13229590763.857143,-0.25451135885886966,-0.6149110001421764,-0.76135947749374,22,30,2,148,5,-0.7160673781543622,1.2322483567304392,-0.04547052719880675,-0.17092165194860914
2020-05-27 22:45:00,-0.7989785578343084,0.0,122315.13333333333,13189768354.666666,-0.2802335934270636,-0.6233956995973083,-0.76135947749374,22,45,2,148,5,-0.7160673781543622,1.2322483567304392,-0.04547052719880675,-0.17092165194860914
2020-05-27 23:00:00,-0.7989785578343084,0.0,124580.2,13286727264.0,-0.30657199479088776,-0.6320660280455372,-0.76135947749374,23,0,2,148,5,-0.3750638917132417,1.373570663456434,-0.04547052719880675,-0.17092165194860914
2020-05-27 23:15:00,-0.7989785578343084,0.0,126279.0,13359446446.0,-0.34320452333173207,-0.6485574400556152,-0.76135947749374,23,15,2,148,5,-0.3750638917132417,1.373570663456434,-0.04547052719880675,-0.17092165194860914
2020-05-27 23:30:00,-0.7989785578343084,0.0,126279.0,13359446446.0,-0.3728665715944862,-0.6508624415337322,-0.76135947749374,23,30,2,148,5,-0.3750638917132417,1.373570663456434,-0.04547052719880675,-0.17092165194860914
2020-05-27 23:45:00,-0.7989785578343084,0.0,114614.56190476191,13198888696.5,-0.4009785621320038,-0.6592622148315336,-0.76135947749374,23,45,2,148,5,-0.3750638917132417,1.373570663456434,-0.04547052719880675,-0.17092165194860914
2020-05-28 00:00:00,-0.7989785578343084,0.0,43424.89523809524,13359446446.0,-0.4190860191640323,-0.666574981145006,-0.76135947749374,0,0,3,149,5,-0.009122075225956353,1.4217730704921798,-0.1933417674233576,-0.31268195894286815
2020-05-28 00:15:00,-0.7989785578343084,0.0,25887.0,13359446446.0,-0.46135022046719104,-0.6800954229270612,-0.76135947749374,0,15,3,149,5,-0.009122075225956353,1.4217730704921798,-0.1933417674233576,-0.31268195894286815
2020-05-28 00:30:00,-0.7989785578343084,0.0,25887.0,13359446446.0,-0.48911004402791275,-0.6894005796505636,-0.76135947749374,0,30,3,149,5,-0.009122075225956353,1.4217730704921798,-0.1933417674233576,-0.31268195894286815
2020-05-28 00:45:00,-0.7989785578343084,0.0,25887.0,13359446446.0,-0.5140040509553022,-0.7032771530537363,-0.76135947749374,0,45,3,149,5,-0.009122075225956353,1.4217730704921798,-0.1933417674233576,-0.31268195894286815
2020-05-28 01:00:00,-0.7989785578343084,0.0,25887.0,13359446446.0,-0.5197329195871865,-0.7055453245781359,-0.76135947749374,1,0,3,149,5,0.35681974126132787,1.3735706634564342,-0.1933417674233576,-0.31268195894286815
2020-05-28 01:15:00,-0.7989785578343084,0.0,25887.0,13359446446.0,-0.5327955123630118,-0.7162143488060935,-0.76135947749374,1,15,3,149,5,0.35681974126132787,1.3735706634564342,-0.1933417674233576,-0.31268195894286815
2020-05-28 01:30:00,-0.7989785578343084,0.0,22086.6,13359446446.0,-0.5651720415021406,-0.728008173522905,-0.76135947749374,1,30,3,149,5,0.35681974126132787,1.3735706634564342,-0.1933417674233576,-0.31268195894286815
2020-05-28 01:45:00,-0.7989785578343084,0.0,16386.0,13359446446.0,-0.5881095054678629,-0.7407967613250291,-0.76135947749374,1,45,3,149,5,0.35681974126132787,1.3735706634564342,-0.1933417674233576,-0.31268195894286815
2020-05-28 02:00:00,-0.7989785578343084,0.0,16386.0,13359446446.0,-0.6126061953839725,-0.7534811920022617,-0.76135947749374,2,0,3,149,5,0.6978232277024489,1.2322483567304396,-0.1933417674233576,-0.31268195894286815
2020-05-28 02:15:00,-0.7989785578343084,0.0,16386.0,13359446446.0,-0.6309127557728299,-0.76700277135593,-0.76135947749374,2,15,3,149,5,0.6978232277024489,1.2322483567304396,-0.1933417674233576,-0.31268195894286815
2020-05-28 02:30:00,-0.7989785578343084,0.0,16386.0,13359446446.0,-0.6444866845492064,-0.7755001912074052,-0.76135947749374,2,30,3,149,5,0.6978232277024489,1.2322483567304396,-0.1933417674233576,-0.31268195894286815
2020-05-28 02:45:00,-0.7989785578343084,0.0,16386.0,13359446446.0,-0.684963110014002,-0.7776464531963887,-0.76135947749374,2,45,3,149,5,0.6978232277024489,1.2322483567304396,-0.1933417674233576,-0.31268195894286815
2020-05-28 03:00:00,-0.7989785578343084,0.0,16386.0,13359446446.0,-0.726488531282538,-0.7965891815650642,-0.76135947749374,3,0,3,149,5,0.9906495600313504,1.007437031971418,-0.1933417674233576,-0.31268195894286815
2020-05-28 03:15:00,-0.7989785578343084,0.0,16386.0,13347326582.333334,-0.7691974002753516,-0.8148931128398823,-0.76135947749374,3,15,3,149,5,0.9906495600313504,1.007437031971418,-0.1933417674233576,-0.31268195894286815
2020-05-28 03:30:00,-0.7989785578343084,0.0,16386.0,13359446446.0,-0.7847866031644369,-0.8136550988974212,-0.76135947749374,3,30,3,149,5,0.9906495600313504,1.007437031971418,-0.1933417674233576,-0.31268195894286815
2020-05-28 03:45:00,-0.7989785578343084,0.0,16386.0,13333475309.571428,-0.802193112886747,-0.8172582658247451,-0.76135947749374,3,45,3,149,5,0.9906495600313504,1.007437031971418,-0.1933417674233576,-0.31268195894286815
2020-05-28 04:00:00,-0.7989785578343084,0.0,16386.0,13359446446.0,-0.8244405671881269,-0.8241544943201785,-0.76135947749374,4,0,3,149,5,1.2153431076182126,0.7144572094434171,-0.1933417674233576,-0.31268195894286815
2020-05-28 04:15:00,-0.7989785578343084,0.0,12455.333333333332,13359446446.0,-0.8339411143848927,-0.8283488416723342,-0.76135947749374,4,15,3,149,5,1.2153431076182126,0.7144572094434171,-0.1933417674233576,-0.31268195894286815
2020-05-28 04:30:00,-0.7989785578343084,0.0,9016.0,13359446446.0,-0.8553643793821608,-0.8410846694179372,-0.76135947749374,4,30,3,149,5,1.2153431076182126,0.7144572094434171,-0.1933417674233576,-0.31268195894286815
2020-05-28 04:45:00,-0.7989785578343084,0.0,9016.0,13347326582.333334,-0.8623878710261524,-0.8512751513094431,-0.76135947749374,4,45,3,149,5,1.2153431076182126,0.7144572094434171,-0.1933417674233576,-0.31268195894286815
2020-05-28 05:00:00,-0.7989785578343084,0.0,9016.0,13359446446.0,-0.8878013821073504,-0.8586907657299436,-0.76135947749374,5,0,3,149,5,1.3565913765186348,0.37327497987967023,-0.1933417674233576,-0.31268195894286815
2020-05-28 05:15:00,-0.7989785578343084,0.0,9016.0,13359446446.0,-0.9191103161565031,-0.8773260933564418,-0.76135947749374,5,15,3,149,5,1.3565913765186348,0.37327497987967023,-0.1933417674233576,-0.31268195894286815
2020-05-28 05:30:00,-0.7989785578343084,0.0,601.0666666666667,13335206718.666666,-0.9404145601859467,-0.8768781489311313,-0.76135947749374,5,30,3,149,5,1.3565913765186348,0.37327497987967023,-0.1933417674233576,-0.31268195894286815
2020-05-28 05:45:00,-0.7989785578343084,0.0,0.0,13347326582.333334,-0.9657361933729385,-0.8826563134022337,-0.7590939804111078,5,45,3,149,5,1.3565913765186348,0.37327497987967023,-0.1933417674233576,-0.31268195894286815
2020-05-28 06:00:00,-0.7611492824827697,243.6338095238095,18.63809523809524,13185352837.77143,-0.9869087835782855,-0.8917845403611293,-0.7270138648585108,6,0,3,149,5,1.4047685306308542,0.007141348394654197,-0.1933417674233576,-0.31268195894286815
2020-05-28 06:15:00,-0.700781310262952,633.4738095238096,125.37142857142857,13320489866.72857,-1.0082735535451013,-0.8882857731389305,-0.6784648078623935,6,15,3,149,5,1.4047685306308542,0.007141348394654197,-0.1933417674233576,-0.31268195894286815
2020-05-28 06:30:00,-0.6154736341710436,1186.84,340.6666666666667,13322916610.466667,-0.9871361585302189,-0.846218287910641,-0.6100428779782466,6,30,3,149,5,1.4047685306308542,0.007141348394654197,-0.1933417674233576,-0.31268195894286815
2020-05-28 06:45:00,-0.48350544673123147,2047.6085714285714,740.847619047619,13286728004.847618,-0.9130021199338203,-0.7480578501344137,-0.5067368347260957,6,45,3,149,5,1.4047685306308542,0.007141348394654197,-0.1933417674233576,-0.31268195894286815
2020-05-28 07:00:00,-0.3776185261106975,2751.04,1361.1999999999998,13310968352.533333,-0.8347415558945269,-0.6250621685885438,-0.38883491668888437,7,0,3,149,5,1.3565913765186348,-0.3589922830903618,-0.1933417674233576,-0.31268195894286815
2020-05-28 07:15:00,-0.17743242646981197,4066.939523809524,2124.6761904761906,13286729388.67619,-0.7656393344750854,-0.5168105980177499,-0.17877279209352556,7,15,3,149,5,1.3565913765186348,-0.3589922830903618,-0.1933417674233576,-0.31268195894286815
2020-05-28 07:30:00,0.17643296358858596,6396.803809523809,3428.0285714285715,13268550896.528572,-0.6291242521433477,-0.2555101317977391,0.18200533120633566,7,30,3,149,5,1.3565913765186348,-0.3589922830903618,-0.1933417674233576,-0.31268195894286815
2020-05-28 07:45:00,0.379158145261587,7716.2733333333335,5157.980952380953,13250372830.980951,-0.4996159605788989,-0.05894182755388047,0.3645434772032999,7,45,3,149,5,1.3565913765186348,-0.3589922830903618,-0.1933417674233576,-0.31268195894286815
2020-05-28 08:00:00,0.5624693357456033,8906.306666666667,7194.733333333334,13214015276.733334,-0.3572617618091207,0.1197025328570171,0.509040098026738,8,0,3,149,5,1.2153431076182126,-0.7001745126541085,-0.1933417674233576,-0.31268195894286815
2020-05-28 08:15:00,0.7948469681869955,10421.693333333333,9862.6,13298856990.266666,-0.24535726829858048,0.2506146481112728,0.6338107265168266,8,15,3,149,5,1.2153431076182126,-0.7001745126541085,-0.1933417674233576,-0.31268195894286815
2020-05-28 08:30:00,1.0013876588204338,11767.285238095237,12631.742857142857,13298859759.409523,-0.20500477672896675,0.3683138639261421,0.7887408283099933,8,30,3,149,5,1.2153431076182126,-0.7001745126541085,-0.1933417674233576,-0.31268195894286815
2020-05-28 08:45:00,1.2572989846131397,13433.653809523808,15887.823809523808,13333491197.395239,-0.09052123841320171,0.5086000039935381,0.9763570837986094,8,45,3,149,5,1.2153431076182126,-0.7001745126541085,-0.1933417674233576,-0.31268195894286815
2020-05-28 09:00:00,1.4481793981991617,14675.06238095238,19366.92380952381,13335226085.590477,0.018387197585515207,0.695684795160108,1.152831612010019,9,0,3,149,5,0.9906495600313506,-0.9931543351821099,-0.1933417674233576,-0.31268195894286815
2020-05-28 09:15:00,1.5988241063279467,15653.586666666666,23014.866666666665,13310990006.199999,0.09365783893065621,0.8120181688826786,1.3149082535193324,9,15,3,149,5,0.9906495600313506,-0.9931543351821099,-0.1933417674233576,-0.31268195894286815
2020-05-28 09:30:00,1.7555550332624883,16671.626666666667,27192.533333333333,13323114047.533333,0.25186194848256777,0.9503818425783888,1.439244193546992,9,30,3,149,5,0.9906495600313506,-0.9931543351821099,-0.1933417674233576,-0.31268195894286815
2020-05-28 09:45:00,1.5380738767817081,15244.860952380952,31673.399999999998,13359478119.400002,0.2685049359707826,1.088331201536078,1.6354296170705735,9,45,3,149,5,0.9906495600313506,-0.9931543351821099,-0.1933417674233576,-0.31268195894286815
2020-05-28 10:00:00,1.2776122117228932,13542.851904761905,35146.6619047619,13359481592.661903,0.3588952089443315,1.207642425268056,1.7065043617091438,10,0,3,149,5,0.6978232277024489,-1.2179656599411315,-0.1933417674233576,-0.31268195894286815
2020-05-28 10:15:00,1.2557738799206628,13396.615714285716,38502.47142857143,13359484948.471426,0.511008121336835,1.3505839438289131,1.8005561411232203,10,15,3,149,5,0.6978232277024489,-1.2179656599411315,-0.1933417674233576,-0.31268195894286815
2020-05-28 10:30:00,1.290025477872145,13601.325238095238,41821.490476190476,13359488267.490477,0.6312362479789447,1.4607163525158198,1.928853611364065,10,30,3,149,5,0.6978232277024489,-1.2179656599411315,-0.1933417674233576,-0.31268195894286815
2020-05-28 10:45:00,1.2654543308585509,13435.673333333332,45064.6,13347371646.933332,0.7344130898395533,1.6595061604813686,2.08574778214658,10,45,3,149,5,0.6978232277024489,-1.2179656599411315,-0.1933417674233576,-0.31268195894286815
2020-05-28 11:00:00,1.2338433553863555,13227.46238095238,48392.12857142857,13346509269.914286,0.8241748313941885,1.7423122303633876,2.101309877210221,11,0,3,149,5,0.35681974126132826,-1.359287966667126,-0.1933417674233576,-0.31268195894286815
2020-05-28 11:15:00,1.209410426114273,13068.488095238095,51615.566666666666,13347378197.9,0.9181062078046154,1.7644941503246594,2.0393828390036863,11,15,3,149,5,0.35681974126132826,-1.359287966667126,-0.1933417674233576,-0.31268195894286815
2020-05-28 11:30:00,1.2633944084207827,13418.946666666667,55187.73333333333,13359501633.733334,1.0572032798375572,1.7717992211044298,2.0695869425089497,11,30,3,149,5,0.35681974126132826,-1.359287966667126,-0.1933417674233576,-0.31268195894286815
2020-05-28 11:45:00,1.2649438457151467,13429.033333333335,58333.0,13347384915.333334,1.071766160975863,1.8226177450578305,2.0631316006298572,11,45,3,149,5,0.35681974126132826,-1.359287966667126,-0.1933417674233576,-0.31268195894286815
2020-05-28 12:00:00,1.2940338637325852,13618.281904761905,62026.81904761905,13359508472.819046,1.1929639630950408,1.9284994679915552,2.0485900613649277,12,0,3,149,5,-0.00912207522595618,-1.4074903737028717,-0.1933417674233576,-0.31268195894286815
2020-05-28 12:15:00,1.3031699351402763,13677.759523809524,65427.5,13359511873.499998,1.2166111569769784,1.6716488334050037,2.0132865099093085,12,15,3,149,5,-0.00912207522595618,-1.4074903737028717,-0.1933417674233576,-0.31268195894286815
2020-05-28 12:30:00,1.272221505734129,13476.513333333332,68469.33333333333,13347395051.666666,1.3612172313245914,1.8310371437067798,1.999891526818119,12,30,3,149,5,-0.00912207522595618,-1.4074903737028717,-0.1933417674233576,-0.31268195894286815
2020-05-28 12:45:00,1.2710196464567518,13468.565714285714,66129.37142857142,11734006637.038095,1.429036950139063,1.881538896207594,1.9842347898427435,12,45,3,149,5,-0.00912207522595618,-1.4074903737028717,-0.1933417674233576,-0.31268195894286815
2020-05-28 13:00:00,1.2649970063849587,13429.349523809526,66997.55714285714,10855834582.557142,1.4236575251365693,1.7481832495703702,1.974533708793567,13,0,3,149,5,-0.37506389171324067,-1.359287966667126,-0.1933417674233576,-0.31268195894286815
2020-05-28 13:15:00,1.2531222685243946,13358.264285714286,69952.6761904762,10843717674.009523,1.5735164827407924,1.9056566056686781,1.8485285489451957,13,15,3,149,5,-0.37506389171324067,-1.359287966667126,-0.1933417674233576,-0.31268195894286815
2020-05-28 13:30:00,-0.5070409953542433,1899.7399999999998,17778.4,2626877956.7333336,1.5687960322521664,1.9247238367211386,1.8695337896285835,13,30,3,149,5,-0.37506389171324067,-1.359287966667126,-0.1933417674233576,-0.31268195894286815
2020-05-28 13:45:00,0.12587259977458287,6022.9423809523805,38043.69047619047,10299904677.42381,1.6154738754274656,2.0174386613993147,1.79803520439245,13,45,3,149,5,-0.37506389171324067,-1.359287966667126,-0.1933417674233576,-0.31268195894286815
2020-05-28 14:00:00,0.8601984856144389,10812.42,76583.51904761905,13335289796.185715,1.6843152721078996,1.7603277995348434,1.7264040496837056,14,0,3,149,5,-0.7160673781543613,-1.2179656599411317,-0.1933417674233576,-0.31268195894286815
2020-05-28 14:15:00,0.8787673291883156,10940.439999999999,78360.26666666666,13311051845.599998,1.6904159694105383,1.68187580960462,1.6277578855543413,14,15,3,149,5,-0.7160673781543613,-1.2179656599411317,-0.1933417674233576,-0.31268195894286815
2020-05-28 14:30:00,1.0015762543242102,11745.310476190476,83119.65238095238,13359536059.652382,1.7379286977478323,1.6095970968081819,1.5169896883793923,14,30,3,149,5,-0.7160673781543613,-1.2179656599411317,-0.1933417674233576,-0.31268195894286815
2020-05-28 14:45:00,1.1190705999896295,12512.992747252747,80600.2663003663,12613632692.821245,1.7879370914483717,1.509686658242961,1.397916777910903,14,45,3,149,5,-0.7160673781543613,-1.2179656599411317,-0.1933417674233576,-0.31268195894286815
2020-05-28 15:00:00,1.6912834980331757,16253.250952380951,95818.81904761904,13359542877.35238,1.8120830918279407,1.5192857031123845,1.2834760452397695,15,0,3,149,5,-1.0088937104832625,-0.9931543351821105,-0.1933417674233576,-0.31268195894286815
2020-05-28 15:15:00,1.58915785535421,15591.051428571427,98901.79047619048,13323185756.790476,1.8476757828056594,1.5240314498288772,1.1489429206520763,15,15,3,149,5,-1.0088937104832625,-0.9931543351821105,-0.1933417674233576,-0.31268195894286815
2020-05-28 15:30:00,1.3756721691885867,14202.846666666666,101590.33333333333,13298948718.0,1.7976512090429737,1.302284142262931,0.9763363751357166,15,30,3,149,5,-1.0088937104832625,-0.9931543351821105,-0.1933417674233576,-0.31268195894286815
2020-05-28 15:45:00,1.1748094662307094,12896.4,105568.2619047619,13311072559.595238,1.8432871157455009,1.2470496785864924,0.7998728102892543,15,45,3,149,5,-1.0088937104832625,-0.9931543351821105,-0.1933417674233576,-0.31268195894286815
2020-05-28 16:00:00,0.9425565651327156,11384.488095238094,109129.68095238095,13323195984.680952,1.7956845374525385,1.0737514760478546,0.5994066185454189,16,0,3,149,5,-1.2335872580701248,-0.7001745126541093,-0.1933417674233576,-0.31268195894286815
2020-05-28 16:15:00,0.7066388602214566,9847.245714285715,112277.40952380953,13333587586.980953,1.8091964973923629,0.922092238739819,0.4117552077403715,16,15,3,149,5,-1.2335872580701248,-0.7001745126541093,-0.1933417674233576,-0.31268195894286815
2020-05-28 16:30:00,0.4833803876726608,8392.395714285714,112899.67142857143,13298960027.338095,1.7740684917331733,0.7951660837375848,0.23638638943565313,16,30,3,149,5,-1.2335872580701248,-0.7001745126541093,-0.1933417674233576,-0.31268195894286815
2020-05-28 16:45:00,0.14326712772013964,6177.386666666667,114531.46666666666,13298791073.933334,1.723262027713416,0.6454552474315898,-0.019985211044418964,16,45,3,149,5,-1.2335872580701248,-0.7001745126541093,-0.1933417674233576,-0.31268195894286815
2020-05-28 17:00:00,0.06494119581136003,5665.291428571429,115635.30476190476,13286842899.304762,1.7322642241927453,0.5334169326694964,-0.08362056496697605,17,0,3,149,5,-1.3748355269705475,-0.3589922830903618,-0.1933417674233576,-0.31268195894286815
2020-05-28 17:15:00,-0.10694355741979143,4529.433296703297,117083.4956043956,13289641239.110989,1.687500944629721,0.4455380697830722,-0.21411163135201375,17,15,3,149,5,-1.3748355269705475,-0.3589922830903618,-0.1933417674233576,-0.31268195894286815
2020-05-28 17:30:00,-0.27071520202599664,3455.6857142857143,120323.60476190476,13335327042.27143,1.61433605213767,0.3321560111665404,-0.34564908322846816,17,30,3,149,5,-1.3748355269705475,-0.3589922830903618,-0.1933417674233576,-0.31268195894286815
2020-05-28 17:45:00,-0.4252125245491822,2432.6,119844.86666666665,13311086836.2,1.552685522867088,0.21124125561789509,-0.45794512917757374,17,45,3,149,5,-1.3748355269705475,-0.3589922830903618,-0.1933417674233576,-0.31268195894286815
2020-05-28 18:00:00,-0.5508078537058754,1608.3600000000001,121575.0,13335328293.666666,1.4371402468710572,0.08651190215570173,-0.5589459903061482,18,0,3,149,5,-1.423012681082767,0.00714134839465385,-0.1933417674233576,-0.31268195894286815
2020-05-28 18:15:00,-0.6495980032979958,964.7647619047619,117975.87619047618,13073627439.390476,1.3273254238086054,-0.01659558311929763,-0.6385209143569726,18,15,3,149,5,-1.423012681082767,0.00714134839465385,-0.1933417674233576,-0.31268195894286815
2020-05-28 18:30:00,-0.7339342305861152,419.18380952380954,115326.8619047619,13202003545.195238,1.2029599320345412,-0.10497794628331945,-0.7081183698712981,18,30,3,149,5,-1.423012681082767,0.00714134839465385,-0.1933417674233576,-0.31268195894286815
2020-05-28 18:45:00,-0.795428138656894,22.826666666666668,120901.93333333332,13311087893.266666,1.0716039442424752,-0.184663756397652,-0.7520582385177869,18,45,3,149,5,-1.423012681082767,0.00714134839465385,-0.1933417674233576,-0.31268195894286815
2020-05-28 19:00:00,-0.7989785578343084,0.0,120902.53333333333,13311087893.866667,0.9664712750679735,-0.23434864008211076,-0.7612130249539732,19,0,3,149,5,-1.3748355269705475,0.37327497987966957,-0.1933417674233576,-0.31268195894286815
2020-05-28 19:15:00,-0.7989785578343084,0.0,120902.53333333333,13311087893.866667,0.8825128065761662,-0.26974935950318835,-0.76135947749374,19,15,3,149,5,-1.3748355269705475,0.37327497987966957,-0.1933417674233576,-0.31268195894286815
2020-05-28 19:30:00,-0.7989785578343084,0.0,120069.42857142858,13294638674.357143,0.8143172847091964,-0.30446365238396483,-0.76135947749374,19,30,3,149,5,-1.3748355269705475,0.37327497987966957,-0.1933417674233576,-0.31268195894286815
2020-05-28 19:45:00,-0.7989785578343084,0.0,120306.06666666667,13230063053.333334,0.7634315300464936,-0.3226584464875668,-0.76135947749374,19,45,3,149,5,-1.3748355269705475,0.37327497987966957,-0.1933417674233576,-0.31268195894286815
2020-05-28 20:00:00,-0.7989785578343084,0.0,120288.66666666667,13298967416.333334,0.7243843873004596,-0.3232172327251442,-0.76135947749374,20,0,3,149,5,-1.233587258070125,0.7144572094434171,-0.1933417674233576,-0.31268195894286815
2020-05-28 20:15:00,-0.7989785578343084,0.0,120902.53333333333,13311087893.866667,0.6542598338935556,-0.3311237931128979,-0.76135947749374,20,15,3,149,5,-1.233587258070125,0.7144572094434171,-0.1933417674233576,-0.31268195894286815
2020-05-28 20:30:00,-0.7989785578343084,0.0,119060.93333333333,13274726461.266666,0.5062037530512881,-0.3608502721429163,-0.76135947749374,20,30,3,149,5,-1.233587258070125,0.7144572094434171,-0.1933417674233576,-0.31268195894286815
2020-05-28 20:45:00,-0.7989785578343084,0.0,120727.14285714286,13307624900.285715,0.4070857075340655,-0.3818486949225104,-0.76135947749374,20,45,3,149,5,-1.233587258070125,0.7144572094434171,-0.1933417674233576,-0.31268195894286815
2020-05-28 21:00:00,-0.7989785578343084,0.0,120902.53333333333,13311087893.866667,0.32315884034243847,-0.41616563213163016,-0.76135947749374,21,0,3,149,5,-1.0088937104832634,1.0074370319714179,-0.1933417674233576,-0.31268195894286815
2020-05-28 21:15:00,-0.7989785578343084,0.0,118973.23809523809,13272994964.47619,0.22879795969265576,-0.44738945573474587,-0.76135947749374,21,15,3,149,5,-1.0088937104832634,1.0074370319714179,-0.1933417674233576,-0.31268195894286815
2020-05-28 21:30:00,-0.7989785578343084,0.0,119060.93333333333,13274726461.266666,0.12064945940273233,-0.47996986283031473,-0.76135947749374,21,30,3,149,5,-1.0088937104832634,1.0074370319714179,-0.1933417674233576,-0.31268195894286815
2020-05-28 21:45:00,-0.7989785578343084,0.0,117833.2,13250485506.2,0.0439597859407565,-0.5127940827638292,-0.76135947749374,21,45,3,149,5,-1.0088937104832634,1.0074370319714179,-0.1933417674233576,-0.31268195894286815
2020-05-28 22:00:00,-0.7989785578343084,0.0,116780.85714285714,13229707544.714285,-0.023293662541179247,-0.5384976001418612,-0.76135947749374,22,0,3,149,5,-0.7160673781543622,1.2322483567304392,-0.1933417674233576,-0.31268195894286815
2020-05-28 22:15:00,-0.7989785578343084,0.0,115377.73333333334,13202003596.066666,-0.09633846498848522,-0.5683490551922513,-0.76135947749374,22,15,3,149,5,-0.7160673781543622,1.2322483567304392,-0.1933417674233576,-0.31268195894286815
2020-05-28 22:30:00,-0.7989785578343084,0.0,115377.73333333334,13202003596.066666,-0.15452232277804076,-0.5922149255595976,-0.76135947749374,22,30,3,149,5,-0.7160673781543622,1.2322483567304392,-0.1933417674233576,-0.31268195894286815
2020-05-28 22:45:00,-0.7989785578343084,0.0,114807.46666666667,13112107521.6,-0.22689829868110295,-0.6168279793756821,-0.76135947749374,22,45,3,149,5,-0.7160673781543622,1.2322483567304392,-0.1933417674233576,-0.31268195894286815
2020-05-28 23:00:00,-0.7989785578343084,0.0,116605.46666666667,13226244551.133333,-0.2696585861028643,-0.6348407780405804,-0.76135947749374,23,0,3,149,5,-0.3750638917132417,1.373570663456434,-0.1933417674233576,-0.31268195894286815
2020-05-28 23:15:00,-0.7989785578343084,0.0,114807.71428571429,13190748866.928572,-0.3048147783537421,-0.6520999398978415,-0.76135947749374,23,15,3,149,5,-0.3750638917132417,1.373570663456434,-0.1933417674233576,-0.31268195894286815
2020-05-28 23:30:00,-0.7989785578343084,0.0,115377.73333333334,13202003596.066666,-0.33555954718660486,-0.6631333190642649,-0.76135947749374,23,30,3,149,5,-0.3750638917132417,1.373570663456434,-0.1933417674233576,-0.31268195894286815
2020-05-28 23:45:00,-0.7989785578343084,0.0,102363.6,13079211469.933334,-0.3758349959812828,-0.6735407354810417,-0.76135947749374,23,45,3,149,5,-0.3750638917132417,1.373570663456434,-0.1933417674233576,-0.31268195894286815
2020-05-29 00:00:00,-0.7989785578343084,0.0,33841.961904761905,13177762641.0,-0.41054388165880756,-0.6842436589616645,-0.76135947749374,0,0,4,150,5,-0.009122075225956353,1.4217730704921798,-0.3428780249559628,-0.45073935039464663
2020-05-29 00:15:00,-0.7989785578343084,0.0,16391.0,13177762641.0,-0.45471850226276384,-0.7131030999786806,-0.76135947749374,0,15,4,150,5,-0.009122075225956353,1.4217730704921798,-0.3428780249559628,-0.45073935039464663
2020-05-29 00:30:00,-0.7989785578343084,0.0,16391.0,13189883118.533333,-0.48319192056149013,-0.7173253770501163,-0.76135947749374,0,30,4,150,5,-0.009122075225956353,1.4217730704921798,-0.3428780249559628,-0.45073935039464663
2020-05-29 00:45:00,-0.7989785578343084,0.0,16391.0,13255679996.571428,-0.5264791363080714,-0.7266267343035008,-0.76135947749374,0,45,4,150,5,-0.009122075225956353,1.4217730704921798,-0.3428780249559628,-0.45073935039464663
2020-05-29 01:00:00,-0.7989785578343084,0.0,16391.0,13359569804.0,-0.5533174732307226,-0.7464588489613047,-0.76135947749374,1,0,4,150,5,0.35681974126132787,1.3735706634564342,-0.3428780249559628,-0.45073935039464663
2020-05-29 01:15:00,-0.7989785578343084,0.0,16391.0,13359415469.6,-0.5718924725054799,-0.757373296398171,-0.76135947749374,1,15,4,150,5,0.35681974126132787,1.3735706634564342,-0.3428780249559628,-0.45073935039464663
2020-05-29 01:30:00,-0.7989785578343084,0.0,16391.0,13359569804.0,-0.5903069572738975,-0.7486966837488017,-0.76135947749374,1,30,4,150,5,0.35681974126132787,1.3735706634564342,-0.3428780249559628,-0.45073935039464663
2020-05-29 01:45:00,-0.7989785578343084,0.0,16391.0,13359569804.0,-0.6202679414879381,-0.7605111986333761,-0.76135947749374,1,45,4,150,5,0.35681974126132787,1.3735706634564342,-0.3428780249559628,-0.45073935039464663
2020-05-29 02:00:00,-0.7989785578343084,0.0,16391.0,13359569804.0,-0.65367772541803,-0.782895858076047,-0.76135947749374,2,0,4,150,5,0.6978232277024489,1.2322483567304396,-0.3428780249559628,-0.45073935039464663
2020-05-29 02:15:00,-0.7989785578343084,0.0,16391.0,13359569804.0,-0.6821245600465481,-0.7968340900538077,-0.76135947749374,2,15,4,150,5,0.6978232277024489,1.2322483567304396,-0.3428780249559628,-0.45073935039464663
2020-05-29 02:30:00,-0.7989785578343084,0.0,14650.8,13359569804.0,-0.7182033493768931,-0.8115062109583405,-0.76135947749374,2,30,4,150,5,0.6978232277024489,1.2322483567304396,-0.3428780249559628,-0.45073935039464663
2020-05-29 02:45:00,-0.7989785578343084,0.0,12662.0,13359569804.0,-0.7442459145805208,-0.8241789259829084,-0.76135947749374,2,45,4,150,5,0.6978232277024489,1.2322483567304396,-0.3428780249559628,-0.45073935039464663
2020-05-29 03:00:00,-0.7989785578343084,0.0,12662.0,13359569804.0,-0.7685861528835309,-0.8213455553874256,-0.76135947749374,3,0,4,150,5,0.9906495600313504,1.007437031971418,-0.3428780249559628,-0.45073935039464663
2020-05-29 03:15:00,-0.7989785578343084,0.0,12662.0,13359569804.0,-0.7896769994903402,-0.8124542395885894,-0.76135947749374,3,15,4,150,5,0.9906495600313504,1.007437031971418,-0.3428780249559628,-0.45073935039464663
2020-05-29 03:30:00,-0.7989785578343084,0.0,12662.0,13359569804.0,-0.8025347588698128,-0.8122257887002325,-0.76135947749374,3,30,4,150,5,0.9906495600313504,1.007437031971418,-0.3428780249559628,-0.45073935039464663
2020-05-29 03:45:00,-0.7989785578343084,0.0,12662.0,13359569804.0,-0.7993342085149907,-0.8061821965421042,-0.76135947749374,3,45,4,150,5,0.9906495600313504,1.007437031971418,-0.3428780249559628,-0.45073935039464663
2020-05-29 04:00:00,-0.7989785578343084,0.0,12662.0,13359569804.0,-0.7988582252985319,-0.8061044788509323,-0.76135947749374,4,0,4,150,5,1.2153431076182126,0.7144572094434171,-0.3428780249559628,-0.45073935039464663
2020-05-29 04:15:00,-0.7989785578343084,0.0,12662.0,13359569804.0,-0.8112773354997697,-0.8067392073860626,-0.76135947749374,4,15,4,150,5,1.2153431076182126,0.7144572094434171,-0.3428780249559628,-0.45073935039464663
2020-05-29 04:30:00,-0.7989785578343084,0.0,10392.6,13337598413.266666,-0.822420869659773,-0.7973660653590076,-0.76135947749374,4,30,4,150,5,1.2153431076182126,0.7144572094434171,-0.3428780249559628,-0.45073935039464663
2020-05-29 04:45:00,-0.7989785578343084,0.0,7799.0,13359569804.0,-0.8142363285556212,-0.7729459014468026,-0.76135947749374,4,45,4,150,5,1.2153431076182126,0.7144572094434171,-0.3428780249559628,-0.45073935039464663
2020-05-29 05:00:00,-0.7989785578343084,0.0,7799.0,13359569804.0,-0.8246769986464308,-0.7863721851963466,-0.76135947749374,5,0,4,150,5,1.3565913765186348,0.37327497987967023,-0.3428780249559628,-0.45073935039464663
2020-05-29 05:15:00,-0.7989785578343084,0.0,7799.0,13359569804.0,-0.8862387832755517,-0.8496725353666532,-0.76135947749374,5,15,4,150,5,1.3565913765186348,0.37327497987967023,-0.3428780249559628,-0.45073935039464663
2020-05-29 05:30:00,-0.7989785578343084,0.0,519.9333333333335,13359569804.0,-0.9326003738203714,-0.8898773491065454,-0.76135947749374,5,30,4,150,5,1.3565913765186348,0.37327497987967023,-0.3428780249559628,-0.45073935039464663
2020-05-29 05:45:00,-0.7989785578343084,0.0,0.0,13359569804.0,-0.9671432054676244,-0.9096558015649089,-0.7585295486837127,5,45,4,150,5,1.3565913765186348,0.37327497987967023,-0.3428780249559628,-0.45073935039464663
2020-05-29 06:00:00,-0.7430900677730516,360.1452380952381,26.714285714285715,13347449353.180954,-0.9993514807421491,-0.9066982143472375,-0.7126717586172289,6,0,4,150,5,1.4047685306308542,0.007141348394654197,-0.3428780249559628,-0.45073935039464663
2020-05-29 06:15:00,-0.6336532988279335,1068.5733333333333,201.60000000000002,13311088095.466665,-0.9817550599049883,-0.8559791829029907,-0.6274607101560188,6,15,4,150,5,1.4047685306308542,0.007141348394654197,-0.3428780249559628,-0.45073935039464663
2020-05-29 06:30:00,-0.5257251511998203,1771.98,565.2666666666667,13323208936.666664,-0.9032319232946291,-0.7586789757319662,-0.5489296341010766,6,30,4,150,5,1.4047685306308542,0.007141348394654197,-0.3428780249559628,-0.45073935039464663
2020-05-29 06:45:00,-0.4634020793931793,2178.5,1064.2952380952381,13335329913.22857,-0.8362140092826106,-0.681939521103506,-0.49665643973666757,6,45,4,150,5,1.4047685306308542,0.007141348394654197,-0.3428780249559628,-0.45073935039464663
2020-05-29 07:00:00,-0.44442015244005045,2302.4557142857143,1611.3857142857141,13307626511.671429,-0.7901532018267051,-0.6219395884798974,-0.46188042885759667,7,0,4,150,5,1.3565913765186348,-0.3589922830903618,-0.3428780249559628,-0.45073935039464663
2020-05-29 07:15:00,-0.402219000688443,2584.062857142857,2222.4,13335331071.333332,-0.7704442707993059,-0.5948249916101906,-0.4235977463797446,7,15,4,150,5,1.3565913765186348,-0.3589922830903618,-0.3428780249559628,-0.45073935039464663
2020-05-29 07:30:00,-0.2968709651396157,3284.2799999999997,2896.4666666666667,13160850716.4,-0.724183209876916,-0.5323610825906394,-0.3115300581403305,7,30,4,150,5,1.3565913765186348,-0.3589922830903618,-0.3428780249559628,-0.45073935039464663
2020-05-29 07:45:00,-0.19849718133052074,3929.1133333333332,3845.9333333333334,13286850784.733334,-0.6661315809662837,-0.4398314294930672,-0.22486118162395738,7,45,4,150,5,1.3565913765186348,-0.3589922830903618,-0.3428780249559628,-0.45073935039464663
2020-05-29 08:00:00,-0.04659203015265888,4927.11619047619,4991.590476190477,13346588569.661903,-0.6024306738723901,-0.38418249736817417,-0.10186671675082758,8,0,4,150,5,1.2153431076182126,-0.7001745126541085,-0.3428780249559628,-0.45073935039464663
2020-05-29 08:15:00,0.50288350325976,8521.36761904762,6518.890476190476,13311094412.757141,-0.44265823436975166,-0.1395228675282701,0.37404595310468525,8,15,4,150,5,1.2153431076182126,-0.7001745126541085,-0.3428780249559628,-0.45073935039464663
2020-05-29 08:30:00,0.9937413705863513,11717.24,9022.933333333332,13286855961.733334,-0.22670437756402784,0.22684784182816195,0.7982243182486902,8,30,4,150,5,1.2153431076182126,-0.7001745126541085,-0.3428780249559628,-0.45073935039464663
2020-05-29 08:45:00,1.3524995402523734,14051.58,12245.933333333332,13274738707.199999,-0.10989115640448713,0.48028359294139056,1.1005223657853178,8,45,4,150,5,1.2153431076182126,-0.7001745126541085,-0.3428780249559628,-0.45073935039464663
2020-05-29 09:00:00,1.6425713416135408,15936.432857142856,16003.861904761903,13274742465.128572,-0.06467288252868918,0.6309334913722592,1.3671372708228462,9,0,4,150,5,0.9906495600313506,-0.9931543351821099,-0.3428780249559628,-0.45073935039464663
2020-05-29 09:15:00,1.5086914394020006,15055.709523809524,20118.58095238095,13307526418.800001,0.08038818782790882,0.8819738661394674,1.6221920741006737,9,15,4,150,5,0.9906495600313506,-0.9931543351821099,-0.3428780249559628,-0.45073935039464663
2020-05-29 09:30:00,1.3586228644920921,14074.45380952381,23637.485714285714,13298991053.819048,0.07150470441514907,0.9618937049618658,1.607160979400415,9,30,4,150,5,0.9906495600313506,-0.9931543351821099,-0.3428780249559628,-0.45073935039464663
2020-05-29 09:45:00,1.2312068715900875,13244.086666666666,26977.933333333334,13286873916.733335,0.20811499677484585,1.0716935679969521,1.5737791552959928,9,45,4,150,5,0.9906495600313506,-0.9931543351821099,-0.3428780249559628,-0.45073935039464663
2020-05-29 10:00:00,1.103603567603174,12414.493333333332,30224.466666666667,13286877163.266666,0.2644215668950518,1.0708822805283948,1.4910392870782894,10,0,4,150,5,0.6978232277024489,-1.2179656599411315,-0.3428780249559628,-0.45073935039464663
2020-05-29 10:15:00,1.176786615008099,12894.626666666667,33755.12857142857,13323242126.528572,0.2766564390821671,0.9718155171349248,1.3885199994092052,10,15,4,150,5,0.6978232277024489,-1.2179656599411315,-0.3428780249559628,-0.45073935039464663
2020-05-29 10:30:00,0.9777263085049671,11596.761904761905,36418.60476190476,13294675092.961905,0.39993407311166884,1.1028156637451352,1.3703936381825197,10,30,4,150,5,0.6978232277024489,-1.2179656599411315,-0.3428780249559628,-0.45073935039464663
2020-05-29 10:45:00,0.9958384698146862,11712.922380952381,39413.76666666667,13299006830.099998,0.48220700328149224,1.11018459787157,1.3680878015353786,10,45,4,150,5,0.6978232277024489,-1.2179656599411315,-0.3428780249559628,-0.45073935039464663
2020-05-29 11:00:00,0.786862021511398,10344.173333333334,41784.53333333333,13274768245.8,0.5664018918978188,1.1316705681113015,1.3880881606645923,11,0,4,150,5,0.35681974126132826,-1.359287966667126,-0.3428780249559628,-0.45073935039464663
2020-05-29 11:15:00,0.8564268609653227,10796.173333333332,44734.53333333333,13286891673.333334,0.6646966429404985,1.1980697057891272,1.568745220621038,11,15,4,150,5,0.35681974126132826,-1.359287966667126,-0.3428780249559628,-0.45073935039464663
2020-05-29 11:30:00,0.8180428593760397,10550.441904761905,47543.7,13299014960.033333,0.7561882398181701,1.2838072610077824,1.4938508524279979,11,30,4,150,5,0.35681974126132826,-1.359287966667126,-0.3428780249559628,-0.45073935039464663
2020-05-29 11:45:00,0.975826581642673,11570.62476190476,49962.795238095234,13281702411.22381,0.8947919091418057,1.4997052245399394,1.708150418689316,11,45,4,150,5,0.35681974126132826,-1.359287966667126,-0.3428780249559628,-0.45073935039464663
2020-05-29 12:00:00,0.8400906941669526,10692.397619047619,52331.45714285714,13262658315.190475,1.0561953986999764,1.5904581997929674,1.550687105987033,12,0,4,150,5,-0.00912207522595618,-1.4074903737028717,-0.3428780249559628,-0.45073935039464663
2020-05-29 12:15:00,0.9519525172913542,11421.673333333332,54281.066666666666,13226298832.2,1.0826531022175152,1.554784222702212,1.5461349262838604,12,15,4,150,5,-0.00912207522595618,-1.4074903737028717,-0.3428780249559628,-0.45073935039464663
2020-05-29 12:30:00,1.0764581597518035,12239.604285714286,58141.35714285714,13262664125.090475,1.1046803909356988,1.4400920018056917,1.2953672201114008,12,30,4,150,5,-0.00912207522595618,-1.4074903737028717,-0.3428780249559628,-0.45073935039464663
2020-05-29 12:45:00,1.166478654096616,12830.88,59660.53333333333,13202063256.6,1.1260164230029797,1.308462536943313,1.1741483794507879,12,45,4,150,5,-0.00912207522595618,-1.4074903737028717,-0.3428780249559628,-0.45073935039464663
2020-05-29 13:00:00,1.3107444386309617,13774.26619047619,66894.8,13346650472.871428,1.248367770265233,1.3711224423049724,1.1359492293212057,13,0,4,150,5,-0.37506389171324067,-1.359287966667126,-0.3428780249559628,-0.45073935039464663
2020-05-29 13:15:00,1.3877032493680215,14279.151904761904,70598.59523809524,13278615562.061905,1.3276793672217813,1.3520813360184742,1.0718212889086403,13,15,4,150,5,-0.37506389171324067,-1.359287966667126,-0.3428780249559628,-0.45073935039464663
2020-05-29 13:30:00,1.3317018731595933,13917.82,74354.60476190476,13359644158.604763,1.2873089585520492,1.237771064755652,0.9484090255988641,13,30,4,150,5,-0.37506389171324067,-1.359287966667126,-0.3428780249559628,-0.45073935039464663
2020-05-29 13:45:00,1.3533842907825757,14059.07380952381,77770.61904761904,13359647574.619047,1.3832868970770729,1.126474153949165,0.957547174996359,13,45,4,150,5,-0.37506389171324067,-1.359287966667126,-0.3428780249559628,-0.45073935039464663
2020-05-29 14:00:00,1.4642137979201686,14779.769047619047,81412.5238095238,13359651216.52381,1.4496777088069104,1.1655741635732397,1.0322599490394408,14,0,4,150,5,-0.7160673781543613,-1.2179656599411317,-0.3428780249559628,-0.45073935039464663
2020-05-29 14:15:00,1.3556848276882725,14074.19857142857,85018.91904761904,13359654822.919048,1.5012585309718909,1.1785970724383785,0.944655737985159,14,15,4,150,5,-0.7160673781543613,-1.2179656599411317,-0.3428780249559628,-0.45073935039464663
2020-05-29 14:30:00,1.3247186304877854,13872.737619047619,88507.4761904762,13359658311.47619,1.5884056282923888,1.3120897561203388,0.9363551211523206,14,30,4,150,5,-0.7160673781543613,-1.2179656599411317,-0.3428780249559628,-0.45073935039464663
2020-05-29 14:45:00,1.2042649727726824,13088.932380952381,91886.06190476191,13359661690.061907,1.613133796261631,1.2028579106258857,0.8025542308022995,14,45,4,150,5,-0.7160673781543613,-1.2179656599411317,-0.3428780249559628,-0.45073935039464663
2020-05-29 15:00:00,1.1827504572383816,12949.002857142857,95135.45714285714,13359664939.457144,1.6189755237886072,1.078839884603094,0.786041777150688,15,0,4,150,5,-1.0088937104832625,-0.9931543351821105,-0.3428780249559628,-0.45073935039464663
2020-05-29 15:15:00,1.4082346136155142,14415.490952380951,98078.81428571428,13347547405.280952,1.7289520317059561,1.2414946611356936,1.0293749778970462,15,15,4,150,5,-1.0088937104832625,-0.9931543351821105,-0.3428780249559628,-0.45073935039464663
2020-05-29 15:30:00,1.3882400650982185,14285.810000000001,102174.22380952381,13359671978.22381,1.8339565583719062,1.4429660683820085,0.9554349452352017,15,30,4,150,5,-1.0088937104832625,-0.9931543351821105,-0.3428780249559628,-0.45073935039464663
2020-05-29 15:45:00,1.2739832563695703,13542.534615384615,105526.18681318681,13359675330.186813,1.8726939084769163,1.3930012398612954,0.8747165925277998,15,45,4,150,5,-1.0088937104832625,-0.9931543351821105,-0.3428780249559628,-0.45073935039464663
2020-05-29 16:15:00,1.3324962602815613,13934.054545454544,142108.72727272726,14191847242.727272,1.992808402140922,1.2561841929192104,0.586332710890221,16,15,4,150,5,-1.2335872580701248,-0.7001745126541093,-0.3428780249559628,-0.45073935039464663
2020-05-29 16:30:00,1.1078253097089013,12469.88,144997.86666666667,14191850131.866667,2.0348346218326467,1.2224048828035905,0.4424344013603953,16,30,4,150,5,-1.2335872580701248,-0.7001745126541093,-0.3428780249559628,-0.45073935039464663
2020-05-29 16:45:00,0.8631632097880703,10875.724285714286,147911.5380952381,14191853045.538094,2.032907825207817,1.0848845926875093,0.2809523127936852,16,45,4,150,5,-1.2335872580701248,-0.7001745126541093,-0.3428780249559628,-0.45073935039464663
2020-05-29 17:00:00,0.5321607610055037,8726.887619047619,150304.2238095238,14191855438.22381,1.9991556702020623,0.8823500931109365,0.06609444627820918,17,0,4,150,5,-1.3748355269705475,-0.3589922830903618,-0.3428780249559628,-0.45073935039464663
2020-05-29 17:15:00,0.2506688063256031,6881.1866666666665,152257.06666666665,14191857391.066668,1.963032193093877,0.7033439077856849,-0.10365013346136823,17,15,4,150,5,-1.3748355269705475,-0.3589922830903618,-0.3428780249559628,-0.45073935039464663
2020-05-29 17:30:00,-0.031206904169398093,5023.933333333333,153230.4,14135956545.400002,1.8991069700914736,0.5297433954477418,-0.2744035507801876,17,30,4,150,5,-1.3748355269705475,-0.3589922830903618,-0.3428780249559628,-0.45073935039464663
2020-05-29 17:45:00,-0.2883225867206133,3329.9,154287.86666666667,14179738944.333334,1.8237083300689516,0.35414019228917076,-0.42719119789824284,17,45,4,150,5,-1.3748355269705475,-0.3589922830903618,-0.3428780249559628,-0.45073935039464663
2020-05-29 18:00:00,-0.4986647290635455,1945.9685714285715,155495.90952380953,14191860629.909523,1.6975573923595635,0.1835238279880867,-0.563318976248951,18,0,4,150,5,-1.423012681082767,0.00714134839465385,-0.3428780249559628,-0.45073935039464663
2020-05-29 18:15:00,-0.6822936705041706,752.5352380952381,155824.99047619046,14191860958.990477,1.544729162493241,0.031055759431714507,-0.687071549297229,18,15,4,150,5,-1.423012681082767,0.00714134839465385,-0.3428780249559628,-0.45073935039464663
2020-05-29 18:30:00,-0.7483023108957751,326.38714285714286,155411.79523809522,14135958726.79524,1.4374078001023611,-0.07183498040473081,-0.7293033926426996,18,30,4,150,5,-1.423012681082767,0.00714134839465385,-0.3428780249559628,-0.45073935039464663
2020-05-29 18:45:00,-0.7989785578343084,0.0,155986.0,14191861120.0,1.2903140639349766,-0.16003738012091792,-0.7602073083005283,18,45,4,150,5,-1.423012681082767,0.00714134839465385,-0.3428780249559628,-0.45073935039464663
2020-05-29 19:00:00,-0.7989785578343084,0.0,155445.86666666667,14097714437.4,1.212836902673787,-0.2000637896393838,-0.76135947749374,19,0,4,150,5,-1.3748355269705475,0.37327497987966957,-0.3428780249559628,-0.45073935039464663
2020-05-29 19:15:00,-0.7989785578343084,0.0,155510.8,14077982003.466667,1.1530448065062364,-0.21389435985628738,-0.76135947749374,19,15,4,150,5,-1.3748355269705475,0.37327497987966957,-0.3428780249559628,-0.45073935039464663
2020-05-29 19:30:00,-0.7989785578343084,0.0,155986.0,14191861120.0,1.0831333191435937,-0.23108819420828422,-0.76135947749374,19,30,4,150,5,-1.3748355269705475,0.37327497987966957,-0.3428780249559628,-0.45073935039464663
2020-05-29 19:45:00,-0.7989785578343084,0.0,155986.0,14191861120.0,0.9825163936220045,-0.25337876112655083,-0.76135947749374,19,45,4,150,5,-1.3748355269705475,0.37327497987966957,-0.3428780249559628,-0.45073935039464663
2020-05-29 20:00:00,-0.7989785578343084,0.0,155986.0,14191861120.0,0.9100121983025384,-0.25505298972928564,-0.76135947749374,20,0,4,150,5,-1.233587258070125,0.7144572094434171,-0.3428780249559628,-0.45073935039464663
2020-05-29 20:15:00,-0.7989785578343084,0.0,155986.0,14191861120.0,0.8256028072192202,-0.283978930245926,-0.76135947749374,20,15,4,150,5,-1.233587258070125,0.7144572094434171,-0.3428780249559628,-0.45073935039464663
2020-05-29 20:30:00,-0.7989785578343084,0.0,155986.0,14191861120.0,0.7396188307436121,-0.30618293196926966,-0.76135947749374,20,30,4,150,5,-1.233587258070125,0.7144572094434171,-0.3428780249559628,-0.45073935039464663
2020-05-29 20:45:00,-0.7989785578343084,0.0,155986.0,14191861120.0,0.5857134848654748,-0.3347952177697679,-0.76135947749374,20,45,4,150,5,-1.233587258070125,0.7144572094434171,-0.3428780249559628,-0.45073935039464663
2020-05-29 21:00:00,-0.7989785578343084,0.0,155986.0,14191861120.0,0.4334666459544765,-0.37278103149441383,-0.76135947749374,21,0,4,150,5,-1.0088937104832634,1.0074370319714179,-0.3428780249559628,-0.45073935039464663
2020-05-29 21:15:00,-0.7989785578343084,0.0,155986.0,14191861120.0,0.30886010042546147,-0.4158863019463924,-0.76135947749374,21,15,4,150,5,-1.0088937104832634,1.0074370319714179,-0.3428780249559628,-0.45073935039464663
2020-05-29 21:30:00,-0.7989785578343084,0.0,155986.0,14191861120.0,0.21875949074529027,-0.4484874788906696,-0.76135947749374,21,30,4,150,5,-1.0088937104832634,1.0074370319714179,-0.3428780249559628,-0.45073935039464663
2020-05-29 21:45:00,-0.7989785578343084,0.0,155986.0,14191861120.0,0.13137878300035424,-0.4758206257708334,-0.76135947749374,21,45,4,150,5,-1.0088937104832634,1.0074370319714179,-0.3428780249559628,-0.45073935039464663
2020-05-29 22:00:00,-0.7989785578343084,0.0,155405.57142857142,14191679857.0,0.032789576630684686,-0.5139254369238481,-0.76135947749374,22,0,4,150,5,-0.7160673781543622,1.2322483567304392,-0.3428780249559628,-0.45073935039464663
2020-05-29 22:15:00,-0.7989785578343084,0.0,155986.0,14191861120.0,-0.033737380341624976,-0.5391271368497323,-0.76135947749374,22,15,4,150,5,-0.7160673781543622,1.2322483567304392,-0.3428780249559628,-0.45073935039464663
2020-05-29 22:30:00,-0.7989785578343084,0.0,155986.0,14191861120.0,-0.12382348870957355,-0.5666679389891162,-0.76135947749374,22,30,4,150,5,-0.7160673781543622,1.2322483567304392,-0.3428780249559628,-0.45073935039464663
2020-05-29 22:45:00,-0.7989785578343084,0.0,155436.66666666666,14191689737.0,-0.18978471721237056,-0.5969984818954208,-0.76135947749374,22,45,4,150,5,-0.7160673781543622,1.2322483567304392,-0.3428780249559628,-0.45073935039464663
2020-05-29 23:00:00,-0.7989785578343084,0.0,155986.0,14191861120.0,-0.23223140330054798,-0.6112849727931162,-0.76135947749374,23,0,4,150,5,-0.3750638917132417,1.373570663456434,-0.3428780249559628,-0.45073935039464663
2020-05-29 23:15:00,-0.7989785578343084,0.0,155986.0,14191861120.0,-0.26638168676285706,-0.6325776761951392,-0.76135947749374,23,15,4,150,5,-0.3750638917132417,1.373570663456434,-0.3428780249559628,-0.45073935039464663
2020-05-29 23:30:00,-0.7989785578343084,0.0,155436.6,14179740093.066666,-0.30848421832283435,-0.6565584399604903,-0.76135947749374,23,30,4,150,5,-0.3750638917132417,1.373570663456434,-0.3428780249559628,-0.45073935039464663
2020-05-29 23:45:00,-0.7989785578343084,0.0,143031.4,14191861120.0,-0.35221140012590996,-0.6688908353233057,-0.76135947749374,23,45,4,150,5,-0.3750638917132417,1.373570663456434,-0.3428780249559628,-0.45073935039464663
2020-05-30 00:00:00,-0.7989785578343084,0.0,59839.333333333336,14086593904.8,-0.3851117421473472,-0.6842291009056273,-0.76135947749374,0,0,5,151,5,-0.009122075225956353,1.4217730704921798,-0.49403498897625825,-0.5850529169193371
2020-05-30 00:15:00,-0.7989785578343084,0.0,30422.333333333332,14152900676.285713,-0.4084398297128317,-0.6918078509145147,-0.76135947749374,0,15,5,151,5,-0.009122075225956353,1.4217730704921798,-0.49403498897625825,-0.5850529169193371
2020-05-30 00:30:00,-0.7989785578343084,0.0,27674.0,14095543422.142857,-0.4188720971489083,-0.6831713262697325,-0.76135947749374,0,30,5,151,5,-0.009122075225956353,1.4217730704921798,-0.49403498897625825,-0.5850529169193371
2020-05-30 00:45:00,-0.7989785578343084,0.0,27674.0,14155498039.2,-0.39117402357468845,-0.6409688467625642,-0.76135947749374,0,45,5,151,5,-0.009122075225956353,1.4217730704921798,-0.49403498897625825,-0.5850529169193371
2020-05-30 01:00:00,-0.7989785578343084,0.0,27674.0,14119134958.4,-0.42481527854176077,-0.6282681092394052,-0.76135947749374,1,0,5,151,5,0.35681974126132787,1.3735706634564342,-0.49403498897625825,-0.5850529169193371
2020-05-30 01:15:00,-0.7989785578343084,0.0,27674.0,14119134958.4,-0.6243663364683786,-0.6814696706532964,-0.76135947749374,1,15,5,151,5,0.35681974126132787,1.3735706634564342,-0.49403498897625825,-0.5850529169193371
2020-05-30 01:30:00,-0.7989785578343084,0.0,27674.0,14113940232.571428,-0.9460442827271258,-0.8018942981801447,-0.76135947749374,1,30,5,151,5,0.35681974126132787,1.3735706634564342,-0.49403498897625825,-0.5850529169193371
2020-05-30 01:45:00,-0.7989785578343084,0.0,27674.0,14070650850.666666,-0.9941214596254172,-0.8453695303778701,-0.76135947749374,1,45,5,151,5,0.35681974126132787,1.3735706634564342,-0.49403498897625825,-0.5850529169193371
2020-05-30 02:00:00,-0.7989785578343084,0.0,27674.0,14119134958.4,-1.1046421712594183,-0.8752097009657749,-0.76135947749374,2,0,5,151,5,0.6978232277024489,1.2322483567304396,-0.49403498897625825,-0.5850529169193371
2020-05-30 02:15:00,-0.7989785578343084,0.0,27674.0,14155498039.2,-1.2157504453663044,-0.9088366396787988,-0.76135947749374,2,15,5,151,5,0.6978232277024489,1.2322483567304396,-0.49403498897625825,-0.5850529169193371
2020-05-30 02:30:00,-0.7989785578343084,0.0,23881.86666666667,14191861120.0,-1.242770424595711,-0.9244877528067933,-0.76135947749374,2,30,5,151,5,0.6978232277024489,1.2322483567304396,-0.49403498897625825,-0.5850529169193371
2020-05-30 02:45:00,-0.7989785578343084,0.0,19548.0,14178874305.428572,-1.2089058125046448,-0.902507706895239,-0.76135947749374,2,45,5,151,5,0.6978232277024489,1.2322483567304396,-0.49403498897625825,-0.5850529169193371
2020-05-30 03:00:00,-0.7989785578343084,0.0,19548.0,14191861120.0,-1.1813511040658695,-0.8887612969534197,-0.76135947749374,3,0,5,151,5,0.9906495600313504,1.007437031971418,-0.49403498897625825,-0.5850529169193371
2020-05-30 03:15:00,-0.7989785578343084,0.0,19548.0,14191861120.0,-1.2045669018543457,-0.9132659673705937,-0.76135947749374,3,15,5,151,5,0.9906495600313504,1.007437031971418,-0.49403498897625825,-0.5850529169193371
2020-05-30 03:30:00,-0.7989785578343084,0.0,19548.0,14191861120.0,-1.1913010775242456,-0.9220727298457134,-0.76135947749374,3,30,5,151,5,0.9906495600313504,1.007437031971418,-0.49403498897625825,-0.5850529169193371
2020-05-30 03:45:00,-0.7989785578343084,0.0,19548.0,14179740093.066666,-1.1452618773959489,-0.9110328799659897,-0.76135947749374,3,45,5,151,5,0.9906495600313504,1.007437031971418,-0.49403498897625825,-0.5850529169193371
2020-05-30 04:00:00,-0.7989785578343084,0.0,19548.0,14178874305.428572,-1.1123873988094588,-0.9196164968511129,-0.76135947749374,4,0,5,151,5,1.2153431076182126,0.7144572094434171,-0.49403498897625825,-0.5850529169193371
2020-05-30 04:15:00,-0.7989785578343084,0.0,19548.0,14191861120.0,-1.1423292888285084,-0.9167715869122635,-0.76135947749374,4,15,5,151,5,1.2153431076182126,0.7144572094434171,-0.49403498897625825,-0.5850529169193371
2020-05-30 04:30:00,-0.7989785578343084,0.0,17659.86666666667,14167619066.133333,-1.1658134923110761,-0.9438808152639981,-0.76135947749374,4,30,5,151,5,1.2153431076182126,0.7144572094434171,-0.49403498897625825,-0.5850529169193371
2020-05-30 04:45:00,-0.7989785578343084,0.0,15502.0,14167619066.133333,-1.1507074245286923,-0.9492386812559668,-0.76135947749374,4,45,5,151,5,1.2153431076182126,0.7144572094434171,-0.49403498897625825,-0.5850529169193371
2020-05-30 05:00:00,-0.7989785578343084,0.0,15502.0,14167619066.133333,-1.117158316498374,-0.9250181110057901,-0.76135947749374,5,0,5,151,5,1.3565913765186348,0.37327497987967023,-0.49403498897625825,-0.5850529169193371
2020-05-30 05:15:00,-0.7989785578343084,0.0,15502.0,14191861120.0,-1.1515012176921067,-0.9666078068117501,-0.76135947749374,5,15,5,151,5,1.3565913765186348,0.37327497987967023,-0.49403498897625825,-0.5850529169193371
2020-05-30 05:30:00,-0.7989785578343084,0.0,8588.8,14107013931.466667,-1.2105088233077361,-0.9945936805551892,-0.76135947749374,5,30,5,151,5,1.3565913765186348,0.37327497987967023,-0.49403498897625825,-0.5850529169193371
2020-05-30 05:45:00,-0.7989785578343084,0.0,8095.0,14107013931.466667,-1.1895190576312025,-0.9581522823973785,-0.7600033211245675,5,45,5,151,5,1.3565913765186348,0.37327497987967023,-0.49403498897625825,-0.5850529169193371
2020-05-30 06:00:00,-0.7778818352151085,135.88,5404.133333333334,14131255992.800001,-1.11290547652506,-0.9183298203984331,-0.7392892116198588,6,0,5,151,5,1.4047685306308542,0.007141348394654197,-0.49403498897625825,-0.5850529169193371
2020-05-30 06:15:00,-0.7326782116464727,427.10238095238094,84.2047619047619,14143377096.471428,-1.038138359501845,-0.8659334700280297,-0.715900275152458,6,15,5,151,5,1.4047685306308542,0.007141348394654197,-0.49403498897625825,-0.5850529169193371
2020-05-30 06:30:00,-0.7149509478575146,541.4490476190476,204.47142857142856,14171432496.766666,-1.0259726196451655,-0.8316550415727797,-0.7076991125709262,6,30,5,151,5,1.4047685306308542,0.007141348394654197,-0.49403498897625825,-0.5850529169193371
2020-05-30 06:45:00,-0.6270931294599057,1110.452857142857,384.4095238095238,14155498423.609524,-1.008954194754044,-0.7892064792940151,-0.6537423980346814,6,45,5,151,5,1.4047685306308542,0.007141348394654197,-0.49403498897625825,-0.5850529169193371
2020-05-30 07:00:00,-0.3372083537572315,3010.1919047619044,871.8809523809524,14119135830.28095,-0.8694913959460661,-0.6629549374417033,-0.4645505622383519,7,0,5,151,5,1.3565913765186348,-0.3589922830903618,-0.49403498897625825,-0.5850529169193371
2020-05-30 07:15:00,-0.281906058195984,3379.5466666666666,1701.2,14082773578.8,-0.7208222235427193,-0.5538799567793906,-0.42555269442269644,7,15,5,151,5,1.3565913765186348,-0.3589922830903618,-0.49403498897625825,-0.5850529169193371
2020-05-30 07:30:00,-0.3168981236248365,3141.9009523809523,2562.595238095238,14119137520.995237,-0.6398234540398592,-0.5091732724154486,-0.4481060725418834,7,30,5,151,5,1.3565913765186348,-0.3589922830903618,-0.49403498897625825,-0.5850529169193371
2020-05-30 07:45:00,-0.12509150132181862,4402.691904761905,3388.2571428571428,14178708514.885715,-0.5935390698003502,-0.5344888660494133,-0.3418981532537347,7,45,5,151,5,1.3565913765186348,-0.3589922830903618,-0.49403498897625825,-0.5850529169193371
2020-05-30 08:00:00,0.345090790061051,7498.823333333334,5038.890476190476,14143382051.157143,-0.38072502746714454,-0.255061440370247,0.04309348760838446,8,0,5,151,5,1.2153431076182126,-0.7001745126541085,-0.49403498897625825,-0.5850529169193371
2020-05-30 08:15:00,0.15811137064678824,6272.167619047619,6719.742857142857,14143383732.009523,-0.45972811762793325,-0.3259759735690292,-0.1349255824640643,8,15,5,151,5,1.2153431076182126,-0.7001745126541085,-0.49403498897625825,-0.5850529169193371
2020-05-30 08:30:00,-0.07926743208336179,4708.973333333333,8093.2,14167627159.333332,-0.6174121992431052,-0.4780075720121241,-0.3145934297081698,8,30,5,151,5,1.2153431076182126,-0.7001745126541085,-0.49403498897625825,-0.5850529169193371
2020-05-30 08:45:00,0.26174470700690944,6950.961428571429,9363.02380952381,14119144321.423811,-0.6928305292940571,-0.4393475305578777,-0.11220064031918912,8,45,5,151,5,1.2153431076182126,-0.7001745126541085,-0.49403498897625825,-0.5850529169193371
2020-05-30 09:00:00,0.7268550423500766,9988.323333333334,11586.290476190476,14139925448.004763,-0.6181396069006212,-0.23973739481450873,0.21392172553531125,9,0,5,151,5,0.9906495600313506,-0.9931543351821099,-0.49403498897625825,-0.5850529169193371
2020-05-30 09:15:00,0.6997274736496496,9812.309523809523,13949.233333333334,14107027880.699999,-0.5210879438649908,-0.20853254144660022,0.19681106688731562,9,15,5,151,5,0.9906495600313506,-0.9931543351821099,-0.49403498897625825,-0.5850529169193371
2020-05-30 09:30:00,1.01267584539797,11848.812380952382,16708.85714285714,14143393721.12381,-0.4222635646272132,-0.09278380687370029,0.4022128439975226,9,30,5,151,5,0.9906495600313506,-0.9931543351821099,-0.49403498897625825,-0.5850529169193371
2020-05-30 09:45:00,1.8150180610332356,17060.57619047619,19901.690476190473,14082791779.290476,-0.279703699697501,0.15775976214516796,1.029077594306777,9,45,5,151,5,0.9906495600313506,-0.9931543351821099,-0.49403498897625825,-0.5850529169193371
2020-05-30 10:00:00,1.7253575607544662,16485.474761904763,24111.190476190477,14062017085.47619,-0.19461570397904787,0.32942676613381905,0.9536116193494485,10,0,5,151,5,0.6978232277024489,-1.2179656599411315,-0.49403498897625825,-0.5850529169193371
2020-05-30 10:15:00,1.3812638153735806,14249.540476190476,27953.12857142857,14046436749.92857,-0.061669219505241776,0.33590176234971586,0.7692336766352569,10,15,5,151,5,0.6978232277024489,-1.2179656599411315,-0.49403498897625825,-0.5850529169193371
2020-05-30 10:30:00,2.3353044621055723,20440.841428571428,32286.152380952382,14082804163.75238,0.16074461353204714,0.5920643714070014,1.3707361263391886,10,30,5,151,5,0.6978232277024489,-1.2179656599411315,-0.49403498897625825,-0.5850529169193371
2020-05-30 10:45:00,2.1494977884743474,19203.737142857142,37889.03333333333,14094930793.566666,0.5104585999146791,1.2900671313705276,2.0617331597602684,10,45,5,151,5,0.6978232277024489,-1.2179656599411315,-0.49403498897625825,-0.5850529169193371
2020-05-30 11:00:00,1.456203662363439,14703.964761904761,41696.561904761904,14082813574.161905,0.59599952889265,1.1104948435916713,1.5361373936798761,11,0,5,151,5,0.35681974126132826,-1.359287966667126,-0.49403498897625825,-0.5850529169193371
2020-05-30 11:15:00,2.3300705265753017,20367.431904761906,46223.12380952381,14074406583.095238,0.7433633095659357,1.4167636014146825,2.212741698594516,11,15,5,151,5,0.35681974126132826,-1.359287966667126,-0.49403498897625825,-0.5850529169193371
2020-05-30 11:30:00,2.113900619045485,18969.486666666668,51217.86666666667,14107065149.333334,0.8594803384796376,1.4658684699444613,1.7479205452724826,11,30,5,151,5,0.35681974126132826,-1.359287966667126,-0.49403498897625825,-0.5850529169193371
2020-05-30 11:45:00,1.9618097979846016,17975.180952380953,56414.07142857143,14131312399.404762,0.9915656382754999,1.7195951637227105,2.3600683319146674,11,45,5,151,5,0.35681974126132826,-1.359287966667126,-0.49403498897625825,-0.5850529169193371
2020-05-30 12:00:00,1.3294989520878604,13900.590952380953,59412.719047619044,14082831290.319046,1.038760231224211,1.3871876988200917,1.1000462503345791,12,0,5,151,5,-0.00912207522595618,-1.4074903737028717,-0.49403498897625825,-0.5850529169193371
2020-05-30 12:15:00,2.0769441776713187,18761.207142857143,64239.857142857145,14131320225.190475,1.0347459545407995,1.1329533870233588,1.3373259801942212,12,15,5,151,5,-0.00912207522595618,-1.4074903737028717,-0.49403498897625825,-0.5850529169193371
2020-05-30 12:30:00,2.187874939829668,19442.702857142856,68819.2,14114009051.77143,1.2950106076862402,1.8928394814106309,2.2397588749490964,12,30,5,151,5,-0.00912207522595618,-1.4074903737028717,-0.49403498897625825,-0.5850529169193371
2020-05-30 12:45:00,1.8361777201769645,17166.886666666665,73325.0,14107087256.466667,1.3507144725828946,1.9169012254950124,1.903561415015292,12,45,5,151,5,-0.00912207522595618,-1.4074903737028717,-0.49403498897625825,-0.5850529169193371
2020-05-30 13:00:00,2.055368438170979,18589.575714285715,77144.68095238095,14082849022.280952,1.4733327000653103,1.732287399209174,1.781066625739876,13,0,5,151,5,-0.37506389171324067,-1.359287966667126,-0.49403498897625825,-0.5850529169193371
2020-05-30 13:15:00,2.3136692825542884,20258.380952380954,82995.75714285714,14119217954.157143,1.6041752418832425,1.9652250433622862,2.0737350667616368,13,15,5,151,5,-0.37506389171324067,-1.359287966667126,-0.49403498897625825,-0.5850529169193371
2020-05-30 13:30:00,2.0502795706161825,18558.680476190475,88182.2619047619,14131344167.59524,1.6727904571675918,1.8475352176146609,1.6994110784410383,13,30,5,151,5,-0.37506389171324067,-1.359287966667126,-0.49403498897625825,-0.5850529169193371
2020-05-30 13:45:00,2.0742573161127855,18708.697142857145,91607.52857142857,14088058210.957144,1.7446723503340515,1.7818390489424614,1.7999943885074798,13,45,5,151,5,-0.37506389171324067,-1.359287966667126,-0.49403498897625825,-0.5850529169193371
2020-05-30 14:00:00,2.1089386235322,18949.14,96520.86666666667,14094989425.4,1.6761836619537265,1.5548630160803405,1.7221742638585646,14,0,5,151,5,-0.7160673781543613,-1.2179656599411317,-0.49403498897625825,-0.5850529169193371
2020-05-30 14:15:00,2.1893973329712013,19488.42761904762,102059.38095238095,14119237017.780952,1.6915588022347443,1.4417868109192438,1.6292866174106249,14,15,5,151,5,-0.7160673781543613,-1.2179656599411317,-0.49403498897625825,-0.5850529169193371
2020-05-30 14:30:00,2.210646045156442,19634.126666666667,107306.40000000001,14131363291.733334,1.710588241893008,1.3860969052384167,1.4998942918813307,14,30,5,151,5,-0.7160673781543613,-1.2179656599411317,-0.49403498897625825,-0.5850529169193371
2020-05-30 14:45:00,2.128564971974018,19102.03619047619,110370.53333333333,13992985730.133333,1.8130871764163072,1.3027434054781184,1.428190629787002,14,45,5,151,5,-0.7160673781543613,-1.2179656599411317,-0.49403498897625825,-0.5850529169193371
2020-05-30 15:00:00,2.272892337257421,20049.105714285713,116577.27142857143,14114056809.842857,1.9483276352847245,1.301990327634841,1.2900302756240907,15,0,5,151,5,-1.0088937104832625,-0.9931543351821105,-0.49403498897625825,-0.5850529169193371
2020-05-30 15:15:00,2.060598306374835,18670.297142857144,121612.45714285714,14119256570.857143,2.0398484873684084,1.2517323223080439,1.1197162119321131,15,15,5,151,5,-1.0088937104832625,-0.9931543351821105,-0.49403498897625825,-0.5850529169193371
2020-05-30 15:30:00,1.823220217210723,17125.88380952381,123768.99523809523,14058653592.72857,1.9090927175730723,1.2270318890703824,0.9727563577696609,15,30,5,151,5,-1.0088937104832625,-0.9931543351821105,-0.49403498897625825,-0.5850529169193371
2020-05-30 15:45:00,1.6886295318689826,16252.566666666668,132681.8,14179872774.866667,1.8497105537326892,1.0760891346038326,0.816297502232339,15,45,5,151,5,-1.0088937104832625,-0.9931543351821105,-0.49403498897625825,-0.5850529169193371
2020-05-30 16:00:00,1.4383923404952341,14623.801428571429,137058.0619047619,14191998178.061905,1.8342660760336373,0.9945909430110965,0.6526201212657785,16,0,5,151,5,-1.2335872580701248,-0.7001745126541093,-0.49403498897625825,-0.5850529169193371
2020-05-30 16:15:00,1.1812143636289236,12948.128571428571,140297.55238095237,14170029757.085714,1.804688878716369,0.8252676595097042,0.48863979826307563,16,15,5,151,5,-1.2335872580701248,-0.7001745126541093,-0.49403498897625825,-0.5850529169193371
2020-05-30 16:30:00,0.9456993953893689,11413.139523809523,143562.2380952381,14192004682.238094,1.772527450306349,0.7304179621942829,0.3279516271781656,16,30,5,151,5,-1.2335872580701248,-0.7001745126541093,-0.49403498897625825,-0.5850529169193371
2020-05-30 16:45:00,0.7120788736234289,9894.45476190476,146224.62380952382,14192007344.62381,1.794169667631761,0.6426642462772774,0.18062004027240147,16,45,5,151,5,-1.2335872580701248,-0.7001745126541093,-0.49403498897625825,-0.5850529169193371
2020-05-30 17:00:00,0.43168752320014925,8070.860952380952,148480.01904761905,14192009600.019047,1.6847633018848824,0.5406734549822706,-0.00036931553839446817,17,0,5,151,5,-1.3748355269705475,-0.3589922830903618,-0.49403498897625825,-0.5850529169193371
2020-05-30 17:15:00,0.17548663230932582,6385.446666666667,150310.4,14192011430.4,1.5765925619249002,0.3857955211553926,-0.15531093620515915,17,15,5,151,5,-1.3748355269705475,-0.3589922830903618,-0.49403498897625825,-0.5850529169193371
2020-05-30 17:30:00,-0.07624719247199353,4728.778571428571,151720.01428571428,14192012840.014284,1.5084081439514716,0.28363605289790195,-0.30089857778599577,17,30,5,151,5,-1.3748355269705475,-0.3589922830903618,-0.49403498897625825,-0.5850529169193371
2020-05-30 17:45:00,-0.34830666041212316,2934.8238095238094,152698.3523809524,14192013818.35238,1.4243923823311926,0.16484489418078713,-0.463674213853102,17,45,5,151,5,-1.3748355269705475,-0.3589922830903618,-0.49403498897625825,-0.5850529169193371
2020-05-30 18:00:00,-0.5759293742043837,1442.1861904761904,150303.7333333333,14127077350.87619,1.2624029915096722,0.021937277733209557,-0.6138729525517597,18,0,5,151,5,-1.423012681082767,0.00714134839465385,-0.49403498897625825,-0.5850529169193371
2020-05-30 18:15:00,-0.6773302478588095,784.6395238095238,146976.5761904762,14046555773.376188,1.1810803646742694,-0.05751415134052746,-0.6783146292088756,18,15,5,151,5,-1.423012681082767,0.00714134839465385,-0.49403498897625825,-0.5850529169193371
2020-05-30 18:30:00,-0.7545503664788923,286.14,146021.66666666666,14022312764.6,1.090767487981912,-0.13174762180908603,-0.7300224546059293,18,30,5,151,5,-1.423012681082767,0.00714134839465385,-0.49403498897625825,-0.5850529169193371
2020-05-30 18:45:00,-0.7989785578343084,0.0,146593.53333333333,14034434363.4,0.9991994223047236,-0.1865586655976102,-0.7596729703063513,18,45,5,151,5,-1.423012681082767,0.00714134839465385,-0.49403498897625825,-0.5850529169193371
2020-05-30 19:00:00,-0.7989785578343084,0.0,145505.0,14010191221.0,0.9588514585835176,-0.19958928449023763,-0.76135947749374,19,0,5,151,5,-1.3748355269705475,0.37327497987966957,-0.49403498897625825,-0.5850529169193371
2020-05-30 19:15:00,-0.7989785578343084,0.0,145505.0,14010191221.0,0.9174450593622153,-0.2187851263570613,-0.76135947749374,19,15,5,151,5,-1.3748355269705475,0.37327497987966957,-0.49403498897625825,-0.5850529169193371
2020-05-30 19:30:00,-0.7989785578343084,0.0,145505.0,14010191221.0,0.8123170872333908,-0.2982228374423158,-0.76135947749374,19,30,5,151,5,-1.3748355269705475,0.37327497987966957,-0.49403498897625825,-0.5850529169193371
2020-05-30 19:45:00,-0.7989785578343084,0.0,145242.86666666667,13988219298.4,0.7051457917548896,-0.3854852100525111,-0.76135947749374,19,45,5,151,5,-1.3748355269705475,0.37327497987966957,-0.49403498897625825,-0.5850529169193371
2020-05-30 20:00:00,-0.7989785578343084,0.0,145505.0,14010191221.0,0.5047808744626003,-0.48020759241259897,-0.76135947749374,20,0,5,151,5,-1.233587258070125,0.7144572094434171,-0.49403498897625825,-0.5850529169193371
2020-05-30 20:15:00,-0.7989785578343084,0.0,145505.0,14010191221.0,0.29593691378490405,-0.5303295756412018,-0.76135947749374,20,15,5,151,5,-1.233587258070125,0.7144572094434171,-0.49403498897625825,-0.5850529169193371
2020-05-30 20:30:00,-0.7989785578343084,0.0,145505.0,14010191221.0,0.4648646619602152,-0.5185920821738752,-0.76135947749374,20,30,5,151,5,-1.233587258070125,0.7144572094434171,-0.49403498897625825,-0.5850529169193371
2020-05-30 20:45:00,-0.7989785578343084,0.0,145505.0,14010191221.0,0.33003259267449947,-0.544140617958608,-0.76135947749374,20,45,5,151,5,-1.233587258070125,0.7144572094434171,-0.49403498897625825,-0.5850529169193371
2020-05-30 21:00:00,-0.7989785578343084,0.0,145505.0,14010191221.0,0.3162393310785138,-0.5731037539203295,-0.76135947749374,21,0,5,151,5,-1.0088937104832634,1.0074370319714179,-0.49403498897625825,-0.5850529169193371
2020-05-30 21:15:00,-0.7989785578343084,0.0,144968.4,13970610811.8,0.21667490808872486,-0.6055072701207832,-0.76135947749374,21,15,5,151,5,-1.0088937104832634,1.0074370319714179,-0.49403498897625825,-0.5850529169193371
2020-05-30 21:30:00,-0.7989785578343084,0.0,145505.0,14010191221.0,0.2457006664148034,-0.6463377337542882,-0.76135947749374,21,30,5,151,5,-1.0088937104832634,1.0074370319714179,-0.49403498897625825,-0.5850529169193371
2020-05-30 21:45:00,-0.7989785578343084,0.0,145505.0,14010191221.0,0.22070788039556488,-0.6862345647120112,-0.76135947749374,21,45,5,151,5,-1.0088937104832634,1.0074370319714179,-0.49403498897625825,-0.5850529169193371
2020-05-30 22:00:00,-0.7989785578343084,0.0,145505.0,14010191221.0,0.08346083584254549,-0.7274734050169286,-0.76135947749374,22,0,5,151,5,-0.7160673781543622,1.2322483567304392,-0.49403498897625825,-0.5850529169193371
2020-05-30 22:15:00,-0.7989785578343084,0.0,145505.0,14010191221.0,-0.04068290388782246,-0.7450894778224504,-0.76135947749374,22,15,5,151,5,-0.7160673781543622,1.2322483567304392,-0.49403498897625825,-0.5850529169193371
2020-05-30 22:30:00,-0.7989785578343084,0.0,145505.0,14010191221.0,-0.013459005520981707,-0.692581211764549,-0.76135947749374,22,30,5,151,5,-0.7160673781543622,1.2322483567304392,-0.49403498897625825,-0.5850529169193371
2020-05-30 22:45:00,-0.7989785578343084,0.0,145505.0,14010191221.0,-0.05237410315737554,-0.6750413059102879,-0.76135947749374,22,45,5,151,5,-0.7160673781543622,1.2322483567304392,-0.49403498897625825,-0.5850529169193371
2020-05-30 23:00:00,-0.7989785578343084,0.0,145505.0,14010191221.0,-0.1352196098334855,-0.6903788298302456,-0.76135947749374,23,0,5,151,5,-0.3750638917132417,1.373570663456434,-0.49403498897625825,-0.5850529169193371
2020-05-30 23:15:00,-0.7989785578343084,0.0,145505.0,14010191221.0,-0.19716310241878737,-0.7223253854206506,-0.76135947749374,23,15,5,151,5,-0.3750638917132417,1.373570663456434,-0.49403498897625825,-0.5850529169193371
2020-05-30 23:30:00,-0.7989785578343084,0.0,145505.0,14010191221.0,-0.22081957597478338,-0.7407564133858051,-0.76135947749374,23,30,5,151,5,-0.3750638917132417,1.373570663456434,-0.49403498897625825,-0.5850529169193371
2020-05-30 23:45:00,-0.7989785578343084,0.0,137015.5761904762,14010191221.0,-0.23664652854968837,-0.7528737642323151,-0.76135947749374,23,45,5,151,5,-0.3750638917132417,1.373570663456434,-0.49403498897625825,-0.5850529169193371
2020-05-31 00:00:00,-0.7989785578343084,0.0,59165.219047619044,14010191221.0,-0.35200927631450724,-0.8000425883813993,-0.76135947749374,0,0,6,152,5,-0.009122075225956353,1.4217730704921798,-0.6467678684135694,-0.7155828585084513
2020-05-31 00:15:00,-0.7989785578343084,0.0,30775.666666666668,14022312792.2,-0.36593385468931705,-0.8106760792775011,-0.76135947749374,0,15,6,152,5,-0.009122075225956353,1.4217730704921798,-0.6467678684135694,-0.7155828585084513
2020-05-31 00:30:00,-0.7989785578343084,0.0,28033.0,14010191221.0,-0.2603101456305123,-0.7977141528326923,-0.76135947749374,0,30,6,152,5,-0.009122075225956353,1.4217730704921798,-0.6467678684135694,-0.7155828585084513
2020-05-31 00:45:00,-0.7989785578343084,0.0,28033.0,14010191221.0,-0.2834051435861118,-0.8172416327732446,-0.76135947749374,0,45,6,152,5,-0.009122075225956353,1.4217730704921798,-0.6467678684135694,-0.7155828585084513
2020-05-31 01:00:00,-0.7989785578343084,0.0,28033.0,14010191221.0,-0.3509619158145008,-0.8106213104964523,-0.76135947749374,1,0,6,152,5,0.35681974126132787,1.3735706634564342,-0.6467678684135694,-0.7155828585084513
2020-05-31 01:15:00,-0.7989785578343084,0.0,28033.0,14010191221.0,-0.4062148268168045,-0.810565089571389,-0.76135947749374,1,15,6,152,5,0.35681974126132787,1.3735706634564342,-0.6467678684135694,-0.7155828585084513
2020-05-31 01:30:00,-0.7989785578343084,0.0,28033.0,13779154978.733334,-0.3620556045134535,-0.7893875790738615,-0.76135947749374,1,30,6,152,5,0.35681974126132787,1.3735706634564342,-0.6467678684135694,-0.7155828585084513
2020-05-31 01:45:00,-0.7989785578343084,0.0,28033.0,14010191221.0,-0.39462489494532565,-0.7982465849782603,-0.76135947749374,1,45,6,152,5,0.35681974126132787,1.3735706634564342,-0.6467678684135694,-0.7155828585084513
2020-05-31 02:00:00,-0.7989785578343084,0.0,28033.0,14010025028.857143,-0.4556643875785789,-0.8191587862182631,-0.76135947749374,2,0,6,152,5,0.6978232277024489,1.2322483567304396,-0.6467678684135694,-0.7155828585084513
2020-05-31 02:15:00,-0.7989785578343084,0.0,28033.0,14010191221.0,-0.5195393678976388,-0.8283719118725748,-0.76135947749374,2,15,6,152,5,0.6978232277024489,1.2322483567304396,-0.6467678684135694,-0.7155828585084513
2020-05-31 02:30:00,-0.7989785578343084,0.0,24213.333333333336,14010191221.0,-0.6231412691846586,-0.8606810022868631,-0.76135947749374,2,30,6,152,5,0.6978232277024489,1.2322483567304396,-0.6467678684135694,-0.7155828585084513
2020-05-31 02:45:00,-0.7989785578343084,0.0,19848.0,14010191221.0,-0.6400052067161262,-0.8686310533818893,-0.76135947749374,2,45,6,152,5,0.6978232277024489,1.2322483567304396,-0.6467678684135694,-0.7155828585084513
2020-05-31 03:00:00,-0.7989785578343084,0.0,19848.0,14010191221.0,-0.644727308969462,-0.8531731375786362,-0.76135947749374,3,0,6,152,5,0.9906495600313504,1.007437031971418,-0.6467678684135694,-0.7155828585084513
2020-05-31 03:15:00,-0.7989785578343084,0.0,19848.0,14010191221.0,-0.6235104627496397,-0.8357656257986998,-0.76135947749374,3,15,6,152,5,0.9906495600313504,1.007437031971418,-0.6467678684135694,-0.7155828585084513
2020-05-31 03:30:00,-0.7989785578343084,0.0,19848.0,14010191221.0,-0.6399709875807111,-0.8241337949030912,-0.76135947749374,3,30,6,152,5,0.9906495600313504,1.007437031971418,-0.6467678684135694,-0.7155828585084513
2020-05-31 03:45:00,-0.7989785578343084,0.0,19848.0,14010191221.0,-0.6701298740398762,-0.8366972094152719,-0.76135947749374,3,45,6,152,5,0.9906495600313504,1.007437031971418,-0.6467678684135694,-0.7155828585084513
2020-05-31 04:00:00,-0.7989785578343084,0.0,19848.0,14010191221.0,-0.7366685760550414,-0.8630191668858046,-0.76135947749374,4,0,6,152,5,1.2153431076182126,0.7144572094434171,-0.6467678684135694,-0.7155828585084513
2020-05-31 04:15:00,-0.7989785578343084,0.0,19848.0,14010191221.0,-0.8033262944505477,-0.8922832158080608,-0.76135947749374,4,15,6,152,5,1.2153431076182126,0.7144572094434171,-0.6467678684135694,-0.7155828585084513
2020-05-31 04:30:00,-0.7989785578343084,0.0,18013.066666666666,14010191221.0,-0.838087520371798,-0.9032898308608518,-0.76135947749374,4,30,6,152,5,1.2153431076182126,0.7144572094434171,-0.6467678684135694,-0.7155828585084513
2020-05-31 04:45:00,-0.7989785578343084,0.0,15916.0,13980776753.066668,-0.7317633062908694,-0.8638767071770495,-0.76135947749374,4,45,6,152,5,1.2153431076182126,0.7144572094434171,-0.6467678684135694,-0.7155828585084513
2020-05-31 05:00:00,-0.7989785578343084,0.0,15916.0,14010191221.0,-0.6782168619902749,-0.8213194016338875,-0.76135947749374,5,0,6,152,5,1.3565913765186348,0.37327497987967023,-0.6467678684135694,-0.7155828585084513
2020-05-31 05:15:00,-0.7989785578343084,0.0,15916.0,14010191221.0,-0.6557524457898507,-0.7711396942265334,-0.76135947749374,5,15,6,152,5,1.3565913765186348,0.37327497987967023,-0.6467678684135694,-0.7155828585084513
2020-05-31 05:30:00,-0.7989785578343084,0.0,8614.533333333333,14010191221.0,-0.5932162370962326,-0.7288174646629368,-0.7608489560322057,5,30,6,152,5,1.3565913765186348,0.37327497987967023,-0.6467678684135694,-0.7155828585084513
2020-05-31 05:45:00,-0.7989785578343084,0.0,8093.0,14010191221.0,-0.5843358928729708,-0.7171333047102773,-0.7548013541648527,5,45,6,152,5,1.3565913765186348,0.37327497987967023,-0.6467678684135694,-0.7155828585084513
2020-05-31 06:00:00,-0.7391474013446877,385.42761904761903,5426.085714285714,14010191252.419048,-0.5741767438280836,-0.7147087923232278,-0.7148835909962186,6,0,6,152,5,1.4047685306308542,0.007141348394654197,-0.6467678684135694,-0.7155828585084513
2020-05-31 06:15:00,-0.6167401425314409,1177.125238095238,222.04285714285714,14034434587.442856,-0.531622874374212,-0.6621362402149799,-0.6377008934717584,6,15,6,152,5,1.4047685306308542,0.007141348394654197,-0.6467678684135694,-0.7155828585084513
2020-05-31 06:30:00,-0.47015912163102147,2132.3347619047618,631.3095238095239,14107164423.909523,-0.4968261324083437,-0.5644931911771093,-0.5468948164166584,6,30,6,152,5,1.4047685306308542,0.007141348394654197,-0.6467678684135694,-0.7155828585084513
2020-05-31 06:45:00,-0.36337688970292625,2829.0066666666667,1275.3333333333333,14119286639.133333,-0.4373372533956606,-0.4465355793553073,-0.47411604324855966,6,45,6,152,5,1.4047685306308542,0.007141348394654197,-0.6467678684135694,-0.7155828585084513
2020-05-31 07:00:00,-0.36309795673877093,2830.9919047619046,2005.647619047619,14140067205.790476,-0.3834239821330122,-0.3714036266970519,-0.4770682300163775,7,0,6,152,5,1.3565913765186348,-0.3589922830903618,-0.6467678684135694,-0.7155828585084513
2020-05-31 07:15:00,-0.4021485003639137,2575.542380952381,2661.6809523809525,14131409596.680952,-0.37390001879000173,-0.367259201670384,-0.5085799639133928,7,15,6,152,5,1.3565913765186348,-0.3589922830903618,-0.6467678684135694,-0.7155828585084513
2020-05-31 07:30:00,-0.36418643037275034,2823.669523809524,3326.4142857142856,14017530898.94762,-0.33518628425193475,-0.3655660920487742,-0.4892551767897592,7,30,6,152,5,1.3565913765186348,-0.3589922830903618,-0.6467678684135694,-0.7155828585084513
2020-05-31 07:45:00,-0.24564020603314923,3612.208095238095,4124.9047619047615,14155654202.304762,-0.31823039380737256,-0.3559721179072027,-0.4268371134430929,7,45,6,152,5,1.3565913765186348,-0.3589922830903618,-0.6467678684135694,-0.7155828585084513
2020-05-31 08:00:00,0.06801645136423866,5676.619047619048,5243.814285714286,14131412178.814285,-0.23369779284206085,-0.22645327204500867,-0.22264873612827005,8,0,6,152,5,1.2153431076182126,-0.7001745126541085,-0.6467678684135694,-0.7155828585084513
2020-05-31 08:15:00,0.6331780215580366,9380.160476190476,6947.533333333333,14101109954.533333,-0.13805752564850338,-0.032727045539490546,0.14655320712673311,8,15,6,152,5,1.2153431076182126,-0.7001745126541085,-0.6467678684135694,-0.7155828585084513
2020-05-31 08:30:00,0.8100965166230845,10532.596666666666,9740.842857142858,14119125380.176191,0.028071814408694395,0.3752862846416108,0.39185778765411566,8,30,6,152,5,1.2153431076182126,-0.7001745126541085,-0.6467678684135694,-0.7155828585084513
2020-05-31 08:45:00,0.5330626371206123,8732.084761904762,12076.952380952382,14131419011.95238,0.039754318503836705,0.28723602535495185,0.11039656768674531,8,45,6,152,5,1.2153431076182126,-0.7001745126541085,-0.6467678684135694,-0.7155828585084513
2020-05-31 09:00:00,0.5255427214318147,8683.747142857143,14290.109523809524,14143542796.309525,0.11517323197502853,0.29390171766834644,0.12310324858166971,9,0,6,152,5,0.9906495600313506,-0.9931543351821099,-0.6467678684135694,-0.7155828585084513
2020-05-31 09:15:00,1.158852202998383,12801.750952380953,16601.82857142857,14107180394.428572,0.1925330828608678,0.45105474771268017,0.5696136862308999,9,15,6,152,5,0.9906495600313506,-0.9931543351821099,-0.6467678684135694,-0.7155828585084513
2020-05-31 09:30:00,2.2798770070613044,20092.902857142857,20822.47619047619,14101123829.47619,0.4293299346741645,1.1326286216748274,1.5229017733448071,9,30,6,152,5,0.9906495600313506,-0.9931543351821099,-0.6467678684135694,-0.7155828585084513
2020-05-31 09:45:00,1.7565827824266556,16690.04857142857,25675.07619047619,14095067896.476189,0.5675310402521136,1.4489439017493377,1.0585213206541928,9,45,6,152,5,0.9906495600313506,-0.9931543351821099,-0.6467678684135694,-0.7155828585084513
2020-05-31 10:00:00,1.4456212639538384,14667.30619047619,29207.47619047619,14082949857.676191,0.5430118983713207,0.9177026811428258,0.5997649460061146,10,0,6,152,5,0.6978232277024489,-1.2179656599411315,-0.6467678684135694,-0.7155828585084513
2020-05-31 10:15:00,1.7894347919517009,16905.455714285712,32935.171428571426,14046588871.77143,0.7003637750490455,1.1161494999198047,1.0846310676721251,10,15,6,152,5,0.6978232277024489,-1.2179656599411315,-0.6467678684135694,-0.7155828585084513
2020-05-31 10:30:00,2.121976045894669,19067.53714285714,37996.590476190475,14114128401.304762,0.8292364777525748,1.3463451592870181,1.3955857793193693,10,30,6,152,5,0.6978232277024489,-1.2179656599411315,-0.6467678684135694,-0.7155828585084513
2020-05-31 10:45:00,2.531616326301114,21708.34,42561.0,14046598497.599998,1.0739856184112089,1.9243187464206941,1.485758313620007,10,45,6,152,5,0.6978232277024489,-1.2179656599411315,-0.6467678684135694,-0.7155828585084513
2020-05-31 11:00:00,1.419616705483618,14498.175238095238,47214.73333333334,14058724722.533333,0.9910986856596115,1.4646998508263906,0.6873845169784684,11,0,6,152,5,0.35681974126132826,-1.359287966667126,-0.6467678684135694,-0.7155828585084513
2020-05-31 11:15:00,2.1077348376265204,18971.56,51087.13333333334,14046607023.733334,1.021093378718742,1.4787075310267075,1.3568867221763112,11,15,6,152,5,0.35681974126132826,-1.359287966667126,-0.6467678684135694,-0.7155828585084513
2020-05-31 11:30:00,2.3266599663412855,20393.97619047619,56484.590476190475,14070855563.590477,1.1253955780513254,1.6828170578122115,1.4467328231436558,11,30,6,152,5,0.35681974126132826,-1.359287966667126,-0.6467678684135694,-0.7155828585084513
2020-05-31 11:45:00,1.5101863602510808,15077.123333333331,60442.14761904762,14036226460.576189,1.1277985583927246,1.3938069723950735,0.5960346872043664,11,45,6,152,5,0.35681974126132826,-1.359287966667126,-0.6467678684135694,-0.7155828585084513
2020-05-31 12:00:00,2.700010775549047,22789.858571428573,65018.55714285714,14034499383.957142,1.1587557777372046,1.7486701928684187,1.6887113093435426,12,0,6,152,5,-0.00912207522595618,-1.4074903737028717,-0.6467678684135694,-0.7155828585084513
2020-05-31 12:15:00,2.781494808027687,23312.861904761903,70784.39047619047,14022383578.590475,1.4085009777406947,2.228492689383871,1.949808318561513,12,15,6,152,5,-0.00912207522595618,-1.4074903737028717,-0.6467678684135694,-0.7155828585084513
2020-05-31 12:30:00,0.8569083753275943,10832.106666666667,75404.86666666667,14058752912.666666,1.2529919315873488,1.5258422062867072,0.20118614322925535,12,30,6,152,5,-0.00912207522595618,-1.4074903737028717,-0.6467678684135694,-0.7155828585084513
2020-05-31 12:45:00,2.922732218297834,24233.94142857143,79536.94761904761,14034513902.347618,1.4107695809105885,1.6994729614379975,1.830372776063679,12,45,6,152,5,-0.00912207522595618,-1.4074903737028717,-0.6467678684135694,-0.7155828585084513
2020-05-31 13:00:00,2.6151594962948814,22238.201904761903,84023.25238095238,13815370245.385715,1.533806264538496,2.249141803111411,1.8397305719536583,13,0,6,152,5,-0.37506389171324067,-1.359287966667126,-0.6467678684135694,-0.7155828585084513
2020-05-31 13:15:00,3.1056847704912784,25409.596666666668,89857.7,13749841528.699999,1.701611940151464,2.503051815840013,2.1323514648636155,13,15,6,152,5,-0.37506389171324067,-1.359287966667126,-0.6467678684135694,-0.7155828585084513
2020-05-31 13:30:00,2.6711737166919893,22600.71761904762,96814.22857142857,14010288037.22857,1.6636325260721951,2.410455272578031,1.7617520336233752,13,30,6,152,5,-0.37506389171324067,-1.359287966667126,-0.6467678684135694,-0.7155828585084513
2020-05-31 13:45:00,2.9210006789506373,24214.880476190476,102602.51904761905,14010293825.519049,1.7220290400006664,2.337033374495378,1.9475973054746634,13,45,6,152,5,-0.37506389171324067,-1.359287966667126,-0.6467678684135694,-0.7155828585084513
2020-05-31 14:00:00,2.9801350382043976,24595.294285714288,108660.33333333333,14010299883.333332,1.8833108540558945,2.3876567870858985,2.0069694507569085,14,0,6,152,5,-0.7160673781543613,-1.2179656599411317,-0.6467678684135694,-0.7155828585084513
2020-05-31 14:15:00,1.7583602040700796,16674.12,114422.0,14010305645.0,1.8474826331957415,2.3085844501765735,1.2440138390753779,14,15,6,152,5,-0.7160673781543613,-1.2179656599411317,-0.6467678684135694,-0.7155828585084513
2020-05-31 14:30:00,0.524124294861981,8659.581904761904,117044.73333333334,14010308267.733334,0.6608563682413054,0.5067787443074416,0.14409925819357428,14,30,6,152,5,-0.7160673781543613,-1.2179656599411317,-0.6467678684135694,-0.7155828585084513
2020-05-31 14:45:00,0.5356839219602763,8740.164761904762,119341.69523809524,14010310564.695238,0.0841134628952908,-0.1251834035535179,0.05154559992730333,14,45,6,152,5,-0.7160673781543613,-1.2179656599411317,-0.6467678684135694,-0.7155828585084513
2020-05-31 15:00:00,1.1975551686065393,13051.709047619048,121770.21428571428,14010312993.214285,-0.11302974385950074,-0.28276696078147345,0.4723917445985767,15,0,6,152,5,-1.0088937104832625,-0.9931543351821105,-0.6467678684135694,-0.7155828585084513
2020-05-31 15:15:00,0.5839596613912242,9043.773333333333,125083.6,14010316306.6,-0.028778914632712264,0.02446910193243303,0.10171376350013998,15,15,6,152,5,-1.0088937104832625,-0.9931543351821105,-0.6467678684135694,-0.7155828585084513
2020-05-31 15:30:00,0.08649538561735964,5801.413333333334,126628.13333333333,14010317851.133333,-0.10081384794200343,-0.19136446608313804,-0.21148596019886867,15,30,6,152,5,-1.0088937104832625,-0.9931543351821105,-0.6467678684135694,-0.7155828585084513
2020-05-31 15:45:00,0.08937355423061243,5819.138571428572,127754.87142857142,14002876432.538095,-0.15191470765143925,-0.15657714243973198,-0.2013460794037638,15,45,6,152,5,-1.0088937104832625,-0.9931543351821105,-0.6467678684135694,-0.7155828585084513
2020-05-31 16:00:00,-0.07839723830032923,4714.900476190476,129448.1619047619,14010320671.161905,-0.15882653935322688,-0.1986125775175126,-0.30751699127016086,16,0,6,152,5,-1.2335872580701248,-0.7001745126541093,-0.6467678684135694,-0.7155828585084513
2020-05-31 16:15:00,-0.11360936749522288,4484.244285714286,130589.37619047619,14010321812.37619,0.14935103684359674,-0.14947723799258633,-0.32815874986436555,16,15,6,152,5,-1.2335872580701248,-0.7001745126541093,-0.6467678684135694,-0.7155828585084513
2020-05-31 16:30:00,-0.20030735565507754,3916.0266666666666,131662.2,14010322885.199999,0.15794640645374447,-0.1726066148423311,-0.38203405805736607,16,30,6,152,5,-1.2335872580701248,-0.7001745126541093,-0.6467678684135694,-0.7155828585084513
2020-05-31 16:45:00,-0.3566976261631986,2879.133333333333,132535.26666666666,14010323758.266666,0.210555335171302,-0.19303900353704326,-0.4754057405881632,16,45,6,152,5,-1.2335872580701248,-0.7001745126541093,-0.6467678684135694,-0.7155828585084513
2020-05-31 17:00:00,-0.49036995201435835,2000.6904761904761,133137.3619047619,14010324360.361904,0.23189946873837003,-0.23751912921473284,-0.5622271663080999,17,0,6,152,5,-1.3748355269705475,-0.3589922830903618,-0.6467678684135694,-0.7155828585084513
2020-05-31 17:15:00,-0.6124552498313736,1204.777619047619,133523.0095238095,14010324746.009525,0.2097718695176578,-0.29397388808302277,-0.6408375583140753,17,15,6,152,5,-1.3748355269705475,-0.3589922830903618,-0.6467678684135694,-0.7155828585084513
2020-05-31 17:30:00,-0.5295879695885604,1744.5795238095238,139120.04285714283,14155789197.442858,0.20894592293666397,-0.31190806147865807,-0.596443094193544,17,30,6,152,5,-1.3748355269705475,-0.3589922830903618,-0.6467678684135694,-0.7155828585084513
2020-05-31 17:45:00,-0.5643631822985413,1517.58,139113.8,14143667620.0,0.12375329827250858,-0.3346745431622616,-0.6150114286270719,17,45,6,152,5,-1.3748355269705475,-0.3589922830903618,-0.6467678684135694,-0.7155828585084513
2020-05-31 18:00:00,-0.6340079411486937,1064.7933333333333,141195.4,14192155986.4,0.1261920583040265,-0.3711599158528558,-0.6576324455852602,18,0,6,152,5,-1.423012681082767,0.00714134839465385,-0.6467678684135694,-0.7155828585084513
2020-05-31 18:15:00,-0.713602165332965,550.2871428571428,141405.4238095238,14192156196.423807,0.14560395340878943,-0.40349527864089063,-0.7054545732746854,18,15,6,152,5,-1.423012681082767,0.00714134839465385,-0.6467678684135694,-0.7155828585084513
2020-05-31 18:30:00,-0.7949292132833012,26.07761904761905,141471.0380952381,14192156262.038095,0.06509628099888407,-0.45151238002532684,-0.7556854652194929,18,30,6,152,5,-1.423012681082767,0.00714134839465385,-0.6467678684135694,-0.7155828585084513
2020-05-31 18:45:00,-0.7989785578343084,0.0,141472.0,14192156263.0,-0.05112282190082635,-0.5681961444941989,-0.76135947749374,18,45,6,152,5,-1.423012681082767,0.00714134839465385,-0.6467678684135694,-0.7155828585084513
2020-05-31 19:00:00,-0.7989785578343084,0.0,141472.0,14192156263.0,-0.7198460222322811,-0.8107166450049534,-0.7613355533379115,19,0,6,152,5,-1.3748355269705475,0.37327497987966957,-0.6467678684135694,-0.7155828585084513
2020-05-31 19:15:00,-0.7989785578343084,0.0,141472.0,14192156263.0,-0.8069530937398455,-0.8403672790937154,-0.759289629820837,19,15,6,152,5,-1.3748355269705475,0.37327497987966957,-0.6467678684135694,-0.7155828585084513
2020-05-31 19:30:00,-0.7989785578343084,0.0,141472.0,14192156263.0,-0.7560625815845992,-0.8385621215287958,-0.7593357914602126,19,30,6,152,5,-1.3748355269705475,0.37327497987966957,-0.6467678684135694,-0.7155828585084513
2020-05-31 19:45:00,-0.7989785578343084,0.0,141472.0,14192156263.0,-0.6604584208720543,-0.8505064256108025,-0.7576587178699123,19,45,6,152,5,-1.3748355269705475,0.37327497987966957,-0.6467678684135694,-0.7155828585084513
2020-05-31 20:00:00,-0.7989785578343084,0.0,141472.0,14192156263.0,-0.6740843231631511,-0.8638312497009515,-0.7575043115771737,20,0,6,152,5,-1.233587258070125,0.7144572094434171,-0.6467678684135694,-0.7155828585084513
2020-05-31 20:15:00,-0.7989785578343084,0.0,141472.0,14192156263.0,-0.6749737492127659,-0.796801516219871,-0.7586913625893366,20,15,6,152,5,-1.233587258070125,0.7144572094434171,-0.6467678684135694,-0.7155828585084513
2020-05-31 20:30:00,-0.7989785578343084,0.0,141472.0,14192156263.0,-0.6264193186343214,-0.7663850228650148,-0.7606154039987636,20,30,6,152,5,-1.233587258070125,0.7144572094434171,-0.6467678684135694,-0.7155828585084513
2020-05-31 20:45:00,-0.7989785578343084,0.0,141472.0,14192156263.0,-0.6452350222055572,-0.7713117631371481,-0.76135947749374,20,45,6,152,5,-1.233587258070125,0.7144572094434171,-0.6467678684135694,-0.7155828585084513
2020-05-31 21:00:00,-0.7989785578343084,0.0,141472.0,14192156263.0,-0.6650277139759572,-0.7942337921485346,-0.76135947749374,21,0,6,152,5,-1.0088937104832634,1.0074370319714179,-0.6467678684135694,-0.7155828585084513
2020-05-31 21:15:00,-0.7989785578343084,0.0,141472.0,14192156263.0,-0.7456562963183974,-0.8130086706337211,-0.76135947749374,21,15,6,152,5,-1.0088937104832634,1.0074370319714179,-0.6467678684135694,-0.7155828585084513
2020-05-31 21:30:00,-0.7989785578343084,0.0,141472.0,14192156263.0,-0.799910227794385,-0.8221822657221421,-0.76135947749374,21,30,6,152,5,-1.0088937104832634,1.0074370319714179,-0.6467678684135694,-0.7155828585084513
2020-05-31 21:45:00,-0.7989785578343084,0.0,141472.0,14192156263.0,-0.8118357817404729,-0.7858064402243854,-0.761347911502134,21,45,6,152,5,-1.0088937104832634,1.0074370319714179,-0.6467678684135694,-0.7155828585084513
2020-05-31 22:00:00,-0.7989785578343084,0.0,141472.0,14192156263.0,-0.8125113502696157,-0.7407128383857162,-0.7611959576210172,22,0,6,152,5,-0.7160673781543622,1.2322483567304392,-0.6467678684135694,-0.7155828585084513
2020-05-31 22:15:00,-0.7989785578343084,0.0,141472.0,14192156263.0,-0.8373772823240838,-0.7398538816128014,-0.76135947749374,22,15,6,152,5,-0.7160673781543622,1.2322483567304392,-0.6467678684135694,-0.7155828585084513
2020-05-31 22:30:00,-0.7989785578343084,0.0,141472.0,14192156263.0,-0.8390517227085491,-0.7453631758362782,-0.76135947749374,22,30,6,152,5,-0.7160673781543622,1.2322483567304392,-0.6467678684135694,-0.7155828585084513
2020-05-31 22:45:00,-0.7989785578343084,0.0,141472.0,14192156263.0,-0.8549273077593098,-0.7633057901467805,-0.76135947749374,22,45,6,152,5,-0.7160673781543622,1.2322483567304392,-0.6467678684135694,-0.7155828585084513
2020-05-31 23:00:00,-0.7989785578343084,0.0,141472.0,14192156263.0,-0.8882632660912172,-0.7821882684128116,-0.76135947749374,23,0,6,152,5,-0.3750638917132417,1.373570663456434,-0.6467678684135694,-0.7155828585084513
2020-05-31 23:15:00,-0.7989785578343084,0.0,141472.0,14192156263.0,-0.926901083407464,-0.8020615578232072,-0.76135947749374,23,15,6,152,5,-0.3750638917132417,1.373570663456434,-0.6467678684135694,-0.7155828585084513
2020-05-31 23:30:00,-0.7989785578343084,0.0,141472.0,14192156263.0,-0.945115488224299,-0.8072681951593083,-0.76135947749374,23,30,6,152,5,-0.3750638917132417,1.373570663456434,-0.6467678684135694,-0.7155828585084513
2020-05-31 23:45:00,-0.7989785578343084,0.0,129247.13333333333,14192156263.0,-0.9053190792608328,-0.7847230888211915,-0.76135947749374,23,45,6,152,5,-0.3750638917132417,1.373570663456434,-0.6467678684135694,-0.7155828585084513
2020-06-01 00:00:00,-0.7989785578343084,0.0,52141.666666666664,14192156263.0,-0.8439047312956617,-0.7960769305883246,-0.76135947749374,0,0,0,153,6,-0.009122075225956353,1.4217730704921798,-0.8010314052194782,-0.842290496323235
2020-06-01 00:15:00,-0.7989785578343084,0.0,27184.333333333336,14192156263.0,-0.8766560259059601,-0.8354389548985243,-0.76135947749374,0,15,0,153,6,-0.009122075225956353,1.4217730704921798,-0.8010314052194782,-0.842290496323235
2020-06-01 00:30:00,-0.7989785578343084,0.0,24963.0,14192156263.0,-0.9318248563905224,-0.862121524096184,-0.76135947749374,0,30,0,153,6,-0.009122075225956353,1.4217730704921798,-0.8010314052194782,-0.842290496323235
2020-06-01 00:45:00,-0.7989785578343084,0.0,24963.0,14192156263.0,-0.971909068286976,-0.8731454890708352,-0.76135947749374,0,45,0,153,6,-0.009122075225956353,1.4217730704921798,-0.8010314052194782,-0.842290496323235
2020-06-01 01:00:00,-0.7989785578343084,0.0,24963.0,14192156263.0,-0.9822364898162629,-0.876800436770483,-0.76135947749374,1,0,0,153,6,0.35681974126132787,1.3735706634564342,-0.8010314052194782,-0.842290496323235
2020-06-01 01:15:00,-0.7989785578343084,0.0,24963.0,14192156263.0,-0.9600951275986777,-0.8808813220815064,-0.76135947749374,1,15,0,153,6,0.35681974126132787,1.3735706634564342,-0.8010314052194782,-0.842290496323235
2020-06-01 01:30:00,-0.7989785578343084,0.0,24963.0,14192156263.0,-0.9004723547196073,-0.8622158507143288,-0.76135947749374,1,30,0,153,6,0.35681974126132787,1.3735706634564342,-0.8010314052194782,-0.842290496323235
2020-06-01 01:45:00,-0.7989785578343084,0.0,24963.0,14192156263.0,-0.9547008650482399,-0.87498833010192,-0.76135947749374,1,45,0,153,6,0.35681974126132787,1.3735706634564342,-0.8010314052194782,-0.842290496323235
2020-06-01 02:00:00,-0.7989785578343084,0.0,24963.0,14192156263.0,-1.0096005687938978,-0.8853239808157979,-0.76135947749374,2,0,0,153,6,0.6978232277024489,1.2322483567304396,-0.8010314052194782,-0.842290496323235
2020-06-01 02:15:00,-0.7989785578343084,0.0,24963.0,14192156263.0,-1.0505896611698076,-0.901767952275442,-0.76135947749374,2,15,0,153,6,0.6978232277024489,1.2322483567304396,-0.8010314052194782,-0.842290496323235
2020-06-01 02:30:00,-0.7989785578343084,0.0,21840.066666666666,14192156263.0,-1.1024629104533876,-0.9294938250156853,-0.76135947749374,2,30,0,153,6,0.6978232277024489,1.2322483567304396,-0.8010314052194782,-0.842290496323235
2020-06-01 02:45:00,-0.7989785578343084,0.0,18271.0,14192156263.0,-1.1315823187924248,-0.9225181271785736,-0.76135947749374,2,45,0,153,6,0.6978232277024489,1.2322483567304396,-0.8010314052194782,-0.842290496323235
2020-06-01 03:00:00,-0.7989785578343084,0.0,18271.0,14192156263.0,-1.1565697663275412,-0.9138695190059144,-0.76135947749374,3,0,0,153,6,0.9906495600313504,1.007437031971418,-0.8010314052194782,-0.842290496323235
2020-06-01 03:15:00,-0.7989785578343084,0.0,18271.0,14192156263.0,-1.186443650378824,-0.9093539558528646,-0.76135947749374,3,15,0,153,6,0.9906495600313504,1.007437031971418,-0.8010314052194782,-0.842290496323235
2020-06-01 03:30:00,-0.7989785578343084,0.0,18271.0,14192156263.0,-1.1624311768667894,-0.8839672577950579,-0.76135947749374,3,30,0,153,6,0.9906495600313504,1.007437031971418,-0.8010314052194782,-0.842290496323235
2020-06-01 03:45:00,-0.7989785578343084,0.0,18271.0,14192156263.0,-1.1641533190072102,-0.9010900396910693,-0.76135947749374,3,45,0,153,6,0.9906495600313504,1.007437031971418,-0.8010314052194782,-0.842290496323235
2020-06-01 04:00:00,-0.7989785578343084,0.0,18271.0,14192156263.0,-1.1665670416210583,-0.9158514818986474,-0.76135947749374,4,0,0,153,6,1.2153431076182126,0.7144572094434171,-0.8010314052194782,-0.842290496323235
2020-06-01 04:15:00,-0.7989785578343084,0.0,18271.0,14192156263.0,-1.1782582859559136,-0.9205425803613779,-0.76135947749374,4,15,0,153,6,1.2153431076182126,0.7144572094434171,-0.8010314052194782,-0.842290496323235
2020-06-01 04:30:00,-0.7989785578343084,0.0,15751.466666666667,14192156263.0,-1.2141019715002923,-0.9523877607759131,-0.76135947749374,4,30,0,153,6,1.2153431076182126,0.7144572094434171,-0.8010314052194782,-0.842290496323235
2020-06-01 04:45:00,-0.7989785578343084,0.0,12872.0,14192156263.0,-1.2542661451618609,-0.9735150499182296,-0.76135947749374,4,45,0,153,6,1.2153431076182126,0.7144572094434171,-0.8010314052194782,-0.842290496323235
2020-06-01 05:00:00,-0.7989785578343084,0.0,12872.0,14192156263.0,-1.2734512484650853,-0.9657127330459693,-0.76135947749374,5,0,0,153,6,1.3565913765186348,0.37327497987967023,-0.8010314052194782,-0.842290496323235
2020-06-01 05:15:00,-0.7989785578343084,0.0,12872.0,14192156263.0,-1.2726652758854204,-0.9630063377553525,-0.76135947749374,5,15,0,153,6,1.3565913765186348,0.37327497987967023,-0.8010314052194782,-0.842290496323235
2020-06-01 05:30:00,-0.7989785578343084,0.0,6947.2,14192156263.0,-1.2801522665781038,-0.9636396684981723,-0.76135947749374,5,30,0,153,6,1.3565913765186348,0.37327497987967023,-0.8010314052194782,-0.842290496323235
2020-06-01 05:45:00,-0.7989785578343084,0.0,6524.0,14192156263.0,-1.2581796407206816,-0.9304238341492328,-0.7590659957413208,5,45,0,153,6,1.3565913765186348,0.37327497987967023,-0.8010314052194782,-0.842290496323235
2020-06-01 06:00:00,-0.7834625638397246,99.89285714285714,4664.733333333333,14192156267.733334,-1.2370817212902987,-0.9241947090193503,-0.7421002794308774,6,0,0,153,6,1.4047685306308542,0.007141348394654197,-0.8010314052194782,-0.842290496323235
2020-06-01 06:15:00,-0.6972481593836511,655.9399999999999,83.8,14192156346.8,-1.1893832140833784,-0.8819768598993982,-0.6983826827468596,6,15,0,153,6,1.4047685306308542,0.007141348394654197,-0.8010314052194782,-0.842290496323235
2020-06-01 06:30:00,-0.5643377793475977,1517.6514285714284,362.7809523809524,14192156625.780952,-1.1175684185625145,-0.8365365255654713,-0.6201285835368607,6,30,0,153,6,1.4047685306308542,0.007141348394654197,-0.8010314052194782,-0.842290496323235
2020-06-01 06:45:00,-0.4414864683890609,2318.8204761904763,818.9571428571429,14192157081.957142,-1.0634600210233034,-0.7307072767220246,-0.5513301048883719,6,45,0,153,6,1.4047685306308542,0.007141348394654197,-0.8010314052194782,-0.842290496323235
2020-06-01 07:00:00,-0.47671558045565293,2089.24,1405.3619047619047,14192157668.361906,-0.9795147283301958,-0.6124857708847665,-0.5666437252480907,7,0,0,153,6,1.3565913765186348,-0.3589922830903618,-0.8010314052194782,-0.842290496323235
2020-06-01 07:15:00,-0.020561711948475808,5093.412857142857,2179.404761904762,14192158442.404762,-0.9165110982875903,-0.5083783571102167,-0.30808562045960025,7,15,0,153,6,1.3565913765186348,-0.3589922830903618,-0.8010314052194782,-0.842290496323235
2020-06-01 07:30:00,0.014032469057728881,5320.44,3605.7999999999997,14180037856.866667,-0.7930168701674578,-0.31208932221582875,-0.2706245307174766,7,30,0,153,6,1.3565913765186348,-0.3589922830903618,-0.8010314052194782,-0.842290496323235
2020-06-01 07:45:00,-0.1419178879881211,4298.565714285714,4766.614285714286,14191978703.971428,-0.7578981646910924,-0.35462927306943903,-0.36342511023751395,7,45,0,153,6,1.3565913765186348,-0.3589922830903618,-0.8010314052194782,-0.842290496323235
2020-06-01 08:00:00,-0.025462554852326517,5061.8271428571425,5997.309523809524,14180040248.37619,-0.7161329714650877,-0.361978631810149,-0.27593779831094833,8,0,0,153,6,1.2153431076182126,-0.7001745126541085,-0.8010314052194782,-0.842290496323235
2020-06-01 08:15:00,0.19909467924177268,6541.394761904761,7318.22380952381,14167919557.357143,-0.6810898985165773,-0.3543787405143632,-0.10579873283099542,8,15,0,153,6,1.2153431076182126,-0.7001745126541085,-0.8010314052194782,-0.842290496323235
2020-06-01 08:30:00,0.5120063023391489,8591.410476190476,9048.409523809523,14131555251.742857,-0.6182638244103613,-0.2470577183032245,0.08718759714054737,8,30,0,153,6,1.2153431076182126,-0.7001745126541085,-0.8010314052194782,-0.842290496323235
2020-06-01 08:45:00,1.6424321248795763,15950.7,12193.133333333333,14143680408.4,-0.458753954240564,0.11721433686534129,0.8874352962368685,8,45,0,153,6,1.2153431076182126,-0.7001745126541085,-0.8010314052194782,-0.842290496323235
2020-06-01 09:00:00,2.098414023971657,18916.574285714283,16734.290476190476,14179185127.361904,-0.28724947713076077,0.4795447619191355,1.2282183005406997,9,0,0,153,6,0.9906495600313506,-0.9931543351821099,-0.8010314052194782,-0.842290496323235
2020-06-01 09:15:00,2.148083143804514,19236.45476190476,21422.114285714284,14155811649.314285,-0.11590419791889375,0.6511026509540186,1.3439654472855322,9,15,0,153,6,0.9906495600313506,-0.9931543351821099,-0.8010314052194782,-0.842290496323235
2020-06-01 09:30:00,2.3540670388586977,20570.53523809524,26505.009523809524,14180060756.07619,0.07502822536851413,1.027892065671347,1.6906368954018947,9,30,0,153,6,0.9906495600313506,-0.9931543351821099,-0.8010314052194782,-0.842290496323235
2020-06-01 09:45:00,2.068071840271179,18696.986666666664,31292.399999999998,14167943531.533333,0.15383015293108662,1.2759292837039957,1.6139580851623359,9,45,0,153,6,0.9906495600313506,-0.9931543351821099,-0.8010314052194782,-0.842290496323235
2020-06-01 10:00:00,2.2519394695514308,19887.963809523808,36003.776190476194,14167948242.909523,0.13199608722258996,1.127338361573382,1.1232289536334814,10,0,0,153,6,0.6978232277024489,-1.2179656599411315,-0.8010314052194782,-0.842290496323235
2020-06-01 10:15:00,2.966116962036253,24514.154285714285,41884.26666666666,14179210277.338095,0.2542955030670498,1.3704217018145295,2.0059665795968495,10,15,0,153,6,0.6978232277024489,-1.2179656599411315,-0.8010314052194782,-0.842290496323235
2020-06-01 10:30:00,2.156106694402753,19271.44857142857,47415.014285714286,14180081666.080952,0.3336306648583478,1.3128295254246316,1.3127796671453744,10,30,0,153,6,0.6978232277024489,-1.2179656599411315,-0.8010314052194782,-0.842290496323235
2020-06-01 10:45:00,0.744250926071105,10104.997619047619,51298.64761904762,14192207561.64762,0.3193052176789017,0.8264923968567248,0.20281427729773657,10,45,0,153,6,0.6978232277024489,-1.2179656599411315,-0.8010314052194782,-0.842290496323235
2020-06-01 11:00:00,0.8398575721424204,10725.593333333332,53738.13333333333,14192210001.133333,0.3347784872479086,0.6027765628065641,0.19303667191897367,11,0,0,153,6,0.35681974126132826,-1.359287966667126,-0.8010314052194782,-0.842290496323235
2020-06-01 11:15:00,1.3232421196424788,13870.07238095238,56882.39047619047,14192213145.390476,0.43624973861658306,0.7659806248990133,0.607593208327233,11,15,0,153,6,0.35681974126132826,-1.359287966667126,-0.8010314052194782,-0.842290496323235
2020-06-01 11:30:00,0.8862270912601311,11029.773333333333,60121.30952380953,14192216384.309525,0.5220553253128091,0.7630459053499732,0.30111646610728204,11,30,0,153,6,0.35681974126132826,-1.359287966667126,-0.8010314052194782,-0.842290496323235
2020-06-01 11:45:00,0.7231888827613396,9948.728571428572,56625.385714285716,12912817150.733334,0.46079382616532893,0.473577895771978,0.7027102787485797,11,45,0,153,6,0.35681974126132826,-1.359287966667126,-0.8010314052194782,-0.842290496323235
2020-06-01 12:00:00,0.5066772484560462,8497.120952380952,17124.15238095238,7133154859.685714,0.7883136127492286,1.6183225347368186,2.492062959048771,12,0,0,153,6,-0.00912207522595618,-1.4074903737028717,-0.8010314052194782,-0.842290496323235
2020-06-01 12:15:00,2.2034852672544423,19562.97333333333,68600.13333333333,14192225052.733334,0.8416783043735553,1.8347435265209893,1.5048657754703707,12,15,0,153,6,-0.00912207522595618,-1.4074903737028717,-0.8010314052194782,-0.842290496323235
2020-06-01 12:30:00,3.1915727184850833,25979.760476190477,73903.95238095238,14192230166.952381,0.9330192563156484,1.2731352545876873,2.0016478888374616,12,30,0,153,6,-0.00912207522595618,-1.4074903737028717,-0.8010314052194782,-0.842290496323235
2020-06-01 12:45:00,1.8392459114260693,17224.15142857143,79469.60476190476,14192235732.60476,0.9800777347850237,1.2067953825791988,0.8056899323669893,12,45,0,153,6,-0.00912207522595618,-1.4074903737028717,-0.8010314052194782,-0.842290496323235
2020-06-01 13:00:00,0.5948060792347912,9130.998571428572,82832.68095238095,14192239095.680952,0.8492838440627374,0.6621316499452831,0.11688847187069962,13,0,0,153,6,-0.37506389171324067,-1.359287966667126,-0.8010314052194782,-0.842290496323235
2020-06-01 13:15:00,-0.46020665931954413,2207.385238095238,84313.09047619048,14192240576.090475,0.24680729938916962,0.08905679774884573,-0.5512181625082341,13,15,0,153,6,-0.37506389171324067,-1.359287966667126,-0.8010314052194782,-0.842290496323235
2020-06-01 13:30:00,-0.6509653385395267,955.15,84481.5,14192240744.5,-0.9206659130009015,-0.6791875956771456,-0.6699053783044604,13,30,0,153,6,-0.37506389171324067,-1.359287966667126,-0.8010314052194782,-0.842290496323235
2020-06-01 13:45:00,-0.45749396667044484,2214.5,85344.6,14192241607.6,-0.8255429448647047,-0.7055454904938617,-0.5607960577964839,13,45,0,153,6,-0.37506389171324067,-1.359287966667126,-0.8010314052194782,-0.842290496323235
2020-06-01 14:00:00,-0.5130851137637723,1852.4499999999998,85655.28571428572,14192241918.285715,-0.779329871741499,-0.68221459507361,-0.5957000443652284,14,0,0,153,6,-0.7160673781543613,-1.2179656599411317,-0.8010314052194782,-0.842290496323235
2020-06-01 14:15:00,-0.5715469370269564,1470.54,86066.59999999999,14192242329.6,-0.7058022847253764,-0.6966158025832444,-0.6290515315673695,14,15,0,153,6,-0.7160673781543613,-1.2179656599411317,-0.8010314052194782,-0.842290496323235
2020-06-01 14:30:00,-0.6116185222955113,1209.8799999999999,86399.2,14192242662.199999,-0.6949662154621699,-0.7201263248521845,-0.6502580151018462,14,30,0,153,6,-0.7160673781543613,-1.2179656599411317,-0.8010314052194782,-0.842290496323235
2020-06-01 14:45:00,-0.6161099923635065,1180.7466666666667,86427.8,14098095215.866667,-0.6858519272772733,-0.6732887009118793,-0.6521958527857232,14,45,0,153,6,-0.7160673781543613,-1.2179656599411317,-0.8010314052194782,-0.842290496323235
2020-06-01 15:00:00,-0.6080531182313044,1232.92,87003.13333333333,14192243266.133333,-0.6813492593079363,-0.6526525194569714,-0.6482394599054516,15,0,0,153,6,-1.0088937104832625,-0.9931543351821105,-0.8010314052194782,-0.842290496323235
2020-06-01 15:15:00,-0.5963309407896105,1309.0266666666666,87044.46666666666,14081570113.133333,-0.6969502317964207,-0.6443627387499119,-0.6416221693289851,15,15,0,153,6,-1.0088937104832625,-0.9931543351821105,-0.8010314052194782,-0.842290496323235
2020-06-01 15:30:00,-0.57173453353828,1468.671904761905,87667.10476190476,14192243930.104761,-0.7137584238204976,-0.6369699687316993,-0.6291377561100409,15,30,0,153,6,-1.0088937104832625,-0.9931543351821105,-0.8010314052194782,-0.842290496323235
2020-06-01 15:45:00,-0.5315377887867042,1731.9042857142856,88054.48095238095,14192244317.480951,-0.7032910580708561,-0.6146642502749388,-0.607377699367543,15,45,0,153,6,-1.0088937104832625,-0.9931543351821105,-0.8010314052194782,-0.842290496323235
2020-06-01 16:00:00,-0.4676427309989064,2148.4,88531.73333333334,14192244794.733334,-0.6894880656080956,-0.5818171672497792,-0.5725351436293536,16,0,0,153,6,-1.2335872580701248,-0.7001745126541093,-0.8010314052194782,-0.842290496323235
2020-06-01 16:15:00,-0.35573060146884367,2881.46,89158.93333333333,14192245421.933334,-0.6725362801537005,-0.5516500549567207,-0.508815504401878,16,15,0,153,6,-1.2335872580701248,-0.7001745126541093,-0.8010314052194782,-0.842290496323235
2020-06-01 16:30:00,-0.32576682183818356,3084.9733333333334,89963.86666666667,14192246226.866665,-0.7053474436115013,-0.5320280663674941,-0.48032190677821734,16,30,0,153,6,-1.2335872580701248,-0.7001745126541093,-0.8010314052194782,-0.842290496323235
2020-06-01 16:45:00,-0.5673687224495321,1497.9890476190476,90507.89047619049,14192246770.890476,-0.8091010166213451,-0.6083831620561416,-0.6166006609893057,16,45,0,153,6,-1.2335872580701248,-0.7001745126541093,-0.8010314052194782,-0.842290496323235
2020-06-01 17:00:00,-0.5390913847924834,1682.4219047619047,90915.62380952381,14192247178.623808,-0.8812565077061814,-0.7147068671286866,-0.6026293333411584,17,0,0,153,6,-1.3748355269705475,-0.3589922830903618,-0.8010314052194782,-0.842290496323235
2020-06-01 17:15:00,-0.6946365790421005,672.8166666666667,91218.36666666665,14192247481.366667,-0.9612837278789795,-0.8121292632219538,-0.6905093352986819,17,15,0,153,6,-1.3748355269705475,-0.3589922830903618,-0.8010314052194782,-0.842290496323235
2020-06-01 17:30:00,-0.7721806813436836,172.48397435897436,91313.07051282052,14192247576.07051,-0.973518975305821,-0.8462285043804948,-0.7368983247614529,17,30,0,153,6,-1.3748355269705475,-0.3589922830903618,-0.8010314052194782,-0.842290496323235
2020-06-01 18:00:00,-0.7989785578343084,0.0,91326.0,14192247589.0,-1.1788695522373789,-0.8762564080930666,-0.7584342008356468,18,0,0,153,6,-1.423012681082767,0.00714134839465385,-0.8010314052194782,-0.842290496323235
2020-06-01 18:15:00,-0.7989785578343084,0.0,91326.0,14192247589.0,-1.2426620166411844,-0.8873273692453026,-0.7601758481578175,18,15,0,153,6,-1.423012681082767,0.00714134839465385,-0.8010314052194782,-0.842290496323235
2020-06-01 18:30:00,-0.7989785578343084,0.0,91326.0,14192247589.0,-1.2093874070257,-0.8826971629981435,-0.7611919621195453,18,30,0,153,6,-1.423012681082767,0.00714134839465385,-0.8010314052194782,-0.842290496323235
2020-06-01 18:45:00,-0.7989785578343084,0.0,91326.0,14192247589.0,-1.206855757964152,-0.881095732208545,-0.76135947749374,18,45,0,153,6,-1.423012681082767,0.00714134839465385,-0.8010314052194782,-0.842290496323235
2020-06-01 19:00:00,-0.7989785578343084,0.0,91326.0,14192247589.0,-1.1777880848604285,-0.8750430500617893,-0.76135947749374,19,0,0,153,6,-1.3748355269705475,0.37327497987966957,-0.8010314052194782,-0.842290496323235
2020-06-01 19:15:00,-0.7989785578343084,0.0,91326.0,14192247589.0,-1.2099365681953023,-0.8805295779777944,-0.76135947749374,19,15,0,153,6,-1.3748355269705475,0.37327497987966957,-0.8010314052194782,-0.842290496323235
2020-06-01 19:30:00,-0.7989785578343084,0.0,91326.0,14192247589.0,-1.242063592891074,-0.8910664270639003,-0.76135947749374,19,30,0,153,6,-1.3748355269705475,0.37327497987966957,-0.8010314052194782,-0.842290496323235
2020-06-01 19:45:00,-0.7989785578343084,0.0,91326.0,14192247589.0,-1.2785297306262233,-0.8982611547321194,-0.76135947749374,19,45,0,153,6,-1.3748355269705475,0.37327497987966957,-0.8010314052194782,-0.842290496323235
2020-06-01 20:00:00,-0.7989785578343084,0.0,91326.0,14192247589.0,-1.3157374586357782,-0.9136487902549888,-0.76135947749374,20,0,0,153,6,-1.233587258070125,0.7144572094434171,-0.8010314052194782,-0.842290496323235
2020-06-01 20:15:00,-0.7989785578343084,0.0,91326.0,14192247589.0,-1.2954533861578692,-0.9137132457491552,-0.76135947749374,20,15,0,153,6,-1.233587258070125,0.7144572094434171,-0.8010314052194782,-0.842290496323235
2020-06-01 20:30:00,-0.7989785578343084,0.0,91326.0,14192247589.0,-1.2836594539234774,-0.9222124789450883,-0.76135947749374,20,30,0,153,6,-1.233587258070125,0.7144572094434171,-0.8010314052194782,-0.842290496323235
2020-06-01 20:45:00,-0.7989785578343084,0.0,91326.0,14192247589.0,-1.2606288785695898,-0.9092642515133428,-0.76135947749374,20,45,0,153,6,-1.233587258070125,0.7144572094434171,-0.8010314052194782,-0.842290496323235
2020-06-01 21:00:00,-0.7989785578343084,0.0,91326.0,14192247589.0,-1.2693422159148084,-0.9094307691126254,-0.76135947749374,21,0,0,153,6,-1.0088937104832634,1.0074370319714179,-0.8010314052194782,-0.842290496323235
2020-06-01 21:15:00,-0.7989785578343084,0.0,91326.0,14192247589.0,-1.2566536521837686,-0.9071870889424744,-0.76135947749374,21,15,0,153,6,-1.0088937104832634,1.0074370319714179,-0.8010314052194782,-0.842290496323235
2020-06-01 21:30:00,-0.7989785578343084,0.0,91326.0,14192247589.0,-1.2336639515975243,-0.9051892645063672,-0.76135947749374,21,30,0,153,6,-1.0088937104832634,1.0074370319714179,-0.8010314052194782,-0.842290496323235
2020-06-01 21:45:00,-0.7989785578343084,0.0,91326.0,14192247589.0,-1.206551223661176,-0.904184182035041,-0.76135947749374,21,45,0,153,6,-1.0088937104832634,1.0074370319714179,-0.8010314052194782,-0.842290496323235
2020-06-01 22:00:00,-0.7989785578343084,0.0,91326.0,14192247589.0,-1.1929092532965522,-0.8908054495417705,-0.76135947749374,22,0,0,153,6,-0.7160673781543622,1.2322483567304392,-0.8010314052194782,-0.842290496323235
2020-06-01 22:15:00,-0.7989785578343084,0.0,91326.0,14192247589.0,-1.1907041671047185,-0.8907215225975944,-0.76135947749374,22,15,0,153,6,-0.7160673781543622,1.2322483567304392,-0.8010314052194782,-0.842290496323235
2020-06-01 22:30:00,-0.7989785578343084,0.0,91061.33333333333,14072577542.466667,-1.195769159359309,-0.8897501840474881,-0.76135947749374,22,30,0,153,6,-0.7160673781543622,1.2322483567304392,-0.8010314052194782,-0.842290496323235
2020-06-01 22:45:00,-0.7989785578343084,0.0,91326.0,14192247589.0,-1.192124007428598,-0.8812830003345872,-0.76135947749374,22,45,0,153,6,-0.7160673781543622,1.2322483567304392,-0.8010314052194782,-0.842290496323235
2020-06-01 23:00:00,-0.7989785578343084,0.0,91326.0,14192247589.0,-1.2085688373916015,-0.8886367484997802,-0.76135947749374,23,0,0,153,6,-0.3750638917132417,1.373570663456434,-0.8010314052194782,-0.842290496323235
2020-06-01 23:15:00,-0.7989785578343084,0.0,91326.0,14192247589.0,-1.2084556150057315,-0.8903984499708806,-0.76135947749374,23,15,0,153,6,-0.3750638917132417,1.373570663456434,-0.8010314052194782,-0.842290496323235
2020-06-01 23:30:00,-0.7989785578343084,0.0,91326.0,14192247589.0,-1.1866805751267706,-0.8758125099851927,-0.76135947749374,23,30,0,153,6,-0.3750638917132417,1.373570663456434,-0.8010314052194782,-0.842290496323235
2020-06-01 23:45:00,-0.7989785578343084,0.0,83908.66666666667,14192247589.0,-1.19645361168948,-0.9021180842313532,-0.76135947749374,23,45,0,153,6,-0.3750638917132417,1.373570663456434,-0.8010314052194782,-0.842290496323235
2020-06-02 00:00:00,-0.7989785578343084,0.0,35170.933333333334,14192247589.0,-1.22048576821379,-0.929141666027305,-0.76135947749374,0,0,1,154,6,-0.009122075225956353,1.4217730704921798,-0.9567798877787418,-0.9651382841560215
2020-06-02 00:15:00,-0.7989785578343084,0.0,20552.22857142857,14192247589.0,-1.240956582933323,-0.9496981793277254,-0.76135947749374,0,15,1,154,6,-0.009122075225956353,1.4217730704921798,-0.9567798877787418,-0.9651382841560215
2020-06-02 00:30:00,-0.7989785578343084,0.0,15960.0,14192247589.0,-1.2551769953095062,-0.9535986451133773,-0.76135947749374,0,30,1,154,6,-0.009122075225956353,1.4217730704921798,-0.9567798877787418,-0.9651382841560215
2020-06-02 00:45:00,-0.7989785578343084,0.0,15960.0,14192247589.0,-1.2478335840148307,-0.9659961943420687,-0.76135947749374,0,45,1,154,6,-0.009122075225956353,1.4217730704921798,-0.9567798877787418,-0.9651382841560215
2020-06-02 01:00:00,-0.7989785578343084,0.0,15960.0,14192247589.0,-1.2522222807587193,-0.9691462206305441,-0.76135947749374,1,0,1,154,6,0.35681974126132787,1.3735706634564342,-0.9567798877787418,-0.9651382841560215
2020-06-02 01:15:00,-0.7989785578343084,0.0,15960.0,14192247589.0,-1.2597124060534148,-0.9685497746699137,-0.76135947749374,1,15,1,154,6,0.35681974126132787,1.3735706634564342,-0.9567798877787418,-0.9651382841560215
2020-06-02 01:30:00,-0.7989785578343084,0.0,15960.0,14192247589.0,-1.2813965780945804,-0.9942574772244491,-0.76135947749374,1,30,1,154,6,0.35681974126132787,1.3735706634564342,-0.9567798877787418,-0.9651382841560215
2020-06-02 01:45:00,-0.7989785578343084,0.0,15960.0,14192080626.571428,-1.3100106411497157,-1.0088698991716796,-0.76135947749374,1,45,1,154,6,0.35681974126132787,1.3735706634564342,-0.9567798877787418,-0.9651382841560215
2020-06-02 02:00:00,-0.7989785578343084,0.0,15960.0,14192247589.0,-1.3031483685958973,-1.0092159496007393,-0.76135947749374,2,0,1,154,6,0.6978232277024489,1.2322483567304396,-0.9567798877787418,-0.9651382841560215
2020-06-02 02:15:00,-0.7989785578343084,0.0,15960.0,14192247589.0,-1.313998552473264,-1.0097131686127319,-0.76135947749374,2,15,1,154,6,0.6978232277024489,1.2322483567304396,-0.9567798877787418,-0.9651382841560215
2020-06-02 02:30:00,-0.7989785578343084,0.0,15960.0,14192247589.0,-1.3365235048654358,-1.008439339281681,-0.76135947749374,2,30,1,154,6,0.6978232277024489,1.2322483567304396,-0.9567798877787418,-0.9651382841560215
2020-06-02 02:45:00,-0.7989785578343084,0.0,12551.57142857143,14192247589.0,-1.336911216761022,-0.9989651257808162,-0.76135947749374,2,45,1,154,6,0.6978232277024489,1.2322483567304396,-0.9567798877787418,-0.9651382841560215
2020-06-02 03:00:00,-0.7989785578343084,0.0,11622.0,14102350102.333334,-1.3346542231682321,-0.9762364528583575,-0.76135947749374,3,0,1,154,6,0.9906495600313504,1.007437031971418,-0.9567798877787418,-0.9651382841560215
2020-06-02 03:15:00,-0.7989785578343084,0.0,11622.0,14192247589.0,-1.3317285457829602,-0.9716370525844735,-0.76135947749374,3,15,1,154,6,0.9906495600313504,1.007437031971418,-0.9567798877787418,-0.9651382841560215
2020-06-02 03:30:00,-0.7989785578343084,0.0,11622.0,14192247589.0,-1.3345403428829399,-1.0138709195327864,-0.76135947749374,3,30,1,154,6,0.9906495600313504,1.007437031971418,-0.9567798877787418,-0.9651382841560215
2020-06-02 03:45:00,-0.7989785578343084,0.0,11622.0,14192247589.0,-1.3423214202846443,-1.0412702290273679,-0.76135947749374,3,45,1,154,6,0.9906495600313504,1.007437031971418,-0.9567798877787418,-0.9651382841560215
2020-06-02 04:00:00,-0.7989785578343084,0.0,11622.0,14192247589.0,-1.3255268482358264,-0.9776621380830014,-0.76135947749374,4,0,1,154,6,1.2153431076182126,0.7144572094434171,-0.9567798877787418,-0.9651382841560215
2020-06-02 04:15:00,-0.7989785578343084,0.0,11622.0,14192247589.0,-1.3465810721345508,-0.9741846747260431,-0.76135947749374,4,15,1,154,6,1.2153431076182126,0.7144572094434171,-0.9567798877787418,-0.9651382841560215
2020-06-02 04:30:00,-0.7989785578343084,0.0,11622.0,14192247589.0,-1.3100108840166065,-0.9751518531777128,-0.76135947749374,4,30,1,154,6,1.2153431076182126,0.7144572094434171,-0.9567798877787418,-0.9651382841560215
2020-06-02 04:45:00,-0.7989785578343084,0.0,8216.266666666666,14192247589.0,-1.3196533094637382,-0.9655384274197361,-0.76135947749374,4,45,1,154,6,1.2153431076182126,0.7144572094434171,-0.9567798877787418,-0.9651382841560215
2020-06-02 05:00:00,-0.7989785578343084,0.0,7973.0,14192247589.0,-1.336464126069352,-0.9866981548981478,-0.76135947749374,5,0,1,154,6,1.3565913765186348,0.37327497987967023,-0.9567798877787418,-0.9651382841560215
2020-06-02 05:15:00,-0.7989785578343084,0.0,7973.0,14192247589.0,-1.334541371019444,-0.9982775560430251,-0.76135947749374,5,15,1,154,6,1.3565913765186348,0.37327497987967023,-0.9567798877787418,-0.9651382841560215
2020-06-02 05:30:00,-0.7989785578343084,0.0,4143.0,14192247589.0,-1.3570839979146991,-0.9771900251716295,-0.76135947749374,5,30,1,154,6,1.3565913765186348,0.37327497987967023,-0.9567798877787418,-0.9651382841560215
2020-06-02 05:45:00,-0.7981745116229749,5.178095238095238,4143.0,14192247589.0,-1.36471412544795,-0.9803261582112173,-0.7545747519651814,5,45,1,154,6,1.3565913765186348,0.37327497987967023,-0.9567798877787418,-0.9651382841560215
2020-06-02 06:00:00,-0.7119863663970906,560.7314285714285,2125.390476190476,14192247643.890476,-1.3670915953209475,-0.9725056684178851,-0.7019236127233981,6,0,1,154,6,1.4047685306308542,0.007141348394654197,-0.9567798877787418,-0.9651382841560215
2020-06-02 06:15:00,-0.5805823242667211,1412.097142857143,295.06666666666666,14192247886.066668,-1.3398410455510197,-0.9387272536057131,-0.6172246495906701,6,15,1,154,6,1.4047685306308542,0.007141348394654197,-0.9567798877787418,-0.9651382841560215
2020-06-02 06:30:00,-0.43266479417760134,2378.0414285714287,753.1952380952381,14192248344.195238,-1.2669581049815966,-0.878254517708747,-0.5305816175878226,6,30,1,154,6,1.4047685306308542,0.007141348394654197,-0.9567798877787418,-0.9651382841560215
2020-06-02 06:45:00,-0.003366482997261943,5207.334285714285,1666.9619047619046,14192249257.961903,-1.1462750514126443,-0.7863166614987468,-0.3161828404253907,6,45,1,154,6,1.4047685306308542,0.007141348394654197,-0.9567798877787418,-0.9651382841560215
2020-06-02 07:00:00,-0.0010102165840172115,5224.114285714286,2971.461904761905,14192250562.461905,-1.060706765368341,-0.7425371246988534,-0.2134147447610469,7,0,1,154,6,1.3565913765186348,-0.3589922830903618,-0.9567798877787418,-0.9651382841560215
2020-06-02 07:15:00,0.27505756585994906,7043.2904761904765,4526.766666666666,14192252117.766666,-0.9652381691765447,-0.5583363010818516,-0.020886525491460663,7,15,1,154,6,1.3565913765186348,-0.3589922830903618,-0.9567798877787418,-0.9651382841560215
2020-06-02 07:30:00,0.39551400648259905,7834.374285714286,6396.795238095237,14180131689.395237,-0.8850655834546748,-0.48127395099415915,0.030361361023283174,7,30,1,154,6,1.3565913765186348,-0.3589922830903618,-0.9567798877787418,-0.9651382841560215
2020-06-02 07:45:00,0.4663141714610716,8295.330952380953,8370.095238095237,14180133662.695238,-0.8159922359402249,-0.3915308523187444,0.07207024611171718,7,45,1,154,6,1.3565913765186348,-0.3589922830903618,-0.9567798877787418,-0.9651382841560215
2020-06-02 08:00:00,0.8260699778044676,10634.464285714284,10767.633333333333,14192258358.633333,-0.7066689244635509,-0.1338409666937332,0.32211403287504203,8,0,1,154,6,1.2153431076182126,-0.7001745126541085,-0.9567798877787418,-0.9651382841560215
2020-06-02 08:15:00,0.8792348576562476,10980.859999999999,13466.733333333334,14192261057.733334,-0.6218753479119054,-0.03336073500355245,0.3501303114158742,8,15,1,154,6,1.2153431076182126,-0.7001745126541085,-0.9567798877787418,-0.9651382841560215
2020-06-02 08:30:00,0.9907553821447946,11707.530476190475,16274.119047619046,14192263865.119047,-0.5382327593848238,0.03716931472326932,0.3755619910341925,8,30,1,154,6,1.2153431076182126,-0.7001745126541085,-0.9567798877787418,-0.9651382841560215
2020-06-02 08:45:00,1.3182475141612682,13840.97619047619,19503.842857142856,14192267094.842857,-0.45328114314046514,0.08923902604168911,0.5740518862605937,8,45,1,154,6,1.2153431076182126,-0.7001745126541085,-0.9567798877787418,-0.9651382841560215
2020-06-02 09:00:00,1.4942387301602638,14987.06142857143,23138.44761904762,14192270729.447618,-0.34991035155845984,0.13000485415292984,0.732358515189911,9,0,1,154,6,0.9906495600313506,-0.9931543351821099,-0.9567798877787418,-0.9651382841560215
2020-06-02 09:15:00,1.1166850883467763,12528.579047619049,26608.004761904762,14192274199.00476,-0.3084810043843054,0.043681805986093995,0.4283979919984975,9,15,1,154,6,0.9906495600313506,-0.9931543351821099,-0.9567798877787418,-0.9651382841560215
2020-06-02 09:30:00,1.1860840236969248,12981.047142857142,29515.885714285716,14042420909.285713,-0.33147926845713627,-0.01472775823124934,0.460998824344616,9,30,1,154,6,0.9906495600313506,-0.9931543351821099,-0.9567798877787418,-0.9651382841560215
2020-06-02 09:45:00,1.2404785205449502,13333.973333333333,33017.333333333336,14192280608.333334,-0.23127404063516155,0.1972483040616804,0.5437617422924326,9,45,1,154,6,0.9906495600313506,-0.9931543351821099,-0.9567798877787418,-0.9651382841560215
2020-06-02 10:00:00,1.392371327030359,14322.005714285715,36440.37619047619,14192284031.37619,-0.17388271472029784,0.34613006310987604,0.6522253774424572,10,0,1,154,6,0.6978232277024489,-1.2179656599411315,-0.9567798877787418,-0.9651382841560215
2020-06-02 10:15:00,1.6030339318808433,15693.361428571428,40362.60476190476,14192287953.604761,-0.06227840117922363,0.5452039634234047,0.8554630509504677,10,15,1,154,6,0.6978232277024489,-1.2179656599411315,-0.9567798877787418,-0.9651382841560215
2020-06-02 10:30:00,1.34801377871268,14033.785714285714,44012.857142857145,14192291603.857143,-0.04791665943185094,0.5101431529749819,0.5652758967793563,10,30,1,154,6,0.6978232277024489,-1.2179656599411315,-0.9567798877787418,-0.9651382841560215
2020-06-02 10:45:00,1.4023685299324031,14376.927142857143,47517.69523809524,14192295108.695238,0.03570583563791366,0.5930476766764995,0.8721386261499918,10,45,1,154,6,0.6978232277024489,-1.2179656599411315,-0.9567798877787418,-0.9651382841560215
2020-06-02 11:00:00,1.245803435745034,13365.20523809524,50608.938095238096,14191969707.204762,0.04763922743828263,0.5395210523146644,0.599074376510298,11,0,1,154,6,0.35681974126132826,-1.359287966667126,-0.9567798877787418,-0.9651382841560215
2020-06-02 11:15:00,0.02499327153714663,5378.966666666666,23059.63333333333,9069861026.104763,0.12010134660854688,0.7583742826281774,1.3135592195682988,11,15,1,154,6,0.35681974126132826,-1.359287966667126,-0.9567798877787418,-0.9651382841560215
2020-06-02 11:30:00,1.505570872405725,14998.535238095239,49367.91428571429,14192303346.447618,0.3843606039493533,1.6256915658381335,2.0258847154457045,11,30,1,154,6,0.35681974126132826,-1.359287966667126,-0.9567798877787418,-0.9651382841560215
2020-06-02 11:45:00,1.110688778861776,12440.525238095239,54435.9,14192306966.9,0.5483550668550364,2.0541841305423225,1.9559417797846868,11,45,1,154,6,0.35681974126132826,-1.359287966667126,-0.9567798877787418,-0.9651382841560215
2020-06-02 12:00:00,0.7968736384474043,10408.080952380953,57082.29523809524,14192309613.295238,0.5570084595243107,1.8237679266478517,1.5354436175069133,12,0,1,154,6,-0.00912207522595618,-1.4074903737028717,-0.9567798877787418,-0.9651382841560215
2020-06-02 12:15:00,0.5582725684511977,8849.713333333333,56316.53333333333,13543907510.0,0.5465058591857984,1.7515590760050987,1.310032312015394,12,15,1,154,6,-0.00912207522595618,-1.4074903737028717,-0.9567798877787418,-0.9651382841560215
2020-06-02 12:30:00,-0.7989785578343084,0.0,0.0,0.0,0.7512993460287664,2.372109880762158,2.502451582972071,12,30,1,154,6,-0.00912207522595618,-1.4074903737028717,-0.9567798877787418,-0.9651382841560215
2020-06-02 12:45:00,1.0889073182727542,12293.598095238096,48983.857142857145,13363768275.495237,1.0448466835741155,2.709885018992504,2.4210302137732915,12,45,1,154,6,-0.00912207522595618,-1.4074903737028717,-0.9567798877787418,-0.9651382841560215
2020-06-02 13:00:00,0.8389624749046705,10691.98,70087.0,14192317678.0,0.8289975744490214,1.7449917720984478,0.944507709648827,13,0,1,154,6,-0.37506389171324067,-1.359287966667126,-0.9567798877787418,-0.9651382841560215
2020-06-02 13:15:00,1.5759874242823046,15464.837142857143,73329.51904761905,14192320920.519047,0.9738708746973419,1.7217393040881908,1.924847730296124,13,15,1,154,6,-0.37506389171324067,-1.359287966667126,-0.9567798877787418,-0.9651382841560215
2020-06-02 13:30:00,1.7278459795979018,16444.18666666667,77249.18571428572,14192324840.185715,1.042495709129691,1.9200780664346635,2.0559996030149956,13,30,1,154,6,-0.37506389171324067,-1.359287966667126,-0.9567798877787418,-0.9651382841560215
2020-06-02 13:45:00,1.557594260666921,15344.34857142857,81252.42380952381,14192328843.42381,1.1834075799904333,2.073063172827171,1.8582259065625766,13,45,1,154,6,-0.37506389171324067,-1.359287966667126,-0.9567798877787418,-0.9651382841560215
2020-06-02 14:00:00,2.038679841106566,18469.104285714286,85503.75714285714,14192333094.757143,1.1367265970859344,2.150314559950461,2.1519130572518708,14,0,1,154,6,-0.7160673781543613,-1.2179656599411317,-0.9567798877787418,-0.9651382841560215
2020-06-02 14:15:00,1.6308627932831683,15833.446666666667,89767.13333333333,14192337358.133333,0.9957492714391949,1.7503038102599064,1.4124253493651913,14,15,1,154,6,-0.7160673781543613,-1.2179656599411317,-0.9567798877787418,-0.9651382841560215
2020-06-02 14:30:00,1.1535501932681111,12731.236666666666,93291.77142857143,14192340882.77143,0.9384075869771922,1.3903847704172307,1.0532885652428345,14,30,1,154,6,-0.7160673781543613,-1.2179656599411317,-0.9567798877787418,-0.9651382841560215
2020-06-02 14:45:00,1.5653854741632698,15417.28238095238,96861.54761904762,14192344452.547619,0.939238946521489,1.4590682810993623,1.2594618281254186,14,45,1,154,6,-0.7160673781543613,-1.2179656599411317,-0.9567798877787418,-0.9651382841560215
2020-06-02 15:00:00,1.5607750526367823,15402.649523809523,100890.86666666667,14192348481.866667,0.9128198129647996,1.2550529347545274,0.682783163365607,15,0,1,154,6,-1.0088937104832625,-0.9931543351821105,-0.9567798877787418,-0.9651382841560215
2020-06-02 15:15:00,1.1742033632382471,12874.493333333332,103586.59999999999,14184280186.6,0.7509353722129825,0.6905036870097284,0.4459128826095065,15,15,1,154,6,-1.0088937104832625,-0.9931543351821105,-0.9567798877787418,-0.9651382841560215
2020-06-02 15:30:00,1.9559283726316792,17983.16380952381,108375.91428571429,14192355966.914286,0.962892141644303,1.1924886125842544,0.9259633044742234,15,30,1,154,6,-1.0088937104832625,-0.9931543351821105,-0.9567798877787418,-0.9651382841560215
2020-06-02 15:45:00,1.0369665609587295,12000.988571428572,112240.5,14192359831.499998,0.7493978469590327,0.7617559631227593,0.2491578473838512,15,45,1,154,6,-1.0088937104832625,-0.9931543351821105,-0.9567798877787418,-0.9651382841560215
2020-06-02 16:00:00,0.29397049097722777,7138.434285714286,83612.01904761905,10429091358.690475,0.6301560731935614,0.46323627705037695,0.4031935854800111,16,0,1,154,6,-1.2335872580701248,-0.7001745126541093,-0.9567798877787418,-0.9651382841560215
2020-06-02 16:15:00,-0.7989785578343084,0.0,0.0,0.0,0.6821745595766094,0.7371233402143076,0.3777735866432048,16,15,1,154,6,-1.2335872580701248,-0.7001745126541093,-0.9567798877787418,-0.9651382841560215
2020-06-02 16:30:00,-0.7989785578343084,0.0,0.0,937831977.6904762,0.7880040902301597,0.7296410746815375,0.4969562713353367,16,30,1,154,6,-1.2335872580701248,-0.7001745126541093,-0.9567798877787418,-0.9651382841560215
2020-06-02 16:45:00,0.8427917556896365,10737.665714285715,100198.43333333333,14192364051.804762,0.8182906680051625,0.6769609823886112,0.33671339463361366,16,45,1,154,6,-1.2335872580701248,-0.7001745126541093,-0.9567798877787418,-0.9651382841560215
2020-06-02 17:00:00,0.8440681112613547,10754.255714285715,119374.7619047619,14192366965.761906,0.6547121991143997,0.45421208802404023,0.21267203973481766,17,0,1,154,6,-1.3748355269705475,-0.3589922830903618,-0.9567798877787418,-0.9651382841560215
2020-06-02 17:15:00,0.5328706878564584,8732.167142857143,121760.19047619047,14192369351.190475,0.4658995115771017,0.21122671253241512,0.023035256841714955,17,15,1,154,6,-1.3748355269705475,-0.3589922830903618,-0.9567798877787418,-0.9651382841560215
2020-06-02 17:30:00,0.3064857970698775,7250.38,123775.97142857143,14192371366.97143,0.3337852245383639,0.07951848518656313,-0.09398970743742234,17,30,1,154,6,-1.3748355269705475,-0.3589922830903618,-0.9567798877787418,-0.9651382841560215
2020-06-02 17:45:00,-0.1306226371068113,4371.21,125277.93333333333,14192372868.933334,0.19664051006099498,-0.08311519382655863,-0.3465144778420306,17,45,1,154,6,-1.3748355269705475,-0.3589922830903618,-0.9567798877787418,-0.9651382841560215
2020-06-02 18:00:00,-0.3028828303642386,3234.8819047619045,126180.25238095238,14192373771.25238,0.09870795019111625,-0.2454193917657426,-0.4540756936715561,18,0,1,154,6,-1.423012681082767,0.00714134839465385,-0.9567798877787418,-0.9651382841560215
2020-06-02 18:15:00,-0.5315902358904786,1731.5,126814.13333333333,14192374405.133333,0.008906605142085607,-0.34845932798112317,-0.5946512592723661,18,15,1,154,6,-1.423012681082767,0.00714134839465385,-0.9567798877787418,-0.9651382841560215
2020-06-02 18:30:00,-0.7178816349311457,522.6166666666667,126832.04761904762,14184303432.047619,-0.11174081796495884,-0.4816846543952398,-0.7090280696646145,18,30,1,154,6,-1.423012681082767,0.00714134839465385,-0.9567798877787418,-0.9651382841560215
2020-06-02 18:45:00,-0.7953889638814217,23.087619047619047,127150.4,14192374741.4,-0.1832846334026877,-0.576233362180975,-0.7564913255223651,18,45,1,154,6,-1.423012681082767,0.00714134839465385,-0.9567798877787418,-0.9651382841560215
2020-06-02 19:00:00,-0.7989785578343084,0.0,127151.0,14192374742.0,-0.2558897820123793,-0.6331579177198948,-0.76135947749374,19,0,1,154,6,-1.3748355269705475,0.37327497987966957,-0.9567798877787418,-0.9651382841560215
2020-06-02 19:15:00,-0.7989785578343084,0.0,127151.0,14192374742.0,-0.33152700529386536,-0.6668905636302443,-0.76135947749374,19,15,1,154,6,-1.3748355269705475,0.37327497987966957,-0.9567798877787418,-0.9651382841560215
2020-06-02 19:30:00,-0.7989785578343084,0.0,127151.0,14192374742.0,-0.38305054703270136,-0.6878446849086481,-0.76135947749374,19,30,1,154,6,-1.3748355269705475,0.37327497987966957,-0.9567798877787418,-0.9651382841560215
2020-06-02 19:45:00,-0.7989785578343084,0.0,127151.0,14192374742.0,-0.4396985208087882,-0.7155289687744655,-0.76135947749374,19,45,1,154,6,-1.3748355269705475,0.37327497987966957,-0.9567798877787418,-0.9651382841560215
2020-06-02 20:00:00,-0.7989785578343084,0.0,127151.0,14192374742.0,-0.4432973148470095,-0.7173067170615015,-0.76135947749374,20,0,1,154,6,-1.233587258070125,0.7144572094434171,-0.9567798877787418,-0.9651382841560215
2020-06-02 20:15:00,-0.7989785578343084,0.0,126785.66666666667,14178424772.4,-0.468895371303873,-0.6998925637894908,-0.76135947749374,20,15,1,154,6,-1.233587258070125,0.7144572094434171,-0.9567798877787418,-0.9651382841560215
2020-06-02 20:30:00,-0.7989785578343084,0.0,127151.0,14192374742.0,-0.5077994773244731,-0.6884440395435873,-0.76135947749374,20,30,1,154,6,-1.233587258070125,0.7144572094434171,-0.9567798877787418,-0.9651382841560215
2020-06-02 20:45:00,-0.7989785578343084,0.0,127151.0,14192374742.0,-0.5658383138962401,-0.7076352871658247,-0.76135947749374,20,45,1,154,6,-1.233587258070125,0.7144572094434171,-0.9567798877787418,-0.9651382841560215
2020-06-02 21:00:00,-0.7989785578343084,0.0,127151.0,14192374742.0,-0.5910276426457192,-0.7199337492346454,-0.76135947749374,21,0,1,154,6,-1.0088937104832634,1.0074370319714179,-0.9567798877787418,-0.9651382841560215
2020-06-02 21:15:00,-0.7989785578343084,0.0,127151.0,14192374742.0,-0.6220469843725969,-0.7346102865488044,-0.76135947749374,21,15,1,154,6,-1.0088937104832634,1.0074370319714179,-0.9567798877787418,-0.9651382841560215
2020-06-02 21:30:00,-0.7989785578343084,0.0,127151.0,14192374742.0,-0.6672494972665627,-0.7471210129012781,-0.76135947749374,21,30,1,154,6,-1.0088937104832634,1.0074370319714179,-0.9567798877787418,-0.9651382841560215
2020-06-02 21:45:00,-0.7989785578343084,0.0,127151.0,14192374742.0,-0.7233602111602772,-0.8017065368839122,-0.76135947749374,21,45,1,154,6,-1.0088937104832634,1.0074370319714179,-0.9567798877787418,-0.9651382841560215
2020-06-02 22:00:00,-0.7989785578343084,0.0,127151.0,14192374742.0,-0.747046757844002,-0.8112848691774149,-0.76135947749374,22,0,1,154,6,-0.7160673781543622,1.2322483567304392,-0.9567798877787418,-0.9651382841560215
2020-06-02 22:15:00,-0.7989785578343084,0.0,127151.0,14192374742.0,-0.777144812083662,-0.8268760741417261,-0.76135947749374,22,15,1,154,6,-0.7160673781543622,1.2322483567304392,-0.9567798877787418,-0.9651382841560215
2020-06-02 22:30:00,-0.7989785578343084,0.0,127151.0,14192374742.0,-0.8110295384106577,-0.8198826907371486,-0.76135947749374,22,30,1,154,6,-0.7160673781543622,1.2322483567304392,-0.9567798877787418,-0.9651382841560215
2020-06-02 22:45:00,-0.7989785578343084,0.0,127151.0,14192374742.0,-0.843549600533236,-0.8231556241531791,-0.76135947749374,22,45,1,154,6,-0.7160673781543622,1.2322483567304392,-0.9567798877787418,-0.9651382841560215
2020-06-02 23:00:00,-0.7989785578343084,0.0,127151.0,14192374742.0,-0.8531552302970877,-0.8019839230898972,-0.76135947749374,23,0,1,154,6,-0.3750638917132417,1.373570663456434,-0.9567798877787418,-0.9651382841560215
2020-06-02 23:15:00,-0.7989785578343084,0.0,127151.0,14192374742.0,-0.8726270422830278,-0.8085009863798559,-0.76135947749374,23,15,1,154,6,-0.3750638917132417,1.373570663456434,-0.9567798877787418,-0.9651382841560215
2020-06-02 23:30:00,-0.7989785578343084,0.0,127151.0,14192374742.0,-0.8809522651133251,-0.7866970094735668,-0.76135947749374,23,30,1,154,6,-0.3750638917132417,1.373570663456434,-0.9567798877787418,-0.9651382841560215
2020-06-02 23:45:00,-0.7989785578343084,0.0,118724.30476190476,14192374742.0,-0.8751976749886942,-0.7767168798300067,-0.76135947749374,23,45,1,154,6,-0.3750638917132417,1.373570663456434,-0.9567798877787418,-0.9651382841560215
2020-06-03 00:00:00,-0.7989785578343084,0.0,56320.55238095238,14192374742.0,-0.8756327381023563,-0.7750206653911882,-0.76135947749374,0,0,2,155,6,-0.009122075225956353,1.4217730704921798,-1.1139671644546532,-1.0840898195560076
2020-06-03 00:15:00,-0.7989785578343084,0.0,42041.0,14184399321.928572,-0.8504300360224416,-0.7716267071329043,-0.76135947749374,0,15,2,155,6,-0.009122075225956353,1.4217730704921798,-1.1139671644546532,-1.0840898195560076
2020-06-03 00:30:00,-0.7989785578343084,0.0,40035.666666666664,14192374742.0,-0.8693164427331956,-0.7712931719940234,-0.76135947749374,0,30,2,155,6,-0.009122075225956353,1.4217730704921798,-1.1139671644546532,-1.0840898195560076
2020-06-03 00:45:00,-0.7989785578343084,0.0,33676.42857142857,14192374742.0,-0.9057291154810573,-0.7909446373236412,-0.76135947749374,0,45,2,155,6,-0.009122075225956353,1.4217730704921798,-1.1139671644546532,-1.0840898195560076
2020-06-03 01:00:00,-0.7989785578343084,0.0,30545.0,14192374742.0,-0.9132679102213468,-0.7827848012408137,-0.76135947749374,1,0,2,155,6,0.35681974126132787,1.3735706634564342,-1.1139671644546532,-1.0840898195560076
2020-06-03 01:15:00,-0.7989785578343084,0.0,25193.86666666667,14192374742.0,-0.946029969501818,-0.793474465003631,-0.76135947749374,1,15,2,155,6,0.35681974126132787,1.3735706634564342,-1.1139671644546532,-1.0840898195560076
2020-06-03 01:30:00,-0.7989785578343084,0.0,23248.0,14192374742.0,-1.136331225724842,-0.9350573387819471,-0.76135947749374,1,30,2,155,6,0.35681974126132787,1.3735706634564342,-1.1139671644546532,-1.0840898195560076
2020-06-03 01:45:00,-0.7989785578343084,0.0,23248.0,14192374742.0,-1.1680654188909614,-0.9597900165012957,-0.76135947749374,1,45,2,155,6,0.35681974126132787,1.3735706634564342,-1.1139671644546532,-1.0840898195560076
2020-06-03 02:00:00,-0.7989785578343084,0.0,23248.0,14192374742.0,-1.1123864362470137,-0.9489296549210935,-0.76135947749374,2,0,2,155,6,0.6978232277024489,1.2322483567304396,-1.1139671644546532,-1.0840898195560076
2020-06-03 02:15:00,-0.7989785578343084,0.0,23248.0,14192374742.0,-1.0827595729203439,-0.9117017577716213,-0.76135947749374,2,15,2,155,6,0.6978232277024489,1.2322483567304396,-1.1139671644546532,-1.0840898195560076
2020-06-03 02:30:00,-0.7989785578343084,0.0,23248.0,14192374742.0,-1.0712444122088136,-0.8543176392249626,-0.76135947749374,2,30,2,155,6,0.6978232277024489,1.2322483567304396,-1.1139671644546532,-1.0840898195560076
2020-06-03 02:45:00,-0.7989785578343084,0.0,23248.0,14192374742.0,-1.1159674672706614,-0.8463339540563706,-0.76135947749374,2,45,2,155,6,0.6978232277024489,1.2322483567304396,-1.1139671644546532,-1.0840898195560076
2020-06-03 03:00:00,-0.7989785578343084,0.0,23248.0,14192374742.0,-1.1480729771980973,-0.8864925863936195,-0.76135947749374,3,0,2,155,6,0.9906495600313504,1.007437031971418,-1.1139671644546532,-1.0840898195560076
2020-06-03 03:15:00,-0.7989785578343084,0.0,23248.0,14192374742.0,-1.1737873399106449,-0.9136163592611422,-0.76135947749374,3,15,2,155,6,0.9906495600313504,1.007437031971418,-1.1139671644546532,-1.0840898195560076
2020-06-03 03:30:00,-0.7989785578343084,0.0,22754.4,14192374742.0,-1.180756970694317,-0.9252797229171866,-0.76135947749374,3,30,2,155,6,0.9906495600313504,1.007437031971418,-1.1139671644546532,-1.0840898195560076
2020-06-03 03:45:00,-0.7989785578343084,0.0,15844.0,14192374742.0,-1.1648452130487787,-0.9159707255306966,-0.76135947749374,3,45,2,155,6,0.9906495600313504,1.007437031971418,-1.1139671644546532,-1.0840898195560076
2020-06-03 04:00:00,-0.7989785578343084,0.0,15844.0,14192374742.0,-1.1577438431677451,-0.8878127081192116,-0.76135947749374,4,0,2,155,6,1.2153431076182126,0.7144572094434171,-1.1139671644546532,-1.0840898195560076
2020-06-03 04:15:00,-0.7989785578343084,0.0,15844.0,14192374742.0,-1.145777649225345,-0.8907085879411156,-0.76135947749374,4,15,2,155,6,1.2153431076182126,0.7144572094434171,-1.1139671644546532,-1.0840898195560076
2020-06-03 04:30:00,-0.7989785578343084,0.0,15844.0,14192374742.0,-1.1229973411867025,-0.8744395306560742,-0.76135947749374,4,30,2,155,6,1.2153431076182126,0.7144572094434171,-1.1139671644546532,-1.0840898195560076
2020-06-03 04:45:00,-0.7989785578343084,0.0,15844.0,14192374742.0,-1.1269391167060379,-0.8787974311511922,-0.76135947749374,4,45,2,155,6,1.2153431076182126,0.7144572094434171,-1.1139671644546532,-1.0840898195560076
2020-06-03 05:00:00,-0.7989785578343084,0.0,15844.0,14192374742.0,-1.1187319374392517,-0.8670689236414276,-0.76135947749374,5,0,2,155,6,1.3565913765186348,0.37327497987967023,-1.1139671644546532,-1.0840898195560076
2020-06-03 05:15:00,-0.7989785578343084,0.0,15844.0,14192374742.0,-1.1357447334853914,-0.8875997037942089,-0.76135947749374,5,15,2,155,6,1.3565913765186348,0.37327497987967023,-1.1139671644546532,-1.0840898195560076
2020-06-03 05:30:00,-0.7989785578343084,0.0,10364.8,14192374742.0,-1.1801973093096008,-0.9426462079337309,-0.76135947749374,5,30,2,155,6,1.3565913765186348,0.37327497987967023,-1.1139671644546532,-1.0840898195560076
2020-06-03 05:45:00,-0.7989785578343084,0.0,7138.0,14192374742.0,-1.1925660645690204,-0.9613303677049744,-0.7599560051170916,5,45,2,155,6,1.3565913765186348,0.37327497987967023,-1.1139671644546532,-1.0840898195560076
2020-06-03 06:00:00,-0.7894249789379316,61.51095238095238,5711.799999999999,14192374743.4,-1.1794544836522756,-0.9413269717594857,-0.7447546623488152,6,0,2,155,6,1.4047685306308542,0.007141348394654197,-1.1139671644546532,-1.0840898195560076
2020-06-03 06:15:00,-0.7068085171573864,594.12,71.8,14192374813.800001,-1.161172599079268,-0.9131018352389604,-0.7034082297624212,6,15,2,155,6,1.4047685306308542,0.007141348394654197,-1.1139671644546532,-1.0840898195560076
2020-06-03 06:30:00,-0.602700516668956,1267.9133333333334,304.40000000000003,14078494535.066666,-1.1494220820002052,-0.8254885139669975,-0.6376470256559709,6,30,2,155,6,1.4047685306308542,0.007141348394654197,-1.1139671644546532,-1.0840898195560076
2020-06-03 06:45:00,-0.45050915415335385,2260.592380952381,710.6285714285714,14192375452.62857,-1.0929767088641802,-0.7344642862407267,-0.5415690251611968,6,45,2,155,6,1.4047685306308542,0.007141348394654197,-1.1139671644546532,-1.0840898195560076
2020-06-03 07:00:00,-0.3068114395416589,3204.5090476190476,1424.6,14192376166.6,-1.0131343139036768,-0.6385196160790653,-0.439326809705146,7,0,2,155,6,1.3565913765186348,-0.3589922830903618,-1.1139671644546532,-1.0840898195560076
2020-06-03 07:15:00,-0.22811081410645842,3729.4761904761904,2302.6714285714284,14192377044.671429,-0.9402418324433565,-0.5673943077379435,-0.38473363840446273,7,15,2,155,6,1.3565913765186348,-0.3589922830903618,-1.1139671644546532,-1.0840898195560076
2020-06-03 07:30:00,-0.16374323288846448,4153.946666666667,3248.3333333333335,14192377990.333332,-0.909366748522671,-0.5512391701925883,-0.3349081936248193,7,30,2,155,6,1.3565913765186348,-0.3589922830903618,-1.1139671644546532,-1.0840898195560076
2020-06-03 07:45:00,0.40843333366582113,7899.3852380952385,4513.619047619048,14111352651.619047,-0.8318295009131834,-0.4583676430699046,0.08493772740114061,7,45,2,155,6,1.3565913765186348,-0.3589922830903618,-1.1139671644546532,-1.0840898195560076
2020-06-03 08:00:00,0.6363962757448798,9401.52619047619,7106.452380952382,14192381848.452381,-0.635251682074553,-0.0684324249465933,0.2683211271866694,8,0,2,155,6,1.2153431076182126,-0.7001745126541085,-1.1139671644546532,-1.0840898195560076
2020-06-03 08:15:00,0.6597310268848694,9556.038095238095,9327.638095238095,14192384069.638096,-0.6427731129115263,-0.11053993619945902,0.2259562285651911,8,15,2,155,6,1.2153431076182126,-0.7001745126541085,-1.1139671644546532,-1.0840898195560076
2020-06-03 08:30:00,0.8695760991259069,10916.765714285713,11856.852380952381,14192386598.85238,-0.5288105408082552,-0.024209125751215473,0.28892616742102695,8,30,2,155,6,1.2153431076182126,-0.7001745126541085,-1.1139671644546532,-1.0840898195560076
2020-06-03 08:45:00,0.9177120509700605,11230.466666666667,14678.066666666668,14192389420.066666,-0.4459246016520958,0.053679464149303704,0.32269824133920433,8,45,2,155,6,1.2153431076182126,-0.7001745126541085,-1.1139671644546532,-1.0840898195560076
2020-06-03 09:00:00,1.4703041554089438,14829.678571428572,17881.309523809523,14192392623.309523,-0.3183999148974437,0.23659800750823198,0.7318170469517467,9,0,2,155,6,0.9906495600313506,-0.9931543351821099,-1.1139671644546532,-1.0840898195560076
2020-06-03 09:15:00,0.587136600104482,9070.894285714285,21166.614285714284,14192395908.614285,-0.32152853266657316,0.1800351041978173,0.12109320221239489,9,15,2,155,6,0.9906495600313506,-0.9931543351821099,-1.1139671644546532,-1.0840898195560076
2020-06-03 09:30:00,0.8704512165146,10925.244761904762,23330.580952380955,14192398072.58095,-0.34357573161250404,0.01760940550524119,0.2612574072300277,9,30,2,155,6,0.9906495600313506,-0.9931543351821099,-1.1139671644546532,-1.0840898195560076
2020-06-03 09:45:00,1.3663799695318368,14152.994761904762,26264.719047619048,14192401006.719048,-0.29020229785949964,0.1697398730339156,0.5373451040239563,9,45,2,155,6,0.9906495600313506,-0.9931543351821099,-1.1139671644546532,-1.0840898195560076
2020-06-03 10:00:00,1.0865327845689432,12326.486666666666,30004.399999999998,14192404746.4,-0.1801233589418073,0.38134998378326046,0.3750337728548431,10,0,2,155,6,0.6978232277024489,-1.2179656599411315,-1.1139671644546532,-1.0840898195560076
2020-06-03 10:15:00,0.5930334384838201,9107.088095238096,32799.24761904762,14192407541.24762,-0.18822251614256844,0.22418673056496424,0.1254238567717917,10,15,2,155,6,0.6978232277024489,-1.2179656599411315,-1.1139671644546532,-1.0840898195560076
2020-06-03 10:30:00,0.7274606458463125,9989.834285714285,34751.938095238096,14192409493.938095,-0.23625070705875503,-0.00850967736746559,0.1078229698095662,10,30,2,155,6,0.6978232277024489,-1.2179656599411315,-1.1139671644546532,-1.0840898195560076
2020-06-03 10:45:00,-0.28965666978478527,3321.8914285714286,10022.1,3861019923.119048,0.11457167578172811,0.8836509339988977,1.772241728397419,10,45,2,155,6,0.6978232277024489,-1.2179656599411315,-1.1139671644546532,-1.0840898195560076
2020-06-03 11:00:00,0.38424508618808206,7721.113333333334,22865.133333333335,10418419439.066666,0.22079718740880322,1.2432725587468827,1.0854550272972214,11,0,2,155,6,0.35681974126132826,-1.359287966667126,-1.1139671644546532,-1.0840898195560076
2020-06-03 11:15:00,1.2169407598672215,13158.219523809523,40496.2,14192415238.2,0.1446483674496348,0.6808143293477694,1.0058303793104166,11,15,2,155,6,0.35681974126132826,-1.359287966667126,-1.1139671644546532,-1.0840898195560076
2020-06-03 11:30:00,1.1519235481284626,12717.717142857142,44003.04285714286,14192418745.042858,0.28564660798348845,0.9325858664933225,1.3269910678273882,11,30,2,155,6,0.35681974126132826,-1.359287966667126,-1.1139671644546532,-1.0840898195560076
2020-06-03 11:45:00,0.7869190354378142,10347.827142857142,46526.490476190476,14192421268.490475,0.22452043102957095,0.6840259772135314,1.0488177502059044,11,45,2,155,6,0.35681974126132826,-1.359287966667126,-1.1139671644546532,-1.0840898195560076
2020-06-03 12:00:00,1.2550217813168771,13380.495714285715,49614.54761904762,14192424356.547619,0.43006094728590283,1.214700427317263,1.7102448868925737,12,0,2,155,6,-0.00912207522595618,-1.4074903737028717,-1.1139671644546532,-1.0840898195560076
2020-06-03 12:15:00,0.8914845031130441,11024.733333333334,52706.46666666667,14192427448.466667,0.4603705674619885,0.998738736603764,1.1126998409491995,12,15,2,155,6,-0.00912207522595618,-1.4074903737028717,-1.1139671644546532,-1.0840898195560076
2020-06-03 12:30:00,0.6205266384219884,9273.391904761904,55166.3,14192429908.3,0.32444951919622983,0.6183249031570843,0.7588185752094851,12,30,2,155,6,-0.00912207522595618,-1.4074903737028717,-1.1139671644546532,-1.0840898195560076
2020-06-03 12:45:00,0.11706855064425577,5997.613333333333,57081.13333333333,14192431823.133333,0.2932077316359021,0.3862357985578074,0.06518267379207449,12,45,2,155,6,-0.00912207522595618,-1.4074903737028717,-1.1139671644546532,-1.0840898195560076
2020-06-03 13:00:00,-0.4361524909002978,2357.457619047619,58077.433333333334,14192432819.433332,-0.17054321535966968,-0.20659396780462738,-0.563876827330729,13,0,2,155,6,-0.37506389171324067,-1.359287966667126,-1.1139671644546532,-1.0840898195560076
2020-06-03 13:15:00,1.225513542244715,13234.459047619048,59699.15238095238,14192434441.152382,-0.3867225662481789,-0.27716630954528004,0.40500811576596174,13,15,2,155,6,-0.37506389171324067,-1.359287966667126,-1.1139671644546532,-1.0840898195560076
2020-06-03 13:30:00,1.0832441014141747,12306.115714285714,63304.114285714284,14192438046.114286,-0.0330762551065055,0.3081218204397335,0.4645623032415182,13,30,2,155,6,-0.37506389171324067,-1.359287966667126,-1.1139671644546532,-1.0840898195560076
2020-06-03 13:45:00,0.9909147214410235,11607.276666666667,65293.7,14192440035.699999,0.0014457457125628898,0.19735629255255774,0.28871341827494035,13,45,2,155,6,-0.37506389171324067,-1.359287966667126,-1.1139671644546532,-1.0840898195560076
2020-06-03 14:15:00,1.5144018229756753,15077.14380952381,73946.48095238095,14192448688.480951,0.40168657325369106,0.9671557085345501,1.5301501374848083,14,15,2,155,6,-0.7160673781543613,-1.2179656599411317,-1.1139671644546532,-1.0840898195560076
2020-06-03 14:30:00,0.7204435801443153,9933.102857142858,76731.77142857143,14170478617.171429,0.21095700543668083,0.5330246819577285,0.556083162734803,14,30,2,155,6,-0.7160673781543613,-1.2179656599411317,-1.1139671644546532,-1.0840898195560076
2020-06-03 14:45:00,1.4335049126328931,14579.19380952381,79781.06666666667,14192454523.066668,0.18811407686866083,0.3724409472313814,0.8521584671369736,14,45,2,155,6,-0.7160673781543613,-1.2179656599411317,-1.1139671644546532,-1.0840898195560076
2020-06-03 15:00:00,1.3424204913257995,13955.545714285714,83513.2619047619,14192458255.261906,0.42251752539163634,1.1158997723420612,1.5169143521248838,15,0,2,155,6,-1.0088937104832625,-0.9931543351821105,-1.1139671644546532,-1.0840898195560076
2020-06-03 15:15:00,0.9212974348833244,11238.52,86620.8,14192461362.8,0.3615562043246594,0.8960326566790814,0.6869980549440805,15,15,2,155,6,-1.0088937104832625,-0.9931543351821105,-1.1139671644546532,-1.0840898195560076
2020-06-03 15:30:00,0.6153436515068125,9260.90380952381,89245.17142857143,14192463987.17143,0.20926475805175127,0.3088909366124526,0.1296176457403094,15,30,2,155,6,-1.0088937104832625,-0.9931543351821105,-1.1139671644546532,-1.0840898195560076
2020-06-03 15:45:00,1.4748021902844861,14860.613333333333,92198.66666666667,14192466940.666666,0.20563638876292697,0.3174719402295417,0.5998497599169946,15,45,2,155,6,-1.0088937104832625,-0.9931543351821105,-1.1139671644546532,-1.0840898195560076
2020-06-03 16:00:00,0.7226237384594437,9963.444285714286,95554.66666666666,14192470296.666666,0.25877009589361616,0.3288265987025329,0.1891884903366797,16,0,2,155,6,-1.2335872580701248,-0.7001745126541093,-1.1139671644546532,-1.0840898195560076
2020-06-03 16:15:00,0.19521930209076843,6516.0142857142855,97519.34761904762,14192472261.34762,0.15132186388654337,0.048499847047316344,-0.14778082077921323,16,15,2,155,6,-1.2335872580701248,-0.7001745126541093,-1.1139671644546532,-1.0840898195560076
2020-06-03 16:30:00,0.032609090501417325,5442.245714285714,98918.49047619046,14192473660.490477,-0.008179334855828045,-0.1356261175873951,-0.24987934025686703,16,30,2,155,6,-1.2335872580701248,-0.7001745126541093,-1.1139671644546532,-1.0840898195560076
2020-06-03 16:45:00,0.15306224872029375,6235.578571428571,100328.98095238095,14192475070.980951,-0.0922054018387294,-0.16923780092156712,-0.1789373095093046,16,45,2,155,6,-1.2335872580701248,-0.7001745126541093,-1.1139671644546532,-1.0840898195560076
2020-06-03 17:00:00,0.03320127895614367,5448.073333333334,101922.61904761904,14192476664.619047,-0.16606333316206534,-0.17758247608606917,-0.25872492659083773,17,0,2,155,6,-1.3748355269705475,-0.3589922830903618,-1.1139671644546532,-1.0840898195560076
2020-06-03 17:15:00,-0.21547998167229737,3815.6847619047617,103050.4,14192477792.4,-0.30111025113501966,-0.33548974652800523,-0.40391730656263874,17,15,2,155,6,-1.3748355269705475,-0.3589922830903618,-1.1139671644546532,-1.0840898195560076
2020-06-03 17:30:00,-0.30211867249441526,3237.7599999999998,103919.33333333333,14192478661.333334,-0.3720853902388842,-0.4270105063370233,-0.45570446545288573,17,30,2,155,6,-1.3748355269705475,-0.3589922830903618,-1.1139671644546532,-1.0840898195560076
2020-06-03 17:45:00,-0.39439788877511245,2626.187619047619,104667.75714285714,14192479409.757141,-0.43251213915041525,-0.4843531323166594,-0.5111287579622412,17,45,2,155,6,-1.3748355269705475,-0.3589922830903618,-1.1139671644546532,-1.0840898195560076
2020-06-03 18:00:00,-0.5421588624755506,1662.5423809523809,105215.34761904762,14192479957.34762,-0.4502242741877476,-0.5421465017389693,-0.5997309391703474,18,0,2,155,6,-1.423012681082767,0.00714134839465385,-1.1139671644546532,-1.0840898195560076
2020-06-03 18:15:00,-0.6754485742172704,796.7395238095238,105511.64285714286,14192480253.642857,-0.49171799404097216,-0.589344354655986,-0.6807390592643364,18,15,2,155,6,-1.423012681082767,0.00714134839465385,-1.1139671644546532,-1.0840898195560076
2020-06-03 18:30:00,-0.7572071869072361,268.99857142857144,105643.88095238095,14192480385.880953,-0.5476686025241349,-0.6372973121626881,-0.7309247612991274,18,30,2,155,6,-1.423012681082767,0.00714134839465385,-1.1139671644546532,-1.0840898195560076
2020-06-03 18:45:00,-0.7989785578343084,0.0,105672.0,14192480414.0,-0.6316708496620507,-0.7120965522045059,-0.7585404124475524,18,45,2,155,6,-1.423012681082767,0.00714134839465385,-1.1139671644546532,-1.0840898195560076
2020-06-03 19:00:00,-0.7989785578343084,0.0,105672.0,14192480414.0,-0.6833974278520935,-0.7516797406513808,-0.76135947749374,19,0,2,155,6,-1.3748355269705475,0.37327497987966957,-1.1139671644546532,-1.0840898195560076
2020-06-03 19:15:00,-0.7989785578343084,0.0,105672.0,14192480414.0,-0.7530944591623039,-0.7928035679845467,-0.76135947749374,19,15,2,155,6,-1.3748355269705475,0.37327497987966957,-1.1139671644546532,-1.0840898195560076
2020-06-03 19:30:00,-0.7989785578343084,0.0,105672.0,14192480414.0,-0.8295259891357565,-0.8326828120660539,-0.76135947749374,19,30,2,155,6,-1.3748355269705475,0.37327497987966957,-1.1139671644546532,-1.0840898195560076
2020-06-03 19:45:00,-0.7989785578343084,0.0,105672.0,14192480414.0,-0.8816584443155842,-0.8419868962492794,-0.76135947749374,19,45,2,155,6,-1.3748355269705475,0.37327497987966957,-1.1139671644546532,-1.0840898195560076
2020-06-03 20:00:00,-0.7989785578343084,0.0,105672.0,14192480414.0,-0.9174974743715091,-0.828583443743189,-0.76135947749374,20,0,2,155,6,-1.233587258070125,0.7144572094434171,-1.1139671644546532,-1.0840898195560076
2020-06-03 20:15:00,-0.7989785578343084,0.0,105672.0,14192480414.0,-0.9438256467215782,-0.825827622253245,-0.76135947749374,20,15,2,155,6,-1.233587258070125,0.7144572094434171,-1.1139671644546532,-1.0840898195560076
2020-06-03 20:30:00,-0.7989785578343084,0.0,105672.0,14192480414.0,-0.958221155062395,-0.8264029756528014,-0.76135947749374,20,30,2,155,6,-1.233587258070125,0.7144572094434171,-1.1139671644546532,-1.0840898195560076
2020-06-03 20:45:00,-0.7989785578343084,0.0,105280.06666666667,14185359868.8,-0.9902988424286241,-0.8434186213784614,-0.76135947749374,20,45,2,155,6,-1.233587258070125,0.7144572094434171,-1.1139671644546532,-1.0840898195560076
2020-06-03 21:00:00,-0.7989785578343084,0.0,105672.0,14192480414.0,-1.0039321041262301,-0.8496109040632698,-0.76135947749374,21,0,2,155,6,-1.0088937104832634,1.0074370319714179,-1.1139671644546532,-1.0840898195560076
2020-06-03 21:15:00,-0.7989785578343084,0.0,105672.0,14192480414.0,-1.060211310163952,-0.8658485692348274,-0.76135947749374,21,15,2,155,6,-1.0088937104832634,1.0074370319714179,-1.1139671644546532,-1.0840898195560076
2020-06-03 21:30:00,-0.7989785578343084,0.0,105672.0,14192480414.0,-1.139791089916756,-0.897125959336989,-0.76135947749374,21,30,2,155,6,-1.0088937104832634,1.0074370319714179,-1.1139671644546532,-1.0840898195560076
2020-06-03 21:45:00,-0.7989785578343084,0.0,105672.0,14192480414.0,-1.1578622893505905,-0.9148048109343087,-0.76135947749374,21,45,2,155,6,-1.0088937104832634,1.0074370319714179,-1.1139671644546532,-1.0840898195560076
2020-06-03 22:00:00,-0.7989785578343084,0.0,105672.0,14192480414.0,-1.1650696622642283,-0.9141451437399454,-0.76135947749374,22,0,2,155,6,-0.7160673781543622,1.2322483567304392,-1.1139671644546532,-1.0840898195560076
2020-06-03 22:15:00,-0.7989785578343084,0.0,105672.0,14192480414.0,-1.1924792812126352,-0.9328213306884473,-0.76135947749374,22,15,2,155,6,-0.7160673781543622,1.2322483567304392,-1.1139671644546532,-1.0840898195560076
2020-06-03 22:30:00,-0.7989785578343084,0.0,105672.0,14192480414.0,-1.1687398815661918,-0.9304794888630434,-0.76135947749374,22,30,2,155,6,-0.7160673781543622,1.2322483567304392,-1.1139671644546532,-1.0840898195560076
2020-06-03 22:45:00,-0.7989785578343084,0.0,105672.0,14192480414.0,-1.1475177222283433,-0.9154943795751801,-0.76135947749374,22,45,2,155,6,-0.7160673781543622,1.2322483567304392,-1.1139671644546532,-1.0840898195560076
2020-06-03 23:00:00,-0.7989785578343084,0.0,105672.0,14192480414.0,-1.147503155881765,-0.913967727289209,-0.76135947749374,23,0,2,155,6,-0.3750638917132417,1.373570663456434,-1.1139671644546532,-1.0840898195560076
2020-06-03 23:15:00,-0.7989785578343084,0.0,105672.0,14192480414.0,-1.14883134876513,-0.9196141156743877,-0.76135947749374,23,15,2,155,6,-0.3750638917132417,1.373570663456434,-1.1139671644546532,-1.0840898195560076
2020-06-03 23:30:00,-0.7989785578343084,0.0,105672.0,14192480414.0,-1.1594482975823315,-0.9252298987108253,-0.76135947749374,23,30,2,155,6,-0.3750638917132417,1.373570663456434,-1.1139671644546532,-1.0840898195560076
2020-06-03 23:45:00,-0.7989785578343084,0.0,96759.93809523809,14192480414.0,-1.1785811982663998,-0.9265661010076226,-0.76135947749374,23,45,2,155,6,-0.3750638917132417,1.373570663456434,-1.1139671644546532,-1.0840898195560076
2020-06-04 00:00:00,-0.7989785578343084,0.0,44605.09523809524,14192480414.0,-1.228626245438163,-0.9327793111006109,-0.76135947749374,0,0,3,156,6,-0.009122075225956353,1.4217730704921798,-1.2725466572647544,-1.199109854616068
2020-06-04 00:15:00,-0.7989785578343084,0.0,33253.0,14192480414.0,-1.2230643782872748,-0.9349170708621912,-0.76135947749374,0,15,3,156,6,-0.009122075225956353,1.4217730704921798,-1.2725466572647544,-1.199109854616068
2020-06-04 00:30:00,-0.7989785578343084,0.0,33253.0,14192480414.0,-1.2260356166917834,-0.9377000539960294,-0.76135947749374,0,30,3,156,6,-0.009122075225956353,1.4217730704921798,-1.2725466572647544,-1.199109854616068
2020-06-04 00:45:00,-0.7989785578343084,0.0,31601.0,14192480414.0,-1.2348045567926347,-0.9408368139872821,-0.76135947749374,0,45,3,156,6,-0.009122075225956353,1.4217730704921798,-1.2725466572647544,-1.199109854616068
2020-06-04 01:00:00,-0.7989785578343084,0.0,27643.285714285714,14192480414.0,-1.2361720656815305,-0.9450272700435478,-0.76135947749374,1,0,3,156,6,0.35681974126132787,1.3735706634564342,-1.2725466572647544,-1.199109854616068
2020-06-04 01:15:00,-0.7989785578343084,0.0,26091.0,14192480414.0,-1.2414122584298939,-0.9542104565865756,-0.76135947749374,1,15,3,156,6,0.35681974126132787,1.3735706634564342,-1.2725466572647544,-1.199109854616068
2020-06-04 01:30:00,-0.7989785578343084,0.0,20499.4,14042623455.6,-1.2223736340855111,-0.9549594886607007,-0.76135947749374,1,30,3,156,6,0.35681974126132787,1.3735706634564342,-1.2725466572647544,-1.199109854616068
2020-06-04 01:45:00,-0.7989785578343084,0.0,20100.0,14192480414.0,-1.2026504008967387,-0.941810939349458,-0.76135947749374,1,45,3,156,6,0.35681974126132787,1.3735706634564342,-1.2725466572647544,-1.199109854616068
2020-06-04 02:00:00,-0.7989785578343084,0.0,20100.0,14192480414.0,-1.2127936022221435,-0.9439263583678676,-0.76135947749374,2,0,3,156,6,0.6978232277024489,1.2322483567304396,-1.2725466572647544,-1.199109854616068
2020-06-04 02:15:00,-0.7989785578343084,0.0,20100.0,14192480414.0,-1.2341649948992284,-0.949123740753153,-0.76135947749374,2,15,3,156,6,0.6978232277024489,1.2322483567304396,-1.2725466572647544,-1.199109854616068
2020-06-04 02:30:00,-0.7989785578343084,0.0,20100.0,14192480414.0,-1.258356472104177,-0.9626137507305009,-0.76135947749374,2,30,3,156,6,0.6978232277024489,1.2322483567304396,-1.2725466572647544,-1.199109854616068
2020-06-04 02:45:00,-0.7989785578343084,0.0,20100.0,14192480414.0,-1.2326359697166198,-0.9661581166478724,-0.76135947749374,2,45,3,156,6,0.6978232277024489,1.2322483567304396,-1.2725466572647544,-1.199109854616068
2020-06-04 03:00:00,-0.7989785578343084,0.0,20100.0,14192480414.0,-1.2362838274543526,-0.9662237478551987,-0.76135947749374,3,0,3,156,6,0.9906495600313504,1.007437031971418,-1.2725466572647544,-1.199109854616068
2020-06-04 03:15:00,-0.7989785578343084,0.0,20100.0,14192480414.0,-1.2572410735240032,-0.9742927415501197,-0.76135947749374,3,15,3,156,6,0.9906495600313504,1.007437031971418,-1.2725466572647544,-1.199109854616068
2020-06-04 03:30:00,-0.7989785578343084,0.0,20100.0,14192480414.0,-1.264834783436766,-0.9941566308811165,-0.76135947749374,3,30,3,156,6,0.9906495600313504,1.007437031971418,-1.2725466572647544,-1.199109854616068
2020-06-04 03:45:00,-0.7989785578343084,0.0,19663.35714285714,14192480414.0,-1.2715215169288017,-1.0085243022456036,-0.76135947749374,3,45,3,156,6,0.9906495600313504,1.007437031971418,-1.2725466572647544,-1.199109854616068
2020-06-04 04:00:00,-0.7989785578343084,0.0,13987.0,14192480414.0,-1.2967803458171303,-1.0339200270724267,-0.76135947749374,4,0,3,156,6,1.2153431076182126,0.7144572094434171,-1.2725466572647544,-1.199109854616068
2020-06-04 04:15:00,-0.7989785578343084,0.0,13987.0,14192480414.0,-1.3459317337693655,-1.0585884875869187,-0.76135947749374,4,15,3,156,6,1.2153431076182126,0.7144572094434171,-1.2725466572647544,-1.199109854616068
2020-06-04 04:30:00,-0.7989785578343084,0.0,13987.0,14192480414.0,-1.3467709009445106,-1.0487709119685205,-0.76135947749374,4,30,3,156,6,1.2153431076182126,0.7144572094434171,-1.2725466572647544,-1.199109854616068
2020-06-04 04:45:00,-0.7989785578343084,0.0,13987.0,14192480414.0,-1.3109492016000894,-1.0104471991399926,-0.76135947749374,4,45,3,156,6,1.2153431076182126,0.7144572094434171,-1.2725466572647544,-1.199109854616068
2020-06-04 05:00:00,-0.7989785578343084,0.0,13987.0,14192480414.0,-1.2790178906489036,-0.9886887260517805,-0.76135947749374,5,0,3,156,6,1.3565913765186348,0.37327497987967023,-1.2725466572647544,-1.199109854616068
2020-06-04 05:15:00,-0.7989785578343084,0.0,13987.0,14192480414.0,-1.2863567983818587,-0.9827215607795496,-0.76135947749374,5,15,3,156,6,1.3565913765186348,0.37327497987967023,-1.2725466572647544,-1.199109854616068
2020-06-04 05:30:00,-0.7989785578343084,0.0,9500.533333333333,14192480414.0,-1.3049571955966872,-0.9959991001274794,-0.76135947749374,5,30,3,156,6,1.3565913765186348,0.37327497987967023,-1.2725466572647544,-1.199109854616068
2020-06-04 05:45:00,-0.7989785578343084,0.0,1984.5333333333333,14192480414.0,-1.296438640196749,-0.9842770550352299,-0.7602865227523736,5,45,3,156,6,1.3565913765186348,0.37327497987967023,-1.2725466572647544,-1.199109854616068
2020-06-04 06:00:00,-0.7796123755698526,124.73142857142858,5.976190476190476,14192480419.97619,-1.2701683889017141,-0.9664630785242357,-0.7407929998650035,6,0,3,156,6,1.4047685306308542,0.007141348394654197,-1.2725466572647544,-1.199109854616068
2020-06-04 06:15:00,-0.703122235006385,617.92,91.86666666666666,14192480506.733334,-1.2469985995472592,-0.938281971937091,-0.700117036770656,6,15,3,156,6,1.4047685306308542,0.007141348394654197,-1.2725466572647544,-1.199109854616068
2020-06-04 06:30:00,-0.5900894500140406,1349.9142857142856,331.4095238095238,14192480746.409523,-1.1856896984495071,-0.8666663899688212,-0.6301755602202967,6,30,3,156,6,1.4047685306308542,0.007141348394654197,-1.2725466572647544,-1.199109854616068
2020-06-04 06:45:00,-0.4618955274176839,2185.7666666666664,774.8,14180358253.533335,-1.1162871696904044,-0.7538401873860173,-0.5465714951993622,6,45,3,156,6,1.4047685306308542,0.007141348394654197,-1.2725466572647544,-1.199109854616068
2020-06-04 07:00:00,-0.24861848796149802,3593.349523809524,1474.3571428571427,14192481889.357143,-1.0351106836891537,-0.6158921752063229,-0.4221408058085257,7,0,3,156,6,1.3565913765186348,-0.3589922830903618,-1.2725466572647544,-1.199109854616068
2020-06-04 07:15:00,-0.09859201344781672,4582.271428571428,2552.9095238095238,14192482967.909523,-0.9461190417437304,-0.478738375478521,-0.3155830472838025,7,15,3,156,6,1.3565913765186348,-0.3589922830903618,-1.2725466572647544,-1.199109854616068
2020-06-04 07:30:00,-0.0021831764368658497,5214.36,3692.0,14192484128.733334,-0.9002217970434991,-0.44367799965301624,-0.2563239686806394,7,30,3,156,6,1.3565913765186348,-0.3589922830903618,-1.2725466572647544,-1.199109854616068
2020-06-04 07:45:00,0.31267698143978634,7290.57619047619,5207.442857142857,14192424825.442858,-0.8491889252217381,-0.3151767782514091,-0.05155722530110715,7,45,3,156,6,1.3565913765186348,-0.3589922830903618,-1.2725466572647544,-1.199109854616068
2020-06-04 08:00:00,0.46637853511767613,8295.144285714285,7209.480952380953,14192487624.480953,-0.7712877475125087,-0.183424265805233,0.026047656265723352,8,0,3,156,6,1.2153431076182126,-0.7001745126541085,-1.2725466572647544,-1.199109854616068
2020-06-04 08:15:00,1.0761038028574583,12261.64619047619,9810.62380952381,14191024410.938097,-0.6413430746068831,0.032835272432736,0.45993904779967903,8,15,3,156,6,1.2153431076182126,-0.7001745126541085,-1.2725466572647544,-1.199109854616068
2020-06-04 08:30:00,0.8490015641331305,10781.129047619048,12662.228571428572,14192493134.761904,-0.5374463161830936,0.15136783726321318,0.3392547594330693,8,30,3,156,6,1.2153431076182126,-0.7001745126541085,-1.2725466572647544,-1.199109854616068
2020-06-04 08:45:00,0.8991987228339203,11109.357619047618,15356.5,14192465354.1,-0.5422246623606545,0.09662954818787871,0.3091885932278598,8,45,3,156,6,1.2153431076182126,-0.7001745126541085,-1.2725466572647544,-1.199109854616068
2020-06-04 09:00:00,1.1017748405616357,12429.76619047619,18346.019047619047,14192498761.019047,-0.489595488528896,0.18353632697275635,0.4478140598913745,9,0,3,156,6,0.9906495600313506,-0.9931543351821099,-1.2725466572647544,-1.199109854616068
2020-06-04 09:15:00,1.4401219532141294,14634.79476190476,21710.614285714284,14192502125.614286,-0.4018510673754538,0.34658559312588244,0.6462114198790891,9,15,3,156,6,0.9906495600313506,-0.9931543351821099,-1.2725466572647544,-1.199109854616068
2020-06-04 09:30:00,1.579936655518216,15542.201428571429,25428.19523809524,14192505843.195238,-0.29182885622680466,0.4675207580251562,0.7691915693220137,9,30,3,156,6,0.9906495600313506,-0.9931543351821099,-1.2725466572647544,-1.199109854616068
2020-06-04 09:45:00,1.3693105138922603,14159.91,28909.266666666666,14192418072.066666,-0.25604667402410725,0.45390108023584685,0.7798598689930161,9,45,3,156,6,0.9906495600313506,-0.9931543351821099,-1.2725466572647544,-1.199109854616068
2020-06-04 10:00:00,1.3703693745356733,14138.405714285715,32098.97619047619,14192513281.97619,0.0030206739519463405,0.9335506304897694,1.4906862716517435,10,0,3,156,6,0.6978232277024489,-1.2179656599411315,-1.2725466572647544,-1.199109854616068
2020-06-04 10:15:00,1.1487247029378465,12707.403809523808,35529.97142857143,14192385968.685715,0.0190860956383742,0.8703531160304881,1.302482286418292,10,15,3,156,6,0.6978232277024489,-1.2179656599411315,-1.2725466572647544,-1.199109854616068
2020-06-04 10:30:00,0.8115843731683908,10514.636666666667,39186.6619047619,14102621477.928572,0.00941417022937661,0.7947559594205257,0.7468871261338906,10,30,3,156,6,0.6978232277024489,-1.2179656599411315,-1.2725466572647544,-1.199109854616068
2020-06-04 10:45:00,0.35373749788005493,7548.34,38973.333333333336,13113568837.666666,-0.2224419918424796,0.11915096528846132,0.1409237877161434,10,45,3,156,6,0.6978232277024489,-1.2179656599411315,-1.2725466572647544,-1.199109854616068
2020-06-04 11:00:00,1.3295460474463519,13885.109047619047,41742.0,12844050301.0,-0.02223806804400552,0.4744306143043147,1.2074321591876276,11,0,3,156,6,0.35681974126132826,-1.359287966667126,-1.2725466572647544,-1.199109854616068
2020-06-04 11:15:00,1.276896219560618,13532.25,45812.13809523809,13383443520.538095,0.2137631958195491,1.307957647094272,1.5772696813267757,11,15,3,156,6,0.35681974126132826,-1.359287966667126,-1.2725466572647544,-1.199109854616068
2020-06-04 11:30:00,1.6224021121302048,15773.183333333334,50988.80952380953,14192531403.809525,0.3430047844566664,1.384453164413107,1.8765599414079672,11,30,3,156,6,0.35681974126132826,-1.359287966667126,-1.2725466572647544,-1.199109854616068
2020-06-04 11:45:00,1.695765620386076,16246.698571428571,55010.885714285716,14192535425.885715,0.5544516947879844,1.8419703737573323,2.130426352649986,11,45,3,156,6,0.35681974126132826,-1.359287966667126,-1.2725466572647544,-1.199109854616068
2020-06-04 12:00:00,1.1566069674606119,12751.063809523808,58759.13809523809,14192539174.138094,0.706481632516659,1.7102466450196527,1.5100655546207065,12,0,3,156,6,-0.00912207522595618,-1.4074903737028717,-1.2725466572647544,-1.199109854616068
2020-06-04 12:15:00,1.1745725623061773,12860.594761904762,61928.561904761904,14192542343.561905,0.6258882979858473,1.3411429076565995,1.127258021923388,12,15,3,156,6,-0.00912207522595618,-1.4074903737028717,-1.2725466572647544,-1.199109854616068
2020-06-04 12:30:00,1.973855149484791,18045.845714285715,65655.06666666667,14192546070.066668,0.7946115913673075,1.6956639457304332,2.549272792452011,12,30,3,156,6,-0.00912207522595618,-1.4074903737028717,-1.2725466572647544,-1.199109854616068
2020-06-04 12:45:00,1.6725679452819375,16094.543333333333,69982.99047619048,14192550397.990477,0.9990246830845723,2.2829329572953463,2.479254561160653,12,45,3,156,6,-0.00912207522595618,-1.4074903737028717,-1.2725466572647544,-1.199109854616068
2020-06-04 13:00:00,1.1129960946448312,12470.933333333332,73811.6,14192554226.6,0.9704885333472509,2.025938098175748,1.5072880277518341,13,0,3,156,6,-0.37506389171324067,-1.359287966667126,-1.2725466572647544,-1.199109854616068
2020-06-04 13:15:00,1.5041895512698542,14996.393333333333,77027.06666666667,14192557442.066668,0.937752074935633,1.777848975982875,2.079280483255489,13,15,3,156,6,-0.37506389171324067,-1.359287966667126,-1.2725466572647544,-1.199109854616068
2020-06-04 13:30:00,1.114726492286368,12468.591904761905,80730.15714285715,14192561145.157143,0.9246473655327944,1.7677476199189899,1.649805928599403,13,30,3,156,6,-0.37506389171324067,-1.359287966667126,-1.2725466572647544,-1.199109854616068
2020-06-04 13:45:00,-0.07078948263228499,4772.410476190476,82607.97619047618,14192563022.97619,0.5141749326231311,0.5904571028630597,0.02685548913530893,13,45,3,156,6,-0.37506389171324067,-1.359287966667126,-1.2725466572647544,-1.199109854616068
2020-06-04 14:00:00,-0.03441309909020318,5012.839523809524,83858.75238095238,14192564273.752382,0.2712700413712234,0.17710317422610874,-0.010566558835502272,14,0,3,156,6,-0.7160673781543613,-1.2179656599411317,-1.2725466572647544,-1.199109854616068
2020-06-04 14:15:00,0.8270544848667475,10630.66,85674.06666666667,14192566089.066666,0.20019965958729907,0.3268757317541793,0.49632750248853,14,15,3,156,6,-0.7160673781543613,-1.2179656599411317,-1.2725466572647544,-1.199109854616068
2020-06-04 14:30:00,0.8902971292262329,11048.106666666667,88578.03333333334,14192568993.033333,0.28594894649991615,0.4797486474586401,0.378125953295216,14,30,3,156,6,-0.7160673781543613,-1.2179656599411317,-1.2725466572647544,-1.199109854616068
2020-06-04 14:45:00,1.0765436449631256,12266.244285714285,91383.8,14192571798.8,0.06584457817741578,0.2149384103710792,0.36980122839131424,14,45,3,156,6,-0.7160673781543613,-1.2179656599411317,-1.2725466572647544,-1.199109854616068
2020-06-04 15:00:00,1.1802322113345685,12941.465714285714,94624.25714285714,14192575039.257143,0.049805638157101324,0.265487507210279,0.44459051481569933,15,0,3,156,6,-1.0088937104832625,-0.9931543351821105,-1.2725466572647544,-1.199109854616068
2020-06-04 15:15:00,0.7919874950039314,10411.040952380952,97062.44761904761,14191142080.161903,-0.010916749113031922,0.17183127355789413,0.2153129096748819,15,15,3,156,6,-1.0088937104832625,-0.9931543351821105,-1.2725466572647544,-1.199109854616068
2020-06-04 15:30:00,0.7117327940951217,9893.266666666666,100168.2,14192580583.2,-0.05720037857621624,0.12116028777971184,0.17610006299700537,15,30,3,156,6,-1.0088937104832625,-0.9931543351821105,-1.2725466572647544,-1.199109854616068
2020-06-04 15:45:00,0.4913516338803335,8460.11476190476,102405.81428571428,14192582820.814283,-0.13290351242390008,-0.0010314067802387433,0.018650577438365932,15,45,3,156,6,-1.0088937104832625,-0.9931543351821105,-1.2725466572647544,-1.199109854616068
2020-06-04 16:00:00,0.11549877671781597,5988.28,104192.39047619049,14192584607.390476,-0.21441463392047566,-0.14346242201000248,-0.202985634716237,16,0,3,156,6,-1.2335872580701248,-0.7001745126541093,-1.2725466572647544,-1.199109854616068
2020-06-04 16:15:00,0.31624994930399336,7313.704761904762,105401.74285714286,14150176573.171429,-0.26683762833360114,-0.18234141291204703,-0.090571427211375,16,15,3,156,6,-1.2335872580701248,-0.7001745126541093,-1.2725466572647544,-1.199109854616068
2020-06-04 16:30:00,0.4431147124418386,8138.846666666666,107647.53333333333,14192588062.533333,-0.18884371325121738,-0.07124811159562727,-0.019805597954673827,16,30,3,156,6,-1.2335872580701248,-0.7001745126541093,-1.2725466572647544,-1.199109854616068
2020-06-04 16:45:00,0.7342400940577398,10038.433333333332,110066.06666666667,14192590481.066668,-0.03657261841423846,0.10954607913660237,0.15582254584875854,16,45,3,156,6,-1.2335872580701248,-0.7001745126541093,-1.2725466572647544,-1.199109854616068
2020-06-04 17:00:00,0.1901609038057831,6477.0690476190475,112240.31428571428,14192592655.314285,-0.054636205860003395,0.013740831487325505,-0.14932749816234575,17,0,3,156,6,-1.3748355269705475,-0.3589922830903618,-1.2725466572647544,-1.199109854616068
2020-06-04 17:15:00,-0.15074227375052413,4240.533809523809,113490.61904761905,14192593905.619047,-0.16156762036078648,-0.23115644640730704,-0.36876089413426383,17,15,3,156,6,-1.3748355269705475,-0.3589922830903618,-1.2725466572647544,-1.199109854616068
2020-06-04 17:30:00,-0.31789640251164464,3132.9895238095237,114410.69047619047,14192594825.690475,-0.21819752052253327,-0.34447010748509366,-0.4702064867883149,17,30,3,156,6,-1.3748355269705475,-0.3589922830903618,-1.2725466572647544,-1.199109854616068
2020-06-04 17:45:00,-0.4059020004356709,2550.9,115115.0,14192595530.0,-0.24046935704067765,-0.41134473503143437,-0.5209768720244761,17,45,3,156,6,-1.3748355269705475,-0.3589922830903618,-1.2725466572647544,-1.199109854616068
2020-06-04 18:00:00,-0.522407497263919,1791.0866666666666,115673.26666666666,14192596088.266666,-0.2730590302113212,-0.469564265574581,-0.588686883730528,18,0,3,156,6,-1.423012681082767,0.00714134839465385,-1.2725466572647544,-1.199109854616068
2020-06-04 18:15:00,-0.6435760054356368,1003.1119047619047,116028.05714285714,14192596443.057142,-0.29978659473533076,-0.5379259458048025,-0.660662042116353,18,15,3,156,6,-1.423012681082767,0.00714134839465385,-1.2725466572647544,-1.199109854616068
2020-06-04 18:30:00,-0.7261803365935402,469.1009523809524,116210.24285714286,14192596625.242857,-0.2913271498984887,-0.5951002311146052,-0.7117257456698757,18,30,3,156,6,-1.423012681082767,0.00714134839465385,-1.2725466572647544,-1.199109854616068
2020-06-04 18:45:00,-0.7985949447324154,2.48,116256.93333333333,14192596671.933332,-0.368993257553264,-0.6451383404157814,-0.7571727324872878,18,45,3,156,6,-1.423012681082767,0.00714134839465385,-1.2725466572647544,-1.199109854616068
2020-06-04 19:00:00,-0.7989785578343084,0.0,116257.0,14192596672.0,-0.39399327776763715,-0.6764137833920133,-0.76135947749374,19,0,3,156,6,-1.3748355269705475,0.37327497987966957,-1.2725466572647544,-1.199109854616068
2020-06-04 19:15:00,-0.7989785578343084,0.0,116257.0,14192596672.0,-0.4448537834486214,-0.7005665220490679,-0.76135947749374,19,15,3,156,6,-1.3748355269705475,0.37327497987966957,-1.2725466572647544,-1.199109854616068
2020-06-04 19:30:00,-0.7989785578343084,0.0,116257.0,14192596672.0,-0.49760203599655184,-0.7271825381582309,-0.76135947749374,19,30,3,156,6,-1.3748355269705475,0.37327497987966957,-1.2725466572647544,-1.199109854616068
2020-06-04 19:45:00,-0.7989785578343084,0.0,116257.0,14192596672.0,-0.6698915733160633,-0.744293485686017,-0.76135947749374,19,45,3,156,6,-1.3748355269705475,0.37327497987966957,-1.2725466572647544,-1.199109854616068
2020-06-04 20:00:00,-0.7989785578343084,0.0,116257.0,14192596672.0,-0.7804852011466672,-0.7629586640307665,-0.76135947749374,20,0,3,156,6,-1.233587258070125,0.7144572094434171,-1.2725466572647544,-1.199109854616068
2020-06-04 20:15:00,-0.7989785578343084,0.0,116257.0,14192596672.0,-0.8184797946764905,-0.8129791471699351,-0.76135947749374,20,15,3,156,6,-1.233587258070125,0.7144572094434171,-1.2725466572647544,-1.199109854616068
2020-06-04 20:30:00,-0.7989785578343084,0.0,116257.0,14192596672.0,-0.8612445835011551,-0.8617562155237123,-0.76135947749374,20,30,3,156,6,-1.233587258070125,0.7144572094434171,-1.2725466572647544,-1.199109854616068
2020-06-04 20:45:00,-0.7989785578343084,0.0,116257.0,14192596672.0,-0.8645157913904937,-0.8720213006584422,-0.76135947749374,20,45,3,156,6,-1.233587258070125,0.7144572094434171,-1.2725466572647544,-1.199109854616068
2020-06-04 21:00:00,-0.7989785578343084,0.0,116257.0,14192596672.0,-0.934026625830177,-0.8968147318534889,-0.76135947749374,21,0,3,156,6,-1.0088937104832634,1.0074370319714179,-1.2725466572647544,-1.199109854616068
2020-06-04 21:15:00,-0.7989785578343084,0.0,116257.0,14192596672.0,-1.012344715321326,-0.9302436203021494,-0.76135947749374,21,15,3,156,6,-1.0088937104832634,1.0074370319714179,-1.2725466572647544,-1.199109854616068
2020-06-04 21:30:00,-0.7989785578343084,0.0,116257.0,14192596672.0,-1.0013859575303885,-0.9469795837960999,-0.76135947749374,21,30,3,156,6,-1.0088937104832634,1.0074370319714179,-1.2725466572647544,-1.199109854616068
2020-06-04 21:45:00,-0.7989785578343084,0.0,116257.0,14192596672.0,-0.9723913533595571,-0.928979034288743,-0.76135947749374,21,45,3,156,6,-1.0088937104832634,1.0074370319714179,-1.2725466572647544,-1.199109854616068
2020-06-04 22:00:00,-0.7989785578343084,0.0,116257.0,14192596672.0,-1.0381558820781924,-0.9493144577331492,-0.76135947749374,22,0,3,156,6,-0.7160673781543622,1.2322483567304392,-1.2725466572647544,-1.199109854616068
2020-06-04 22:15:00,-0.7989785578343084,0.0,116257.0,14192596672.0,-1.0900487369264904,-0.9604018078548286,-0.76135947749374,22,15,3,156,6,-0.7160673781543622,1.2322483567304392,-1.2725466572647544,-1.199109854616068
2020-06-04 22:30:00,-0.7989785578343084,0.0,116077.33333333333,14192475927.666666,-1.0304925937694678,-0.8685828631593642,-0.7607927311174814,22,30,3,156,6,-0.7160673781543622,1.2322483567304392,-1.2725466572647544,-1.199109854616068
2020-06-04 22:45:00,-0.7989785578343084,0.0,116257.0,14192596672.0,-0.9959040157145856,-0.8238696341828742,-0.7613324894417965,22,45,3,156,6,-0.7160673781543622,1.2322483567304392,-1.2725466572647544,-1.199109854616068
2020-06-04 23:00:00,-0.7989785578343084,0.0,116257.0,14192596672.0,-1.0102046354212986,-0.8399911531973437,-0.76135947749374,23,0,3,156,6,-0.3750638917132417,1.373570663456434,-1.2725466572647544,-1.199109854616068
2020-06-04 23:15:00,-0.7989785578343084,0.0,116257.0,14192596672.0,-1.0627772590466957,-0.9020438314135849,-0.76135947749374,23,15,3,156,6,-0.3750638917132417,1.373570663456434,-1.2725466572647544,-1.199109854616068
2020-06-04 23:30:00,-0.7989785578343084,0.0,116257.0,14192596672.0,-1.058788408367983,-0.8789941128015275,-0.76135947749374,23,30,3,156,6,-0.3750638917132417,1.373570663456434,-1.2725466572647544,-1.199109854616068
2020-06-04 23:45:00,-0.7989785578343084,0.0,111900.66666666667,14192596672.0,-1.0286474241670749,-0.8436147475925307,-0.76135947749374,23,45,3,156,6,-0.3750638917132417,1.373570663456434,-1.2725466572647544,-1.199109854616068
2020-06-05 00:00:00,-0.7989785578343084,0.0,95698.46666666666,14185475666.866667,-1.0423356094025742,-0.8649574764929245,-0.76135947749374,0,0,4,157,6,-0.009122075225956353,1.4217730704921798,-1.4324713756829,-1.3101643064174808
2020-06-05 00:15:00,-0.7989785578343084,0.0,94040.0,14192596672.0,-1.0994533063660743,-0.9359571854854571,-0.76135947749374,0,15,4,157,6,-0.009122075225956353,1.4217730704921798,-1.4324713756829,-1.3101643064174808
2020-06-05 00:30:00,-0.7989785578343084,0.0,94040.0,14192596672.0,-1.1684893023019152,-0.9837292533722317,-0.76135947749374,0,30,4,157,6,-0.009122075225956353,1.4217730704921798,-1.4324713756829,-1.3101643064174808
2020-06-05 00:45:00,-0.7989785578343084,0.0,94040.0,14192596672.0,-1.2046607234932398,-1.0076357550704904,-0.76135947749374,0,45,4,157,6,-0.009122075225956353,1.4217730704921798,-1.4324713756829,-1.3101643064174808
2020-06-05 01:00:00,-0.7989785578343084,0.0,94040.0,14192596672.0,-1.2257883674024392,-1.0113005258392826,-0.76135947749374,1,0,4,157,6,0.35681974126132787,1.3735706634564342,-1.4324713756829,-1.3101643064174808
2020-06-05 01:15:00,-0.7989785578343084,0.0,94040.0,14192596672.0,-1.267814906991563,-1.0255932488749089,-0.76135947749374,1,15,4,157,6,0.35681974126132787,1.3735706634564342,-1.4324713756829,-1.3101643064174808
2020-06-05 01:30:00,-0.7989785578343084,0.0,87956.0,14192596672.0,-1.2970331702508895,-1.0319532535736735,-0.76135947749374,1,30,4,157,6,0.35681974126132787,1.3735706634564342,-1.4324713756829,-1.3101643064174808
2020-06-05 01:45:00,-0.7989785578343084,0.0,87020.0,14192596672.0,-1.323940319999091,-1.0417648376319437,-0.76135947749374,1,45,4,157,6,0.35681974126132787,1.3735706634564342,-1.4324713756829,-1.3101643064174808
2020-06-05 02:00:00,-0.7989785578343084,0.0,86840.33333333333,14192475927.666666,-1.3385080430936522,-1.045558300075178,-0.76135947749374,2,0,4,157,6,0.6978232277024489,1.2322483567304396,-1.4324713756829,-1.3101643064174808
2020-06-05 02:15:00,-0.7989785578343084,0.0,87020.0,14192596672.0,-1.330261209330426,-1.0372157464388252,-0.76135947749374,2,15,4,157,6,0.6978232277024489,1.2322483567304396,-1.4324713756829,-1.3101643064174808
2020-06-05 02:30:00,-0.7989785578343084,0.0,87020.0,14192596672.0,-1.3444492877579723,-1.039177530260514,-0.76135947749374,2,30,4,157,6,0.6978232277024489,1.2322483567304396,-1.4324713756829,-1.3101643064174808
2020-06-05 02:45:00,-0.7989785578343084,0.0,87020.0,14192596672.0,-1.3431174750785202,-1.0225191305565964,-0.76135947749374,2,45,4,157,6,0.6978232277024489,1.2322483567304396,-1.4324713756829,-1.3101643064174808
2020-06-05 03:00:00,-0.7989785578343084,0.0,87020.0,14192596672.0,-1.3280044548265948,-1.0036128451002981,-0.76135947749374,3,0,4,157,6,0.9906495600313504,1.007437031971418,-1.4324713756829,-1.3101643064174808
2020-06-05 03:15:00,-0.7989785578343084,0.0,87020.0,14192596672.0,-1.3123083319474678,-0.9890238453997795,-0.76135947749374,3,15,4,157,6,0.9906495600313504,1.007437031971418,-1.4324713756829,-1.3101643064174808
2020-06-05 03:30:00,-0.7989785578343084,0.0,87020.0,14192596672.0,-1.2993649838468604,-0.986734455733265,-0.76135947749374,3,30,4,157,6,0.9906495600313504,1.007437031971418,-1.4324713756829,-1.3101643064174808
2020-06-05 03:45:00,-0.7989785578343084,0.0,87020.0,14192596672.0,-1.2775386747671627,-0.9959400230680886,-0.76135947749374,3,45,4,157,6,0.9906495600313504,1.007437031971418,-1.4324713756829,-1.3101643064174808
2020-06-05 04:00:00,-0.7989785578343084,0.0,87020.0,14192596672.0,-1.2557437411214394,-0.9990918743341911,-0.76135947749374,4,0,4,157,6,1.2153431076182126,0.7144572094434171,-1.4324713756829,-1.3101643064174808
2020-06-05 04:15:00,-0.7989785578343084,0.0,87020.0,14192596672.0,-1.234639581091359,-0.9653638036930074,-0.76135947749374,4,15,4,157,6,1.2153431076182126,0.7144572094434171,-1.4324713756829,-1.3101643064174808
2020-06-05 04:30:00,-0.7989785578343084,0.0,87020.0,14192596672.0,-1.2204392357269873,-0.9408369964945811,-0.76135947749374,4,30,4,157,6,1.2153431076182126,0.7144572094434171,-1.4324713756829,-1.3101643064174808
2020-06-05 04:45:00,-0.7989785578343084,0.0,87020.0,14192596672.0,-1.2182429491423272,-0.9383529438190608,-0.76135947749374,4,45,4,157,6,1.2153431076182126,0.7144572094434171,-1.4324713756829,-1.3101643064174808
2020-06-05 05:00:00,-0.7989785578343084,0.0,87020.0,14192596672.0,-1.2348050419867123,-0.9568915966431271,-0.76135947749374,5,0,4,157,6,1.3565913765186348,0.37327497987967023,-1.4324713756829,-1.3101643064174808
2020-06-05 05:15:00,-0.7989785578343084,0.0,87020.0,14192596672.0,-1.2279693382612367,-0.939991072401918,-0.76135947749374,5,15,4,157,6,1.3565913765186348,0.37327497987967023,-1.4324713756829,-1.3101643064174808
2020-06-05 05:30:00,-0.7989785578343084,0.0,13396.800000000003,14192596672.0,-1.225443183388472,-0.9337553446843379,-0.76135947749374,5,30,4,157,6,1.3565913765186348,0.37327497987967023,-1.4324713756829,-1.3101643064174808
2020-06-05 05:45:00,-0.7989785578343084,0.0,0.0,14192596672.0,-1.23423546326742,-0.935507393483651,-0.7585062297038557,5,45,4,157,6,1.3565913765186348,0.37327497987967023,-1.4324713756829,-1.3101643064174808
2020-06-05 06:00:00,-0.7853974695076796,87.47190476190477,4.152380952380952,14192596676.15238,-1.2335786980327001,-0.9215238600287154,-0.7427123786523836,6,0,4,157,6,1.4047685306308542,0.007141348394654197,-1.4324713756829,-1.3101643064174808
2020-06-05 06:15:00,-0.6972596477968589,655.802380952381,90.52380952380952,14192596762.52381,-1.21838557353375,-0.8935896398555436,-0.6950106185339557,6,15,4,157,6,1.4047685306308542,0.007141348394654197,-1.4324713756829,-1.3101643064174808
2020-06-05 06:30:00,-0.5987714079953093,1293.9014285714286,322.1047619047619,14111569667.971428,-1.2039968457666859,-0.8599111284323302,-0.6283321660235114,6,30,4,157,6,1.4047685306308542,0.007141348394654197,-1.4324713756829,-1.3101643064174808
2020-06-05 06:45:00,-0.383466770642865,2702.402857142857,800.847619047619,14192597472.84762,-1.1391639512045377,-0.7529614981795635,-0.49692791483987225,6,45,4,157,6,1.4047685306308542,0.007141348394654197,-1.4324713756829,-1.3101643064174808
2020-06-05 07:00:00,-0.2496911204294394,3584.5442857142857,1588.3,14192598260.3,-1.0409360128436338,-0.6007970968801225,-0.3927473464656718,7,0,4,157,6,1.3565913765186348,-0.3589922830903618,-1.4324713756829,-1.3101643064174808
2020-06-05 07:15:00,-0.13709089916917724,4329.547619047619,2587.133333333333,14192599259.133333,-0.974399329861891,-0.48378004833909805,-0.33874227766859577,7,15,4,157,6,1.3565913765186348,-0.3589922830903618,-1.4324713756829,-1.3101643064174808
2020-06-05 07:30:00,-0.0800278794097888,4703.95619047619,3742.547619047619,14192600414.547619,-0.9041104926544974,-0.4113338588742002,-0.29458183763300244,7,30,4,157,6,1.3565913765186348,-0.3589922830903618,-1.4324713756829,-1.3101643064174808
2020-06-05 07:45:00,0.11781922211596567,6002.455714285715,5061.233333333334,14192601733.233334,-0.8787813346416629,-0.36949441231950725,-0.1561987728140592,7,45,4,157,6,1.3565913765186348,-0.3589922830903618,-1.4324713756829,-1.3101643064174808
2020-06-05 08:00:00,0.2298218318196146,6741.4,6664.933333333333,14192603336.933332,-0.7876974861781013,-0.23786328076691785,-0.11028365235030131,8,0,4,157,6,1.2153431076182126,-0.7001745126541085,-1.4324713756829,-1.3101643064174808
2020-06-05 08:15:00,0.8883972596507316,11040.780952380952,8765.633333333333,14192605437.633333,-0.6594500793667891,0.009159233875453646,0.41018896443520814,8,15,4,157,6,1.2153431076182126,-0.7001745126541085,-1.4324713756829,-1.3101643064174808
2020-06-05 08:30:00,1.7061448665447296,16366.40238095238,12256.004761904762,14192608928.004763,-0.42864811773615324,0.5617565858449042,0.9559030405817535,8,30,4,157,6,1.2153431076182126,-0.7001745126541085,-1.4324713756829,-1.3101643064174808
2020-06-05 08:45:00,1.4719369372165167,14839.35380952381,16191.580952380951,14185168363.580954,-0.2785229016510089,0.7570896192863,0.7771709257707504,8,45,4,157,6,1.2153431076182126,-0.7001745126541085,-1.4324713756829,-1.3101643064174808
2020-06-05 09:00:00,1.5552316435159401,15379.957619047618,19940.57619047619,14192616612.57619,-0.2969501736311025,0.5393884432173717,0.8102783298488352,9,0,4,157,6,0.9906495600313506,-0.9931543351821099,-1.4324713756829,-1.3101643064174808
2020-06-05 09:15:00,2.196825983563771,19541.626666666663,24401.466666666667,14192621073.466667,-0.0854768037615406,0.9341393109269607,1.7379657710766674,9,15,4,157,6,0.9906495600313506,-0.9931543351821099,-1.4324713756829,-1.3101643064174808
2020-06-05 09:30:00,1.647352376779654,15950.052857142855,28860.904761904763,14192625532.904762,0.04275080669961569,1.1668830367847567,1.4594659651944129,9,30,4,157,6,0.9906495600313506,-0.9931543351821099,-1.4324713756829,-1.3101643064174808
2020-06-05 09:45:00,1.6655428162837138,16052.532857142858,33012.90476190476,14192629684.904762,0.1445374501404171,1.156660287335926,1.5268947757551017,9,45,4,157,6,0.9906495600313506,-0.9931543351821099,-1.4324713756829,-1.3101643064174808
2020-06-05 10:00:00,1.3202986597367723,13803.663809523809,36616.62380952381,14192633288.62381,0.26329317682516146,1.4542446492503098,1.6843877535197462,10,0,4,157,6,0.6978232277024489,-1.2179656599411315,-1.4324713756829,-1.3101643064174808
2020-06-05 10:15:00,1.2002119890348828,13024.80619047619,39647.13333333333,14173787833.666666,0.3325048230018523,1.3804232487944301,1.7908742587508302,10,15,4,157,6,0.6978232277024489,-1.2179656599411315,-1.4324713756829,-1.3101643064174808
2020-06-05 10:30:00,1.6312084446718527,15818.393333333333,43495.933333333334,14192640167.933334,0.4998436960367023,1.9318938516234332,2.013484858705789,10,30,4,157,6,0.6978232277024489,-1.2179656599411315,-1.4324713756829,-1.3101643064174808
2020-06-05 10:45:00,1.480898042231752,14844.673333333334,47394.73333333334,14192644066.733334,0.5532114704514346,1.94374591028076,1.929544646669815,10,45,4,157,6,0.6978232277024489,-1.2179656599411315,-1.4324713756829,-1.3101643064174808
2020-06-05 11:00:00,1.5869562187013453,15531.050952380952,51299.12380952381,14192647971.12381,0.6350404178162379,2.003997731200701,2.0000320012411574,11,0,4,157,6,0.35681974126132826,-1.359287966667126,-1.4324713756829,-1.3101643064174808
2020-06-05 11:15:00,1.2979609744213265,13659.471904761906,54757.69047619047,14192651429.690475,0.718597006907289,1.8446988385093739,2.0712449703195706,11,15,4,157,6,0.35681974126132826,-1.359287966667126,-1.4324713756829,-1.3101643064174808
2020-06-05 11:30:00,1.4876118423677067,14888.462857142858,58477.22857142857,14192655149.22857,0.7972914170272671,1.9764238073240692,1.8200338663895903,11,30,4,157,6,0.35681974126132826,-1.359287966667126,-1.4324713756829,-1.3101643064174808
2020-06-05 11:45:00,0.3216512160701161,7326.12,61005.933333333334,14192657677.933332,0.564593095390315,0.9295216131045035,0.3745421061403168,11,45,4,157,6,0.35681974126132826,-1.359287966667126,-1.4324713756829,-1.3101643064174808
2020-06-05 12:00:00,1.8354829209260104,17149.453333333335,64051.038095238095,14192660723.038094,0.7314358447971205,1.4479524059642233,2.211780682829378,12,0,4,157,6,-0.00912207522595618,-1.4074903737028717,-1.4324713756829,-1.3101643064174808
2020-06-05 12:15:00,1.9916508442567693,18162.058095238095,68540.8619047619,14192665212.861904,0.9952460593361554,2.100577552601179,2.1494454180435345,12,15,4,157,6,-0.00912207522595618,-1.4074903737028717,-1.4324713756829,-1.3101643064174808
2020-06-05 12:30:00,1.903051773459149,17587.506666666668,72968.42857142858,14192669640.428572,1.0226185129039018,2.1279043505349273,2.2208979019146424,12,30,4,157,6,-0.00912207522595618,-1.4074903737028717,-1.4324713756829,-1.3101643064174808
2020-06-05 12:45:00,1.5320384638778397,15176.906666666668,77385.8,14192674057.8,1.0544420791970273,2.0786089345643237,1.544676738554163,12,45,4,157,6,-0.00912207522595618,-1.4074903737028717,-1.4324713756829,-1.3101643064174808
2020-06-05 13:00:00,1.3642957144921815,14092.452380952382,80960.61428571428,14192677632.614286,1.029351903284558,1.560458169975488,1.450017281959299,13,0,4,157,6,-0.37506389171324067,-1.359287966667126,-1.4324713756829,-1.3101643064174808
2020-06-05 13:15:00,1.9983109842266855,18202.06619047619,84962.89047619047,14192681634.890476,1.162360030883435,2.008255088673132,2.3752698787644237,13,15,4,157,6,-0.37506389171324067,-1.359287966667126,-1.4324713756829,-1.3101643064174808
2020-06-05 13:30:00,0.18227728350754585,6422.21380952381,88060.54285714286,14192684732.542858,0.9564173651043906,1.3124417408018527,0.28430978071896834,13,30,4,157,6,-0.37506389171324067,-1.359287966667126,-1.4324713756829,-1.3101643064174808
2020-06-05 13:45:00,-0.013317090037041028,5150.708571428571,89366.01904761905,14192686038.019047,0.5152823446605118,0.24673076483957151,-0.14004770808534048,13,45,4,157,6,-0.37506389171324067,-1.359287966667126,-1.4324713756829,-1.3101643064174808
2020-06-05 14:00:00,0.45035191326648083,8193.07,91093.45714285715,14192687765.457142,0.17815523094304306,-0.02288066533009775,-0.036693034248363815,14,0,4,157,6,-0.7160673781543613,-1.2179656599411317,-1.4324713756829,-1.3101643064174808
2020-06-05 14:15:00,0.688360937521169,9740.986666666666,93242.00476190475,14192689914.00476,0.21096419726503604,0.024820583336245837,0.09698193998800975,14,15,4,157,6,-0.7160673781543613,-1.2179656599411317,-1.4324713756829,-1.3101643064174808
2020-06-05 14:30:00,0.9438558261742456,11401.65238095238,96019.51428571428,14192692691.514286,0.33828077246000765,0.21860777109353338,0.28803265679690393,14,30,4,157,6,-0.7160673781543613,-1.2179656599411317,-1.4324713756829,-1.3101643064174808
2020-06-05 14:45:00,0.4959120344275749,8490.791428571429,98464.87142857142,14192695136.87143,0.38510085278896367,0.1556054764144781,0.009130766238460994,14,45,4,157,6,-0.7160673781543613,-1.2179656599411317,-1.4324713756829,-1.3101643064174808
2020-06-05 15:00:00,0.8216948903572292,10607.64,100735.73333333334,14192697407.733332,0.1812337630827532,0.10197131873344074,0.18636955140619424,15,0,4,157,6,-1.0088937104832625,-0.9931543351821105,-1.4324713756829,-1.3101643064174808
2020-06-05 15:15:00,1.1159205023373302,12522.612380952381,103748.40000000001,14192700420.400002,0.18683147333899958,0.24073172782391444,0.39676184364477435,15,15,4,157,6,-1.0088937104832625,-0.9931543351821105,-1.4324713756829,-1.3101643064174808
2020-06-05 15:30:00,0.8921084452564502,11065.838571428572,106761.0238095238,14192703433.02381,0.11589442520850571,0.23137202544740837,0.25557094535829744,15,30,4,157,6,-1.0088937104832625,-0.9931543351821105,-1.4324713756829,-1.3101643064174808
2020-06-05 15:45:00,0.4869607766236605,8432.635238095238,109133.3142857143,14192705805.314285,0.07798110087722823,0.0809314069149164,0.007837151236441959,15,45,4,157,6,-1.0088937104832625,-0.9931543351821105,-1.4324713756829,-1.3101643064174808
2020-06-05 16:00:00,0.3498644041403713,7535.214761904762,111170.80476190476,14192707842.80476,0.13056088961562107,0.040480227488510635,-0.06749672068159938,16,0,4,157,6,-1.2335872580701248,-0.7001745126541093,-1.4324713756829,-1.3101643064174808
2020-06-05 16:15:00,0.34500466264029495,7503.906666666667,112988.06666666667,14192709660.066668,0.16189657491313597,0.003337394854826652,-0.08420760056842762,16,15,4,157,6,-1.2335872580701248,-0.7001745126541093,-1.4324713756829,-1.3101643064174808
2020-06-05 16:30:00,0.8880982754809155,11040.944285714286,115042.23809523809,14192711714.238096,0.33027429758257154,0.11830356740645537,0.2583952719261364,16,30,4,157,6,-1.2335872580701248,-0.7001745126541093,-1.4324713756829,-1.3101643064174808
2020-06-05 16:45:00,1.2578490013150347,13446.693333333333,118649.2,14192715321.2,0.727544733200256,0.5988971757556746,0.4420206530458859,16,45,4,157,6,-1.2335872580701248,-0.7001745126541093,-1.4324713756829,-1.3101643064174808
2020-06-05 17:00:00,0.684489556339976,9713.039999999999,121327.50476190475,14192717999.504763,0.53414626567507,0.28569100038156114,0.10860781729661204,17,0,4,157,6,-1.3748355269705475,-0.3589922830903618,-1.4324713756829,-1.3101643064174808
2020-06-05 17:15:00,0.21382981792124978,6637.801904761905,123442.57619047619,14192720114.57619,0.4804391649259328,0.1264387472682001,-0.14842759221025673,17,15,4,157,6,-1.3748355269705475,-0.3589922830903618,-1.4324713756829,-1.3101643064174808
2020-06-05 17:30:00,-0.1684825244413692,4117.610476190476,124657.97619047618,14192721329.976189,0.3474562269413113,-0.11384516911635523,-0.3720668480177203,17,30,4,157,6,-1.3748355269705475,-0.3589922830903618,-1.4324713756829,-1.3101643064174808
2020-06-05 17:45:00,-0.19975633996072925,3914.8814285714284,125757.6238095238,14192722429.623808,0.3046821489977631,-0.1654164161013001,-0.3928424085587459,17,45,4,157,6,-1.3748355269705475,-0.3589922830903618,-1.4324713756829,-1.3101643064174808
2020-06-05 18:00:00,-0.5527186408417544,1593.3628571428571,126414.29047619046,14192723086.290478,0.12377846737800179,-0.33351599941966414,-0.6022010005349288,18,0,4,157,6,-1.423012681082767,0.00714134839465385,-1.4324713756829,-1.3101643064174808
2020-06-05 18:15:00,-0.6670624607152517,851.0466666666666,126724.70476190475,14192723396.704762,-0.08286942259671232,-0.47305866263377716,-0.6766659555197534,18,15,4,157,6,-1.423012681082767,0.00714134839465385,-1.4324713756829,-1.3101643064174808
2020-06-05 18:30:00,-0.7350879955125483,411.6066666666666,126885.8,14192723557.8,-0.1626057424741029,-0.5529406422528339,-0.7193088225275563,18,30,4,157,6,-1.423012681082767,0.00714134839465385,-1.4324713756829,-1.3101643064174808
2020-06-05 18:45:00,-0.798300241958826,4.38,126931.93333333333,14192723603.933334,-0.1824148525860541,-0.5804550103936689,-0.754575650719163,18,45,4,157,6,-1.423012681082767,0.00714134839465385,-1.4324713756829,-1.3101643064174808
2020-06-05 19:00:00,-0.7989785578343084,0.0,126932.0,14192723604.0,-0.2179307069558411,-0.5802076388192295,-0.76135947749374,19,0,4,157,6,-1.3748355269705475,0.37327497987966957,-1.4324713756829,-1.3101643064174808
2020-06-05 19:15:00,-0.7989785578343084,0.0,126932.0,14192723604.0,-0.2596937324599147,-0.5863026880233091,-0.76135947749374,19,15,4,157,6,-1.3748355269705475,0.37327497987966957,-1.4324713756829,-1.3101643064174808
2020-06-05 19:30:00,-0.7989785578343084,0.0,126932.0,14192723604.0,-0.2884481612443849,-0.6089820198020883,-0.76135947749374,19,30,4,157,6,-1.3748355269705475,0.37327497987966957,-1.4324713756829,-1.3101643064174808
2020-06-05 19:45:00,-0.7989785578343084,0.0,126932.0,14192723604.0,-0.30180103446534057,-0.6157258565152051,-0.76135947749374,19,45,4,157,6,-1.3748355269705475,0.37327497987966957,-1.4324713756829,-1.3101643064174808
2020-06-05 20:00:00,-0.7989785578343084,0.0,126932.0,14192723604.0,-0.3483071451125963,-0.6332489214465395,-0.76135947749374,20,0,4,157,6,-1.233587258070125,0.7144572094434171,-1.4324713756829,-1.3101643064174808
2020-06-05 20:15:00,-0.7989785578343084,0.0,126932.0,14192723604.0,-0.4229158924139787,-0.6922267509338595,-0.76135947749374,20,15,4,157,6,-1.233587258070125,0.7144572094434171,-1.4324713756829,-1.3101643064174808
2020-06-05 20:30:00,-0.7989785578343084,0.0,126932.0,14192723604.0,-0.4759181100605012,-0.7264350850487633,-0.76135947749374,20,30,4,157,6,-1.233587258070125,0.7144572094434171,-1.4324713756829,-1.3101643064174808
2020-06-05 20:45:00,-0.7989785578343084,0.0,126728.46666666667,14173874915.0,-0.5213643749605757,-0.7425210537583888,-0.76135947749374,20,45,4,157,6,-1.233587258070125,0.7144572094434171,-1.4324713756829,-1.3101643064174808
2020-06-05 21:00:00,-0.7989785578343084,0.0,126418.13333333333,14082048513.266666,-0.5720014064017539,-0.7643469666306908,-0.76135947749374,21,0,4,157,6,-1.0088937104832634,1.0074370319714179,-1.4324713756829,-1.3101643064174808
2020-06-05 21:15:00,-0.7989785578343084,0.0,126932.0,14192723604.0,-0.6128550044184621,-0.7825459398081481,-0.76135947749374,21,15,4,157,6,-1.0088937104832634,1.0074370319714179,-1.4324713756829,-1.3101643064174808
2020-06-05 21:30:00,-0.7989785578343084,0.0,126932.0,14192723604.0,-0.656571524634865,-0.800655043207127,-0.76135947749374,21,30,4,157,6,-1.0088937104832634,1.0074370319714179,-1.4324713756829,-1.3101643064174808
2020-06-05 21:45:00,-0.7989785578343084,0.0,126932.0,14192723604.0,-0.691848521306102,-0.8144294642050737,-0.76135947749374,21,45,4,157,6,-1.0088937104832634,1.0074370319714179,-1.4324713756829,-1.3101643064174808
2020-06-05 22:00:00,-0.7989785578343084,0.0,126932.0,14192723604.0,-0.7468636305411289,-0.8316935063685172,-0.76135947749374,22,0,4,157,6,-0.7160673781543622,1.2322483567304392,-1.4324713756829,-1.3101643064174808
2020-06-05 22:15:00,-0.7989785578343084,0.0,126932.0,14192723604.0,-0.7947982464632404,-0.8575443489012319,-0.76135947749374,22,15,4,157,6,-0.7160673781543622,1.2322483567304392,-1.4324713756829,-1.3101643064174808
2020-06-05 22:30:00,-0.7989785578343084,0.0,126932.0,14192723604.0,-0.8203828847942142,-0.8684052567637283,-0.76135947749374,22,30,4,157,6,-0.7160673781543622,1.2322483567304392,-1.4324713756829,-1.3101643064174808
2020-06-05 22:45:00,-0.7989785578343084,0.0,126932.0,14192723604.0,-0.8563456709127857,-0.8763725622360403,-0.76135947749374,22,45,4,157,6,-0.7160673781543622,1.2322483567304392,-1.4324713756829,-1.3101643064174808
2020-06-05 23:00:00,-0.7989785578343084,0.0,126932.0,14192723604.0,-0.9079999168661717,-0.9025317758318658,-0.76135947749374,23,0,4,157,6,-0.3750638917132417,1.373570663456434,-1.4324713756829,-1.3101643064174808
2020-06-05 23:15:00,-0.7989785578343084,0.0,126932.0,14192723604.0,-0.9797632756081481,-0.938385735441227,-0.76135947749374,23,15,4,157,6,-0.3750638917132417,1.373570663456434,-1.4324713756829,-1.3101643064174808
2020-06-05 23:30:00,-0.7989785578343084,0.0,126932.0,14192723604.0,-1.0462997159928542,-0.9802435630744787,-0.76135947749374,23,30,4,157,6,-0.3750638917132417,1.373570663456434,-1.4324713756829,-1.3101643064174808
2020-06-05 23:45:00,-0.7989785578343084,0.0,120053.2,14192723604.0,-1.0472649167823784,-0.9880482050553914,-0.76135947749374,23,45,4,157,6,-0.3750638917132417,1.373570663456434,-1.4324713756829,-1.3101643064174808
2020-06-06 00:00:00,-0.7989785578343084,0.0,96457.2,14192723604.0,-1.0521870029199532,-0.9734943894055205,-0.76135947749374,0,0,5,158,6,-0.009122075225956353,1.4217730704921798,-1.5936939305635698,-1.4172202671294263
2020-06-06 00:15:00,-0.7989785578343084,0.0,93827.0,14192723604.0,-1.0769111894912917,-0.9763795489737593,-0.76135947749374,0,15,5,158,6,-0.009122075225956353,1.4217730704921798,-1.5936939305635698,-1.4172202671294263
2020-06-06 00:30:00,-0.7989785578343084,0.0,93827.0,14192723604.0,-1.108920679294761,-0.9924340882865396,-0.76135947749374,0,30,5,158,6,-0.009122075225956353,1.4217730704921798,-1.5936939305635698,-1.4172202671294263
2020-06-06 00:45:00,-0.7989785578343084,0.0,93827.0,14192723604.0,-1.194544208381844,-1.0290308482135102,-0.76135947749374,0,45,5,158,6,-0.009122075225956353,1.4217730704921798,-1.5936939305635698,-1.4172202671294263
2020-06-06 01:00:00,-0.7989785578343084,0.0,93827.0,14192723604.0,-1.2634674986985905,-1.0750752428956303,-0.76135947749374,1,0,5,158,6,0.35681974126132787,1.3735706634564342,-1.5936939305635698,-1.4172202671294263
2020-06-06 01:15:00,-0.7989785578343084,0.0,93827.0,14192723604.0,-1.3038088084066803,-1.0879512669502354,-0.76135947749374,1,15,5,158,6,0.35681974126132787,1.3735706634564342,-1.5936939305635698,-1.4172202671294263
2020-06-06 01:30:00,-0.7989785578343084,0.0,87085.2,14192723604.0,-1.2737977579925734,-1.0609708742572794,-0.76135947749374,1,30,5,158,6,0.35681974126132787,1.3735706634564342,-1.5936939305635698,-1.4172202671294263
2020-06-06 01:45:00,-0.7989785578343084,0.0,85803.64285714286,14192555280.5,-1.255059492259752,-1.047655617401855,-0.76135947749374,1,45,5,158,6,0.35681974126132787,1.3735706634564342,-1.5936939305635698,-1.4172202671294263
2020-06-06 02:00:00,-0.7989785578343084,0.0,86048.0,14192723604.0,-1.2394712316942051,-1.0430786552274374,-0.76135947749374,2,0,5,158,6,0.6978232277024489,1.2322483567304396,-1.5936939305635698,-1.4172202671294263
2020-06-06 02:15:00,-0.7989785578343084,0.0,86048.0,14192723604.0,-1.2095921899597075,-1.0352440813821335,-0.76135947749374,2,15,5,158,6,0.6978232277024489,1.2322483567304396,-1.5936939305635698,-1.4172202671294263
2020-06-06 02:30:00,-0.7989785578343084,0.0,86048.0,14192723604.0,-1.2086754022562787,-1.0252850861599947,-0.76135947749374,2,30,5,158,6,0.6978232277024489,1.2322483567304396,-1.5936939305635698,-1.4172202671294263
2020-06-06 02:45:00,-0.7989785578343084,0.0,86048.0,14192723604.0,-1.1953115743892693,-1.0137444340607276,-0.76135947749374,2,45,5,158,6,0.6978232277024489,1.2322483567304396,-1.5936939305635698,-1.4172202671294263
2020-06-06 03:00:00,-0.7989785578343084,0.0,86048.0,14192723604.0,-1.2101663310684763,-1.022556276322315,-0.76135947749374,3,0,5,158,6,0.9906495600313504,1.007437031971418,-1.5936939305635698,-1.4172202671294263
2020-06-06 03:15:00,-0.7989785578343084,0.0,86048.0,14153140756.466667,-1.2314471039018533,-1.0338592590075866,-0.76135947749374,3,15,5,158,6,0.9906495600313504,1.007437031971418,-1.5936939305635698,-1.4172202671294263
2020-06-06 03:30:00,-0.7989785578343084,0.0,86048.0,14192723604.0,-1.2860289607308175,-1.0605143128938659,-0.76135947749374,3,30,5,158,6,0.9906495600313504,1.007437031971418,-1.5936939305635698,-1.4172202671294263
2020-06-06 03:45:00,-0.7989785578343084,0.0,86048.0,14192723604.0,-1.3204073841757618,-1.0686060397131152,-0.76135947749374,3,45,5,158,6,0.9906495600313504,1.007437031971418,-1.5936939305635698,-1.4172202671294263
2020-06-06 04:00:00,-0.7989785578343084,0.0,86048.0,14192723604.0,-1.3571887920098873,-1.0813111716191577,-0.76135947749374,4,0,5,158,6,1.2153431076182126,0.7144572094434171,-1.5936939305635698,-1.4172202671294263
2020-06-06 04:15:00,-0.7989785578343084,0.0,86048.0,14192723604.0,-1.3602285485614514,-1.0782628628269295,-0.76135947749374,4,15,5,158,6,1.2153431076182126,0.7144572094434171,-1.5936939305635698,-1.4172202671294263
2020-06-06 04:30:00,-0.7989785578343084,0.0,86048.0,14192723604.0,-1.3873645960369907,-1.1036460621607094,-0.76135947749374,4,30,5,158,6,1.2153431076182126,0.7144572094434171,-1.5936939305635698,-1.4172202671294263
2020-06-06 04:45:00,-0.7989785578343084,0.0,86048.0,14192723604.0,-1.424602322425246,-1.1249152705610213,-0.76135947749374,4,45,5,158,6,1.2153431076182126,0.7144572094434171,-1.5936939305635698,-1.4172202671294263
2020-06-06 05:00:00,-0.7989785578343084,0.0,86048.0,14191382913.266666,-1.4663046903041241,-1.1369399102745732,-0.76135947749374,5,0,5,158,6,1.3565913765186348,0.37327497987967023,-1.5936939305635698,-1.4172202671294263
2020-06-06 05:15:00,-0.7989785578343084,0.0,86048.0,14192723604.0,-1.4834481549443375,-1.1035472801332071,-0.76135947749374,5,15,5,158,6,1.3565913765186348,0.37327497987967023,-1.5936939305635698,-1.4172202671294263
2020-06-06 05:30:00,-0.7989785578343084,0.0,15538.866666666667,14192723604.0,-1.4054527921054318,-1.025267859149267,-0.7608466637674242,5,30,5,158,6,1.3565913765186348,0.37327497987967023,-1.5936939305635698,-1.4172202671294263
2020-06-06 05:45:00,-0.7989785578343084,0.0,0.0,14192723604.0,-1.3488572651646489,-0.9785673428155587,-0.7546744179996937,5,45,5,158,6,1.3565913765186348,0.37327497987967023,-1.5936939305635698,-1.4172202671294263
2020-06-06 06:00:00,-0.7568449807864756,271.33714285714285,16.49047619047619,14192723620.490477,-1.2764049718491028,-0.9499343105885184,-0.7275600402096115,6,0,5,158,6,1.4047685306308542,0.007141348394654197,-1.5936939305635698,-1.4172202671294263
2020-06-06 06:15:00,-0.6151488189106612,1187.3023809523809,189.68095238095236,14192723793.680954,-1.2447720849397614,-0.9433807595698654,-0.6409129368204901,6,15,5,158,6,1.4047685306308542,0.007141348394654197,-1.5936939305635698,-1.4172202671294263
2020-06-06 06:30:00,-0.4739177593782505,2107.4323809523808,596.6476190476191,14192724200.64762,-1.226588382006051,-0.9280295883186404,-0.5595629148219387,6,30,5,158,6,1.4047685306308542,0.007141348394654197,-1.5936939305635698,-1.4172202671294263
2020-06-06 06:45:00,-0.31063772334926626,3181.804285714286,1247.4190476190477,14192724851.419046,-1.1682693450445452,-0.8672875812110448,-0.4629732481687474,6,45,5,158,6,1.4047685306308542,0.007141348394654197,-1.5936939305635698,-1.4172202671294263
2020-06-06 07:00:00,-0.32919336595144505,3059.213333333333,2013.6666666666665,14192725617.666666,-1.115486226525712,-0.8317551966959427,-0.44933419515202694,7,0,5,158,6,1.3565913765186348,-0.3589922830903618,-1.5936939305635698,-1.4172202671294263
2020-06-06 07:15:00,-0.20714852732877004,3869.6190476190473,2907.366666666667,14192726511.366667,-1.0054229835554953,-0.7014936266085227,-0.3803269385689608,7,15,5,158,6,1.3565913765186348,-0.3589922830903618,-1.5936939305635698,-1.4172202671294263
2020-06-06 07:30:00,-0.351197173717829,2913.0733333333333,3797.7333333333336,14192727401.733334,-0.9279821141637142,-0.5233620763294313,-0.4820697024662908,7,30,5,158,6,1.3565913765186348,-0.3589922830903618,-1.5936939305635698,-1.4172202671294263
2020-06-06 07:45:00,-0.3199262838192237,3119.980952380952,4489.314285714286,14192728093.314285,-0.8706537312514885,-0.5128543707219568,-0.46464991146596946,7,45,5,158,6,1.3565913765186348,-0.3589922830903618,-1.5936939305635698,-1.4172202671294263
2020-06-06 08:00:00,0.5603293511983997,8888.561904761904,5737.028571428571,14178778227.561905,-0.7619081685363269,-0.33433968231859146,0.16324242702132596,8,0,5,158,6,1.2153431076182126,-0.7001745126541085,-1.5936939305635698,-1.4172202671294263
2020-06-06 08:15:00,1.0109520125639804,11840.46,8550.0,14192732154.0,-0.5504580313135807,0.07588321633158245,0.5582053678936232,8,15,5,158,6,1.2153431076182126,-0.7001745126541085,-1.5936939305635698,-1.4172202671294263
2020-06-06 08:30:00,1.4007278275418114,14375.753333333332,11641.352380952381,14192735245.35238,-0.4668576937998581,0.22032476142323965,0.8170472402220269,8,30,5,158,6,1.2153431076182126,-0.7001745126541085,-1.5936939305635698,-1.4172202671294263
2020-06-06 08:45:00,1.8668607743736736,17410.006666666664,15789.133333333333,14192739393.133333,-0.27926805019522494,0.5465186577023357,1.0675882520072197,8,45,5,158,6,1.2153431076182126,-0.7001745126541085,-1.5936939305635698,-1.4172202671294263
2020-06-06 09:00:00,1.4037092491607261,14380.422857142856,19852.44761904762,14192743456.447618,-0.1624148086197908,0.7791766463228209,1.3056811819405014,9,0,5,158,6,0.9906495600313506,-0.9931543351821099,-1.5936939305635698,-1.4172202671294263
2020-06-06 09:15:00,1.2450972194374756,13342.18,23285.100000000002,14192746889.1,0.009682592114592277,0.917591971109599,1.1499722011574354,9,15,5,158,6,0.9906495600313506,-0.9931543351821099,-1.5936939305635698,-1.4172202671294263
2020-06-06 09:30:00,1.561146677829241,15394.235714285714,26833.309523809523,14192750437.309525,0.10346646493775086,1.077169605462108,1.6297342469042073,9,30,5,158,6,0.9906495600313506,-0.9931543351821099,-1.5936939305635698,-1.4172202671294263
2020-06-06 09:45:00,1.5603947932952673,15377.399523809523,30764.819047619047,14192754368.819048,0.23150501377847618,1.2149442183540582,1.580888120185402,9,45,5,158,6,0.9906495600313506,-0.9931543351821099,-1.5936939305635698,-1.4172202671294263
2020-06-06 10:00:00,1.575458671848334,15467.533333333333,34538.26666666666,14192758142.266666,0.3057043077401705,1.2170111656653326,1.707848562423228,10,0,5,158,6,0.6978232277024489,-1.2179656599411315,-1.5936939305635698,-1.4172202671294263
2020-06-06 10:15:00,1.786739938453545,16831.050952380952,38490.85238095238,14192762094.852383,0.4052853255547864,1.352919658405639,2.0421143235216697,10,15,5,158,6,0.6978232277024489,-1.2179656599411315,-1.5936939305635698,-1.4172202671294263
2020-06-06 10:30:00,1.627207479898205,15789.54,42697.4,14192766301.400002,0.5107161437918383,1.51440070075277,1.964766663274061,10,30,5,158,6,0.6978232277024489,-1.2179656599411315,-1.5936939305635698,-1.4172202671294263
2020-06-06 10:45:00,1.4774714981184904,14821.26,46615.4,14192770219.4,0.5841432559655096,1.4491585690457525,1.583104355884746,10,45,5,158,6,0.6978232277024489,-1.2179656599411315,-1.5936939305635698,-1.4172202671294263
2020-06-06 11:00:00,1.4482576763935027,14633.03142857143,50428.195238095235,14192774032.195238,0.6177676986069635,1.4476936742163289,1.946269229264964,11,0,5,158,6,0.35681974126132826,-1.359287966667126,-1.5936939305635698,-1.4172202671294263
2020-06-06 11:15:00,1.5667174878859325,15400.406666666668,53978.53333333333,14192777582.533333,0.6983030494770531,1.410214853370226,2.150770351889029,11,15,5,158,6,0.35681974126132826,-1.359287966667126,-1.5936939305635698,-1.4172202671294263
2020-06-06 11:30:00,1.3331855196652769,13882.164761904762,57417.142857142855,14192781021.142857,0.729553190039329,1.4460906185968647,2.0095968808162805,11,30,5,158,6,0.35681974126132826,-1.359287966667126,-1.5936939305635698,-1.4172202671294263
2020-06-06 11:45:00,0.8155351028929814,10524.76,60706.73333333334,14192784310.733334,0.7593394660662021,1.400282062439173,1.3026307984004026,11,45,5,158,6,0.35681974126132826,-1.359287966667126,-1.5936939305635698,-1.4172202671294263
2020-06-06 12:00:00,1.0085188950884705,11780.80619047619,63276.65238095238,14192786880.65238,0.7567597593137748,1.1561293141044977,1.5523539539866793,12,0,5,158,6,-0.00912207522595618,-1.4074903737028717,-1.5936939305635698,-1.4172202671294263
2020-06-06 12:15:00,1.8146544277803998,17007.553333333333,67057.6,14192790661.6,0.9294253511879438,1.6689802945524632,2.423964077642412,12,15,5,158,6,-0.00912207522595618,-1.4074903737028717,-1.5936939305635698,-1.4172202671294263
2020-06-06 12:30:00,1.7281416813639439,16447.184761904762,71325.26666666666,14192794929.266666,1.0484949226128715,1.7081666440502763,2.050931231340623,12,30,5,158,6,-0.00912207522595618,-1.4074903737028717,-1.5936939305635698,-1.4172202671294263
2020-06-06 12:45:00,1.0206424534263971,11855.37619047619,74945.28571428571,14192798549.285713,0.9842771308195171,1.4838338025994418,1.4488441134579528,12,45,5,158,6,-0.00912207522595618,-1.4074903737028717,-1.5936939305635698,-1.4172202671294263
2020-06-06 13:00:00,1.0225463189717103,11868.693333333333,77651.4,14192801255.4,0.9340403726193871,1.239111028762436,1.4506614724396647,13,0,5,158,6,-0.37506389171324067,-1.359287966667126,-1.5936939305635698,-1.4172202671294263
2020-06-06 13:15:00,0.810464930768373,10491.06,80664.20952380952,14192804268.209524,1.025619078295079,1.4076721382339208,1.286969462132026,13,15,5,158,6,-0.37506389171324067,-1.359287966667126,-1.5936939305635698,-1.4172202671294263
2020-06-06 13:30:00,0.48848195670292954,8402.986666666668,82856.0,14192806460.0,0.9503861563369616,0.841750537920959,0.7305876276929837,13,30,5,158,6,-0.37506389171324067,-1.359287966667126,-1.5936939305635698,-1.4172202671294263
2020-06-06 13:45:00,1.6328121129850852,15828.88619047619,85996.71428571429,14192809600.714285,1.0945901443072608,1.3484323569940275,2.135854152551072,13,45,5,158,6,-0.37506389171324067,-1.359287966667126,-1.5936939305635698,-1.4172202671294263
2020-06-06 14:00:00,1.3660352457790015,14098.976190476189,89655.98571428572,14192813259.985714,1.1582140663745635,1.409610310436121,1.4454918048712067,14,0,5,158,6,-0.7160673781543613,-1.2179656599411317,-1.5936939305635698,-1.4172202671294263
2020-06-06 14:15:00,0.7858020905189284,10325.553333333333,84067.86666666667,13067691397.8,1.1660688268925437,1.2229303093006725,1.0169802368930878,14,15,5,158,6,-0.7160673781543613,-1.2179656599411317,-1.5936939305635698,-1.4172202671294263
2020-06-06 14:30:00,-0.7989785578343084,0.0,0.0,638270398.2428572,1.0888637038045803,1.0766413906272954,1.056853362849391,14,30,5,158,6,-0.7160673781543613,-1.2179656599411317,-1.5936939305635698,-1.4172202671294263
2020-06-06 14:45:00,0.46057809951003775,8203.113333333333,47516.4,10380257111.823809,1.213628316821079,1.35268110105645,1.5916333856837634,14,45,5,158,6,-0.7160673781543613,-1.2179656599411317,-1.5936939305635698,-1.4172202671294263
2020-06-06 15:00:00,0.5188417654845394,8595.447619047618,43631.94285714286,10207749596.77619,1.2643486901947931,1.3907623254773347,1.4043559829217347,15,0,5,158,6,-1.0088937104832625,-0.9931543351821105,-1.5936939305635698,-1.4172202671294263
2020-06-06 15:15:00,1.2155306106634256,13154.923333333334,92131.6,14098673925.533333,1.1753524750658069,0.9352383390777377,0.7298636129400012,15,15,5,158,6,-1.0088937104832625,-0.9931543351821105,-1.5936939305635698,-1.4172202671294263
2020-06-06 15:30:00,1.3503976601315855,14039.486666666666,102901.66666666667,14192826735.2,1.1313660220622712,0.8019902588475066,0.6323023875423961,15,30,5,158,6,-1.0088937104832625,-0.9931543351821105,-1.5936939305635698,-1.4172202671294263
2020-06-06 15:45:00,1.4415164753216982,14635.28,106909.10952380951,14192830513.109524,1.1712884346865373,0.8202989314979245,0.5387212674382061,15,45,5,158,6,-1.0088937104832625,-0.9931543351821105,-1.5936939305635698,-1.4172202671294263
2020-06-06 16:00:00,1.4752592293316633,14860.175714285715,110660.6761904762,14192834264.676191,1.141928206014618,0.7909082469212707,0.6276557453941871,16,0,5,158,6,-1.2335872580701248,-0.7001745126541093,-1.5936939305635698,-1.4172202671294263
2020-06-06 16:15:00,1.3255520756198738,13887.397142857144,114167.8380952381,14192837771.838095,1.1681001539670555,0.6982544124824414,0.5426797355311722,16,15,5,158,6,-1.2335872580701248,-0.7001745126541093,-1.5936939305635698,-1.4172202671294263
2020-06-06 16:30:00,1.1535461972982994,12767.86,117461.13809523809,14192841065.138096,1.1413481265405034,0.6006812246447172,0.4037904978798032,16,30,5,158,6,-1.2335872580701248,-0.7001745126541093,-1.5936939305635698,-1.4172202671294263
2020-06-06 16:45:00,0.8777893155769795,10970.933333333334,120449.79999999999,14192844053.8,1.1547075374683158,0.5102642797505178,0.2344118622686812,16,45,5,158,6,-1.2335872580701248,-0.7001745126541093,-1.5936939305635698,-1.4172202671294263
2020-06-06 17:00:00,0.5502405977737127,8845.301428571427,122952.55238095239,14192846556.552382,1.085244247460815,0.3931060283450882,0.03914057920806913,17,0,5,158,6,-1.3748355269705475,-0.3589922830903618,-1.5936939305635698,-1.4172202671294263
2020-06-06 17:15:00,0.2413027525839462,6819.805238095239,124920.99523809523,14192848524.99524,1.0173179006362727,0.2560717095851055,-0.13400882335271266,17,15,5,158,6,-1.3748355269705475,-0.3589922830903618,-1.5936939305635698,-1.4172202671294263
2020-06-06 17:30:00,-0.0920055134929962,4623.4080952380955,126340.51428571428,14192849944.514286,0.865392807195274,0.08530846533653551,-0.32294948173276367,17,30,5,158,6,-1.3748355269705475,-0.3589922830903618,-1.5936939305635698,-1.4172202671294263
2020-06-06 17:45:00,-0.25177844380305714,3571.6200000000003,127372.86666666668,14192850976.866667,0.7612283263429181,-0.03529272760780112,-0.4156508323461408,17,45,5,158,6,-1.3748355269705475,-0.3589922830903618,-1.5936939305635698,-1.4172202671294263
2020-06-06 18:00:00,-0.45931413091953005,2202.824761904762,128101.29523809525,14192851705.295238,0.6539171773143707,-0.15597023654149023,-0.5457170093072594,18,0,5,158,6,-1.423012681082767,0.00714134839465385,-1.5936939305635698,-1.4172202671294263
2020-06-06 18:15:00,-0.6139551656427179,1194.9933333333333,128515.73333333334,14192852119.733334,0.47871360591820294,-0.28292113453682616,-0.6438829058080816,18,15,5,158,6,-1.423012681082767,0.00714134839465385,-1.5936939305635698,-1.4172202671294263
2020-06-06 18:30:00,-0.7125707056254016,556.9333333333333,128738.93333333333,14192852342.933334,0.36196189241797594,-0.36634071385832345,-0.7070097143637127,18,30,5,158,6,-1.423012681082767,0.00714134839465385,-1.5936939305635698,-1.4172202671294263
2020-06-06 18:45:00,-0.7948201090361298,26.748095238095235,128805.53333333333,14192852409.533333,0.23526908818099324,-0.4409036369853732,-0.7548522208128112,18,45,5,158,6,-1.423012681082767,0.00714134839465385,-1.5936939305635698,-1.4172202671294263
2020-06-06 19:00:00,-0.7989785578343084,0.0,128806.0,14192852410.0,0.13594454535936315,-0.5041632210897556,-0.76135947749374,19,0,5,158,6,-1.3748355269705475,0.37327497987966957,-1.5936939305635698,-1.4172202671294263
2020-06-06 19:15:00,-0.7989785578343084,0.0,128806.0,14192852410.0,0.060360943309530554,-0.5338791480703281,-0.76135947749374,19,15,5,158,6,-1.3748355269705475,0.37327497987966957,-1.5936939305635698,-1.4172202671294263
2020-06-06 19:30:00,-0.7989785578343084,0.0,128259.6,14111824044.6,-0.019151294621121612,-0.5632286663808851,-0.76135947749374,19,30,5,158,6,-1.3748355269705475,0.37327497987966957,-1.5936939305635698,-1.4172202671294263
2020-06-06 19:45:00,-0.7989785578343084,0.0,128806.0,14192852410.0,-0.10212152423995668,-0.5967046337027704,-0.76135947749374,19,45,5,158,6,-1.3748355269705475,0.37327497987966957,-1.5936939305635698,-1.4172202671294263
2020-06-06 20:00:00,-0.7989785578343084,0.0,128806.0,14192852410.0,-0.1862844866541704,-0.611762113237038,-0.76135947749374,20,0,5,158,6,-1.233587258070125,0.7144572094434171,-1.5936939305635698,-1.4172202671294263
2020-06-06 20:15:00,-0.7989785578343084,0.0,128247.13333333333,14180728429.4,-0.34074373365406896,-0.6533721199884378,-0.76135947749374,20,15,5,158,6,-1.233587258070125,0.7144572094434171,-1.5936939305635698,-1.4172202671294263
2020-06-06 20:30:00,-0.7989785578343084,0.0,128806.0,14192852410.0,-0.4318342917202764,-0.6907988288982425,-0.76135947749374,20,30,5,158,6,-1.233587258070125,0.7144572094434171,-1.5936939305635698,-1.4172202671294263
2020-06-06 20:45:00,-0.7989785578343084,0.0,128806.0,14192852410.0,-0.5237736711904057,-0.7340230104833422,-0.76135947749374,20,45,5,158,6,-1.233587258070125,0.7144572094434171,-1.5936939305635698,-1.4172202671294263
2020-06-06 21:00:00,-0.7989785578343084,0.0,128806.0,14192852410.0,-0.5983179184425229,-0.7570285815907032,-0.76135947749374,21,0,5,158,6,-1.0088937104832634,1.0074370319714179,-1.5936939305635698,-1.4172202671294263
2020-06-06 21:15:00,-0.7989785578343084,0.0,128806.0,14192852410.0,-0.6593573838207132,-0.7811776984218907,-0.76135947749374,21,15,5,158,6,-1.0088937104832634,1.0074370319714179,-1.5936939305635698,-1.4172202671294263
2020-06-06 21:30:00,-0.7989785578343084,0.0,128806.0,14192852410.0,-0.7295271903456038,-0.8053020053215636,-0.76135947749374,21,30,5,158,6,-1.0088937104832634,1.0074370319714179,-1.5936939305635698,-1.4172202671294263
2020-06-06 21:45:00,-0.7989785578343084,0.0,128806.0,14192852410.0,-0.7916983336716866,-0.8246256679006231,-0.76135947749374,21,45,5,158,6,-1.0088937104832634,1.0074370319714179,-1.5936939305635698,-1.4172202671294263
2020-06-06 22:00:00,-0.7989785578343084,0.0,128806.0,14192852410.0,-0.8362290913165518,-0.8499754609612212,-0.76135947749374,22,0,5,158,6,-0.7160673781543622,1.2322483567304392,-1.5936939305635698,-1.4172202671294263
2020-06-06 22:15:00,-0.7989785578343084,0.0,128806.0,14192852410.0,-0.8667662076081654,-0.8657430025890988,-0.76135947749374,22,15,5,158,6,-0.7160673781543622,1.2322483567304392,-1.5936939305635698,-1.4172202671294263
2020-06-06 22:30:00,-0.7989785578343084,0.0,128806.0,14192852410.0,-0.896313623507823,-0.8665719881164772,-0.76135947749374,22,30,5,158,6,-0.7160673781543622,1.2322483567304392,-1.5936939305635698,-1.4172202671294263
2020-06-06 22:45:00,-0.7989785578343084,0.0,128806.0,14192852410.0,-0.9227954650259719,-0.8823452877828664,-0.76135947749374,22,45,5,158,6,-0.7160673781543622,1.2322483567304392,-1.5936939305635698,-1.4172202671294263
2020-06-06 23:00:00,-0.7989785578343084,0.0,128806.0,14192852410.0,-0.9242066754796521,-0.8818184528138397,-0.76135947749374,23,0,5,158,6,-0.3750638917132417,1.373570663456434,-1.5936939305635698,-1.4172202671294263
2020-06-06 23:15:00,-0.7989785578343084,0.0,128806.0,14192852410.0,-0.9406252706912123,-0.8873474975880901,-0.76135947749374,23,15,5,158,6,-0.3750638917132417,1.373570663456434,-1.5936939305635698,-1.4172202671294263
2020-06-06 23:30:00,-0.7989785578343084,0.0,128806.0,14192852410.0,-0.9767385757244335,-0.9137757655598547,-0.76135947749374,23,30,5,158,6,-0.3750638917132417,1.373570663456434,-1.5936939305635698,-1.4172202671294263
2020-06-06 23:45:00,-0.7989785578343084,0.0,125426.46666666667,14192852410.0,-0.9877466692258026,-0.9266820226063573,-0.76135947749374,23,45,5,158,6,-0.3750638917132417,1.373570663456434,-1.5936939305635698,-1.4172202671294263
2020-06-07 00:00:00,-0.7989785578343084,0.0,103253.13333333333,14192852410.0,-1.0221340458237664,-0.9416641665797172,-0.76135947749374,0,0,6,159,6,-0.009122075225956353,1.4217730704921798,-1.7561665481842745,-1.5202460137602856
2020-06-07 00:15:00,-0.7989785578343084,0.0,98863.0,14192852410.0,-1.0206179864949227,-0.9358625112071195,-0.76135947749374,0,15,6,159,6,-0.009122075225956353,1.4217730704921798,-1.7561665481842745,-1.5202460137602856
2020-06-07 00:30:00,-0.7989785578343084,0.0,98863.0,14192852410.0,-1.0283956489182866,-0.9320475912835676,-0.76135947749374,0,30,6,159,6,-0.009122075225956353,1.4217730704921798,-1.7561665481842745,-1.5202460137602856
2020-06-07 00:45:00,-0.7989785578343084,0.0,98863.0,14192852410.0,-1.0207307315124259,-0.9134981332455443,-0.76135947749374,0,45,6,159,6,-0.009122075225956353,1.4217730704921798,-1.7561665481842745,-1.5202460137602856
2020-06-07 01:00:00,-0.7989785578343084,0.0,98863.0,14192852410.0,-1.0417444066248456,-0.9243453542049168,-0.76135947749374,1,0,6,159,6,0.35681974126132787,1.3735706634564342,-1.7561665481842745,-1.5202460137602856
2020-06-07 01:15:00,-0.7989785578343084,0.0,98863.0,14192852410.0,-1.0322534022079364,-0.9239548529505152,-0.76135947749374,1,15,6,159,6,0.35681974126132787,1.3735706634564342,-1.7561665481842745,-1.5202460137602856
2020-06-07 01:30:00,-0.7989785578343084,0.0,98270.64285714286,14041557441.285715,-1.040738499725238,-0.9139479224820867,-0.76135947749374,1,30,6,159,6,0.35681974126132787,1.3735706634564342,-1.7561665481842745,-1.5202460137602856
2020-06-07 01:45:00,-0.7989785578343084,0.0,98863.0,14192852410.0,-1.0669432633123168,-0.9215034409519923,-0.76135947749374,1,45,6,159,6,0.35681974126132787,1.3735706634564342,-1.7561665481842745,-1.5202460137602856
2020-06-07 02:00:00,-0.7989785578343084,0.0,98863.0,14192852410.0,-1.1161901856547325,-0.9511197950401036,-0.76135947749374,2,0,6,159,6,0.6978232277024489,1.2322483567304396,-1.7561665481842745,-1.5202460137602856
2020-06-07 02:15:00,-0.7989785578343084,0.0,98863.0,14192852410.0,-1.1537040276814663,-0.9792234880195522,-0.76135947749374,2,15,6,159,6,0.6978232277024489,1.2322483567304396,-1.7561665481842745,-1.5202460137602856
2020-06-07 02:30:00,-0.7989785578343084,0.0,98863.0,14192852410.0,-1.191504076466009,-1.0070654688706917,-0.76135947749374,2,30,6,159,6,0.6978232277024489,1.2322483567304396,-1.7561665481842745,-1.5202460137602856
2020-06-07 02:45:00,-0.7989785578343084,0.0,98863.0,14192852410.0,-1.27320924887852,-1.0578770769035926,-0.76135947749374,2,45,6,159,6,0.6978232277024489,1.2322483567304396,-1.7561665481842745,-1.5202460137602856
2020-06-07 03:00:00,-0.7989785578343084,0.0,98863.0,14192852410.0,-1.314444443402491,-1.0728550527687903,-0.76135947749374,3,0,6,159,6,0.9906495600313504,1.007437031971418,-1.7561665481842745,-1.5202460137602856
2020-06-07 03:15:00,-0.7989785578343084,0.0,98863.0,14192852410.0,-1.3341955385508772,-1.067537179904313,-0.76135947749374,3,15,6,159,6,0.9906495600313504,1.007437031971418,-1.7561665481842745,-1.5202460137602856
2020-06-07 03:30:00,-0.7989785578343084,0.0,98863.0,14192852410.0,-1.2514648973900826,-1.0329957878012719,-0.76135947749374,3,30,6,159,6,0.9906495600313504,1.007437031971418,-1.7561665481842745,-1.5202460137602856
2020-06-07 03:45:00,-0.7989785578343084,0.0,98863.0,14192852410.0,-1.1957572251501283,-0.98231178002247,-0.7613363431904829,3,45,6,159,6,0.9906495600313504,1.007437031971418,-1.7561665481842745,-1.5202460137602856
2020-06-07 04:00:00,-0.7989785578343084,0.0,98863.0,14192852410.0,-1.1424350767889864,-0.9059679125375267,-0.7610857209917526,4,0,6,159,6,1.2153431076182126,0.7144572094434171,-1.7561665481842745,-1.5202460137602856
2020-06-07 04:15:00,-0.7989785578343084,0.0,98863.0,14192852410.0,-1.1301528528440885,-0.8899539792868842,-0.76135947749374,4,15,6,159,6,1.2153431076182126,0.7144572094434171,-1.7561665481842745,-1.5202460137602856
2020-06-07 04:30:00,-0.7989785578343084,0.0,98863.0,14192852410.0,-1.113656510003902,-0.878870489852505,-0.76135947749374,4,30,6,159,6,1.2153431076182126,0.7144572094434171,-1.7561665481842745,-1.5202460137602856
2020-06-07 04:45:00,-0.7989785578343084,0.0,98863.0,14192852410.0,-1.1285234591407562,-0.9073872524392025,-0.76135947749374,4,45,6,159,6,1.2153431076182126,0.7144572094434171,-1.7561665481842745,-1.5202460137602856
2020-06-07 05:00:00,-0.7989785578343084,0.0,98863.0,14192852410.0,-1.1674581626117198,-0.9425113468642012,-0.76135947749374,5,0,6,159,6,1.3565913765186348,0.37327497987967023,-1.7561665481842745,-1.5202460137602856
2020-06-07 05:15:00,-0.7989785578343084,0.0,98863.0,14192852410.0,-1.2563018943027597,-0.980396404640979,-0.76135947749374,5,15,6,159,6,1.3565913765186348,0.37327497987967023,-1.7561665481842745,-1.5202460137602856
2020-06-07 05:30:00,-0.7989785578343084,0.0,35225.2,14192852410.0,-1.2738035673686119,-0.9759687020651111,-0.76135947749374,5,30,6,159,6,1.3565913765186348,0.37327497987967023,-1.7561665481842745,-1.5202460137602856
2020-06-07 05:45:00,-0.7989785578343084,0.0,22308.32380952381,14192852410.0,-1.2760684428015785,-0.9699761062030569,-0.7553177284112544,5,45,6,159,6,1.3565913765186348,0.37327497987967023,-1.7561665481842745,-1.5202460137602856
2020-06-07 06:00:00,-0.7516640632128091,304.71142857142854,4363.647619047619,14192852431.714287,-1.2705084786477137,-0.9578392021882755,-0.7258102417670508,6,0,6,159,6,1.4047685306308542,0.007141348394654197,-1.7561665481842745,-1.5202460137602856
2020-06-07 06:15:00,-0.6602055192321248,895.34,174.06666666666666,14098703212.199999,-1.2407589200470086,-0.9230556168931587,-0.6699553376406951,6,15,6,159,6,1.4047685306308542,0.007141348394654197,-1.7561665481842745,-1.5202460137602856
2020-06-07 06:30:00,-0.5759968775515546,1441.1038095238096,478.5047619047619,14192852889.504763,-1.1880887014407842,-0.8537135870772018,-0.6123363917603807,6,30,6,159,6,1.4047685306308542,0.007141348394654197,-1.7561665481842745,-1.5202460137602856
2020-06-07 06:45:00,-0.5514639776775837,1601.311904761905,846.3428571428572,14192853257.342855,-1.1451447345987502,-0.7836397792783443,-0.5968370795917114,6,45,6,159,6,1.4047685306308542,0.007141348394654197,-1.7561665481842745,-1.5202460137602856
2020-06-07 07:00:00,-0.47350025188956457,2110.2561904761906,1304.652380952381,14192853715.65238,-1.10580428555597,-0.71742638377865,-0.5494523650844249,7,0,6,159,6,1.3565913765186348,-0.3589922830903618,-1.7561665481842745,-1.5202460137602856
2020-06-07 07:15:00,-0.37893398510128423,2728.999047619048,1889.6904761904761,14184205386.47619,-1.031642996754674,-0.6369595105104573,-0.48739261279294016,7,15,6,159,6,1.3565913765186348,-0.3589922830903618,-1.7561665481842745,-1.5202460137602856
2020-06-07 07:30:00,-0.10331218143090994,4551.26,2776.4,14192855187.4,-0.9567101425075517,-0.5120909633851548,-0.3190757305790936,7,30,6,159,6,1.3565913765186348,-0.3589922830903618,-1.7561665481842745,-1.5202460137602856
2020-06-07 07:45:00,0.2932255993904236,7160.308571428572,4238.933333333333,14192856649.933332,-0.8216384629057759,-0.26852757269082306,-0.07897715114135556,7,45,6,159,6,1.3565913765186348,-0.3589922830903618,-1.7561665481842745,-1.5202460137602856
2020-06-07 08:00:00,0.2068285220286869,6591.8361904761905,6009.723809523809,14192858420.72381,-0.6952010396813598,-0.10241529198629516,-0.09849404932618093,8,0,6,159,6,1.2153431076182126,-0.7001745126541085,-1.7561665481842745,-1.5202460137602856
2020-06-07 08:15:00,0.7652970568582286,10235.991904761904,7895.495238095238,14192860306.495237,-0.6660126266519303,-0.025823845246194205,0.20627564909861318,8,15,6,159,6,1.2153431076182126,-0.7001745126541085,-1.7561665481842745,-1.5202460137602856
2020-06-07 08:30:00,0.8758213718014769,10959.09,10742.314285714285,14192863153.314287,-0.526420410284219,0.24034804904322474,0.2753155323393594,8,30,6,159,6,1.2153431076182126,-0.7001745126541085,-1.7561665481842745,-1.5202460137602856
2020-06-07 08:45:00,1.5963096423241339,15648.873333333333,14089.866666666667,14192866500.866667,-0.39795600649308704,0.4184063683165687,0.7868231432539419,8,45,6,159,6,1.2153431076182126,-0.7001745126541085,-1.7561665481842745,-1.5202460137602856
2020-06-07 09:00:00,1.8052543369387422,17008.03142857143,18098.30476190476,14192870509.304762,-0.2515640396049201,0.5824843699440849,0.857572032752291,9,0,6,159,6,0.9906495600313506,-0.9931543351821099,-1.7561665481842745,-1.5202460137602856
2020-06-07 09:15:00,1.2191135684521612,13172.211428571429,17524.990476190476,11165241240.819048,-0.057477837538454465,0.7499877678085807,1.3805909290996023,9,15,6,159,6,0.9906495600313506,-0.9931543351821099,-1.7561665481842745,-1.5202460137602856
2020-06-07 09:30:00,-0.320509624055082,3118.512857142857,4462.77619047619,5102433583.9,0.09404975836020363,1.2610244822997014,1.6869181655172296,9,30,6,159,6,0.9906495600313506,-0.9931543351821099,-1.7561665481842745,-1.5202460137602856
2020-06-07 09:45:00,1.4309157382649278,14524.03619047619,24297.59523809524,14192878664.595238,0.34379007835829617,1.6179846316280755,1.789854112137574,9,45,6,159,6,0.9906495600313506,-0.9931543351821099,-1.7561665481842745,-1.5202460137602856
2020-06-07 10:00:00,1.3955471240379562,14287.739999999998,27908.86666666667,14192882275.866667,0.37916753961760724,1.6723730776697112,1.8680038745111691,10,0,6,159,6,0.6978232277024489,-1.2179656599411315,-1.7561665481842745,-1.5202460137602856
2020-06-07 10:15:00,1.3737644503866704,14145.555238095238,31665.852380952383,14192886032.85238,0.5097239758722688,1.8072394964555263,2.0635754097200594,10,15,6,159,6,0.6978232277024489,-1.2179656599411315,-1.7561665481842745,-1.5202460137602856
2020-06-07 10:30:00,1.2385949202751092,13271.237619047619,34881.57142857143,14192889248.571428,0.564721062225151,1.6519069691783084,1.646907353555807,10,30,6,159,6,0.6978232277024489,-1.2179656599411315,-1.7561665481842745,-1.5202460137602856
2020-06-07 10:45:00,0.8085966721683436,10483.05619047619,37914.46666666667,14192892281.466667,0.4500923569714629,1.1380406811779755,1.0079052166553142,10,45,6,159,6,0.6978232277024489,-1.2179656599411315,-1.7561665481842745,-1.5202460137602856
2020-06-07 11:00:00,0.9038430387472007,11099.64,40601.13333333333,14192894968.133333,0.4843907571250129,1.1728196894875547,1.229595694489727,11,0,6,159,6,0.35681974126132826,-1.359287966667126,-1.7561665481842745,-1.5202460137602856
2020-06-07 11:15:00,1.0267320973491345,11898.133333333333,43474.26666666666,14192897841.266666,0.5964060276216799,1.2934159716124738,1.624065910303085,11,15,6,159,6,0.35681974126132826,-1.359287966667126,-1.7561665481842745,-1.5202460137602856
2020-06-07 11:30:00,1.1807287819402368,12894.529047619048,46689.23809523809,14192901056.238094,0.6878263951482332,1.6255469187921108,1.9340016435676068,11,30,6,159,6,0.35681974126132826,-1.359287966667126,-1.7561665481842745,-1.5202460137602856
2020-06-07 11:45:00,1.2067230650595135,13063.924285714285,49694.433333333334,14192904061.433332,0.6983864745240409,1.3151374648506917,1.711513248554481,11,45,6,159,6,0.35681974126132826,-1.359287966667126,-1.7561665481842745,-1.5202460137602856
2020-06-07 12:00:00,1.3592061333713468,14051.125714285716,53217.357142857145,14192907584.357143,0.9095027453299472,1.8633380519965896,2.071208334420203,12,0,6,159,6,-0.00912207522595618,-1.4074903737028717,-1.7561665481842745,-1.5202460137602856
2020-06-07 12:15:00,1.6108669603470045,15682.9,56823.2,14192911190.2,0.9635046106565862,1.8405662151445572,2.346196961852302,12,15,6,159,6,-0.00912207522595618,-1.4074903737028717,-1.7561665481842745,-1.5202460137602856
2020-06-07 12:30:00,1.4965538238131304,14942.855238095239,60717.747619047615,14192915084.74762,1.0928084646977165,2.169392058897847,2.434944610093196,12,30,6,159,6,-0.00912207522595618,-1.4074903737028717,-1.7561665481842745,-1.5202460137602856
2020-06-07 12:45:00,0.9641437930462627,11493.587142857143,64030.938095238096,14192918397.938095,0.9824292448858686,1.8160814229569808,1.6389984771285129,12,45,6,159,6,-0.00912207522595618,-1.4074903737028717,-1.7561665481842745,-1.5202460137602856
2020-06-07 13:00:00,0.7718558704507846,10246.79238095238,66751.67142857143,14192921118.671429,0.9357436132392224,1.4057561655558177,1.305448246254241,13,0,6,159,6,-0.37506389171324067,-1.359287966667126,-1.7561665481842745,-1.5202460137602856
2020-06-07 13:15:00,1.1928711070649562,12974.220952380952,69457.16666666667,14192923824.166668,1.007373844224926,1.2812188751841358,1.6409727025753247,13,15,6,159,6,-0.37506389171324067,-1.359287966667126,-1.7561665481842745,-1.5202460137602856
2020-06-07 13:30:00,1.1069981439579446,12416.526666666667,72679.0,14192927046.0,1.1413979908912038,1.607168393809458,1.3798808391891342,13,30,6,159,6,-0.37506389171324067,-1.359287966667126,-1.7561665481842745,-1.5202460137602856
2020-06-07 13:45:00,1.3199454445480874,13796.089523809524,76105.88571428572,14192930472.885714,1.1829552080232835,1.675016328677163,1.6431538421801708,13,45,6,159,6,-0.37506389171324067,-1.359287966667126,-1.7561665481842745,-1.5202460137602856
2020-06-07 14:00:00,1.3033694482044305,13692.804761904763,80249.9380952381,14192933932.004763,1.1070725445409384,1.6596014685768474,1.630286421428722,14,0,6,159,6,-0.7160673781543613,-1.2179656599411317,-1.7561665481842745,-1.5202460137602856
2020-06-07 14:15:00,1.6063573657016506,15671.312857142857,84474.11428571428,14192937362.047619,0.9572155484916446,1.3302751759854408,1.4682166000694976,14,15,6,159,6,-0.7160673781543613,-1.2179656599411317,-1.7561665481842745,-1.5202460137602856
2020-06-07 14:30:00,1.5237088648060104,15137.806666666667,88866.26666666666,14192941277.266666,1.090687355940117,1.5434739274243616,1.4715187595241066,14,30,6,159,6,-0.7160673781543613,-1.2179656599411317,-1.7561665481842745,-1.5202460137602856
2020-06-07 14:45:00,1.491092189360214,14925.947142857143,92810.78095238094,14192945221.780952,1.1652828197718108,1.5517641693580673,1.4510217600770485,14,45,6,159,6,-0.7160673781543613,-1.2179656599411317,-1.7561665481842745,-1.5202460137602856
2020-06-07 15:00:00,1.0484195099343812,12064.430952380952,95965.56666666667,14192948376.566668,1.1426429632754758,1.2092577979370123,0.8828090596807173,15,0,6,159,6,-1.0088937104832625,-0.9931543351821105,-1.7561665481842745,-1.5202460137602856
2020-06-07 15:15:00,-0.7376713899956078,399.9666666666667,12120.747619047619,1815884062.5857143,1.218950113288217,1.296794914497583,1.0122694496000098,15,15,6,159,6,-1.0088937104832625,-0.9931543351821105,-1.7561665481842745,-1.5202460137602856
2020-06-07 15:30:00,-0.2058175125985604,3871.9309523809525,17016.095238095237,5375253356.604762,1.2433069504638323,1.26705048176503,0.9542591602673332,15,30,6,159,6,-1.0088937104832625,-0.9931543351821105,-1.7561665481842745,-1.5202460137602856
2020-06-07 15:45:00,1.3338593400747216,13939.96,100585.8,14192952996.8,1.1698872489685739,1.002837037535461,0.5597131375409519,15,45,6,159,6,-1.0088937104832625,-0.9931543351821105,-1.7561665481842745,-1.5202460137602856
2020-06-07 16:00:00,0.017003044472869936,5340.107142857142,102906.13333333333,14192955317.133333,0.7726232814359029,0.2971129249038989,-0.23734046091092056,16,0,6,159,6,-1.2335872580701248,-0.7001745126541093,-1.7561665481842745,-1.5202460137602856
2020-06-07 16:15:00,0.8983755530527753,11093.766666666666,103962.73333333334,14137050343.8,0.48041782718057285,-0.11807289918928714,0.28530118762121004,16,15,6,159,6,-1.2335872580701248,-0.7001745126541093,-1.7561665481842745,-1.5202460137602856
2020-06-07 16:30:00,0.35608677134612954,7562.971904761905,107309.74761904762,14192959720.747618,0.5929094451940375,0.179917284675748,-0.0717398254846468,16,30,6,159,6,-1.2335872580701248,-0.7001745126541093,-1.7561665481842745,-1.5202460137602856
2020-06-07 16:45:00,-0.1745225755244832,4084.562380952381,108633.10952380953,14192961044.109524,0.6231943180434664,-0.016954990908521345,-0.3636875648915173,16,45,6,159,6,-1.2335872580701248,-0.7001745126541093,-1.7561665481842745,-1.5202460137602856
2020-06-07 17:00:00,0.2827584418959193,7084.714761904762,109910.27619047619,14192962321.27619,0.6571417380297628,0.03142001129265152,-0.0893462655939403,17,0,6,159,6,-1.3748355269705475,-0.3589922830903618,-1.7561665481842745,-1.5202460137602856
2020-06-07 17:15:00,0.15801411159584333,6270.1352380952385,111739.64761904761,14192964150.64762,0.737573041215578,0.1337603455427409,-0.17619105457043965,17,15,6,159,6,-1.3748355269705475,-0.3589922830903618,-1.7561665481842745,-1.5202460137602856
2020-06-07 17:30:00,-0.015445800240848177,5126.815714285714,113166.17619047618,14192965577.17619,0.6961343533807912,0.03013047889634857,-0.27448691915643336,17,30,6,159,6,-1.3748355269705475,-0.3589922830903618,-1.7561665481842745,-1.5202460137602856
2020-06-07 17:45:00,-0.25500461857291923,3550.8371428571427,114257.5142857143,14192966668.514286,0.6463601465087784,-0.0700485436641922,-0.41594010722790276,17,45,6,159,6,-1.3748355269705475,-0.3589922830903618,-1.7561665481842745,-1.5202460137602856
2020-06-07 18:00:00,-0.4856836070614544,2030.8033333333333,114948.5,14192967359.5,0.5669653058458581,-0.19974448034367326,-0.5561620751674552,18,0,6,159,6,-1.423012681082767,0.00714134839465385,-1.7561665481842745,-1.5202460137602856
2020-06-07 18:15:00,-0.6074307459331812,1237.2466666666667,115356.53333333333,14192967767.533333,0.41616080995561955,-0.30994145408633744,-0.6340933361271358,18,15,6,159,6,-1.423012681082767,0.00714134839465385,-1.7561665481842745,-1.5202460137602856
2020-06-07 18:30:00,-0.7085125128555264,583.06,115586.62857142856,14192967997.62857,0.24397067697527555,-0.40618592585923163,-0.7033593487744525,18,30,6,159,6,-1.423012681082767,0.00714134839465385,-1.7561665481842745,-1.5202460137602856
2020-06-07 18:45:00,-0.789679507943596,59.84047619047619,115664.88095238095,14192968075.880953,0.13135084521230153,-0.4749274599405441,-0.7501160548036744,18,45,6,159,6,-1.423012681082767,0.00714134839465385,-1.7561665481842745,-1.5202460137602856
2020-06-07 19:00:00,-0.7989785578343084,0.0,115481.26666666666,14192936661.266666,0.042217265379197885,-0.5299941343785538,-0.761282388552839,19,0,6,159,6,-1.3748355269705475,0.37327497987966957,-1.7561665481842745,-1.5202460137602856
2020-06-07 19:15:00,-0.7989785578343084,0.0,115667.0,14192968078.0,-0.04594076159806902,-0.5675490899463104,-0.76135947749374,19,15,6,159,6,-1.3748355269705475,0.37327497987966957,-1.7561665481842745,-1.5202460137602856
